"Date","Qsim"
2011-01-01,0.932745335627303
2011-01-02,0.892446872116196
2011-01-03,0.849207637059048
2011-01-04,0.811627179569431
2011-01-05,0.78304605661579
2011-01-06,0.806528120735982
2011-01-07,1.01756212235152
2011-01-08,1.06120040666006
2011-01-09,1.06594332506389
2011-01-10,1.26139688744177
2011-01-11,1.17925560856718
2011-01-12,1.18422794653615
2011-01-13,1.8532608204583
2011-01-14,2.27824461159664
2011-01-15,1.81569041609439
2011-01-16,1.41692672032537
2011-01-17,1.20275827118452
2011-01-18,1.09029774933492
2011-01-19,1.06688941163509
2011-01-20,1.10360677648266
2011-01-21,1.26927101996456
2011-01-22,1.16272428407162
2011-01-23,1.03565508289598
2011-01-24,0.997210551244848
2011-01-25,1.06912694688008
2011-01-26,1.19785012680001
2011-01-27,1.20960779553748
2011-01-28,1.12100843506764
2011-01-29,1.01570662133402
2011-01-30,0.942432602252148
2011-01-31,0.893275060671527
2011-02-01,0.856729514632868
2011-02-02,0.828011480607753
2011-02-03,0.815906070348311
2011-02-04,0.844296693452546
2011-02-05,0.824021388813513
2011-02-06,0.793909636788133
2011-02-07,0.772971679349831
2011-02-08,0.757352602568459
2011-02-09,0.743915077083532
2011-02-10,0.735732881723217
2011-02-11,0.740343585034659
2011-02-12,0.730779672840527
2011-02-13,0.717931635434886
2011-02-14,0.708105637540851
2011-02-15,0.703980343234107
2011-02-16,0.713893242175414
2011-02-17,0.706573832579678
2011-02-18,0.694937002814572
2011-02-19,0.686457816577742
2011-02-20,0.728879246831859
2011-02-21,0.963789490885135
2011-02-22,0.966909595526276
2011-02-23,0.875497576744454
2011-02-24,0.815464541668594
2011-02-25,0.780986207059105
2011-02-26,0.779491142975856
2011-02-27,0.889823354482857
2011-02-28,0.951487443667203
2011-03-01,0.885673157513981
2011-03-02,0.819205571089835
2011-03-03,0.779159929385297
2011-03-04,0.750965646226715
2011-03-05,0.727868636314869
2011-03-06,0.70851356060749
2011-03-07,0.692148981794783
2011-03-08,0.678034184978741
2011-03-09,0.66543768948173
2011-03-10,0.6539890442126
2011-03-11,0.643601137150775
2011-03-12,0.63399856992285
2011-03-13,0.624986159322569
2011-03-14,0.616680177796833
2011-03-15,0.608696589111524
2011-03-16,0.600932847903842
2011-03-17,0.711685774431895
2011-03-18,1.36317520529701
2011-03-19,1.30860282439943
2011-03-20,1.06633625277703
2011-03-21,0.925796089619546
2011-03-22,0.849735416462217
2011-03-23,0.793358622164007
2011-03-24,0.748958330044024
2011-03-25,0.712948543563992
2011-03-26,0.704896223635754
2011-03-27,0.825116339474479
2011-03-28,1.01985442287287
2011-03-29,0.938844675699235
2011-03-30,0.824994990053945
2011-03-31,0.774259204732196
2011-04-01,0.796409548705008
2011-04-02,0.755812451578699
2011-04-03,0.724862484470903
2011-04-04,0.838604355707085
2011-04-05,1.08157929981614
2011-04-06,0.987531757502313
2011-04-07,0.851103048773844
2011-04-08,0.77203481775932
2011-04-09,0.721858379276637
2011-04-10,0.681473426021497
2011-04-11,0.648133625946643
2011-04-12,0.620137989162466
2011-04-13,0.597037582308152
2011-04-14,0.577482343750316
2011-04-15,0.560421673785297
2011-04-16,0.54525372078211
2011-04-17,0.531540929925936
2011-04-18,0.518922420174807
2011-04-19,0.507105337127568
2011-04-20,0.495903828354943
2011-04-21,0.485160481796388
2011-04-22,0.474782056526873
2011-04-23,0.464714363633252
2011-04-24,0.454970550574044
2011-04-25,0.445642987731048
2011-04-26,0.436811414161553
2011-04-27,0.428884120583582
2011-04-28,0.421929007981248
2011-04-29,0.415237358826481
2011-04-30,0.412827455414355
2011-05-01,0.424327718255297
2011-05-02,0.446276926890688
2011-05-03,0.559788040543184
2011-05-04,0.55013347712742
2011-05-05,0.498585763346102
2011-05-06,0.470185668429233
2011-05-07,0.453276487423746
2011-05-08,0.437849044471511
2011-05-09,0.423677571932321
2011-05-10,0.410628515309676
2011-05-11,0.398482296387202
2011-05-12,0.389454757420021
2011-05-13,0.388891420564248
2011-05-14,0.436283194661639
2011-05-15,0.709300508269095
2011-05-16,0.699359769530404
2011-05-17,0.588195238197053
2011-05-18,0.527114162422713
2011-05-19,0.494327550887789
2011-05-20,0.466979059236953
2011-05-21,0.443369930011871
2011-05-22,0.45319689712304
2011-05-23,0.574512027205499
2011-05-24,0.553912659197224
2011-05-25,0.48780692349548
2011-05-26,0.454122598880113
2011-05-27,0.482405085559104
2011-05-28,0.608614764282533
2011-05-29,0.577262021159424
2011-05-30,0.503702309327993
2011-05-31,0.558664370749626
2011-06-01,1.05624702352055
2011-06-02,0.994734943903239
2011-06-03,0.781687174218296
2011-06-04,0.660957428248015
2011-06-05,0.594328709141779
2011-06-06,0.542734694774653
2011-06-07,0.501404873137668
2011-06-08,0.467406535319224
2011-06-09,0.439081427567608
2011-06-10,0.415347019726681
2011-06-11,0.395075218350207
2011-06-12,0.377522163279304
2011-06-13,0.36193054184704
2011-06-14,0.348047975225243
2011-06-15,0.335560668758243
2011-06-16,0.324362659801366
2011-06-17,0.337631209534671
2011-06-18,0.476374153973785
2011-06-19,0.666767037959022
2011-06-20,0.609618437421964
2011-06-21,0.510311215793821
2011-06-22,0.45983464713199
2011-06-23,0.43052439861045
2011-06-24,0.406128697921319
2011-06-25,0.385162497593478
2011-06-26,0.366741949747338
2011-06-27,0.350276599955614
2011-06-28,0.335340413102872
2011-06-29,0.401544012418793
2011-06-30,0.823732847848548
2011-07-01,0.801228917401981
2011-07-02,0.678051097759683
2011-07-03,0.585156379519375
2011-07-04,0.52198513995129
2011-07-05,0.4758235405497
2011-07-06,0.440374385903221
2011-07-07,0.468795004690353
2011-07-08,0.726147629570373
2011-07-09,0.697812710616448
2011-07-10,0.699461698827049
2011-07-11,0.997983142535042
2011-07-12,0.967322453193754
2011-07-13,1.24806033280587
2011-07-14,1.54268597756862
2011-07-15,1.22014050082355
2011-07-16,0.929105672058946
2011-07-17,0.794286758005599
2011-07-18,0.795953807832856
2011-07-19,0.935355790851787
2011-07-20,2.32158353418841
2011-07-21,2.44400119233338
2011-07-22,1.74100109210171
2011-07-23,1.5475814163954
2011-07-24,1.26374661792649
2011-07-25,1.0048919848236
2011-07-26,0.837476905394054
2011-07-27,0.73005751288415
2011-07-28,0.760959368359525
2011-07-29,1.25964409479881
2011-07-30,1.17464842265112
2011-07-31,0.923634799546052
2011-08-01,0.769245376671821
2011-08-02,0.681108776848066
2011-08-03,0.648525241688701
2011-08-04,0.740027737155776
2011-08-05,0.695194507056062
2011-08-06,0.655735070839253
2011-08-07,0.670024745994945
2011-08-08,0.89228608819778
2011-08-09,0.816937242654819
2011-08-10,0.683941415831157
2011-08-11,0.606313616821536
2011-08-12,0.558034349046367
2011-08-13,0.519025773221406
2011-08-14,0.516895532441333
2011-08-15,0.699858507911775
2011-08-16,1.03065214912106
2011-08-17,0.912593030411103
2011-08-18,0.736970360394888
2011-08-19,0.641300347460603
2011-08-20,0.583685454348916
2011-08-21,0.537681361688936
2011-08-22,0.499885067611659
2011-08-23,0.468201653791292
2011-08-24,0.441258654376181
2011-08-25,0.418224618595718
2011-08-26,0.398262011314105
2011-08-27,0.40505575885006
2011-08-28,0.498518984548238
2011-08-29,0.483369962676646
2011-08-30,0.430424211923471
2011-08-31,0.400052652512169
2011-09-01,0.381399354518853
2011-09-02,0.366233181383425
2011-09-03,0.356307213462452
2011-09-04,0.521958540989531
2011-09-05,1.80291949473617
2011-09-06,1.76812704656732
2011-09-07,1.24715886959249
2011-09-08,0.947079108029829
2011-09-09,0.799236534122641
2011-09-10,0.69999575034633
2011-09-11,0.642318575850655
2011-09-12,0.654012171381125
2011-09-13,0.652506600146471
2011-09-14,0.825854526555586
2011-09-15,0.785600420474096
2011-09-16,0.66556093478981
2011-09-17,0.598123452527625
2011-09-18,0.649716834350611
2011-09-19,0.837374588952116
2011-09-20,0.762699042325961
2011-09-21,0.642777362333096
2011-09-22,0.573183705338741
2011-09-23,0.529300525200457
2011-09-24,0.493590385867133
2011-09-25,0.463925357508302
2011-09-26,0.438879418073975
2011-09-27,0.417463308973954
2011-09-28,0.398935656747019
2011-09-29,0.382741872562805
2011-09-30,0.368489983139963
2011-10-01,0.355828374577532
2011-10-02,0.34448485603937
2011-10-03,0.334250577369414
2011-10-04,0.324954687278406
2011-10-05,0.316481328947363
2011-10-06,0.347245126711762
2011-10-07,0.560611552677562
2011-10-08,0.759333349469484
2011-10-09,0.91397717527285
2011-10-10,0.897404250461467
2011-10-11,0.752733844495216
2011-10-12,0.646178860017929
2011-10-13,0.600185658637026
2011-10-14,0.560147512653546
2011-10-15,0.515713735486322
2011-10-16,0.478860072851629
2011-10-17,0.450266223138302
2011-10-18,0.426727918019057
2011-10-19,0.456177302518933
2011-10-20,0.678310058013512
2011-10-21,0.651872516498709
2011-10-22,0.550382065515057
2011-10-23,0.495480129336791
2011-10-24,0.46488479132559
2011-10-25,0.439414595925866
2011-10-26,0.417938463928355
2011-10-27,0.399666706651297
2011-10-28,0.383911718867977
2011-10-29,0.370159262545191
2011-10-30,0.358082719787153
2011-10-31,0.347416109722696
2011-11-01,0.337970601387947
2011-11-02,0.329546705514564
2011-11-03,0.321984148551573
2011-11-04,0.31515520926153
2011-11-05,0.308963481986594
2011-11-06,0.303314134620587
2011-11-07,0.298155076952518
2011-11-08,0.293451558940695
2011-11-09,0.289114090955565
2011-11-10,0.285106963377725
2011-11-11,0.281437649617206
2011-11-12,0.278061426641761
2011-11-13,0.274910391583208
2011-11-14,0.271986480757921
2011-11-15,0.269280507472885
2011-11-16,0.266769233742265
2011-11-17,0.264423719257106
2011-11-18,0.262187082915756
2011-11-19,0.260045516632096
2011-11-20,0.258023677185299
2011-11-21,0.25611329339496
2011-11-22,0.254289373302192
2011-11-23,0.252565417789267
2011-11-24,0.250951249860519
2011-11-25,0.249437487148845
2011-11-26,0.248015585801513
2011-11-27,0.246635358565426
2011-11-28,0.245271360154903
2011-11-29,0.243935820706969
2011-11-30,0.242638284669862
2011-12-01,0.241387585802994
2011-12-02,0.26136939728914
2011-12-03,0.361685965759651
2011-12-04,0.409550384437417
2011-12-05,0.520654732468287
2011-12-06,0.577200077102311
2011-12-07,0.710174455514145
2011-12-08,0.849842516993566
2011-12-09,0.892068459404329
2011-12-10,1.6421724849087
2011-12-11,1.78077493834199
2011-12-12,1.34039557108345
2011-12-13,1.07498265872603
2011-12-14,0.914323942703018
2011-12-15,0.869727588369591
2011-12-16,0.874874608843882
2011-12-17,1.21338169374474
2011-12-18,1.08489267720117
2011-12-19,0.90705504874786
2011-12-20,0.795620772477589
2011-12-21,0.814858449754136
2011-12-22,0.956084115544821
2011-12-23,1.42847162684615
2011-12-24,1.2367944775968
2011-12-25,0.97768200987197
2011-12-26,0.823662263585139
2011-12-27,0.731699386821269
2011-12-28,0.664460695472237
2011-12-29,0.639016677375508
2011-12-30,0.727125561922928
2011-12-31,0.826624179432638
2012-01-01,1.1108420550098
2012-01-02,0.999608985247103
2012-01-03,0.935205939870958
2012-01-04,1.08839642933858
2012-01-05,1.14352277182115
2012-01-06,1.45186163824769
2012-01-07,1.31176873565632
2012-01-08,1.31277407973858
2012-01-09,1.23994253937186
2012-01-10,1.17121295534605
2012-01-11,1.01164099258037
2012-01-12,0.868936456119921
2012-01-13,0.775406360419258
2012-01-14,0.716801167280169
2012-01-15,0.666852829103306
2012-01-16,0.625705206308573
2012-01-17,0.593287558527289
2012-01-18,0.588533908766098
2012-01-19,0.801463523794779
2012-01-20,1.65968947798011
2012-01-21,2.10280451365612
2012-01-22,2.22743185873421
2012-01-23,1.84365037936564
2012-01-24,1.82443423854933
2012-01-25,1.44845668858353
2012-01-26,1.16382150945887
2012-01-27,1.12806286227271
2012-01-28,1.51311919924468
2012-01-29,1.40332348526781
2012-01-30,1.14006506400255
2012-01-31,0.969387486600452
2012-02-01,0.8702330399881
2012-02-02,0.800745461361903
2012-02-03,0.748186137764469
2012-02-04,0.707420839996449
2012-02-05,0.675154932523558
2012-02-06,0.649707267642102
2012-02-07,0.640554105431797
2012-02-08,0.66529099697219
2012-02-09,0.660215341547707
2012-02-10,0.689231009875766
2012-02-11,0.667342836374046
2012-02-12,0.633765420300531
2012-02-13,0.627615033186363
2012-02-14,0.687908748399056
2012-02-15,0.747501338456501
2012-02-16,0.952757072696658
2012-02-17,0.894788126848999
2012-02-18,0.797881164361303
2012-02-19,0.802218594700158
2012-02-20,0.869259616027225
2012-02-21,0.812528128228347
2012-02-22,0.741714739455248
2012-02-23,0.697011808580857
2012-02-24,0.666074100287537
2012-02-25,0.640640669316315
2012-02-26,0.629689893652484
2012-02-27,0.656003127538963
2012-02-28,0.638580213477519
2012-02-29,0.610101493785053
2012-03-01,0.590557790592973
2012-03-02,0.576039682950443
2012-03-03,0.563271083264026
2012-03-04,0.552298589450587
2012-03-05,0.568814187055071
2012-03-06,0.67501170964761
2012-03-07,0.662254595560816
2012-03-08,0.627929498875614
2012-03-09,0.650673396978748
2012-03-10,0.631131359002793
2012-03-11,0.599322677819974
2012-03-12,0.578215176073628
2012-03-13,0.56294133254285
2012-03-14,0.549551739774582
2012-03-15,0.537550566961533
2012-03-16,0.526566976667561
2012-03-17,0.516312285840462
2012-03-18,0.559677294319428
2012-03-19,0.814932892494567
2012-03-20,0.81403933884656
2012-03-21,0.712868423264667
2012-03-22,0.650677736572112
2012-03-23,0.615722371636408
2012-03-24,0.587735063142614
2012-03-25,0.564052393601358
2012-03-26,0.543684590761396
2012-03-27,0.525930371971954
2012-03-28,0.510244572816621
2012-03-29,0.496166617053843
2012-03-30,0.483545754486313
2012-03-31,0.472460831020004
2012-04-01,0.462466439295845
2012-04-02,0.453286222447308
2012-04-03,0.44470992374094
2012-04-04,0.436761971486626
2012-04-05,0.469358317002816
2012-04-06,0.653505671491828
2012-04-07,0.654535666826079
2012-04-08,0.625839112732611
2012-04-09,0.583778614404579
2012-04-10,0.546149194242932
2012-04-11,0.569675505947368
2012-04-12,0.793269178442137
2012-04-13,0.777846608037855
2012-04-14,0.67490672902612
2012-04-15,0.706781971027083
2012-04-16,1.15289255517467
2012-04-17,1.05491518392433
2012-04-18,0.855337570105445
2012-04-19,0.744216894423687
2012-04-20,0.680417790233318
2012-04-21,0.644007725953947
2012-04-22,0.697563468709694
2012-04-23,0.830696304174852
2012-04-24,0.792728459165948
2012-04-25,0.77041326467979
2012-04-26,0.703435918464226
2012-04-27,0.63795005626999
2012-04-28,0.591800809679674
2012-04-29,0.556900499649531
2012-04-30,0.52735289947533
2012-05-01,0.502010637811578
2012-05-02,0.490165484740226
2012-05-03,0.51448972710456
2012-05-04,0.497044487009683
2012-05-05,0.469087266055468
2012-05-06,0.47968214784091
2012-05-07,0.558733758601036
2012-05-08,0.538937270743011
2012-05-09,0.490431674052148
2012-05-10,0.461279714427263
2012-05-11,0.445474868607815
2012-05-12,0.446687282245278
2012-05-13,0.44309843351703
2012-05-14,0.424709277662987
2012-05-15,0.429901892401178
2012-05-16,0.522576316142246
2012-05-17,0.509691077209414
2012-05-18,0.46023514438965
2012-05-19,0.431613522621152
2012-05-20,0.413606454276401
2012-05-21,0.397354142732457
2012-05-22,0.38283079493688
2012-05-23,0.370220048907566
2012-05-24,0.367425280229484
2012-05-25,0.394581643332954
2012-05-26,0.385415440409118
2012-05-27,0.362133213216565
2012-05-28,0.347003806252664
2012-05-29,0.336108845946115
2012-05-30,0.340146548568586
2012-05-31,0.39303540757379
2012-06-01,0.386150948219281
2012-06-02,0.355099128424114
2012-06-03,0.441805205108186
2012-06-04,1.05341878393895
2012-06-05,1.04664996704876
2012-06-06,0.805137744589523
2012-06-07,0.746430119272192
2012-06-08,1.15227482793607
2012-06-09,1.47845019635796
2012-06-10,1.18439772328562
2012-06-11,0.920788678880965
2012-06-12,0.885133070265333
2012-06-13,1.18601990173475
2012-06-14,1.0824114151996
2012-06-15,0.870919211204895
2012-06-16,0.734356185463481
2012-06-17,0.650988120978178
2012-06-18,0.602924611816041
2012-06-19,0.613336128516453
2012-06-20,0.569340072482142
2012-06-21,0.547589899697704
2012-06-22,0.655514449868507
2012-06-23,0.616498962886842
2012-06-24,0.570681833486866
2012-06-25,0.670135606512592
2012-06-26,0.627883775466218
2012-06-27,0.546657983251373
2012-06-28,0.496247610627781
2012-06-29,0.462697935979918
2012-06-30,0.434240614984839
2012-07-01,0.418215958493251
2012-07-02,0.432345155645068
2012-07-03,0.414621475665133
2012-07-04,0.38669502424195
2012-07-05,0.416532718080712
2012-07-06,0.683426168708195
2012-07-07,0.843955677177641
2012-07-08,0.722000249770775
2012-07-09,0.599212611544172
2012-07-10,0.539414909854546
2012-07-11,0.517233183667005
2012-07-12,0.481946061114194
2012-07-13,0.448219234936934
2012-07-14,0.42929296415616
2012-07-15,0.446760139888326
2012-07-16,0.610969033439063
2012-07-17,0.584645439733325
2012-07-18,0.499032818418069
2012-07-19,0.450839017265452
2012-07-20,0.426093823824594
2012-07-21,0.418599358548173
2012-07-22,0.400732358557836
2012-07-23,0.377155602827695
2012-07-24,0.35762353511822
2012-07-25,0.341649561224863
2012-07-26,0.327488120375901
2012-07-27,0.314593557746032
2012-07-28,0.302796437453703
2012-07-29,0.308590311054661
2012-07-30,0.37157052479458
2012-07-31,0.364283027598616
2012-08-01,0.327515994745085
2012-08-02,0.392205367904094
2012-08-03,0.853920379115833
2012-08-04,0.815850176341062
2012-08-05,0.629280306437527
2012-08-06,0.583429260493305
2012-08-07,0.760797334408489
2012-08-08,0.69834438318744
2012-08-09,0.580721989445288
2012-08-10,0.510679853435671
2012-08-11,0.466644831457916
2012-08-12,0.430663253865761
2012-08-13,0.400643978381612
2012-08-14,0.375154225429748
2012-08-15,0.364752901668258
2012-08-16,0.420546631066197
2012-08-17,0.51650548808594
2012-08-18,0.479195849379058
2012-08-19,0.413817664978702
2012-08-20,0.404874069505584
2012-08-21,0.504708677237201
2012-08-22,0.515226085540946
2012-08-23,0.603041595808627
2012-08-24,0.683275107629783
2012-08-25,1.35221923381167
2012-08-26,1.45651751944898
2012-08-27,1.10711365757554
2012-08-28,0.852807205977043
2012-08-29,0.716758187096357
2012-08-30,0.690323532363365
2012-08-31,1.01819914028032
2012-09-01,1.44305382467596
2012-09-02,1.22453525257442
2012-09-03,0.933947764721211
2012-09-04,0.765511188458929
2012-09-05,0.666068279272841
2012-09-06,0.593575166358621
2012-09-07,0.537416416547549
2012-09-08,0.492612761025513
2012-09-09,0.456004214632078
2012-09-10,0.425515453360429
2012-09-11,0.418680143500594
2012-09-12,0.479918547972974
2012-09-13,0.459344822261228
2012-09-14,0.411624179099287
2012-09-15,0.382381199130449
2012-09-16,0.363091969878196
2012-09-17,0.346287160505729
2012-09-18,0.355602870019538
2012-09-19,0.464200614096039
2012-09-20,0.505106986425566
2012-09-21,0.501418087123972
2012-09-22,0.709578204026997
2012-09-23,0.740639592825799
2012-09-24,0.624016829739565
2012-09-25,0.536326148986595
2012-09-26,0.544361780366583
2012-09-27,0.777675088384739
2012-09-28,0.723858412960318
2012-09-29,0.632107181153144
2012-09-30,0.707146930468769
2012-10-01,0.650118739742579
2012-10-02,0.56065981239921
2012-10-03,0.504443390151405
2012-10-04,0.479034325534883
2012-10-05,0.499836328687496
2012-10-06,0.479420090668436
2012-10-07,0.489355737618206
2012-10-08,0.55797461288427
2012-10-09,0.621915240226396
2012-10-10,0.78253457410673
2012-10-11,0.855375158173295
2012-10-12,0.753597755857173
2012-10-13,0.725980185336134
2012-10-14,0.668797805595548
2012-10-15,0.674951492950537
2012-10-16,0.637408863743073
2012-10-17,0.568431438449149
2012-10-18,0.514346989861755
2012-10-19,0.477060938838179
2012-10-20,0.447534321897164
2012-10-21,0.422779888230055
2012-10-22,0.401829388409451
2012-10-23,0.383980547235515
2012-10-24,0.368631433374812
2012-10-25,0.355259563889814
2012-10-26,0.357622611559694
2012-10-27,0.490605109744807
2012-10-28,0.93667309798024
2012-10-29,0.973597665318765
2012-10-30,0.780735775317767
2012-10-31,0.652375537721069
2012-11-01,0.586467528425589
2012-11-02,0.58041863711368
2012-11-03,0.703092911647015
2012-11-04,0.805524078740471
2012-11-05,1.5533272619906
2012-11-06,1.40536547838923
2012-11-07,1.06713478809097
2012-11-08,0.861917260109533
2012-11-09,0.747966810056669
2012-11-10,0.685949605685619
2012-11-11,0.812786502309902
2012-11-12,1.3119933042493
2012-11-13,1.14552678610196
2012-11-14,0.896303085457454
2012-11-15,0.759683226332492
2012-11-16,0.681137572471239
2012-11-17,0.621700239085601
2012-11-18,0.575297155668359
2012-11-19,0.538211548584167
2012-11-20,0.508053027367403
2012-11-21,0.483172781552891
2012-11-22,0.462387233410679
2012-11-23,0.444779684706857
2012-11-24,0.429669062825764
2012-11-25,0.416573277562728
2012-11-26,0.405152278331006
2012-11-27,0.39590855701206
2012-11-28,0.525992780809584
2012-11-29,1.47830632471901
2012-11-30,1.89764278479032
2012-12-01,1.42413500355104
2012-12-02,1.08337708203334
2012-12-03,0.992052604987257
2012-12-04,1.00177548977598
2012-12-05,0.958341683186352
2012-12-06,0.837712720400993
2012-12-07,0.747407016316379
2012-12-08,0.702497068848186
2012-12-09,0.684310774349513
2012-12-10,0.816315601084493
2012-12-11,0.914814364599042
2012-12-12,0.963999252749584
2012-12-13,0.851503145220037
2012-12-14,0.789253571539058
2012-12-15,0.872718275386355
2012-12-16,0.981261365759718
2012-12-17,1.16250797419327
2012-12-18,1.05378351988823
2012-12-19,0.900980590437943
2012-12-20,0.889478210240306
2012-12-21,1.32163528647758
2012-12-22,1.45563661943927
2012-12-23,1.8953692885589
2012-12-24,1.51552998907902
2012-12-25,1.20942261306596
2012-12-26,1.19683501644246
2012-12-27,1.17214758585797
2012-12-28,1.63566332032658
2012-12-29,1.44659867631881
2012-12-30,1.14638394698822
2012-12-31,0.96530489893706
2013-01-01,0.889359020292881
2013-01-02,0.935341917317183
2013-01-03,0.876558812954299
2013-01-04,0.877027845184419
2013-01-05,1.15225760387504
2013-01-06,2.42390783003405
2013-01-07,2.05357538961297
2013-01-08,1.48381565593136
2013-01-09,1.18316141742162
2013-01-10,1.06494202429136
2013-01-11,1.02581352356847
2013-01-12,0.995555442268456
2013-01-13,0.915004569102182
2013-01-14,0.831850160722548
2013-01-15,0.772378136681971
2013-01-16,0.773156175867681
2013-01-17,1.02538792534109
2013-01-18,1.39502884857011
2013-01-19,1.2291253248375
2013-01-20,1.07029422860814
2013-01-21,0.980646425562828
2013-01-22,0.945598709779511
2013-01-23,0.869785658793651
2013-01-24,0.801976840009289
2013-01-25,0.75477087793085
2013-01-26,0.720058566750284
2013-01-27,0.727296276154525
2013-01-28,0.863552883045223
2013-01-29,0.89809807113209
2013-01-30,1.23483710762559
2013-01-31,1.57118954507235
2013-02-01,1.77809344952315
2013-02-02,3.04277314629105
2013-02-03,2.45631568714556
2013-02-04,1.89593746396849
2013-02-05,1.78288339693322
2013-02-06,1.90806100066293
2013-02-07,1.94285470762274
2013-02-08,1.98971412142217
2013-02-09,1.85489176458779
2013-02-10,1.48719014166157
2013-02-11,1.23408224657206
2013-02-12,1.12616510927084
2013-02-13,1.19218494362229
2013-02-14,1.09763606142048
2013-02-15,1.04416915661691
2013-02-16,1.12445203707916
2013-02-17,1.04348518281827
2013-02-18,0.947179228469978
2013-02-19,0.925952044986724
2013-02-20,1.06204658849066
2013-02-21,1.00423154561481
2013-02-22,0.917225677609564
2013-02-23,0.885800701492206
2013-02-24,0.913445079378293
2013-02-25,0.874752545657457
2013-02-26,0.858203594252023
2013-02-27,0.962466030678347
2013-02-28,0.923272114283938
2013-03-01,0.856261965861847
2013-03-02,0.814690622311465
2013-03-03,0.787373560705979
2013-03-04,0.764917767524313
2013-03-05,0.745994004904528
2013-03-06,0.729593323860103
2013-03-07,0.7150857147011
2013-03-08,0.715396005632377
2013-03-09,0.762622504098535
2013-03-10,0.749175031157797
2013-03-11,0.72507943567201
2013-03-12,0.738301053568961
2013-03-13,0.786771114119849
2013-03-14,0.803280864403262
2013-03-15,0.777079452767309
2013-03-16,0.743804038462455
2013-03-17,0.719610209961732
2013-03-18,0.776901664477205
2013-03-19,1.1328262614255
2013-03-20,1.0723784920858
2013-03-21,0.929763276774953
2013-03-22,0.849908231002689
2013-03-23,0.803585479318914
2013-03-24,0.774865899721594
2013-03-25,0.807504352909187
2013-03-26,0.936594549038058
2013-03-27,1.01374253349834
2013-03-28,1.00185882708918
2013-03-29,1.25922309831877
2013-03-30,1.19577386883153
2013-03-31,1.17704634887291
2013-04-01,1.07658262730901
2013-04-02,0.96247721351312
2013-04-03,0.882051152502093
2013-04-04,0.827908694508387
2013-04-05,0.786505052565243
2013-04-06,0.753535906963907
2013-04-07,0.726843049597037
2013-04-08,0.710861261461525
2013-04-09,0.756884243137615
2013-04-10,0.913698983845164
2013-04-11,0.926845164740043
2013-04-12,1.09006061859967
2013-04-13,1.00867630301251
2013-04-14,0.892346759397495
2013-04-15,0.820648215512897
2013-04-16,0.773559054137853
2013-04-17,0.73549490306471
2013-04-18,0.741357419883389
2013-04-19,1.15158342931236
2013-04-20,2.71967326657057
2013-04-21,2.18355678513622
2013-04-22,1.55304544247597
2013-04-23,1.23434779991959
2013-04-24,1.07027773910303
2013-04-25,0.957727920964719
2013-04-26,0.874901285876455
2013-04-27,0.811575983548448
2013-04-28,0.762387428087504
2013-04-29,0.7235465317019
2013-04-30,0.692001620781453
2013-05-01,0.665535656721927
2013-05-02,0.642858696633464
2013-05-03,0.65892219213304
2013-05-04,0.806351635046146
2013-05-05,0.778250712238583
2013-05-06,0.70577606279329
2013-05-07,0.662379930477102
2013-05-08,0.634607486884342
2013-05-09,0.670875017203989
2013-05-10,0.980038389815793
2013-05-11,1.1154096363286
2013-05-12,1.04676957373669
2013-05-13,1.02268147403426
2013-05-14,0.912678255558912
2013-05-15,0.811348028973714
2013-05-16,0.743602588113335
2013-05-17,0.694773465854215
2013-05-18,0.655540582701879
2013-05-19,0.653843921699388
2013-05-20,0.765566918068927
2013-05-21,0.731887410876583
2013-05-22,0.666575759218088
2013-05-23,0.641983199309091
2013-05-24,0.62328036001246
2013-05-25,0.609246281217571
2013-05-26,0.737426043124508
2013-05-27,1.1751660281957
2013-05-28,1.07959055840256
2013-05-29,0.937991421582414
2013-05-30,1.07476262633365
2013-05-31,2.45384148047402
2013-06-01,5.83443853915836
2013-06-02,5.27138241311125
2013-06-03,2.93047634362502
2013-06-04,1.92930585327769
2013-06-05,1.46666171895054
2013-06-06,1.21536250122674
2013-06-07,1.05371459781759
2013-06-08,0.941690292343468
2013-06-09,1.45880849098202
2013-06-10,7.00003388201309
2013-06-11,8.3272043442876
2013-06-12,3.90387029963673
2013-06-13,2.26945146579423
2013-06-14,1.65128166193637
2013-06-15,1.36240145265021
2013-06-16,1.18093150648371
2013-06-17,1.05608073238981
2013-06-18,0.963852782165404
2013-06-19,0.892442848719725
2013-06-20,0.848911069815303
2013-06-21,0.860914163999845
2013-06-22,0.818842852799681
2013-06-23,0.769119902132903
2013-06-24,0.799114696212142
2013-06-25,1.08543514959932
2013-06-26,1.03166208923901
2013-06-27,0.900930107649925
2013-06-28,0.822566898069194
2013-06-29,0.825319349971872
2013-06-30,1.01889148803687
2013-07-01,0.956222746387529
2013-07-02,0.845004265580001
2013-07-03,0.777426686191457
2013-07-04,0.739495115954536
2013-07-05,0.704300268811113
2013-07-06,0.672788696626889
2013-07-07,0.645597515962038
2013-07-08,0.621722367829705
2013-07-09,0.600314339863476
2013-07-10,0.580818250210833
2013-07-11,0.562845851656258
2013-07-12,0.546389169851563
2013-07-13,0.531095146061198
2013-07-14,0.516628916639954
2013-07-15,0.502819363097645
2013-07-16,0.489666263001453
2013-07-17,0.476969743481182
2013-07-18,0.464651537306864
2013-07-19,0.452792251118884
2013-07-20,0.441359881676295
2013-07-21,0.430289052258046
2013-07-22,0.41955530662637
2013-07-23,0.409042690919118
2013-07-24,0.398869032938271
2013-07-25,0.389520345535318
2013-07-26,0.380631993860009
2013-07-27,0.371723891980063
2013-07-28,0.362772219445705
2013-07-29,0.36613568387786
2013-07-30,0.41092738490305
2013-07-31,0.404357351010327
2013-08-01,0.377388641727923
2013-08-02,0.36096471908843
2013-08-03,0.349746323265673
2013-08-04,0.356739846214254
2013-08-05,0.425209998736512
2013-08-06,0.451936775255441
2013-08-07,0.576482229953879
2013-08-08,0.564249913006945
2013-08-09,0.648266523039929
2013-08-10,1.12260266115039
2013-08-11,1.00686554111059
2013-08-12,0.785563630666695
2013-08-13,0.666588739254398
2013-08-14,0.599393241875041
2013-08-15,0.546782398398265
2013-08-16,0.504375532544983
2013-08-17,0.469322344111556
2013-08-18,0.439809561359614
2013-08-19,0.428084113333173
2013-08-20,0.464560137064809
2013-08-21,0.444897225050757
2013-08-22,0.406753186774707
2013-08-23,0.381804908341763
2013-08-24,0.413782873892864
2013-08-25,0.813721985363714
2013-08-26,1.79755255169925
2013-08-27,1.47455607481816
2013-08-28,1.07171074106077
2013-08-29,0.856688780514866
2013-08-30,0.736712375378796
2013-08-31,0.650276507234041
2013-09-01,0.585484601140675
2013-09-02,0.534860578458025
2013-09-03,0.494107649151971
2013-09-04,0.460486077711895
2013-09-05,0.432210395719702
2013-09-06,0.408064060329796
2013-09-07,0.387184214530105
2013-09-08,0.452046425490506
2013-09-09,0.881735211410802
2013-09-10,0.911721186158985
2013-09-11,1.11859694137095
2013-09-12,1.25618859469636
2013-09-13,1.71309871696078
2013-09-14,1.36410753446631
2013-09-15,1.09514706984745
2013-09-16,1.30230163854658
2013-09-17,1.57319553381184
2013-09-18,1.72454350062325
2013-09-19,2.00815893407112
2013-09-20,1.52045265108447
2013-09-21,1.13398954216185
2013-09-22,0.924843150221216
2013-09-23,0.800047581284717
2013-09-24,0.710075972317535
2013-09-25,0.642348903984193
2013-09-26,0.614073105531608
2013-09-27,0.677701379685042
2013-09-28,0.635044796141934
2013-09-29,0.568228451537171
2013-09-30,0.525173332369363
2013-10-01,0.495686229469675
2013-10-02,0.471024631457362
2013-10-03,0.450072942850283
2013-10-04,0.432086417498163
2013-10-05,0.468989073826341
2013-10-06,0.714848090933881
2013-10-07,0.70224737514144
2013-10-08,0.597358957184968
2013-10-09,0.537691703666978
2013-10-10,0.61789380691631
2013-10-11,1.2038911078255
2013-10-12,1.10651036758119
2013-10-13,0.895951372144905
2013-10-14,0.761701918753517
2013-10-15,0.879229139677171
2013-10-16,1.96629474374433
2013-10-17,1.63475849699807
2013-10-18,1.18392741334955
2013-10-19,0.949734664289163
2013-10-20,0.825403261923532
2013-10-21,0.736304458996501
2013-10-22,0.669533466637074
2013-10-23,0.649607203246327
2013-10-24,0.749069213674972
2013-10-25,0.702587152493818
2013-10-26,0.623642781441391
2013-10-27,0.578533403985948
2013-10-28,0.572329727094959
2013-10-29,0.582372480845361
2013-10-30,0.551958542721525
2013-10-31,0.516429192590336
2013-11-01,0.497815146684042
2013-11-02,0.521018140742117
2013-11-03,0.605091459693335
2013-11-04,0.697985018891784
2013-11-05,0.68417433396509
2013-11-06,0.717480275509533
2013-11-07,0.767241329796807
2013-11-08,0.758358417624418
2013-11-09,0.955777407014628
2013-11-10,1.0547626066005
2013-11-11,1.87887082302774
2013-11-12,1.55408778390059
2013-11-13,1.15917116784903
2013-11-14,0.955218976227645
2013-11-15,0.862563966106595
2013-11-16,0.777854238661564
2013-11-17,0.712224602160687
2013-11-18,0.659963949726817
2013-11-19,0.64753620610492
2013-11-20,0.756823351039347
2013-11-21,0.77751641983805
2013-11-22,0.704357870919213
2013-11-23,0.700648540661077
2013-11-24,0.917634099897259
2013-11-25,0.900234406929744
2013-11-26,0.802379871094778
2013-11-27,0.740258872061126
2013-11-28,0.687472733480233
2013-11-29,0.678553554501549
2013-11-30,0.749187358967439
2013-12-01,0.707642013518447
2013-12-02,0.644282653337776
2013-12-03,0.604475463564976
2013-12-04,0.577607971035726
2013-12-05,0.574764232071836
2013-12-06,0.646800597175
2013-12-07,0.648656221408834
2013-12-08,0.603244092240073
2013-12-09,0.568290678131072
2013-12-10,0.546493102519771
2013-12-11,0.529389092935663
2013-12-12,0.514881096352704
2013-12-13,0.502478533907546
2013-12-14,0.513743576854131
2013-12-15,0.603683581511074
2013-12-16,0.592248126111669
2013-12-17,0.549434803097713
2013-12-18,0.525169862511924
2013-12-19,0.515889403838513
2013-12-20,0.527639001391145
2013-12-21,0.523335137489594
2013-12-22,0.505845337727052
2013-12-23,0.49125836514257
2013-12-24,0.480973105638038
2013-12-25,0.477429093943305
2013-12-26,0.538940234381566
2013-12-27,0.761284001936067
2013-12-28,0.735030069496234
2013-12-29,0.644241109567835
2013-12-30,0.596278765888408
2013-12-31,0.56982721798537
2014-01-01,0.547977473268715
2014-01-02,0.529669246747864
2014-01-03,0.515112531532374
2014-01-04,0.550826876235046
2014-01-05,0.769003753633285
2014-01-06,0.811611021061666
2014-01-07,0.718574222131359
2014-01-08,0.647397520124555
2014-01-09,0.656334461405389
2014-01-10,0.851306661711764
2014-01-11,0.825509758040512
2014-01-12,0.806791696792556
2014-01-13,0.755658769406884
2014-01-14,0.896127289697861
2014-01-15,1.54730513115756
2014-01-16,1.34472360926631
2014-01-17,1.05762588904613
2014-01-18,0.926375252086533
2014-01-19,0.833564533724697
2014-01-20,0.798784030254917
2014-01-21,0.969234689667452
2014-01-22,1.11063291338686
2014-01-23,0.995926028459453
2014-01-24,0.951633736575198
2014-01-25,0.912841747581314
2014-01-26,0.937660868291962
2014-01-27,1.12710741441905
2014-01-28,1.19325376276923
2014-01-29,1.02522574966413
2014-01-30,0.881133270636896
2014-01-31,0.796541878032958
2014-02-01,0.746545988999173
2014-02-02,0.755753171147689
2014-02-03,0.821227964310897
2014-02-04,0.7714254034868
2014-02-05,0.705506763221202
2014-02-06,0.663873974751083
2014-02-07,0.63515479435735
2014-02-08,0.611447169018961
2014-02-09,0.591622885722416
2014-02-10,0.574920817081938
2014-02-11,0.560681970862761
2014-02-12,0.54842182189546
2014-02-13,0.563905316917316
2014-02-14,0.673194131754853
2014-02-15,0.677517779509474
2014-02-16,0.707057055551249
2014-02-17,0.673526870233559
2014-02-18,0.628463182202801
2014-02-19,0.599401758284399
2014-02-20,0.586884938847568
2014-02-21,0.6212981699276
2014-02-22,0.689795240872196
2014-02-23,0.660850245115213
2014-02-24,0.614123151030124
2014-02-25,0.585998817820375
2014-02-26,0.593411507920386
2014-02-27,0.712978584867776
2014-02-28,0.762758120597417
2014-03-01,0.702059681607956
2014-03-02,0.644423179958255
2014-03-03,0.611110008652633
2014-03-04,0.606418823471841
2014-03-05,0.670870554234742
2014-03-06,0.649000155436422
2014-03-07,0.60431096728041
2014-03-08,0.576045650898857
2014-03-09,0.556745885173195
2014-03-10,0.540005417930651
2014-03-11,0.525358162472043
2014-03-12,0.512419999781173
2014-03-13,0.500791171752655
2014-03-14,0.490212026750394
2014-03-15,0.480552506647318
2014-03-16,0.471933945470289
2014-03-17,0.464044314360983
2014-03-18,0.456520681140731
2014-03-19,0.449267786389866
2014-03-20,0.442387087236582
2014-03-21,0.435705965919112
2014-03-22,0.461115439580442
2014-03-23,0.649770316114391
2014-03-24,0.855110483116128
2014-03-25,0.787042258727546
2014-03-26,0.678682135811478
2014-03-27,0.619133886857874
2014-03-28,0.582591214227438
2014-03-29,0.552769408642356
2014-03-30,0.527554404190174
2014-03-31,0.505861225372333
2014-04-01,0.486980588989199
2014-04-02,0.470346177027189
2014-04-03,0.45547510726836
2014-04-04,0.442055457729957
2014-04-05,0.429993596319714
2014-04-06,0.419222517621306
2014-04-07,0.409528577219557
2014-04-08,0.403444135111811
2014-04-09,0.407854931691841
2014-04-10,0.400615604554998
2014-04-11,0.38906267097682
2014-04-12,0.380202337328357
2014-04-13,0.372780711406068
2014-04-14,0.365784073637227
2014-04-15,0.359367638889759
2014-04-16,0.353462100876474
2014-04-17,0.347848105746172
2014-04-18,0.367887181699102
2014-04-19,0.480848059002881
2014-04-20,0.476818587609005
2014-04-21,0.433383286711747
2014-04-22,0.430892221091417
2014-04-23,0.417512092892416
2014-04-24,0.397015809770664
2014-04-25,0.381837552301771
2014-04-26,0.388046001305093
2014-04-27,0.505630835145363
2014-04-28,0.720683406965582
2014-04-29,0.67991122842642
2014-04-30,0.575195224924807
2014-05-01,0.517472644304198
2014-05-02,0.498729304353859
2014-05-03,0.533036210820321
2014-05-04,0.508000463704974
2014-05-05,0.465877373951852
2014-05-06,0.43752540289708
2014-05-07,0.450773407595139
2014-05-08,0.606893801284976
2014-05-09,0.662391786767184
2014-05-10,0.58573167027011
2014-05-11,0.517402268356775
2014-05-12,0.487024555054933
2014-05-13,0.527492214486368
2014-05-14,0.678539989763006
2014-05-15,0.699445953173305
2014-05-16,0.611648411350071
2014-05-17,0.54124301243927
2014-05-18,0.499633078993743
2014-05-19,0.468391386208666
2014-05-20,0.441710576019132
2014-05-21,0.418540735032568
2014-05-22,0.398193367773735
2014-05-23,0.380390719163143
2014-05-24,0.364718269049927
2014-05-25,0.350707189901183
2014-05-26,0.338006900092593
2014-05-27,0.353612742732802
2014-05-28,0.467870966974978
2014-05-29,0.458794313072427
2014-05-30,0.403235689918483
2014-05-31,0.373825658761338
2014-06-01,0.357322351392648
2014-06-02,0.343271989728129
2014-06-03,0.333190249298825
2014-06-04,0.321784872948262
2014-06-05,0.310315838294188
2014-06-06,0.300180902380965
2014-06-07,0.290796868539101
2014-06-08,0.281821986628753
2014-06-09,0.273226888817621
2014-06-10,0.265037646267381
2014-06-11,0.257409141437186
2014-06-12,0.250267897077144
2014-06-13,0.243550645653581
2014-06-14,0.237177255623018
2014-06-15,0.231151718769695
2014-06-16,0.22544462916492
2014-06-17,0.220007109541332
2014-06-18,0.214879890805245
2014-06-19,0.20994078750975
2014-06-20,0.205166848566415
2014-06-21,0.200622122708921
2014-06-22,0.196235292417506
2014-06-23,0.201798097032752
2014-06-24,0.240735209803413
2014-06-25,0.239598752666225
2014-06-26,0.217085959770605
2014-06-27,0.205932860592992
2014-06-28,0.220555197270385
2014-06-29,0.332698030450782
2014-06-30,0.452636669919315
2014-07-01,0.438164893602955
2014-07-02,0.371810189852732
2014-07-03,0.331896445448426
2014-07-04,0.310147632976399
2014-07-05,0.292802698353596
2014-07-06,0.277706403846395
2014-07-07,0.264490564206882
2014-07-08,0.300079084500892
2014-07-09,0.553738338852142
2014-07-10,0.700979080370005
2014-07-11,0.730457602814257
2014-07-12,0.634608407681334
2014-07-13,0.571999485909989
2014-07-14,0.507319419604654
2014-07-15,0.45137416283153
2014-07-16,0.410637332610782
2014-07-17,0.379077465701925
2014-07-18,0.352379137556354
2014-07-19,0.329444727035824
2014-07-20,0.30950053689318
2014-07-21,0.445400689397114
2014-07-22,1.54837830897192
2014-07-23,1.72041899519003
2014-07-24,1.22102204639385
2014-07-25,0.896676447828292
2014-07-26,0.821043869292704
2014-07-27,1.0990252244709
2014-07-28,1.071966580846
2014-07-29,1.42998773698072
2014-07-30,1.28316748001921
2014-07-31,1.46743561920238
2014-08-01,1.17709681832292
2014-08-02,0.903017533259963
2014-08-03,0.757057784916511
2014-08-04,0.740135458845264
2014-08-05,0.770454269354788
2014-08-06,0.678525170989266
2014-08-07,0.58138216630139
2014-08-08,0.518864164282619
2014-08-09,0.474392304409002
2014-08-10,0.497027048011973
2014-08-11,0.754043945397344
2014-08-12,0.716350330849018
2014-08-13,0.59801680746578
2014-08-14,0.568153213063228
2014-08-15,0.53241872139152
2014-08-16,0.530460390272508
2014-08-17,0.507437335195805
2014-08-18,0.460972409844372
2014-08-19,0.422339826364653
2014-08-20,0.400973592288175
2014-08-21,0.404488191475131
2014-08-22,0.38500401731435
2014-08-23,0.368439518467708
2014-08-24,0.392657845609867
2014-08-25,0.390978462771943
2014-08-26,0.418852944689841
2014-08-27,0.406352715576242
2014-08-28,0.400835385439986
2014-08-29,0.378961447501645
2014-08-30,0.355403981090758
2014-08-31,0.431464925339121
2014-09-01,0.949296920276938
2014-09-02,0.895231434912205
2014-09-03,0.686858358351648
2014-09-04,0.579434448652981
2014-09-05,0.524134849704828
2014-09-06,0.480028232234388
2014-09-07,0.443997007304462
2014-09-08,0.414066404104982
2014-09-09,0.388832816745196
2014-09-10,0.367253338195227
2014-09-11,0.356713196606189
2014-09-12,0.46808849579293
2014-09-13,0.985075600571406
2014-09-14,0.993807247813626
2014-09-15,0.773379855216854
2014-09-16,0.637023590341647
2014-09-17,0.56574835409245
2014-09-18,0.513658588186852
2014-09-19,0.471954470660633
2014-09-20,0.446099218362365
2014-09-21,0.528065102009086
2014-09-22,0.886031904356837
2014-09-23,0.816817770668092
2014-09-24,0.67106022024385
2014-09-25,0.665589331591638
2014-09-26,0.607027562229322
2014-09-27,0.535444416422085
2014-09-28,0.486736825807361
2014-09-29,0.451632212455359
2014-09-30,0.428239144215668
2014-10-01,0.427962845636331
2014-10-02,0.406816913541051
2014-10-03,0.379836588195365
2014-10-04,0.359990377238441
2014-10-05,0.344498697639562
2014-10-06,0.330932207663325
2014-10-07,0.318984415127018
2014-10-08,0.308474203669036
2014-10-09,0.299013667334014
2014-10-10,0.290345011356419
2014-10-11,0.282446295280493
2014-10-12,0.275279592083926
2014-10-13,0.28553160492094
2014-10-14,0.354957557750797
2014-10-15,0.354942499907278
2014-10-16,0.371197820658721
2014-10-17,0.53777717790941
2014-10-18,0.529941209000524
2014-10-19,0.449863317149583
2014-10-20,0.547329747614789
2014-10-21,1.4858035663147
2014-10-22,1.95277426535442
2014-10-23,2.13841172594205
2014-10-24,1.57781223681682
2014-10-25,1.15311905034519
2014-10-26,0.922917002194584
2014-10-27,0.787479457971459
2014-10-28,0.692015375758775
2014-10-29,0.632362954262296
2014-10-30,0.624921575556469
2014-10-31,0.577617883721732
2014-11-01,0.525124423955712
2014-11-02,0.487514693065345
2014-11-03,0.459112475328924
2014-11-04,0.435306836205596
2014-11-05,0.461835589342253
2014-11-06,0.671123106162755
2014-11-07,0.656989844517722
2014-11-08,0.560485034051622
2014-11-09,0.504266031870204
2014-11-10,0.472956756096753
2014-11-11,0.447645231179673
2014-11-12,0.428191791046953
2014-11-13,0.418320211322836
2014-11-14,0.40495315602431
2014-11-15,0.388745149429083
2014-11-16,0.374986216694965
2014-11-17,0.401176836805668
2014-11-18,0.639714588426631
2014-11-19,0.981963054936019
2014-11-20,0.893888840137523
2014-11-21,0.723889045451611
2014-11-22,0.629670710399202
2014-11-23,0.575646063261538
2014-11-24,0.534029915967129
2014-11-25,0.500373684523671
2014-11-26,0.472724532312337
2014-11-27,0.449719332334957
2014-11-28,0.43034881846957
2014-11-29,0.413851326457651
2014-11-30,0.401644463427019
2014-12-01,0.403498797303913
2014-12-02,0.425601868956063
2014-12-03,0.447348197889755
2014-12-04,0.42804553402891
2014-12-05,0.403930757992794
2014-12-06,0.406770569778891
2014-12-07,0.464795718858961
2014-12-08,0.49296622456829
2014-12-09,0.465051089118442
2014-12-10,0.435364915919208
2014-12-11,0.427289441734416
2014-12-12,0.413414268225744
2014-12-13,0.397370349614003
2014-12-14,0.389880531729851
2014-12-15,0.402378891478538
2014-12-16,0.404449560913006
2014-12-17,0.427793075333216
2014-12-18,0.532616345679714
2014-12-19,0.5691441486277
2014-12-20,0.676400227698557
2014-12-21,0.632367667327477
2014-12-22,0.5544439873664
2014-12-23,0.509896238599974
2014-12-24,0.482564188707334
2014-12-25,0.487640284777868
2014-12-26,0.594588975273055
2014-12-27,0.635226207835122
2014-12-28,0.878563469788758
2014-12-29,0.903448573079038
2014-12-30,1.01784896386084
2014-12-31,1.3813790237048
2015-01-01,1.16843375074212
2015-01-02,1.02478015896742
2015-01-03,1.55290342388443
2015-01-04,2.29308737165927
2015-01-05,1.72716709913132
2015-01-06,1.25260125750933
2015-01-07,1.01499077366516
2015-01-08,0.918546412579354
2015-01-09,0.988064933246299
2015-01-10,1.2786302460539
2015-01-11,1.55677253420557
2015-01-12,1.31828367743525
2015-01-13,1.05035456156536
2015-01-14,0.922493994981873
2015-01-15,0.953437617005468
2015-01-16,0.910938517348863
2015-01-17,1.09062705014376
2015-01-18,1.30478410094871
2015-01-19,1.11421674801399
2015-01-20,0.936000127796798
2015-01-21,0.884609061786501
2015-01-22,0.806767236151827
2015-01-23,0.734551874530913
2015-01-24,0.704567212947305
2015-01-25,0.739489817944013
2015-01-26,0.74326011426543
2015-01-27,0.899447785321773
2015-01-28,0.918403101878767
2015-01-29,0.970019956161051
2015-01-30,1.2223099722911
2015-01-31,1.23153222546537
2015-02-01,1.07477040623586
2015-02-02,1.139546053897
2015-02-03,1.22060991549116
2015-02-04,1.0559825446171
2015-02-05,0.903398990506672
2015-02-06,0.812330067860901
2015-02-07,0.751738700275953
2015-02-08,0.718876739768777
2015-02-09,0.740956019646379
2015-02-10,0.706001837207469
2015-02-11,0.660566989269094
2015-02-12,0.629377705676944
2015-02-13,0.60673789719992
2015-02-14,0.587812482503285
2015-02-15,0.571837500963638
2015-02-16,0.558262710755943
2015-02-17,0.546583238227365
2015-02-18,0.536449038454119
2015-02-19,0.527603142517121
2015-02-20,0.519680014881893
2015-02-21,0.541846484010546
2015-02-22,0.67122795233342
2015-02-23,0.680201715152785
2015-02-24,0.716357497264582
2015-02-25,0.680624831185849
2015-02-26,0.631646330172061
2015-02-27,0.666496631784568
2015-02-28,0.966770935834205
2015-03-01,0.949892165859628
2015-03-02,1.01324289610207
2015-03-03,1.12324589815547
2015-03-04,1.03123377288516
2015-03-05,0.890349696591933
2015-03-06,0.796581060097929
2015-03-07,0.73619796093037
2015-03-08,0.690669785864009
2015-03-09,0.654152959526951
2015-03-10,0.624322602518246
2015-03-11,0.599847907731546
2015-03-12,0.579394579314073
2015-03-13,0.561942610767486
2015-03-14,0.546892469717636
2015-03-15,0.533769778732814
2015-03-16,0.522150901838386
2015-03-17,0.511595188596565
2015-03-18,0.501838952386102
2015-03-19,0.492775709249457
2015-03-20,0.484357391188568
2015-03-21,0.499328851336817
2015-03-22,0.59595559222082
2015-03-23,0.586920177332377
2015-03-24,0.54393446649296
2015-03-25,0.519519438590906
2015-03-26,0.50470610183364
2015-03-27,0.492014151328896
2015-03-28,0.480876132874857
2015-03-29,0.560401658417293
2015-03-30,1.05196363604178
2015-03-31,1.13542626282095
2015-04-01,1.16909939129446
2015-04-02,1.07837957630765
2015-04-03,1.2170497056205
2015-04-04,1.16643276697346
2015-04-05,1.3109700138917
2015-04-06,1.12651573525433
2015-04-07,0.937097806083077
2015-04-08,0.822938981837732
2015-04-09,0.74958718007935
2015-04-10,0.692896062703694
2015-04-11,0.647660370328645
2015-04-12,0.610890662294665
2015-04-13,0.58035923296164
2015-04-14,0.554484878975533
2015-04-15,0.532138853638951
2015-04-16,0.512465668567141
2015-04-17,0.613992741443829
2015-04-18,1.26671345237526
2015-04-19,1.16631576236175
2015-04-20,0.915004389146384
2015-04-21,0.781056472999997
2015-04-22,0.708442523426405
2015-04-23,0.652127363850126
2015-04-24,0.607383932798358
2015-04-25,0.570917591583659
2015-04-26,0.541164590184001
2015-04-27,0.718983263467258
2015-04-28,2.06224674477741
2015-04-29,1.94738669557757
2015-04-30,1.46523676943921
2015-05-01,2.05326569318022
2015-05-02,5.62125786575706
2015-05-03,4.26801147931214
2015-05-04,2.68058192194732
2015-05-05,1.93867474265154
2015-05-06,2.22607476642235
2015-05-07,1.97613073342987
2015-05-08,1.49768041683937
2015-05-09,1.19493832428381
2015-05-10,1.02755224120528
2015-05-11,0.916097060193836
2015-05-12,0.833090297685507
2015-05-13,0.769118336551408
2015-05-14,0.851875045394062
2015-05-15,1.60589362395466
2015-05-16,1.84765244826119
2015-05-17,1.44068213857983
2015-05-18,1.13606079146136
2015-05-19,1.14531340285185
2015-05-20,2.03167876824181
2015-05-21,2.245501500008
2015-05-22,1.6718367064009
2015-05-23,1.27604732338598
2015-05-24,1.0704814233006
2015-05-25,0.995268425624175
2015-05-26,1.12476292457724
2015-05-27,1.01799970227805
2015-05-28,0.885299669888948
2015-05-29,0.800500261133234
2015-05-30,0.743091196215352
2015-05-31,0.697553509510637
2015-06-01,0.660017005682632
2015-06-02,0.628204588486964
2015-06-03,0.600644446256618
2015-06-04,0.57621662751196
2015-06-05,0.554188846478691
2015-06-06,0.590608974664266
2015-06-07,0.909065568920847
2015-06-08,1.20507336739331
2015-06-09,1.23758075221578
2015-06-10,1.03022863770437
2015-06-11,0.868601035485109
2015-06-12,0.773512282341802
2015-06-13,0.721420325387038
2015-06-14,0.920922828919854
2015-06-15,2.06601922254062
2015-06-16,2.05193040774238
2015-06-17,1.49494043833711
2015-06-18,1.27583346671026
2015-06-19,1.6667072755689
2015-06-20,1.39508811041115
2015-06-21,1.15299391513364
2015-06-22,1.32839138083038
2015-06-23,1.79277623105726
2015-06-24,1.46404186517974
2015-06-25,1.14112313127736
2015-06-26,0.962473306917639
2015-06-27,0.956406070009191
2015-06-28,1.35927198827427
2015-06-29,1.19975326612417
2015-06-30,0.973845325021143
2015-07-01,0.842150465702299
2015-07-02,0.761240853476221
2015-07-03,0.698301166414981
2015-07-04,0.648102767205755
2015-07-05,0.606837565408579
2015-07-06,0.57308889462201
2015-07-07,0.544584920319641
2015-07-08,0.520240518745161
2015-07-09,0.499330272154883
2015-07-10,0.480810248144021
2015-07-11,0.463891012227999
2015-07-12,0.448088526834686
2015-07-13,0.433506318933887
2015-07-14,0.420383702500401
2015-07-15,0.408222422294249
2015-07-16,0.396643375063635
2015-07-17,0.385440276254118
2015-07-18,0.374653540801822
2015-07-19,0.36458922948801
2015-07-20,0.355120418993674
2015-07-21,0.346050827861843
2015-07-22,0.390146943908341
2015-07-23,0.659337085872476
2015-07-24,0.694017083090219
2015-07-25,0.584857827210994
2015-07-26,0.512890022878771
2015-07-27,0.476170526625078
2015-07-28,0.448227776838453
2015-07-29,0.424603684239782
2015-07-30,0.404613870878261
2015-07-31,0.387029284347303
2015-08-01,0.371240850507759
2015-08-02,0.357165988058576
2015-08-03,0.344390809206108
2015-08-04,0.332519467845016
2015-08-05,0.321475298910514
2015-08-06,0.311177325629213
2015-08-07,0.301450204907366
2015-08-08,0.292221928624062
2015-08-09,0.283511752132361
2015-08-10,0.275325986150179
2015-08-11,0.267704183529422
2015-08-12,0.260527346153305
2015-08-13,0.253642397222929
2015-08-14,0.266146091499505
2015-08-15,0.441770154236675
2015-08-16,1.00926891818275
2015-08-17,1.03000258228071
2015-08-18,0.790065168138393
2015-08-19,0.642371631545917
2015-08-20,0.567397199422404
2015-08-21,0.513690976024463
2015-08-22,0.470599054729593
2015-08-23,0.435347644732233
2015-08-24,0.406515386381253
2015-08-25,0.382076644499884
2015-08-26,0.360922491155671
2015-08-27,0.342410634896075
2015-08-28,0.326029603500411
2015-08-29,0.311428418763514
2015-08-30,0.298306635293366
2015-08-31,0.286421112530857
2015-09-01,0.277004216455549
2015-09-02,0.273068688894033
2015-09-03,0.271540188087262
2015-09-04,0.290780299009886
2015-09-05,0.285655068774578
2015-09-06,0.274761214179497
2015-09-07,0.263748968594878
2015-09-08,0.252945204636545
2015-09-09,0.244577385407525
2015-09-10,0.237613075000381
2015-09-11,0.231183066540775
2015-09-12,0.225188022721658
2015-09-13,0.219557480370049
2015-09-14,0.234624286367349
2015-09-15,0.322289631948845
2015-09-16,0.321952228814692
2015-09-17,0.279589308239872
2015-09-18,0.26459708104836
2015-09-19,0.271318650611688
2015-09-20,0.263316079014406
2015-09-21,0.249256162148786
2015-09-22,0.251955976308603
2015-09-23,0.3030482103665
2015-09-24,0.316985993550515
2015-09-25,0.28906318656039
2015-09-26,0.266518155357172
2015-09-27,0.254890166349855
2015-09-28,0.246106486305662
2015-09-29,0.23813802914061
2015-09-30,0.230875593901207
2015-10-01,0.224230398847266
2015-10-02,0.21810930411384
2015-10-03,0.212436688615671
2015-10-04,0.207523162432569
2015-10-05,0.204108881321309
2015-10-06,0.228892505635459
2015-10-07,0.40379521752467
2015-10-08,0.605282209021576
2015-10-09,0.539408359075098
2015-10-10,0.434661301927275
2015-10-11,0.387082325086546
2015-10-12,0.361256589889762
2015-10-13,0.396611950673281
2015-10-14,0.687263772306834
2015-10-15,0.763542024799965
2015-10-16,0.649024602619778
2015-10-17,0.64246099651995
2015-10-18,0.644301966166505
2015-10-19,0.577870591361867
2015-10-20,0.505806338228006
2015-10-21,0.456223928189407
2015-10-22,0.420572801431105
2015-10-23,0.391705881673608
2015-10-24,0.367464777463096
2015-10-25,0.346823646545677
2015-10-26,0.32908441603841
2015-10-27,0.313717761678403
2015-10-28,0.300303531667257
2015-10-29,0.290008133459873
2015-10-30,0.28588009409671
2015-10-31,0.27679996676202
2015-11-01,0.26592485845326
2015-11-02,0.257320900327189
2015-11-03,0.250127157679007
2015-11-04,0.243587251440794
2015-11-05,0.237592352387073
2015-11-06,0.232088731894654
2015-11-07,0.22706596602821
2015-11-08,0.222427838704773
2015-11-09,0.218103816087214
2015-11-10,0.214073249830819
2015-11-11,0.210312951993818
2015-11-12,0.206799679246373
2015-11-13,0.205119041532711
2015-11-14,0.208828512221284
2015-11-15,0.206457291309625
2015-11-16,0.200835934038215
2015-11-17,0.197147851485251
2015-11-18,0.194475405430467
2015-11-19,0.196686555193097
2015-11-20,0.407849138107702
2015-11-21,2.10764532505685
2015-11-22,1.9371018901275
2015-11-23,1.29841793874371
2015-11-24,0.965662137744178
2015-11-25,0.844786698643183
2015-11-26,0.787773648892813
2015-11-27,0.705874915979196
2015-11-28,0.628837477088068
2015-11-29,0.609457434929651
2015-11-30,0.610686208856185
2015-12-01,0.781374940251099
2015-12-02,0.801102299366712
2015-12-03,0.681410702714207
2015-12-04,0.587665216745439
2015-12-05,0.53929609997785
2015-12-06,0.498125092549576
2015-12-07,0.462169953284888
2015-12-08,0.437011492329931
2015-12-09,0.457027914398029
2015-12-10,0.565481150851657
2015-12-11,0.537535544782789
2015-12-12,0.4717422421294
2015-12-13,0.434276452029608
2015-12-14,0.411240090176373
2015-12-15,0.39173691922571
2015-12-16,0.416719714009323
2015-12-17,0.600975059783122
2015-12-18,0.582101216895399
2015-12-19,0.496825397967782
2015-12-20,0.45127462876339
2015-12-21,0.432468563597731
2015-12-22,0.437808002319867
2015-12-23,0.419330968590262
2015-12-24,0.393845181297459
2015-12-25,0.375667901260852
2015-12-26,0.361806265814159
2015-12-27,0.349693538440377
2015-12-28,0.339034961260972
2015-12-29,0.329610765519282
2015-12-30,0.321241322312824
2015-12-31,0.343339234840409
2016-01-01,0.475834845639282
2016-01-02,0.525955785121386
2016-01-03,0.763317500008568
2016-01-04,0.902493762241481
2016-01-05,0.800260212533894
2016-01-06,0.683045847646694
2016-01-07,0.687466018920421
2016-01-08,0.80751016196267
2016-01-09,0.938045055292009
2016-01-10,0.971499838859981
2016-01-11,1.59339350361016
2016-01-12,1.67500831862571
2016-01-13,1.60131601613016
2016-01-14,1.28885792543631
2016-01-15,1.06115895098428
2016-01-16,1.00899301161291
2016-01-17,0.915946236339293
2016-01-18,0.847704633885263
2016-01-19,0.750869292173319
2016-01-20,0.669861946256143
2016-01-21,0.613196173506941
2016-01-22,0.582637796462761
2016-01-23,0.598025536459527
2016-01-24,0.567132086574166
2016-01-25,0.525957414061008
2016-01-26,0.49739751423123
2016-01-27,0.476308780533936
2016-01-28,0.50368334110862
2016-01-29,0.704218831651887
2016-01-30,0.747400493420503
2016-01-31,1.12187506053166
2016-02-01,1.72807878681839
2016-02-02,1.42361438827
2016-02-03,1.2605769589113
2016-02-04,1.5299908788887
2016-02-05,1.53659394675502
2016-02-06,1.21951779143518
2016-02-07,0.984834124407138
2016-02-08,0.865853023607583
2016-02-09,0.840434505386961
2016-02-10,0.774551721837539
2016-02-11,0.701099066193697
2016-02-12,0.647021426900351
2016-02-13,0.628744738128882
2016-02-14,0.717390780374834
2016-02-15,0.809968068596196
2016-02-16,0.742475335811197
2016-02-17,0.6620533193596
2016-02-18,0.614848852296591
2016-02-19,0.583051948221201
2016-02-20,0.616262360110679
2016-02-21,0.880371785005273
2016-02-22,0.83578740269145
2016-02-23,0.755209430691675
2016-02-24,0.91990948057285
2016-02-25,1.16034676293752
2016-02-26,1.09994888875407
2016-02-27,0.923170307942549
2016-02-28,0.801916193590274
2016-02-29,0.867771336264847
2016-03-01,1.5752549641208
2016-03-02,1.58620274043429
2016-03-03,1.55961680137072
2016-03-04,1.26388052318355
2016-03-05,1.09465265951735
2016-03-06,1.2184123619186
2016-03-07,1.07516631923979
2016-03-08,0.913173933786749
2016-03-09,0.813348921867459
2016-03-10,0.748565395212728
2016-03-11,0.698566061767779
2016-03-12,0.658989929217508
2016-03-13,0.627149219935182
2016-03-14,0.601030510355845
2016-03-15,0.610964954848127
2016-03-16,0.737248037984355
2016-03-17,0.711608761210664
2016-03-18,0.646039271260069
2016-03-19,0.60697191883094
2016-03-20,0.582234403907882
2016-03-21,0.5613718932869
2016-03-22,0.543584365961806
2016-03-23,0.528247616604367
2016-03-24,0.514902251493798
2016-03-25,0.543168603062508
2016-03-26,0.721697238677583
2016-03-27,0.702362999947081
2016-03-28,0.626337687767401
2016-03-29,0.584231302493927
2016-03-30,0.560129686301356
2016-03-31,0.540038707872009
2016-04-01,0.522447374812582
2016-04-02,0.507026100284458
2016-04-03,0.493310806156712
2016-04-04,0.480770657177249
2016-04-05,0.469531449657501
2016-04-06,0.459747728918168
2016-04-07,0.450902546418553
2016-04-08,0.443003426890015
2016-04-09,0.435858878066524
2016-04-10,0.429270149151108
2016-04-11,0.422923198262424
2016-04-12,0.426707671872113
2016-04-13,0.46432184620064
2016-04-14,0.459571226905871
2016-04-15,0.491909846174547
2016-04-16,0.755814622078504
2016-04-17,0.879811986121742
2016-04-18,1.12353787172653
2016-04-19,0.990008077260555
2016-04-20,0.819101244632627
2016-04-21,0.721244045477179
2016-04-22,0.660758853963416
2016-04-23,0.659571004092665
2016-04-24,0.83488963316789
2016-04-25,0.782095028481821
2016-04-26,0.773947405260548
2016-04-27,1.18260169284202
2016-04-28,1.06932278595659
2016-04-29,0.866038981743838
2016-04-30,0.750909068263924
2016-05-01,0.711480843989055
2016-05-02,0.781919271125114
2016-05-03,0.736901204227214
2016-05-04,0.700998342248574
2016-05-05,0.645286859625359
2016-05-06,0.593397381964898
2016-05-07,0.554809930048041
2016-05-08,0.524532362591306
2016-05-09,0.498538739848209
2016-05-10,0.475923797886716
2016-05-11,0.456199279265615
2016-05-12,0.538090830655895
2016-05-13,1.16306216271636
2016-05-14,1.61982184018654
2016-05-15,1.6625602705418
2016-05-16,1.31619694469927
2016-05-17,1.18163007371476
2016-05-18,0.99443469633238
2016-05-19,0.908002658441212
2016-05-20,1.0914905622193
2016-05-21,0.970773569100853
2016-05-22,0.810939364601486
2016-05-23,0.852552240369421
2016-05-24,1.54031667027135
2016-05-25,1.42625220979646
2016-05-26,1.0955514731308
2016-05-27,0.895210553719327
2016-05-28,0.786528681741031
2016-05-29,0.977535808319608
2016-05-30,2.53482138060299
2016-05-31,2.22964060909896
2016-06-01,2.70657049836595
2016-06-02,2.22521302566288
2016-06-03,1.63025173579327
2016-06-04,1.43113581081087
2016-06-05,1.22889432534103
2016-06-06,1.2306058537233
2016-06-07,1.06041686589657
2016-06-08,1.0772529522928
2016-06-09,1.87296458582304
2016-06-10,1.56593778208027
2016-06-11,1.23581915244567
2016-06-12,1.28629278744403
2016-06-13,1.40558350617255
2016-06-14,1.50267826296666
2016-06-15,1.24072352015232
2016-06-16,1.31396916497105
2016-06-17,2.84552097674797
2016-06-18,2.21929277453419
2016-06-19,1.83181251085405
2016-06-20,1.59037362692884
2016-06-21,1.28647077646232
2016-06-22,1.06907733213547
2016-06-23,0.93410789113939
2016-06-24,0.840467651484272
2016-06-25,0.769684631590457
2016-06-26,0.715614553820337
2016-06-27,0.672705624755125
2016-06-28,0.637122005239645
2016-06-29,0.652971933585602
2016-06-30,0.86669697082544
2016-07-01,0.93260821155983
2016-07-02,0.84010193493283
2016-07-03,0.819528707995012
2016-07-04,0.754920107222071
2016-07-05,0.687251040111375
2016-07-06,0.639057232136582
2016-07-07,0.602888721850933
2016-07-08,0.572181259173318
2016-07-09,0.545403150261331
2016-07-10,0.521849959819907
2016-07-11,0.581272005635256
2016-07-12,1.1429632032769
2016-07-13,2.12093983327631
2016-07-14,2.50059671256077
2016-07-15,1.8650718278906
2016-07-16,1.35517139601222
2016-07-17,1.08383294656562
2016-07-18,0.927060886293565
2016-07-19,0.818551172160991
2016-07-20,0.738027347528562
2016-07-21,0.676914056605849
2016-07-22,0.629199444208317
2016-07-23,0.605408488354364
2016-07-24,0.637703071294597
2016-07-25,0.632558488271447
2016-07-26,0.735881540174527
2016-07-27,0.902428156240087
2016-07-28,1.02176225081312
2016-07-29,0.891308030311814
2016-07-30,0.758941793452753
2016-07-31,0.686404601503213
2016-08-01,0.656685668142021
2016-08-02,0.613445946756475
2016-08-03,0.571551055175179
2016-08-04,0.727514314396157
2016-08-05,2.04091836944555
2016-08-06,2.47277516916832
2016-08-07,1.74690735775797
2016-08-08,1.32595317676604
2016-08-09,1.35155265641909
2016-08-10,1.14223210473936
2016-08-11,0.952429521514857
2016-08-12,0.861641224168148
2016-08-13,0.775974328582505
2016-08-14,0.702044383652582
2016-08-15,0.6463482632024
2016-08-16,0.602891380829149
2016-08-17,0.56723844972017
2016-08-18,0.537803792961266
2016-08-19,0.513318814079373
2016-08-20,0.505504384968046
2016-08-21,0.545314045565353
2016-08-22,0.528025019433048
2016-08-23,0.493049567262368
2016-08-24,0.469661839534355
2016-08-25,0.452549549112046
2016-08-26,0.437046852125398
2016-08-27,0.422845395382548
2016-08-28,0.409883776895337
2016-08-29,0.406110244831419
2016-08-30,0.430010834769376
2016-08-31,0.420652472395257
2016-09-01,0.399026595119507
2016-09-02,0.384634393532345
2016-09-03,0.374036799289358
2016-09-04,0.364312128721148
2016-09-05,0.355656751054517
2016-09-06,0.34786626179877
2016-09-07,0.340522352306143
2016-09-08,0.33348281074237
2016-09-09,0.326685775396851
2016-09-10,0.320154786767
2016-09-11,0.31388166427831
2016-09-12,0.307854509207076
2016-09-13,0.302031446839102
2016-09-14,0.296398314684756
2016-09-15,0.290965881581151
2016-09-16,0.325531580860528
2016-09-17,0.575809081661492
2016-09-18,1.03081196527933
2016-09-19,1.81262217914516
2016-09-20,1.60136516355282
2016-09-21,1.17062225045355
2016-09-22,0.919633133573969
2016-09-23,0.783599325825815
2016-09-24,0.690555569216501
2016-09-25,0.620748105688369
2016-09-26,0.566545563618995
2016-09-27,0.523333797651513
2016-09-28,0.488166250932014
2016-09-29,0.458987502031733
2016-09-30,0.434363675833801
2016-10-01,0.413323105380844
2016-10-02,0.40182935058577
2016-10-03,0.414482005639429
2016-10-04,0.400985872810199
2016-10-05,0.378580519402528
2016-10-06,0.3631747202799
2016-10-07,0.351859257670658
2016-10-08,0.342754474527914
2016-10-09,0.337345109262912
2016-10-10,0.329504434355235
2016-10-11,0.32346661530858
2016-10-12,0.326820147018145
2016-10-13,0.321023145669528
2016-10-14,0.311378466399576
2016-10-15,0.304429305501622
2016-10-16,0.298907260636672
2016-10-17,0.319422316413691
2016-10-18,0.443943480780419
2016-10-19,0.489017015215122
2016-10-20,0.464440213585143
2016-10-21,0.459227252847579
2016-10-22,0.44847980407599
2016-10-23,0.432776949692009
2016-10-24,0.497656630204738
2016-10-25,0.639957146855935
2016-10-26,0.668504622686447
2016-10-27,0.586677850140291
2016-10-28,0.518407417301404
2016-10-29,0.479352852240274
2016-10-30,0.451230170509858
2016-10-31,0.427682199991007
2016-11-01,0.407705942023503
2016-11-02,0.39059282091172
2016-11-03,0.375878720011995
2016-11-04,0.363081897999921
2016-11-05,0.411831760849355
2016-11-06,0.74312096505176
2016-11-07,0.885592349664841
2016-11-08,0.769572568751486
2016-11-09,0.672144356494367
2016-11-10,0.767372345618372
2016-11-11,0.987350935880159
2016-11-12,1.00259111791149
2016-11-13,0.837726261442162
2016-11-14,0.708351762808444
2016-11-15,0.688380879036383
2016-11-16,0.956340720082263
2016-11-17,1.16721213944545
2016-11-18,1.09255134578666
2016-11-19,1.4987162635149
2016-11-20,1.62842564186817
2016-11-21,1.26865070832362
2016-11-22,0.992003664164952
2016-11-23,0.840823473561892
2016-11-24,0.744812202422646
2016-11-25,0.673838817039749
2016-11-26,0.625648362533353
2016-11-27,0.608351357300354
2016-11-28,0.572252378383077
2016-11-29,0.535001402142433
2016-11-30,0.507135930524543
2016-12-01,0.485348354283777
2016-12-02,0.466961444322656
2016-12-03,0.451320583885765
2016-12-04,0.437892396026409
2016-12-05,0.426281002342354
2016-12-06,0.416161408089549
2016-12-07,0.407265427757314
2016-12-08,0.399412810312639
2016-12-09,0.392408247141084
2016-12-10,0.386102725210496
2016-12-11,0.384312984954358
2016-12-12,0.396049114724462
2016-12-13,0.391704182933627
2016-12-14,0.381261059626159
2016-12-15,0.37454274095083
2016-12-16,0.369803077816169
2016-12-17,0.36551747092212
2016-12-18,0.361625204025174
2016-12-19,0.358098647126246
2016-12-20,0.354876915813372
2016-12-21,0.35191863140342
2016-12-22,0.34925069628092
2016-12-23,0.347019127369951
2016-12-24,0.345165768277507
2016-12-25,0.344441919770931
2016-12-26,0.344888167584042
2016-12-27,0.35302893778094
2016-12-28,0.351320357076104
2016-12-29,0.345501723044971
2016-12-30,0.341976289559117
2016-12-31,0.33962120028493
2017-01-01,0.337423959179576
2017-01-02,0.352543152083073
2017-01-03,0.428624790824986
2017-01-04,0.440032365869864
2017-01-05,0.468572009357935
2017-01-06,0.488634660644693
2017-01-07,0.472182083275071
2017-01-08,0.495318405023254
2017-01-09,0.50927048711136
2017-01-10,0.481820335580344
2017-01-11,0.481072810064354
2017-01-12,0.604507466084857
2017-01-13,0.737648713629087
2017-01-14,0.68382054223578
2017-01-15,0.650762302670147
2017-01-16,0.677056266271394
2017-01-17,0.636711545002586
2017-01-18,0.578008855875387
2017-01-19,0.53761166921524
2017-01-20,0.509505990091771
2017-01-21,0.486679207481835
2017-01-22,0.467528966161343
2017-01-23,0.451292165464912
2017-01-24,0.437391385264481
2017-01-25,0.425393983927765
2017-01-26,0.414957496150412
2017-01-27,0.40579437378809
2017-01-28,0.397694559850692
2017-01-29,0.390473603129781
2017-01-30,0.406771962007877
2017-01-31,0.552954453585377
2017-02-01,0.776434897222744
2017-02-02,0.718527640861689
2017-02-03,0.615542894157026
2017-02-04,0.573160222419403
2017-02-05,0.541256998534222
2017-02-06,0.511273254524198
2017-02-07,0.487660078064262
2017-02-08,0.468465724377774
2017-02-09,0.452134392538402
2017-02-10,0.43814033920029
2017-02-11,0.426058330274652
2017-02-12,0.41547354520241
2017-02-13,0.406161567972443
2017-02-14,0.397915643150716
2017-02-15,0.39051093807823
2017-02-16,0.391187211520476
2017-02-17,0.455759243571996
2017-02-18,0.633173609498647
2017-02-19,0.610961434671085
2017-02-20,0.559902894354165
2017-02-21,0.671955274339716
2017-02-22,0.81363883152171
2017-02-23,0.736895457445665
2017-02-24,0.638890490795992
2017-02-25,0.586318597689313
2017-02-26,0.550374083663739
2017-02-27,0.53306862088442
2017-02-28,0.586111190772091
2017-03-01,0.680045264620174
2017-03-02,0.731270125278083
2017-03-03,0.662548850271064
2017-03-04,0.591746308057513
2017-03-05,0.566304648777272
2017-03-06,0.640900265830394
2017-03-07,0.770778489170407
2017-03-08,0.869280694919078
2017-03-09,1.25021792837028
2017-03-10,1.76881058580052
2017-03-11,1.41658339684068
2017-03-12,1.07786057526328
2017-03-13,0.898433402164305
2017-03-14,0.793108413314082
2017-03-15,0.715720576949569
2017-03-16,0.656653100375639
2017-03-17,0.6102652970167
2017-03-18,0.623965392763319
2017-03-19,0.830629227480595
2017-03-20,0.78334856733313
2017-03-21,0.684645508990079
2017-03-22,0.660628038641947
2017-03-23,0.628606524674085
2017-03-24,0.584264372169216
2017-03-25,0.54910194755499
2017-03-26,0.522671360789356
2017-03-27,0.50068730095418
2017-03-28,0.481653871450816
2017-03-29,0.464891712771821
2017-03-30,0.450013346770368
2017-03-31,0.436645129259046
2017-04-01,0.424448136910276
2017-04-02,0.413437436861744
2017-04-03,0.403934931202132
2017-04-04,0.418235584580398
2017-04-05,0.513436634941285
2017-04-06,0.505628696786968
2017-04-07,0.461392026856299
2017-04-08,0.437060117149549
2017-04-09,0.422673767395666
2017-04-10,0.409630435616249
2017-04-11,0.397858292885121
2017-04-12,0.387205493330313
2017-04-13,0.377376339590054
2017-04-14,0.368342677662713
2017-04-15,0.360120045804003
2017-04-16,0.372338779341006
2017-04-17,0.485550844722832
2017-04-18,0.65282361220879
2017-04-19,0.755645268265174
2017-04-20,0.736667025013159
2017-04-21,0.644147803740622
2017-04-22,0.572880090951184
2017-04-23,0.529112296163401
2017-04-24,0.496672285983231
2017-04-25,0.672453038085828
2017-04-26,2.13272176829314
2017-04-27,2.6548688220195
2017-04-28,3.07631936686958
2017-04-29,2.3061186208349
2017-04-30,1.58689487251134
2017-05-01,1.43356681642933
2017-05-02,2.37548941680954
2017-05-03,1.83136630103612
2017-05-04,1.31825508297043
2017-05-05,1.05307706423825
2017-05-06,0.906776358933607
2017-05-07,0.908825047251071
2017-05-08,1.46863348035469
2017-05-09,1.96944623253086
2017-05-10,1.53275006194935
2017-05-11,1.15952810643774
2017-05-12,0.963345905247032
2017-05-13,0.847042638940995
2017-05-14,0.763158778777681
2017-05-15,0.699964818020229
2017-05-16,0.650200474995722
2017-05-17,0.609428867883722
2017-05-18,0.575144007184821
2017-05-19,0.64024889337867
2017-05-20,1.10519322160492
2017-05-21,1.02378374204794
2017-05-22,0.828128909266346
2017-05-23,0.719941936491357
2017-05-24,0.658173436373759
2017-05-25,0.609499773443959
2017-05-26,0.56992814787221
2017-05-27,0.536710056595699
2017-05-28,0.508136064999649
2017-05-29,0.483115010552707
2017-05-30,0.473672450369022
2017-05-31,0.509445541241115
2017-06-01,0.491370285480846
2017-06-02,0.456146045583484
2017-06-03,0.472619510905501
2017-06-04,0.643725769226411
2017-06-05,0.621213252342924
2017-06-06,0.57287386677042
2017-06-07,0.676792922078248
2017-06-08,0.640025854812012
2017-06-09,0.56861529202845
2017-06-10,0.547668947249208
2017-06-11,0.515423380927327
2017-06-12,0.479269333933829
2017-06-13,0.451849160159174
2017-06-14,0.429716325557271
2017-06-15,0.410149815843196
2017-06-16,0.392771975710995
2017-06-17,0.377274448863673
2017-06-18,0.363382294705355
2017-06-19,0.350686866956854
2017-06-20,0.349607821341036
2017-06-21,0.385788429824653
2017-06-22,0.376664384385462
2017-06-23,0.349341875905858
2017-06-24,0.332238871174677
2017-06-25,0.320526437064798
2017-06-26,0.309989587002507
2017-06-27,0.300520667176951
2017-06-28,0.369687781643018
2017-06-29,0.79129610045123
2017-06-30,0.767282316420797
2017-07-01,0.60093467123428
2017-07-02,0.52796404655715
2017-07-03,0.530658035329455
2017-07-04,0.494147262624129
2017-07-05,0.448875504834232
2017-07-06,0.415969331030257
2017-07-07,0.390660259120689
2017-07-08,0.369368937314947
2017-07-09,0.364452702320784
2017-07-10,0.422369474745127
2017-07-11,0.478006073673011
2017-07-12,0.441794599781207
2017-07-13,0.393931312065095
2017-07-14,0.389372692395468
2017-07-15,0.470519407755724
2017-07-16,0.452783437069095
2017-07-17,0.400207450829724
2017-07-18,0.369128027070782
2017-07-19,0.349269049233295
2017-07-20,0.331855570183612
2017-07-21,0.316695181273742
2017-07-22,0.307487430430049
2017-07-23,0.312680615222117
2017-07-24,0.330052638473317
2017-07-25,0.518614879321867
2017-07-26,1.03346230487418
2017-07-27,1.57649556965364
2017-07-28,1.5054939353163
2017-07-29,1.12540511698284
2017-07-30,0.946701323022273
2017-07-31,1.12331187154564
2017-08-01,1.02106705335291
2017-08-02,1.06555289253568
2017-08-03,0.924288932443052
2017-08-04,0.846011238115864
2017-08-05,0.730603100476196
2017-08-06,0.631635876581808
2017-08-07,0.56290043776475
2017-08-08,0.565747733592115
2017-08-09,0.793809698340493
2017-08-10,0.854151736620746
2017-08-11,0.851002484474065
2017-08-12,0.764851044977115
2017-08-13,0.655717091808789
2017-08-14,0.576879856476316
2017-08-15,0.604156591467
2017-08-16,0.961254602409085
2017-08-17,0.878994540217928
2017-08-18,0.760986799423387
2017-08-19,0.922739587066259
2017-08-20,0.827115508785772
2017-08-21,0.683990760017345
2017-08-22,0.597295497545425
2017-08-23,0.541812185513959
2017-08-24,0.497357173849462
2017-08-25,0.460962572550981
2017-08-26,0.430540381267186
2017-08-27,0.404782230150026
2017-08-28,0.383019897337811
2017-08-29,0.364159034273483
2017-08-30,0.34749415777982
2017-08-31,0.541404988104479
2017-09-01,2.2518638350975
2017-09-02,2.54912229448525
2017-09-03,1.70550873405531
2017-09-04,1.19222200777664
2017-09-05,0.950027561120498
2017-09-06,0.805308859211544
2017-09-07,0.703190310433796
2017-09-08,0.627536484727361
2017-09-09,0.634551869907721
2017-09-10,0.896626597262308
2017-09-11,0.823058955318885
2017-09-12,0.696284269823465
2017-09-13,0.687967377440424
2017-09-14,0.675914381845917
2017-09-15,0.81535099152861
2017-09-16,0.744337953377909
2017-09-17,0.6429975391755
2017-09-18,0.618722748190118
2017-09-19,0.592224209938344
2017-09-20,0.628625499860684
2017-09-21,0.585243454691118
2017-09-22,0.524571815842324
2017-09-23,0.484440724209637
2017-09-24,0.479186264366713
2017-09-25,0.557580583765007
2017-09-26,0.54733920239562
2017-09-27,0.553235107103148
2017-09-28,0.516319089784229
2017-09-29,0.471258309964156
2017-09-30,0.50338375153928
2017-10-01,0.789738786671468
2017-10-02,0.782177260761015
2017-10-03,0.865973794340119
2017-10-04,1.09442693959519
2017-10-05,0.961421651678191
2017-10-06,0.870528341834516
2017-10-07,0.890424755794681
2017-10-08,0.88296998232013
2017-10-09,0.770574889679226
2017-10-10,0.682688339690542
2017-10-11,0.616830505769876
2017-10-12,0.565689094054151
2017-10-13,0.52586740112087
2017-10-14,0.493909650090304
2017-10-15,0.467256745930952
2017-10-16,0.444687164962136
2017-10-17,0.425316899416642
2017-10-18,0.408535075342329
2017-10-19,0.393881698745931
2017-10-20,0.38099936530147
2017-10-21,0.404710799057966
2017-10-22,0.560068189512712
2017-10-23,0.552744389283955
2017-10-24,0.501514806073311
2017-10-25,0.464428898514497
2017-10-26,0.437959766330136
2017-10-27,0.4204919631611
2017-10-28,0.419948359819975
2017-10-29,0.463936643348866
2017-10-30,0.646904081595191
2017-10-31,0.619965310853009
2017-11-01,0.533188092447557
2017-11-02,0.486645058625807
2017-11-03,0.460344222942376
2017-11-04,0.438214489387822
2017-11-05,0.465015091722284
2017-11-06,0.671841476843702
2017-11-07,0.683454575998192
2017-11-08,0.660847904476245
2017-11-09,0.602472769255921
2017-11-10,0.569821461493901
2017-11-11,0.750333522940652
2017-11-12,1.457573462057
2017-11-13,2.19033879833993
2017-11-14,1.65779131136632
2017-11-15,1.1974014963045
2017-11-16,0.964069556548652
2017-11-17,0.832471626530677
2017-11-18,0.764012744045819
2017-11-19,0.806541318185339
2017-11-20,0.786920407151948
2017-11-21,0.771577687607027
2017-11-22,0.725222713978884
2017-11-23,0.655499834052994
2017-11-24,0.600294233451712
2017-11-25,0.626672699294292
2017-11-26,0.914275286184573
2017-11-27,0.87474378561144
2017-11-28,0.754747015832784
2017-11-29,0.761368011327976
2017-11-30,0.791202074534701
2017-12-01,0.771732504415619
2017-12-02,0.695175683354459
2017-12-03,0.652020300578388
2017-12-04,0.707100225083054
2017-12-05,0.687971278439589
2017-12-06,0.626062656777645
2017-12-07,0.602826890586505
2017-12-08,0.705988154001423
2017-12-09,0.812965389559564
2017-12-10,0.84353272900609
2017-12-11,1.33739857217619
2017-12-12,1.50487059816893
2017-12-13,1.26580929888796
2017-12-14,1.32588554356935
2017-12-15,1.30881354532222
2017-12-16,1.10685564036701
2017-12-17,1.00993116647582
2017-12-18,0.892242981226504
2017-12-19,0.801626259952305
2017-12-20,0.749538576851167
2017-12-21,0.730592628030106
2017-12-22,0.860493630812795
2017-12-23,0.907410924891988
2017-12-24,0.810410699467808
2017-12-25,0.722464376264117
2017-12-26,0.669768069670088
2017-12-27,0.687582614125995
2017-12-28,0.973453158827966
2017-12-29,1.19744612708507
2017-12-30,1.13134458495593
2017-12-31,1.0375101579004
2018-01-01,0.917027145847371
2018-01-02,0.840025375243649
2018-01-03,0.993024734182338
2018-01-04,1.90104385287542
2018-01-05,3.45501133111946
2018-01-06,3.0439278220815
2018-01-07,2.01711736705078
2018-01-08,1.46463994679413
2018-01-09,1.19556800662459
2018-01-10,1.03664674392436
2018-01-11,0.927925841217498
2018-01-12,0.849774954316184
2018-01-13,0.791502359366548
2018-01-14,0.746761372899127
2018-01-15,0.720361303452293
2018-01-16,0.820973037392277
2018-01-17,1.31026694166328
2018-01-18,1.65551742339366
2018-01-19,2.29323445925588
2018-01-20,2.13398391455098
2018-01-21,2.77852486170354
2018-01-22,3.06733194975779
2018-01-23,3.30639733719409
2018-01-24,2.26263228374814
2018-01-25,1.63271023292499
2018-01-26,1.32283292148843
2018-01-27,1.15115853301887
2018-01-28,1.03594341340285
2018-01-29,0.954241028103724
2018-01-30,0.893927567464814
2018-01-31,0.913522151022356
2018-02-01,1.22586478667839
2018-02-02,1.33001638975278
2018-02-03,1.17053746581072
2018-02-04,1.07707018900624
2018-02-05,0.986315443308269
2018-02-06,0.913504404601492
2018-02-07,0.936559270072379
2018-02-08,1.25044266761267
2018-02-09,1.16165154885909
2018-02-10,1.01113314757023
2018-02-11,0.946211247094511
2018-02-12,0.98840336245166
2018-02-13,0.935714803673334
2018-02-14,0.870582784716252
2018-02-15,0.944584101928999
2018-02-16,1.53090572843102
2018-02-17,1.79968519438193
2018-02-18,3.29749431124232
2018-02-19,2.4117219052569
2018-02-20,1.71159387480459
2018-02-21,1.37474526771297
2018-02-22,1.20033274260129
2018-02-23,1.08345815957404
2018-02-24,1.00129985224204
2018-02-25,0.941084758199411
2018-02-26,0.895582672067943
2018-02-27,0.860438858506416
2018-02-28,0.832719669191765
2018-03-01,0.810406577948742
2018-03-02,0.792146705635718
2018-03-03,0.779326938352177
2018-03-04,0.77611960762749
2018-03-05,0.764148535729079
2018-03-06,0.750601510115736
2018-03-07,0.739489399176425
2018-03-08,0.729923950638753
2018-03-09,0.721008648544006
2018-03-10,0.712624099426832
2018-03-11,0.739957106547632
2018-03-12,0.893446449563597
2018-03-13,0.88176818753985
2018-03-14,0.857261144419269
2018-03-15,0.817308712357745
2018-03-16,0.781858819531137
2018-03-17,0.788875097292501
2018-03-18,0.916865940886461
2018-03-19,0.885495156681714
2018-03-20,0.826865015800311
2018-03-21,0.81620192210935
2018-03-22,0.788313396819935
2018-03-23,0.757795977117031
2018-03-24,0.735100414751479
2018-03-25,0.716926955714356
2018-03-26,0.700922656009237
2018-03-27,0.701101311407782
2018-03-28,0.785250076944569
2018-03-29,0.927742053462211
2018-03-30,0.880356480923252
2018-03-31,0.805022367319085
2018-04-01,0.761688323802523
2018-04-02,0.734006688524859
2018-04-03,0.710353752913221
2018-04-04,0.689456728041727
2018-04-05,0.671000945011308
2018-04-06,0.655452899312529
2018-04-07,0.641446797558945
2018-04-08,0.628071532349063
2018-04-09,0.615238272189309
2018-04-10,0.636521930482361
2018-04-11,0.779209839417854
2018-04-12,0.758785242074365
2018-04-13,0.694965868135077
2018-04-14,0.657684784938495
2018-04-15,0.634139680043795
2018-04-16,0.614251845354688
2018-04-17,0.597359938553413
2018-04-18,0.581923323122354
2018-04-19,0.56734405644632
2018-04-20,0.553522148341894
2018-04-21,0.540301072976696
2018-04-22,0.527601681741952
2018-04-23,0.520325781671705
2018-04-24,0.530160116525642
2018-04-25,0.519947223097298
2018-04-26,0.503356923050541
2018-04-27,0.490870642045794
2018-04-28,0.480313870900347
2018-04-29,0.47012313799162
2018-04-30,0.460516121736074
2018-05-01,0.451498202480946
2018-05-02,0.443065143428291
2018-05-03,0.435048641381217
2018-05-04,0.427358011526838
2018-05-05,0.419894156201006
2018-05-06,0.412514162408791
2018-05-07,0.405145186516737
2018-05-08,0.397737695574219
2018-05-09,0.390344873364898
2018-05-10,0.385153959196877
2018-05-11,0.387107356990514
2018-05-12,0.381025018084897
2018-05-13,0.384327220920905
2018-05-14,0.45256545977876
2018-05-15,0.550009341504463
2018-05-16,0.759678867876858
2018-05-17,1.62807218258823
2018-05-18,1.39945906965589
2018-05-19,1.21377362576512
2018-05-20,1.88437077455079
2018-05-21,1.53298658425862
2018-05-22,1.14180143589778
2018-05-23,1.06809823602509
2018-05-24,1.67016765599742
2018-05-25,1.65586927847103
2018-05-26,1.26718982461129
2018-05-27,1.00138736573946
2018-05-28,0.85416429243959
2018-05-29,0.756661763962768
2018-05-30,0.790669003396015
2018-05-31,1.26807707193309
2018-06-01,1.1293595597422
2018-06-02,0.897456140087832
2018-06-03,0.766741232191619
2018-06-04,0.689809165628792
2018-06-05,0.629961664049824
2018-06-06,0.582042312943454
2018-06-07,0.542917448509014
2018-06-08,0.536308923606175
2018-06-09,0.623863804746538
2018-06-10,0.59412353009133
2018-06-11,0.556908734113237
2018-06-12,0.842657352535364
2018-06-13,2.12895397932726
2018-06-14,1.73277965916807
2018-06-15,1.22185627637155
2018-06-16,0.964409450130441
2018-06-17,0.829397713959303
2018-06-18,0.732738236177572
2018-06-19,0.66013898239014
2018-06-20,0.603360022056874
2018-06-21,0.557547228657927
2018-06-22,0.520007469707476
2018-06-23,0.488805855191061
2018-06-24,0.46237046233627
2018-06-25,0.439750226788887
2018-06-26,0.420017467880278
2018-06-27,0.402503312040846
2018-06-28,0.421597674115509
2018-06-29,0.570293470384106
2018-06-30,0.553640394533838
2018-07-01,0.481432784668586
2018-07-02,0.441294503197622
2018-07-03,0.417651950366813
2018-07-04,0.39702593156612
2018-07-05,0.408138611958934
2018-07-06,0.625553546554317
2018-07-07,1.1364099245081
2018-07-08,1.0049118564344
2018-07-09,0.775284021637557
2018-07-10,0.655397151865902
2018-07-11,0.588121959455578
2018-07-12,0.535450434149486
2018-07-13,0.492896953700958
2018-07-14,0.457689237932125
2018-07-15,0.428307967003344
2018-07-16,0.40618229901116
2018-07-17,0.39596101292878
2018-07-18,0.378152167994865
2018-07-19,0.358235119712403
2018-07-20,0.34185970175659
2018-07-21,0.389432972124953
2018-07-22,0.74100869948629
2018-07-23,0.939146755579821
2018-07-24,0.782059059695572
2018-07-25,0.632668692973339
2018-07-26,0.555561236278576
2018-07-27,0.50528873415331
2018-07-28,0.464464230782677
2018-07-29,0.430658652567219
2018-07-30,0.402126060946422
2018-07-31,0.377600243321137
2018-08-01,0.356246332455538
2018-08-02,0.337574610011634
2018-08-03,0.321126620633201
2018-08-04,0.306414387710824
2018-08-05,0.29315012635889
2018-08-06,0.281149858005857
2018-08-07,0.270313675891297
2018-08-08,0.260566782875429
2018-08-09,0.251661182798287
2018-08-10,0.243408197343123
2018-08-11,0.235819796189269
2018-08-12,0.228759172652119
2018-08-13,0.22208935297534
2018-08-14,0.215891557546294
2018-08-15,0.210117560431726
2018-08-16,0.20464097746838
2018-08-17,0.199413099403436
2018-08-18,0.194487427176203
2018-08-19,0.189830795366696
2018-08-20,0.185355638692313
2018-08-21,0.181048892091214
2018-08-22,0.176909191881089
2018-08-23,0.181127919355635
2018-08-24,0.21918199001253
2018-08-25,0.248748441857471
2018-08-26,0.245013099586736
2018-08-27,0.224456172752582
2018-08-28,0.209003560304507
2018-08-29,0.211461786768184
2018-08-30,0.251847596974624
2018-08-31,0.252555955807199
2018-09-01,0.251953871959248
2018-09-02,0.27710683140762
2018-09-03,0.264841599499519
2018-09-04,0.23990237782083
2018-09-05,0.22664429088534
2018-09-06,0.218320163730348
2018-09-07,0.210799608942288
2018-09-08,0.203947373110637
2018-09-09,0.197588300455911
2018-09-10,0.191642854752659
2018-09-11,0.186075382191855
2018-09-12,0.180929920307556
2018-09-13,0.195948749106881
2018-09-14,0.280578701942497
2018-09-15,0.281334763273311
2018-09-16,0.238355206313334
2018-09-17,0.218875072008009
2018-09-18,0.210667531202991
2018-09-19,0.203153907607113
2018-09-20,0.196241064102756
2018-09-21,0.189864775421433
2018-09-22,0.187735504977769
2018-09-23,0.221237141071297
2018-09-24,0.324187982290393
2018-09-25,0.31710942944996
2018-09-26,0.264199651084107
2018-09-27,0.24041064078511
2018-09-28,0.229789221864243
2018-09-29,0.220234822448565
2018-09-30,0.243563436604959
2018-10-01,0.393069699953962
2018-10-02,0.413216900315985
2018-10-03,0.34362165420236
2018-10-04,0.30114355029123
2018-10-05,0.28162966867298
2018-10-06,0.266465159079314
2018-10-07,0.253092370171714
2018-10-08,0.241241509063695
2018-10-09,0.23067956112718
2018-10-10,0.221206609944471
2018-10-11,0.212649296117839
2018-10-12,0.204860035321286
2018-10-13,0.197736149862638
2018-10-14,0.191203267305455
2018-10-15,0.185188131586647
2018-10-16,0.179631119073281
2018-10-17,0.174486014159151
2018-10-18,0.169713115256251
2018-10-19,0.165277616813678
2018-10-20,0.161152190441593
2018-10-21,0.157304311376963
2018-10-22,0.153704715010769
2018-10-23,0.15033036959156
2018-10-24,0.147172165334963
2018-10-25,0.144226266241231
2018-10-26,0.145495294303657
2018-10-27,0.219034607093858
2018-10-28,0.560674849699389
2018-10-29,0.62499425753751
2018-10-30,0.488119898321172
2018-10-31,0.401674952821104
2018-11-01,0.363390107153795
2018-11-02,0.336538807069114
2018-11-03,0.314243044640269
2018-11-04,0.295161863032248
2018-11-05,0.278668679555479
2018-11-06,0.264259111439514
2018-11-07,0.251568021601817
2018-11-08,0.240333503970299
2018-11-09,0.230350522520671
2018-11-10,0.221410866092658
2018-11-11,0.213354577467368
2018-11-12,0.206070644566177
2018-11-13,0.199446853727118
2018-11-14,0.193414117857178
2018-11-15,0.187900290009933
2018-11-16,0.182841535667795
2018-11-17,0.17818010735762
2018-11-18,0.1738695958134
2018-11-19,0.169884372296415
2018-11-20,0.166194977698982
2018-11-21,0.162762476530809
2018-11-22,0.159561630463818
2018-11-23,0.157525314024376
2018-11-24,0.158709236075252
2018-11-25,0.158284618972544
2018-11-26,0.176093433264544
2018-11-27,0.239624877382821
2018-11-28,0.246440934178943
2018-11-29,0.21419015634126
2018-11-30,0.202995532422203
2018-12-01,0.222753612891001
2018-12-02,0.23074045800271
2018-12-03,0.276454779019461
2018-12-04,0.324184085553773
2018-12-05,0.319273409804813
2018-12-06,0.308897895088223
2018-12-07,0.290421940359736
2018-12-08,0.303276166343255
2018-12-09,0.401722130452109
2018-12-10,0.487263884448242
2018-12-11,0.480062493852147
2018-12-12,0.427783404847852
2018-12-13,0.382246540504281
2018-12-14,0.350563588820854
2018-12-15,0.327306399187242
2018-12-16,0.316890986481246
2018-12-17,0.336073407356865
2018-12-18,0.322272231097333
2018-12-19,0.307122731515392
2018-12-20,0.339525944181331
2018-12-21,0.349994738389335
2018-12-22,0.434847555772326
2018-12-23,0.56630053873277
2018-12-24,0.896950924267187
2018-12-25,0.824999915575467
2018-12-26,0.648424766044638
2018-12-27,0.548128210581721
2018-12-28,0.492220450101806
2018-12-29,0.449200141382349
2018-12-30,0.421759888975207
2018-12-31,0.429796783600879
2019-01-01,0.448853853538985
2019-01-02,0.463021624197868
2019-01-03,0.43949746018077
2019-01-04,0.407983552709994
2019-01-05,0.476604111611245
2019-01-06,0.934820550580011
2019-01-07,1.00595718722397
2019-01-08,0.903261141796352
2019-01-09,0.951215615009729
2019-01-10,1.22643794684724
2019-01-11,1.19830909009079
2019-01-12,1.10594089471893
2019-01-13,1.26880058164816
2019-01-14,1.74196065335487
2019-01-15,1.45754389346605
2019-01-16,1.08724748917642
2019-01-17,0.873946683338553
2019-01-18,0.762833825059537
2019-01-19,0.673576011126809
2019-01-20,0.603030033302214
2019-01-21,0.549675887637479
2019-01-22,0.508043332185301
2019-01-23,0.474376994078104
2019-01-24,0.44798501898339
2019-01-25,0.433633168831756
2019-01-26,0.428428062009203
2019-01-27,0.40979705169959
2019-01-28,0.389303150667488
2019-01-29,0.374590993099499
2019-01-30,0.362199402279986
2019-01-31,0.35102859377007
2019-02-01,0.353120927146742
2019-02-02,0.398455163760138
2019-02-03,0.441019356550355
2019-02-04,0.614234274508683
2019-02-05,0.590056799683209
2019-02-06,0.505112695243764
2019-02-07,0.488777933639538
2019-02-08,0.591894650365454
2019-02-09,0.565069952321317
2019-02-10,0.515845479478034
2019-02-11,0.547942718082605
2019-02-12,0.529303572311721
2019-02-13,0.482990799349432
2019-02-14,0.449801296576688
2019-02-15,0.427240781712819
2019-02-16,0.408545890627833
2019-02-17,0.392400637045068
2019-02-18,0.378313074346117
2019-02-19,0.365929251546725
2019-02-20,0.354980489711418
2019-02-21,0.345241052985427
2019-02-22,0.336498270230916
2019-02-23,0.328620669301626
2019-02-24,0.321508584715435
2019-02-25,0.31503295407083
2019-02-26,0.309057240351802
2019-02-27,0.303488334834614
2019-02-28,0.298301845742572
2019-03-01,0.312370208911684
2019-03-02,0.39346063110601
2019-03-03,0.391701109212355
2019-03-04,0.357585137687339
2019-03-05,0.355109156234696
2019-03-06,0.366305289213158
2019-03-07,0.354333830701767
2019-03-08,0.337456398975584
2019-03-09,0.331599317378551
2019-03-10,0.355550838167405
2019-03-11,0.407199501601053
2019-03-12,0.44708467290213
2019-03-13,0.422747483098984
2019-03-14,0.427553941307772
2019-03-15,0.646427090946722
2019-03-16,1.26035669206806
2019-03-17,1.12678619317135
2019-03-18,0.931395828016589
2019-03-19,0.78205885267296
2019-03-20,0.681313652977172
2019-03-21,0.610732012012995
2019-03-22,0.558779243380893
2019-03-23,0.517182255256367
2019-03-24,0.483108668969016
2019-03-25,0.461577027270578
2019-03-26,0.466841123957035
2019-03-27,0.44609673089871
2019-03-28,0.418079282466933
2019-03-29,0.397803325992924
2019-03-30,0.382044191063101
2019-03-31,0.368055964437962
2019-04-01,0.355530689108961
2019-04-02,0.344267439875443
2019-04-03,0.334012523141193
2019-04-04,0.324705995603057
2019-04-05,0.316402668725437
2019-04-06,0.308880721906439
2019-04-07,0.301894237946839
2019-04-08,0.295537192630184
2019-04-09,0.335765764134302
2019-04-10,0.560028384755715
2019-04-11,0.555270920502219
2019-04-12,0.464335249908205
2019-04-13,0.419778032874934
2019-04-14,0.398480002372815
2019-04-15,0.380154577948397
2019-04-16,0.364070231700397
2019-04-17,0.349750924219994
2019-04-18,0.336927524221389
2019-04-19,0.325323927824987
2019-04-20,0.314705775510131
2019-04-21,0.304920123320379
2019-04-22,0.295837639122769
2019-04-23,0.287365781968683
2019-04-24,0.27946165546978
2019-04-25,0.272015175858936
2019-04-26,0.272469105737995
2019-04-27,0.301450138363397
2019-04-28,0.309903291346347
2019-04-29,0.299271360498719
2019-04-30,0.314746841516629
2019-05-01,0.307093099232345
2019-05-02,0.295567335307922
2019-05-03,0.329900710073092
2019-05-04,0.402542416374421
2019-05-05,0.493935695921436
2019-05-06,0.458729419524296
2019-05-07,0.398380480040147
2019-05-08,0.367194371350381
2019-05-09,0.348512041348613
2019-05-10,0.336085498961397
2019-05-11,0.357711089088374
2019-05-12,0.441326479084472
2019-05-13,0.449398480299125
2019-05-14,0.401412745647143
2019-05-15,0.365474341869393
2019-05-16,0.34497720609765
2019-05-17,0.333382207167656
2019-05-18,0.338051078021139
2019-05-19,0.350253201015697
2019-05-20,0.610088802816902
2019-05-21,2.00266437503218
2019-05-22,3.39926591541411
2019-05-23,2.22442823392861
2019-05-24,1.43698802415625
2019-05-25,1.07652016073584
2019-05-26,0.88620631777911
2019-05-27,0.780390155957729
2019-05-28,0.827793959910719
2019-05-29,0.933116339856549
2019-05-30,0.812291431287132
2019-05-31,0.679359625402955
2019-06-01,0.598245033942109
2019-06-02,0.54320999810045
2019-06-03,0.498745199316898
2019-06-04,0.462013206487851
2019-06-05,0.431122333561165
2019-06-06,0.404760139232955
2019-06-07,0.382113960703612
2019-06-08,0.362299821405105
2019-06-09,0.344838071436551
2019-06-10,0.366213974524683
2019-06-11,0.52659414327754
2019-06-12,0.511859609751943
2019-06-13,0.43449012627033
2019-06-14,0.393132893676949
2019-06-15,0.440460479813838
2019-06-16,0.782394052495989
2019-06-17,0.74143175305717
2019-06-18,0.5904655297053
2019-06-19,0.50978768078552
2019-06-20,0.465827699194458
2019-06-21,0.430056890709151
2019-06-22,0.497775667997653
2019-06-23,1.00107932836946
2019-06-24,0.924496412314191
2019-06-25,0.709177519085372
2019-06-26,0.594040561436272
2019-06-27,0.53127065909262
2019-06-28,0.481447197705293
2019-06-29,0.440970341698589
2019-06-30,0.407352363853213
2019-07-01,0.461688138272126
2019-07-02,0.872776649309564
2019-07-03,0.815196334811964
2019-07-04,0.633887316105805
2019-07-05,0.536982878067349
2019-07-06,0.484201711692118
2019-07-07,0.450495424385519
2019-07-08,0.451408394818946
2019-07-09,0.421464884678447
2019-07-10,0.383534366998381
2019-07-11,0.361370323241741
2019-07-12,0.396010709181431
2019-07-13,0.531187529067582
2019-07-14,0.501966615751687
2019-07-15,0.424681795756304
2019-07-16,0.382326652159825
2019-07-17,0.357061963992808
2019-07-18,0.335305355982542
2019-07-19,0.316356533297161
2019-07-20,0.299753240220724
2019-07-21,0.28824553636912
2019-07-22,0.287879638010818
2019-07-23,0.27666835603815
2019-07-24,0.260963316728085
2019-07-25,0.248922598750073
2019-07-26,0.241374864522066
2019-07-27,0.243598017440497
2019-07-28,0.264896470800291
2019-07-29,0.359663631814281
2019-07-30,0.38043699189489
2019-07-31,0.459853046354207
2019-08-01,0.433565016573849
2019-08-02,0.369137619338834
2019-08-03,0.333913777503515
2019-08-04,0.313679934407222
2019-08-05,0.296031976675549
2019-08-06,0.28051111711462
2019-08-07,0.29532478378936
2019-08-08,0.414992910268114
2019-08-09,0.404956204435214
2019-08-10,0.355232547239558
2019-08-11,0.397664818399852
2019-08-12,0.506284389345403
2019-08-13,0.688896515441609
2019-08-14,0.618349520134682
2019-08-15,0.509282939539629
2019-08-16,0.475468208667221
2019-08-17,0.43670472311562
2019-08-18,0.455806095917215
2019-08-19,0.727232722001394
2019-08-20,0.806426530073612
2019-08-21,1.18702689325594
2019-08-22,1.01472523551419
2019-08-23,0.774863862081941
2019-08-24,0.641311365256534
2019-08-25,0.563684275343912
2019-08-26,0.503939531926759
2019-08-27,0.456559498304438
2019-08-28,0.418093934867237
2019-08-29,0.39416051773598
2019-08-30,0.400331314971213
2019-08-31,0.377037643224953
2019-09-01,0.354911096323947
2019-09-02,0.375963080024466
2019-09-03,0.358328198187723
2019-09-04,0.325549676966917
2019-09-05,0.30741948941829
2019-09-06,0.311312535804051
2019-09-07,0.320459047527374
2019-09-08,0.314440888233415
2019-09-09,0.308698498049946
2019-09-10,0.292097165989652
2019-09-11,0.273905011308112
2019-09-12,0.261026144135728
2019-09-13,0.250780415233605
2019-09-14,0.241477935087728
2019-09-15,0.232998707030323
2019-09-16,0.225216792782794
2019-09-17,0.218049682095983
2019-09-18,0.211461033199339
2019-09-19,0.205401243890577
2019-09-20,0.199801105074115
2019-09-21,0.194592438309629
2019-09-22,0.204550842745365
2019-09-23,0.286432877913087
2019-09-24,0.378547605707174
2019-09-25,0.348392828980468
2019-09-26,0.29521207683424
2019-09-27,0.30533754071805
2019-09-28,0.449803521347383
2019-09-29,0.439231192896519
2019-09-30,0.3671908938077
2019-10-01,0.34187544724044
2019-10-02,0.402536053123199
2019-10-03,0.520870829054057
2019-10-04,0.482536396251544
2019-10-05,0.42091136731397
2019-10-06,0.453696600222024
2019-10-07,0.555374383297448
2019-10-08,0.528756323664369
2019-10-09,0.576851425148472
2019-10-10,0.743386374794688
2019-10-11,0.675518128280068
2019-10-12,0.556450422436762
2019-10-13,0.486384619437262
2019-10-14,0.443026509504856
2019-10-15,0.413944047569321
2019-10-16,0.409035652162883
2019-10-17,0.384183832018567
2019-10-18,0.354187884175336
2019-10-19,0.332624710958517
2019-10-20,0.317515538568415
2019-10-21,0.302572280733921
2019-10-22,0.288585212211103
2019-10-23,0.276563470125768
2019-10-24,0.26605184590786
2019-10-25,0.256649113780469
2019-10-26,0.248163346309417
2019-10-27,0.245865683844149
2019-10-28,0.267636789494717
2019-10-29,0.298460636620773
2019-10-30,0.345041372670215
2019-10-31,0.366349524597747
2019-11-01,0.345579717382656
2019-11-02,0.364212328251651
2019-11-03,0.392048848677254
2019-11-04,0.460544821847561
2019-11-05,0.504039478031278
2019-11-06,0.457633695073586
2019-11-07,0.423028573950283
2019-11-08,0.400107220839464
2019-11-09,0.382763090869815
2019-11-10,0.358966237168096
2019-11-11,0.341950252343578
2019-11-12,0.347698347971242
2019-11-13,0.333709552817914
2019-11-14,0.312206020769419
2019-11-15,0.323614467071894
2019-11-16,0.433696524370398
2019-11-17,0.424124866510922
2019-11-18,0.367572356821575
2019-11-19,0.337965126488018
2019-11-20,0.321988199202981
2019-11-21,0.30810664533178
2019-11-22,0.295929049974308
2019-11-23,0.285169252141183
2019-11-24,0.275594038237939
2019-11-25,0.267027437553834
2019-11-26,0.259344169928068
2019-11-27,0.254631737240045
2019-11-28,0.265638493647677
2019-11-29,0.311919797355723
2019-11-30,0.381833578171675
2019-12-01,0.363005410572236
2019-12-02,0.321282024373771
2019-12-03,0.301217011082472
2019-12-04,0.290197643363745
2019-12-05,0.2804365994577
2019-12-06,0.27377954675864
2019-12-07,0.274607603908553
2019-12-08,0.269592749361968
2019-12-09,0.273156712331874
2019-12-10,0.293750781266379
2019-12-11,0.289611750966589
2019-12-12,0.288033723281965
2019-12-13,0.298056380824217
2019-12-14,0.347448926854933
2019-12-15,0.355663129481663
2019-12-16,0.330165902540524
2019-12-17,0.307734591104792
2019-12-18,0.293911613883681
2019-12-19,0.283828233792756
2019-12-20,0.288634415367252
2019-12-21,0.340154595307038
2019-12-22,0.335130061981951
2019-12-23,0.321126643199229
2019-12-24,0.384779367343026
2019-12-25,0.451066356150899
2019-12-26,0.488454108915255
2019-12-27,0.491593267057697
2019-12-28,0.490749478998436
2019-12-29,0.449281509682662
2019-12-30,0.407277633767365
2019-12-31,0.380630757515324
2020-01-01,0.361176798780158
2020-01-02,0.344479922392373
2020-01-03,0.332592323012814
2020-01-04,0.330804273313506
2020-01-05,0.319924617779868
2020-01-06,0.305900106162409
2020-01-07,0.295320946957614
2020-01-08,0.286818748537445
2020-01-09,0.279189628138524
2020-01-10,0.272298337644131
2020-01-11,0.266066919635759
2020-01-12,0.260411920225107
2020-01-13,0.255259895630698
2020-01-14,0.250541897939293
2020-01-15,0.246194531221779
2020-01-16,0.24217170950036
2020-01-17,0.253886263633647
2020-01-18,0.321270969592564
2020-01-19,0.335909163567335
2020-01-20,0.342121125272443
2020-01-21,0.326056287603427
2020-01-22,0.303706767536243
2020-01-23,0.290983086767164
2020-01-24,0.282889108494869
2020-01-25,0.275600676656087
2020-01-26,0.269887962854728
2020-01-27,0.270697073616808
2020-01-28,0.295866615908621
2020-01-29,0.370061120289826
2020-01-30,0.378890594273673
2020-01-31,0.384333820666085
2020-02-01,0.383068434551817
2020-02-02,0.588819771827649
2020-02-03,1.67836452870854
2020-02-04,2.51859057790217
2020-02-05,1.88289118027429
2020-02-06,1.30175662118173
2020-02-07,1.00431917661456
2020-02-08,0.840977543018868
2020-02-09,0.730353036345626
2020-02-10,0.741156946439775
2020-02-11,1.14208379633478
2020-02-12,1.09665011388301
2020-02-13,0.899066132598565
2020-02-14,0.841679655416814
2020-02-15,0.746345987266725
2020-02-16,0.654772664125118
2020-02-17,0.607148411046131
2020-02-18,0.626852642802538
2020-02-19,0.586596000410284
2020-02-20,0.539626718626122
2020-02-21,0.504904406216558
2020-02-22,0.487849645896351
2020-02-23,0.546225049864828
2020-02-24,0.661349760673208
2020-02-25,0.626797202374444
2020-02-26,0.600645832149941
2020-02-27,0.624588877160661
2020-02-28,0.810625559208131
2020-02-29,0.782204485815066
2020-03-01,0.815966160984146
2020-03-02,0.789213937007036
2020-03-03,0.755707635294527
2020-03-04,0.67620364875884
2020-03-05,0.663429050519591
2020-03-06,0.886619729397863
2020-03-07,0.853874805684541
2020-03-08,0.724687459447107
2020-03-09,0.656877373337984
2020-03-10,0.701477766169836
2020-03-11,0.792599461961316
2020-03-12,0.721737556353547
2020-03-13,0.632779971116397
2020-03-14,0.578687479850994
2020-03-15,0.542017055952885
2020-03-16,0.511796131700321
2020-03-17,0.486400755484151
2020-03-18,0.464816846714393
2020-03-19,0.446181101982226
2020-03-20,0.432746540030369
2020-03-21,0.480437691949765
2020-03-22,0.709803079145263
2020-03-23,0.682894875347083
2020-03-24,0.583178158197905
2020-03-25,0.529894013436206
2020-03-26,0.500271145744522
2020-03-27,0.475482525465136
2020-03-28,0.454274898479863
2020-03-29,0.459884208108623
2020-03-30,0.551998203910895
2020-03-31,0.535143213049253
2020-04-01,0.483242897414359
2020-04-02,0.45299019887096
2020-04-03,0.434037266660739
2020-04-04,0.417496153126828
2020-04-05,0.40287663176015
2020-04-06,0.389773705534872
2020-04-07,0.377855206570762
2020-04-08,0.366922456075699
2020-04-09,0.356843456972653
2020-04-10,0.347503664708134
2020-04-11,0.338790251376138
2020-04-12,0.330625703529272
2020-04-13,0.322932881439698
2020-04-14,0.315763616831487
2020-04-15,0.309168680201902
2020-04-16,0.302905306635258
2020-04-17,0.296789754381301
2020-04-18,0.290845511374901
2020-04-19,0.285199626012356
2020-04-20,0.279816802653451
2020-04-21,0.274689351894996
2020-04-22,0.269762508821225
2020-04-23,0.264953919269095
2020-04-24,0.260225300920216
2020-04-25,0.255571164244052
2020-04-26,0.251042002309999
2020-04-27,0.24664246262635
2020-04-28,0.274468264197155
2020-04-29,0.436493100436034
2020-04-30,0.490763849920084
2020-05-01,0.428678798780755
2020-05-02,0.381361107891427
2020-05-03,0.368596046053789
2020-05-04,0.352575228684366
2020-05-05,0.33470724156828
2020-05-06,0.320602557557489
2020-05-07,0.308717377829176
2020-05-08,0.297802145035121
2020-05-09,0.28770430774763
2020-05-10,0.278457203600223
2020-05-11,0.291766547220793
2020-05-12,0.383259512082496
2020-05-13,0.402000754389622
2020-05-14,0.461787030201682
2020-05-15,0.437668466040821
2020-05-16,0.384675745105696
2020-05-17,0.354677441588163
2020-05-18,0.336442236892011
2020-05-19,0.320287040695954
2020-05-20,0.30585946482654
2020-05-21,0.292934722548826
2020-05-22,0.281240913002229
2020-05-23,0.299838274133559
2020-05-24,0.426636380764554
2020-05-25,0.419556741700131
2020-05-26,0.357560857599654
2020-05-27,0.325883022952633
2020-05-28,0.309288491880588
2020-05-29,0.294619013493488
2020-05-30,0.281544630053609
2020-05-31,0.269797241908594
2020-06-01,0.259138400053229
2020-06-02,0.249358508182993
2020-06-03,0.24032458183669
2020-06-04,0.232025104908749
2020-06-05,0.224876732884555
2020-06-06,0.234834345766106
2020-06-07,0.339960135451142
2020-06-08,0.545816128027204
2020-06-09,0.518928909417788
2020-06-10,0.457272386651733
2020-06-11,0.409922858244119
2020-06-12,0.372049500837967
2020-06-13,0.487674401705314
2020-06-14,1.45800701367458
2020-06-15,1.83969546167549
2020-06-16,1.89480428111751
2020-06-17,1.41863409417667
2020-06-18,1.30641206153898
2020-06-19,1.66008555359575
2020-06-20,1.82443883114836
2020-06-21,1.36575061089401
2020-06-22,1.01857867113247
2020-06-23,0.82953585482706
2020-06-24,0.712307942124092
2020-06-25,0.626411195198802
2020-06-26,0.560871743466121
2020-06-27,0.509182657330111
2020-06-28,0.504890270497276
2020-06-29,0.640526903184955
2020-06-30,0.600839313235801
2020-07-01,0.573794430667465
2020-07-02,0.849908623868153
2020-07-03,0.95412715915073
2020-07-04,0.791253435813181
2020-07-05,0.650330548678615
2020-07-06,0.571405523416003
2020-07-07,0.517542701481384
2020-07-08,0.474273756651164
2020-07-09,0.438547031943064
2020-07-10,0.40859781221014
2020-07-11,0.383598010216321
2020-07-12,0.362243972185566
2020-07-13,0.343522554358535
2020-07-14,0.326913101325979
2020-07-15,0.319028609159634
2020-07-16,0.367443571244283
2020-07-17,0.504776867811712
2020-07-18,0.480803062785609
2020-07-19,0.408765126786303
2020-07-20,0.37101794536573
2020-07-21,0.354376018773204
2020-07-22,0.356760096158959
2020-07-23,0.350264214252092
2020-07-24,0.369418445075989
2020-07-25,0.353156827288106
2020-07-26,0.3423329584504
2020-07-27,0.405476951417306
2020-07-28,0.391971423988149
2020-07-29,0.347641282549421
2020-07-30,0.322012810271086
2020-07-31,0.30586669960294
2020-08-01,0.291384631000417
2020-08-02,0.327398129269244
2020-08-03,0.779713537843741
2020-08-04,2.21736812013601
2020-08-05,1.74385761877327
2020-08-06,1.16943131108678
2020-08-07,0.891432932529782
2020-08-08,0.749345489488413
2020-08-09,0.648123529745362
2020-08-10,0.572459734209855
2020-08-11,0.513808632404998
2020-08-12,0.467061470645434
2020-08-13,0.433036123483265
2020-08-14,0.418460136688364
2020-08-15,0.392027925226845
2020-08-16,0.363395721707306
2020-08-17,0.341208556444858
2020-08-18,0.338192456254735
2020-08-19,0.387465505969227
2020-08-20,0.373690461242912
2020-08-21,0.335491478855798
2020-08-22,0.32746923127557
2020-08-23,0.378370982611937
2020-08-24,0.365536540541897
2020-08-25,0.327562268663663
2020-08-26,0.305068486888056
2020-08-27,0.290596029068976
2020-08-28,0.298856850639994
2020-08-29,0.441849293939673
2020-08-30,0.856769727750883
2020-08-31,1.5194474012117
2020-09-01,1.59382436845623
2020-09-02,1.49551285173171
2020-09-03,1.14150097376162
2020-09-04,0.886467079543383
2020-09-05,0.738229871560368
2020-09-06,0.642089180111563
2020-09-07,0.570500497152407
2020-09-08,0.515048668267707
2020-09-09,0.470752130834375
2020-09-10,0.434549261323449
2020-09-11,0.404464479143376
2020-09-12,0.379084408321512
2020-09-13,0.35734977587554
2020-09-14,0.338503073595688
2020-09-15,0.321986765166054
2020-09-16,0.307381208021425
2020-09-17,0.294399108285955
2020-09-18,0.282817901025697
2020-09-19,0.272418139233475
2020-09-20,0.263000595193236
2020-09-21,0.254416866478337
2020-09-22,0.252658810727542
2020-09-23,0.274256754462873
2020-09-24,0.346391785924288
2020-09-25,0.707433645649676
2020-09-26,0.791804360073822
2020-09-27,0.701432850329918
2020-09-28,0.588918883228996
2020-09-29,0.513306001046581
2020-09-30,0.464691277361105
2020-10-01,0.428676662504654
2020-10-02,0.398835808570969
2020-10-03,0.38487097941862
2020-10-04,0.411706669055319
2020-10-05,0.395239464009495
2020-10-06,0.396899362419943
2020-10-07,0.559312053803573
2020-10-08,0.619942570822359
2020-10-09,0.547798183389927
2020-10-10,0.552001036864328
2020-10-11,0.643506111506436
2020-10-12,0.59345974506231
2020-10-13,0.525296080204377
2020-10-14,0.474442375526756
2020-10-15,0.466083130248258
2020-10-16,0.596714466300891
2020-10-17,0.682540752227303
2020-10-18,0.601338488288247
2020-10-19,0.515114829326832
2020-10-20,0.466602253279811
2020-10-21,0.433615152291645
2020-10-22,0.406214122108836
2020-10-23,0.42311586727128
2020-10-24,0.590841079910859
2020-10-25,0.567568336432217
2020-10-26,0.565028403712592
2020-10-27,0.938233640013808
2020-10-28,0.886184397119948
2020-10-29,0.834742850354666
2020-10-30,0.91922715846649
2020-10-31,0.802423954202814
2020-11-01,0.711633086482071
2020-11-02,0.812365278361409
2020-11-03,0.742172993882036
2020-11-04,0.661354971338525
2020-11-05,0.604162196044449
2020-11-06,0.548021971397627
2020-11-07,0.501490157666441
2020-11-08,0.466660854316265
2020-11-09,0.438695989458879
2020-11-10,0.415275577038259
2020-11-11,0.395461364110156
2020-11-12,0.378494915655478
2020-11-13,0.363789907227034
2020-11-14,0.350929510302466
2020-11-15,0.343693730516492
2020-11-16,0.351189957269104
2020-11-17,0.342658292403319
2020-11-18,0.327977989850079
2020-11-19,0.328382402285646
2020-11-20,0.367064154094174
2020-11-21,0.361174966365822
2020-11-22,0.33705779455757
2020-11-23,0.323467007071196
2020-11-24,0.315249467192374
2020-11-25,0.307908304614116
2020-11-26,0.301323093479754
2020-11-27,0.29539123549887
2020-11-28,0.290025492873262
2020-11-29,0.285160304919478
2020-11-30,0.290143489106308
2020-12-01,0.349817151828567
2020-12-02,0.450496938569809
2020-12-03,0.43188950258664
2020-12-04,0.382369780331528
2020-12-05,0.374788381697089
2020-12-06,0.456426079853035
2020-12-07,0.554656744997827
2020-12-08,0.517788039176218
2020-12-09,0.506785343531961
2020-12-10,0.655914896476328
2020-12-11,0.620648107541214
2020-12-12,0.547807561569633
2020-12-13,0.559480136848864
2020-12-14,0.528837367808803
2020-12-15,0.481593713574459
2020-12-16,0.448875639591068
2020-12-17,0.425539211677914
2020-12-18,0.40595799400963
2020-12-19,0.389220267468589
2020-12-20,0.37567335504589
2020-12-21,0.380907513993194
2020-12-22,0.43200354981555
2020-12-23,0.506339770062153
2020-12-24,0.985067772941122
2020-12-25,1.17412857421273
2020-12-26,0.971292033816232
2020-12-27,0.783757261202659
2020-12-28,0.687170408138887
2020-12-29,0.647864465043664
2020-12-30,0.594764729002651
2020-12-31,0.544725491774383
