"date","precip_EDK","tavg_EDK","PET_mm","discharge_m3_s","discharge_mm_d"
1983-01-01,0.00363181576964659,-1.45858367284139,0.434251378439273,3.34,1.13612598425197
1983-01-02,3.81170616547267,0.567945140103499,0.288860611304895,3.26,1.10891338582677
1983-01-03,2.9174899160862,4.41524108250936,0.393658414153263,3.65,1.24157480314961
1983-01-04,7.36731453736623,7.35489348570506,0.382604060338044,5.19,1.76541732283465
1983-01-05,5.04287469387054,8.44750698407491,0.402998525668608,6.06,2.06135433070866
1983-01-06,0.0396562912501395,7.14669239521027,0.618416408806119,6.35,2.16
1983-01-07,1.84685209393501,2.99389052391052,0.48277298770986,4.58,1.55792125984252
1983-01-08,0.104657221895953,1.63584996263186,0.381719424244275,3.95,1.34362204724409
1983-01-09,0.22596935594144,1.87162828445435,0.37737822855899,3.66,1.24497637795276
1983-01-10,0.00033781516928381,3.31483642260234,0.403720427593441,3.49,1.18714960629921
1983-01-11,2.27255489638386e-05,2.13880088925362,0.52436015788339,3.4,1.15653543307087
1983-01-12,0.000132977065883703,0.257610941926638,0.577303203532419,3.3,1.12251968503937
1983-01-13,2.1427178060015,2.47590049107869,0.596868023472776,3.22,1.09530708661417
1983-01-14,6.03290545940399,0.208218496913711,0.395749426657151,3.19,1.08510236220472
1983-01-15,11.6310246785482,2.47942229111989,0.30718297239096,3.75,1.2755905511811
1983-01-16,3.68475192785263,4.54663515090942,0.404321258184767,6.47,2.2008188976378
1983-01-17,0.125128497680028,5.45365480581919,0.373751792456669,5.08,1.728
1983-01-18,0.471795891722043,3.90588943163554,0.494028873100957,3.98,1.35382677165354
1983-01-19,2.04660123586655,-0.86942745000124,0.355510888481852,3.53,1.20075590551181
1983-01-20,1.63093175987403,-1.63101083040237,0.225439712996478,3.26,1.10891338582677
1983-01-21,0.326884314262619,-0.26818459892335,0.271733064056384,3.13,1.06469291338583
1983-01-22,0.00353498190330962,0.68347709501783,0.375956361729663,3,1.02047244094488
1983-01-23,0,-1.41258120536804,0.421853416422252,2.99,1.01707086614173
1983-01-24,0.00265998269242118,-2.68135438362757,0.451012483858903,2.99,1.01707086614173
1983-01-25,3.7157569527626,1.49367075165113,0.758683532200242,2.84,0.966047244094488
1983-01-26,0.480422491828601,6.46691012382507,0.566813236833772,3.12,1.06129133858268
1983-01-27,0.642422068243225,9.49616249402364,0.588105461711635,3.39,1.15313385826772
1983-01-28,2.31853409608205,7.76074874401093,0.559725937281518,3.2,1.08850393700787
1983-01-29,7.12345079580943,7.54380210240682,0.411918140466867,3.07,1.04428346456693
1983-01-30,8.1756409406662,3.24915780623754,0.681944085864436,3.61,1.22796850393701
1983-01-31,7.05988049507141,0.423639736293505,0.36276462827213,4.35,1.47968503937008
1983-02-01,5.10053004821142,5.91567138830821,0.968693396423603,5.74,1.95250393700787
1983-02-02,1.23045745491982,0.0206454508006573,0.392353250994559,4.58,1.55792125984252
1983-02-03,4.22216377655665,-0.295976394787431,0.342223306310106,3.71,1.2619842519685
1983-02-04,0.0130251028458588,-4.23599102099737,0.453413799222039,3.43,1.16674015748032
1983-02-05,11.2744528452555,-1.47940318783124,0.698485276142824,3.25,1.10551181102362
1983-02-06,1.9339372018973,-0.243763838351394,0.444517896209157,3.46,1.17694488188976
1983-02-07,0.717621366182963,-1.57872968912125,0.515282976140132,3.34,1.13612598425197
1983-02-08,0.458886149028937,-2.1942619283994,0.457501666539582,3.17,1.07829921259843
1983-02-09,0.321061313540364,-2.03278135259946,0.321054571152005,3.05,1.03748031496063
1983-02-10,0.178308386510859,-2.50270499785741,0.34085337675631,2.98,1.01366929133858
1983-02-11,4.76643637816111,-3.98118223746618,0.288022710924997,2.98,1.01366929133858
1983-02-12,1.96084288756053,-3.9860984881719,0.406134684744262,2.9,0.986456692913386
1983-02-13,0.0237756386295587,-4.84428286552429,0.303969301915822,2.81,0.955842519685039
1983-02-14,0.168506676020722,-3.88492572307587,0.325777816124885,2.74,0.932031496062992
1983-02-15,5.26022777194157e-05,-5.19350624084473,0.422125397805245,2.68,0.911622047244095
1983-02-16,9.37080947096547e-05,-8.64105375607808,0.359923672755647,2.55,0.86740157480315
1983-02-17,0,-6.92991407712301,0.515389276035411,2.83,0.962645669291339
1983-02-18,0,-5.83698709805806,0.547379752001773,3.14,1.06809448818898
1983-02-19,7.57919769966975e-05,-5.66442728042603,0.735403343390464,2.78,0.945637795275591
1983-02-20,0.575786466399829,-4.07037796576818,0.659890341971229,2.42,0.823181102362205
1983-02-21,0.0985137216436366,-5.15639460086823,0.527225766395167,2.35,0.799370078740158
1983-02-22,0,-8.41314307848612,0.476166944441825,2.34,0.795968503937008
1983-02-23,0,-6.98825800418854,0.546100616431734,2.3,0.782362204724409
1983-02-24,0,-5.16701642672221,0.725676437502426,2.53,0.86059842519685
1983-02-25,3.8128378589948,-1.26627601186434,0.994926864349978,2.54,0.864
1983-02-26,6.10253218809764,4.0361908475558,1.00371696036075,2.9,0.986456692913386
1983-02-27,3.87622757752736,3.77692538499832,0.556716201677234,9.4,3.19748031496063
1983-02-28,2.21994535128276,2.37969922025998,0.72020864535847,7.55,2.56818897637795
1983-03-01,0.689127924541632,1.05452769001325,0.602793645572741,5.7,1.93889763779528
1983-03-02,0.377605631947517,0.756416343152523,0.595130825678735,4.36,1.48308661417323
1983-03-03,0.00846457260922762,-0.164261112610499,0.721823771857103,3.8,1.29259842519685
1983-03-04,0.000120485546934409,-0.630570399264495,0.889440841221254,3.42,1.16333858267717
1983-03-05,0.000237523250386099,1.13356030980746,1.10378438930422,3.29,1.11911811023622
1983-03-06,0.000546087341717794,3.02915032704671,1.22937315337227,3.19,1.08510236220472
1983-03-07,0.0345789172376196,5.23402937253316,1.37646048795191,3.07,1.04428346456693
1983-03-08,1.66883425360235e-06,5.11908102035522,1.45642884142337,2.95,1.00346456692913
1983-03-09,0,7.17713057994843,1.94697170618362,2.94,1.00006299212598
1983-03-10,9.85669474099874e-06,5.67760725816091,1.87498734489342,2.85,0.969448818897638
1983-03-11,0.180621798273933,5.55216173330943,1.58095149470942,2.77,0.942236220472441
1983-03-12,0.00165777952891707,1.83499531944593,1.0401970814397,2.71,0.921826771653543
1983-03-13,0.0149423998470108,3.40836236874262,1.69790688394633,2.69,0.915023622047244
1983-03-14,0.575725239391128,7.0801834265391,2.0920756026291,2.63,0.894614173228346
1983-03-15,0.0541336340393173,6.94953048229218,1.84699566240579,2.59,0.881007874015748
1983-03-16,0.00177248739157676,6.1539759238561,1.23162948223188,2.59,0.881007874015748
1983-03-17,0.00260448067759474,6.60569381713867,1.41767151978599,2.5,0.850393700787402
1983-03-18,5.448490858078,7.75803677241008,1.08409878301409,2.61,0.887811023622047
1983-03-19,14.2960201104482,7.79111115137736,0.834035900802341,3.22,1.09530708661417
1983-03-20,0.0404047432045142,7.01689032713572,1.5951505745492,4.29,1.45927559055118
1983-03-21,1.84774767359098,8.61193982760111,1.94718952066057,3.38,1.14973228346457
1983-03-22,3.37988317012787,3.00441292921702,1.36692557241574,3.3,1.12251968503937
1983-03-23,0.0797449496264259,5.41086562474569,1.4321178911307,3.02,1.02727559055118
1983-03-24,7.94857660929362,8.92490156491598,2.2552992721415,2.89,0.983055118110236
1983-03-25,6.74400734901428,1.45184513926506,1.32869452367751,3.73,1.2687874015748
1983-03-26,2.93057109912237,0.39267218648456,0.760005729492192,4.18,1.42185826771654
1983-03-27,0.68695741891861,1.49488640824954,1.30493511119668,3.56,1.21096062992126
1983-03-28,0.392916740306343,3.33439286549886,1.60067938368374,3.46,1.17694488188976
1983-03-29,0.00695617998523327,0.954865790903568,1.15102016310551,3.19,1.08510236220472
1983-03-30,0.197562783180426,4.71291367212931,1.87757236137699,3.07,1.04428346456693
1983-03-31,0.609654256453117,6.57690362135569,1.46908900074804,3.04,1.03407874015748
1983-04-01,4.32094767689705,6.72717722256978,1.45907397103571,3,1.02047244094488
1983-04-02,9.6273984114329,4.70208700497945,1.24087714664047,3,1.02047244094488
1983-04-03,1.045791203777,3.58333168427149,1.46837239849569,4.11,1.39804724409449
1983-04-04,1.10251421729724,2.76878503958384,1.14822630240593,3.83,1.3028031496063
1983-04-05,2.50785241524378,3.58336307605108,1.42357918308033,3.37,1.14633070866142
1983-04-06,9.29745149612427,4.65309961636861,1.24869718613208,3.75,1.2755905511811
1983-04-07,12.4980962276459,6.17032631238302,1.87953507484311,5.32,1.80963779527559
1983-04-08,2.38043875650813,12.129203081131,2.53509649636853,7.39,2.51376377952756
1983-04-09,23.9996324380239,9.01289359728495,1.73634057217955,6.14,2.08856692913386
1983-04-10,4.94036910931269,11.8336096604665,2.08558451311394,8.9,3.02740157480315
1983-04-11,2.1820562283198,10.3136870066325,3.28568766965106,6.02,2.04774803149606
1983-04-12,3.13857202728589,3.99803197383881,1.33434406076139,4.87,1.65656692913386
1983-04-13,2.76937576135,1.56104484200478,1.08882621089698,4.41,1.50009448818898
1983-04-14,8.04324130217234,2.90718048810959,1.48609600338529,4.3,1.46267716535433
1983-04-15,6.41726446151733,4.23828492561976,1.08956220660815,5.81,1.97631496062992
1983-04-16,0.00751886400394142,7.91577617327372,2.6287797989471,6.23,2.1191811023622
1983-04-17,3.13167280789154e-06,12.1801081498464,4.10953383252098,4.21,1.43206299212598
1983-04-18,0.0120895564232342,12.6799565951029,3.0895028744749,3.48,1.18374803149606
1983-04-19,2.50944845875104,12.6070226828257,3.60614469481119,3.24,1.10211023622047
1983-04-20,0.000846677268176184,11.9557182788849,2.96262772473617,3.06,1.04088188976378
1983-04-21,7.25936114788055,15.2287047704061,3.87103839767455,2.83,0.962645669291339
1983-04-22,0.0643321430931489,10.129625082016,2.57661068930041,2.92,0.993259842519685
1983-04-23,1.29400915062676,11.853934208552,3.78418674194641,2.74,0.932031496062992
1983-04-24,0.493449484308561,8.83050163586934,2.43582084600773,2.66,0.904818897637795
1983-04-25,0.000106839181777711,11.9000429312388,3.88876185562017,2.67,0.908220472440945
1983-04-26,0.187570283655077,12.3182452519735,2.96180175770967,2.61,0.887811023622047
1983-04-27,0.960208503451819,10.9904805819194,2.98379730742796,2.51,0.853795275590551
1983-04-28,0.238750902314981,11.9465023676554,3.47992999496012,2.47,0.840188976377953
1983-04-29,0.743750328818957,10.5312316417694,2.68893209069674,2.48,0.843590551181102
1983-04-30,0.0311367484973744,12.5683876673381,3.75911078844956,2.58,0.877606299212599
1983-05-01,8.353435754776,10.1620277563731,2.60838309277249,2.53,0.86059842519685
1983-05-02,1.80200603604317,9.6003954410553,2.60640925355166,2.81,0.955842519685039
1983-05-03,1.57136448224386,9.31778391202291,2.61297467095495,2.49,0.846992125984252
1983-05-04,8.51388084888458,8.81054425239563,2.14297333200723,2.55,0.86740157480315
1983-05-05,0.0493177524767816,10.3984372615814,2.92460475288399,3,1.02047244094488
1983-05-06,0.00572550445212983,12.4364074071248,3.98848729354795,2.65,0.901417322834646
1983-05-07,9.46622522672017,12.4253390630086,3.00804337440662,2.57,0.874204724409449
1983-05-08,3.55801824728648,9.27309028307597,1.98127819043589,3.21,1.09190551181102
1983-05-09,3.06969369451205,9.01937794685364,2.14632687846944,2.99,1.01707086614173
1983-05-10,7.06362016995748,8.79038254419963,3.04199570521512,3.33,1.13272440944882
1983-05-11,0.971805351475875,9.11794201533,3.13807084899531,3.46,1.17694488188976
1983-05-12,0.000852597096430448,13.6278382142385,4.88416771901421,3.08,1.04768503937008
1983-05-13,0.000476252015990516,11.6916306018829,3.43193165932438,2.78,0.945637795275591
1983-05-14,0.0873569283479204,14.824028412501,4.27451858464011,2.64,0.898015748031496
1983-05-15,1.98686835666498,15.3378064632416,3.65896653555337,2.63,0.894614173228346
1983-05-16,0.720954075455666,14.0545495351156,4.2861041355048,2.59,0.881007874015748
1983-05-17,0.00527448298331971,15.4102783997854,5.03104846009156,2.5,0.850393700787402
1983-05-18,0.00774661990969131,12.0917987823486,3.19427236753381,2.45,0.833385826771654
1983-05-19,4.03093208869298,9.47528044382731,2.74850885994472,2.59,0.881007874015748
1983-05-20,0.0571876374694208,14.6996137301127,4.95121475860956,2.59,0.881007874015748
1983-05-21,1.44796118636926,14.3092148303986,4.6744421580377,2.46,0.836787401574803
1983-05-22,10.083447933197,8.4246042172114,1.71615810796982,2.45,0.833385826771654
1983-05-23,5.46744394302368,7.47804435094198,1.44190805576766,3.32,1.12932283464567
1983-05-24,20.8999452590942,7.01988391081492,1.21089098115178,4.44,1.51029921259843
1983-05-25,6.3350971142451,6.71091612180074,1.57705599847087,7.31,2.48655118110236
1983-05-26,11.372673034668,6.24217577775319,1.36005294399374,6.03,2.05114960629921
1983-05-27,3.99792557954788,7.09796659151713,1.80606455498945,6.89,2.34368503937008
1983-05-28,0.0183329802724378,9.84301861127218,3.45929949469586,5.04,1.7143937007874
1983-05-29,1.4225087116162,11.4409311612447,4.03224931051979,3.89,1.3232125984252
1983-05-30,0.000202495029346513,13.5821789900462,4.81595254668347,3.5,1.19055118110236
1983-05-31,0.00208137486849106,17.3247299194336,5.80478424032913,3.24,1.10211023622047
1983-06-01,0.00102147525224912,19.5321572621663,5.83019403129637,3.07,1.04428346456693
1983-06-02,0.0631034127921642,15.8318246205648,3.28088325798459,2.96,1.00686614173228
1983-06-03,0.00880825407026956,18.0546487172445,5.71643155045238,2.73,0.928629921259843
1983-06-04,1.47015995537458e-05,20.340758005778,5.97240051714777,2.66,0.904818897637795
1983-06-05,3.37518846616149,21.0446356137594,6.1029915169172,2.66,0.904818897637795
1983-06-06,8.33834000428518,14.6619890530904,3.40064692119373,2.8,0.95244094488189
1983-06-07,0.000996395790328582,15.052673737208,4.43715759502327,2.65,0.901417322834646
1983-06-08,0.0459137129752586,20.284762541453,6.83737725067114,2.48,0.843590551181102
1983-06-09,3.17175296197335,18.6973341306051,4.09674901410954,2.51,0.853795275590551
1983-06-10,6.99459431568782,17.2114481925964,3.86677461325199,3.05,1.03748031496063
1983-06-11,0.00246795056348977,16.7230645815531,4.45719047907128,2.74,0.932031496062992
1983-06-12,0.00908161150194549,18.4522412618001,5.36998641020694,2.47,0.840188976377953
1983-06-13,37.2750132878621,15.2832631270091,3.50070523005172,2.6,0.884409448818898
1983-06-14,3.37157331903776,13.5892555713654,2.39583820705536,4.82,1.63955905511811
1983-06-15,1.44144949813684,10.2502262592316,2.95610263248978,4.11,1.39804724409449
1983-06-16,1.77565108239651,9.58572832743327,2.95303851967203,3.27,1.11231496062992
1983-06-17,0.0021824019398385,10.3812266190847,3.50986251627222,2.99,1.01707086614173
1983-06-18,0.000972728201304562,12.0191082159678,3.49300205664796,2.63,0.894614173228346
1983-06-19,0.742328766733408,13.4198772907257,3.42574385014387,2.51,0.853795275590551
1983-06-20,0.904808747271697,16.5548328558604,3.96205839720421,2.49,0.846992125984252
1983-06-21,0.640489972196519,17.6976248423258,3.59323224737065,2.38,0.809574803149606
1983-06-22,0.00364723060192773,17.2714517911275,4.1830264934862,2.43,0.826582677165354
1983-06-23,0.0183207672525896,17.9199611345927,4.82772669356601,2.7,0.918425196850394
1983-06-24,0.521755808188269,19.1442221005758,5.86298306717629,2.4,0.816377952755906
1983-06-25,1.54077525933584,18.8126799265544,4.84359937097826,2.33,0.792566929133858
1983-06-26,1.99610227594773,18.644997437795,5.06817824681731,2.43,0.826582677165354
1983-06-27,10.1799934307734,16.9739761352539,4.24808714351378,2.44,0.829984251968504
1983-06-28,0.125223466505607,12.8857147693634,2.74809279782256,2.62,0.891212598425197
1983-06-29,0,14.7500375111898,4.44713192111928,2.79,0.94903937007874
1983-06-30,0.044664395856671,16.6513535181681,4.9014187305268,2.4,0.816377952755906
1983-07-01,3.2636589606603,14.2235992749532,3.35386278314758,2.4,0.816377952755906
1983-07-02,2.65824451162189e-06,15.2405831813812,3.98246183877011,2.28,0.77555905511811
1983-07-03,0,17.6973317464193,5.16960589823387,2.24,0.761952755905512
1983-07-04,0.0126031246454659,19.8688405354818,5.62145495587778,2.1,0.714330708661417
1983-07-05,0.540675612942626,21.40811475118,5.76299497120743,2.06,0.700724409448819
1983-07-06,1.87395859633883,21.8120408058167,5.4628913285951,2.05,0.697322834645669
1983-07-07,14.9543128013611,19.3500348726908,3.99284325081755,2.13,0.724535433070866
1983-07-08,4.84441288312276,19.7151249249776,3.8326718638774,3.41,1.15993700787402
1983-07-09,0.0404056051629595,21.02152856191,5.38600088400814,3.42,1.16333858267717
1983-07-10,0.00166158704087138,21.5459655125936,5.67240879192056,2.49,0.846992125984252
1983-07-11,0.242853853327688,22.1058457692464,5.9785801923486,2.2,0.748346456692914
1983-07-12,0.00201459725697835,21.8739376068115,5.58504473643403,2.05,0.697322834645669
1983-07-13,0.11234353048106,20.6256279945374,5.2361932549901,2.05,0.697322834645669
1983-07-14,0,17.5902058283488,3.92022682825683,2.07,0.704125984251968
1983-07-15,0,18.8422994613647,5.60451896716284,2.08,0.707527559055118
1983-07-16,0,20.9795737266541,6.0956041862447,2.12,0.721133858267717
1983-07-17,0.00845925460938209,22.8434370358785,6.39199216425701,2.14,0.727937007874016
1983-07-18,1.36017924081534,23.3907624880473,6.07029618391717,1.97,0.670110236220472
1983-07-19,0.184968988100688,23.3631375630697,6.26553478521598,1.93,0.656503937007874
1983-07-20,1.30219440658887,19.4365819295247,4.26465042614799,2.07,0.704125984251968
1983-07-21,0.0301359250443056,16.1771436532338,4.41396154848754,1.88,0.639496062992126
1983-07-22,0.000415396760217845,20.6882262229919,6.46854302286713,1.93,0.656503937007874
1983-07-23,1.01350764588763,23.3641602198283,6.57082816815892,1.98,0.673511811023622
1983-07-24,0.214425883100679,20.9624799092611,4.49093326559761,2.07,0.704125984251968
1983-07-25,5.09470005454205e-05,22.0641005833944,5.71035422200105,1.98,0.673511811023622
1983-07-26,0,25.478350798289,7.013476971841,1.92,0.653102362204724
1983-07-27,0.00218926095112693,26.4996156692505,6.92415264182149,1.9,0.646299212598425
1983-07-28,0.844287124772867,25.8328385353088,6.28198729547521,1.95,0.663307086614173
1983-07-29,0.000873963794826219,20.7841040293376,3.86565311709796,1.81,0.615685039370079
1983-07-30,0,22.4798059463501,5.95779381535178,1.85,0.629291338582677
1983-07-31,6.78870916696421e-05,25.2687033017476,6.77305103750444,1.8,0.612283464566929
1983-08-01,8.60044960180918,21.885042031606,5.40711633482506,1.87,0.636094488188976
1983-08-02,24.1824409166972,15.2795035044352,2.39715844870283,2.15,0.731338582677165
1983-08-03,19.9613013267517,11.2598237991333,1.73647529208138,3.18,1.08170078740157
1983-08-04,11.6985858281453,12.76358294487,2.73935390535125,3.2,1.08850393700787
1983-08-05,7.81747917334239,12.4810252189636,2.28051689869494,2.68,0.911622047244095
1983-08-06,9.3552950223287,11.6549156506856,1.21315996418068,2.6,0.884409448818898
1983-08-07,0.0517764027851323,14.4585109551748,2.98364784960404,3.08,1.04768503937008
1983-08-08,4.4027623744114e-05,17.0262260437012,4.2852858521658,2.59,0.881007874015748
1983-08-09,0.000465997803530627,19.2602370580037,4.66958414207921,2.17,0.738141732283465
1983-08-10,0.0422811835693816,18.9456847508748,4.6352668509646,2.09,0.710929133858268
1983-08-11,0.0227831499651074,17.2322123845418,3.74576281961214,2.11,0.717732283464567
1983-08-12,0.201479251962155,18.1814773877462,4.2062240256846,1.98,0.673511811023622
1983-08-13,0.00100427488723653,14.4872995217641,2.97743378944886,2.01,0.683716535433071
1983-08-14,0,14.133397102356,3.87491817223452,1.96,0.666708661417323
1983-08-15,0.0473289895356478,17.8778107961019,4.9444978963933,1.91,0.649700787401575
1983-08-16,5.77495336532593,18.8441152572632,4.5453416879595,1.99,0.676913385826772
1983-08-17,0.0682830028623963,18.1713431676229,3.5045769995597,2.02,0.687118110236221
1983-08-18,2.31845663923499e-05,18.9942773183187,4.11190013630201,1.95,0.663307086614173
1983-08-19,0.00434076239859375,20.1354505221049,4.50972215936043,1.93,0.656503937007874
1983-08-20,0.00107902445294409,20.3074398040771,4.44831093697781,1.86,0.632692913385827
1983-08-21,12.3534438610077,20.4238751729329,4.13067940570964,1.9,0.646299212598425
1983-08-22,0.0716213159418354,18.5612276395162,3.30691583188325,2.24,0.761952755905512
1983-08-23,0.124942030136784,19.9318596522013,4.06594920386413,2.11,0.717732283464567
1983-08-24,0.00232361228942561,19.1769444147746,3.40828761268463,1.87,0.636094488188976
1983-08-25,0.795220298537364,19.5335081418355,2.96889524726759,1.88,0.639496062992126
1983-08-26,1.88018269303332e-05,19.5176773071289,3.39563801061688,1.82,0.619086614173228
1983-08-27,1.88974815197677e-05,19.6759446461995,4.02885099508028,1.78,0.60548031496063
1983-08-28,0.833452278127273,19.9514900843302,4.08974496691602,1.7,0.578267716535433
1983-08-29,1.40172214681904,17.3997557957967,2.12697744677343,1.87,0.636094488188976
1983-08-30,1.76221709201248e-05,17.2259629567464,3.48829171455508,1.92,0.653102362204724
1983-08-31,0.189768826123327,18.4423573811849,4.00057986983329,1.85,0.629291338582677
1983-09-01,14.2803015708923,19.1408909161886,3.48772959715634,1.85,0.629291338582677
1983-09-02,2.05661543707053,16.5077483654022,2.61182733758231,2.37,0.806173228346457
1983-09-03,1.54106481870015,13.3730394045512,2.16606835277633,2.11,0.717732283464567
1983-09-04,0.0498258916583533,12.5723524888357,2.19529955420109,1.89,0.642897637795276
1983-09-05,1.59118258239081,16.1242187023163,2.86850110051926,1.68,0.571464566929134
1983-09-06,0.22686260791185,15.0197483698527,2.41601989925746,1.78,0.60548031496063
1983-09-07,0.00161315224249847,10.7526233196259,2.33012652053422,1.8,0.612283464566929
1983-09-08,0.000367228328286728,12.6878674030304,3.43773274832665,1.71,0.581669291338583
1983-09-09,0.685795545112342,17.769023736318,3.57844646618421,1.83,0.622488188976378
1983-09-10,27.3027818997701,16.2066526412964,3.53723517931316,1.76,0.598677165354331
1983-09-11,1.4483717729648,11.020148118337,2.02870699750502,3.36,1.14292913385827
1983-09-12,1.07234261309107,9.72888906796773,1.49252935837843,2.75,0.935433070866142
1983-09-13,0.312313977240895,9.84609889984131,1.79199642706268,1.88,0.639496062992126
1983-09-14,0.148724780417979,15.5409378210704,3.17981837303126,1.8,0.612283464566929
1983-09-15,7.84538340568542,17.1417862574259,3.29989280069558,1.78,0.60548031496063
1983-09-16,16.759911219279,10.6186719735463,1.98818282617289,2.23,0.758551181102362
1983-09-17,1.96941924095154,9.49782864252726,1.66489291567111,3.35,1.13952755905512
1983-09-18,0.21322728053201,11.8177309830983,2.00242042876855,2.59,0.881007874015748
1983-09-19,1.90690855185191,14.3142240047455,3.02177701495637,2.2,0.748346456692914
1983-09-20,0.443932128449281,10.7781411012014,1.82742633283361,2.01,0.683716535433071
1983-09-21,0.502402257174253,13.9428299268087,2.86423641505165,2.1,0.714330708661417
1983-09-22,0.0126040844673601,13.5154520670573,2.23243481929386,1.93,0.656503937007874
1983-09-23,0.000119847944461071,11.8676710923513,2.47607712529518,1.97,0.670110236220472
1983-09-24,8.58044938246409,15.9469022750854,3.3383672023313,1.98,0.673511811023622
1983-09-25,0.0556567415284614,12.2608846823374,2.0338411396161,2.26,0.768755905511811
1983-09-26,1.4724144345261e-06,10.3572660287221,2.28280615779533,2.08,0.707527559055118
1983-09-27,0,10.9703368345896,2.47946154434885,1.95,0.663307086614173
1983-09-28,0,12.8481451670329,2.58425659509706,1.89,0.642897637795276
1983-09-29,0,13.3651309808095,2.50291909047011,1.93,0.656503937007874
1983-09-30,0.000838928167164947,14.0259306430817,2.22615341863355,1.98,0.673511811023622
1983-10-01,1.18312117554827e-05,11.6523204644521,1.34914351722683,1.88,0.639496062992126
1983-10-02,0.00628181107458659,12.5515830516815,1.53835846226967,1.93,0.656503937007874
1983-10-03,0.000111604613872866,14.3844446341197,1.96469641015586,1.94,0.659905511811024
1983-10-04,0,15.2347005208333,2.57042433169999,2.01,0.683716535433071
1983-10-05,2.99692412217458,15.7508976459503,2.16914780959375,1.92,0.653102362204724
1983-10-06,4.45641294121742,11.4395671685537,1.50153416198124,2.07,0.704125984251968
1983-10-07,1.56884203003453e-05,10.5443951288859,1.95964806439231,2.22,0.755149606299213
1983-10-08,3.86002733310064,11.571312268575,1.37478150967811,1.97,0.670110236220472
1983-10-09,6.0551789800326,10.0860356489817,0.867771060053613,2.21,0.751748031496063
1983-10-10,0.0143632309918758,13.2701733112335,1.60654432725415,2.36,0.802771653543307
1983-10-11,5.90407121181488,8.51010950406392,1.36796806545391,2.09,0.710929133858268
1983-10-12,0.0112434233500001,7.09246536095937,1.13372634013485,2.3,0.782362204724409
1983-10-13,1.09840827159739e-05,9.72283347447713,1.94524947758615,2.06,0.700724409448819
1983-10-14,0.0295385080001627,11.3625807762146,1.70793442289826,2,0.680314960629921
1983-10-15,1.25029575079679,9.63292797406515,1.30612411965842,2.07,0.704125984251968
1983-10-16,3.2933890024821,7.82314232985179,1.39344397474426,2,0.680314960629921
1983-10-17,0.229465331261357,6.66254874070485,0.848774586241197,2.1,0.714330708661417
1983-10-18,0.0052569689420731,8.62240505218506,1.05189375039304,1.96,0.666708661417323
1983-10-19,0.39190382262071,11.2175587018331,1.09955909555864,2.02,0.687118110236221
1983-10-20,0.349716367510458,9.31719477971395,0.904656015762368,1.91,0.649700787401575
1983-10-21,0.000718941279046703,4.71375668048859,0.840024884629016,2.02,0.687118110236221
1983-10-22,0.000117842541688636,2.45068347454071,0.967834430409682,2.01,0.683716535433071
1983-10-23,0.00380691955797374,2.92045934995015,1.04365311571939,1.95,0.663307086614173
1983-10-24,0,2.48042817910512,1.01338614080512,2,0.680314960629921
1983-10-25,0,2.1733402411143,0.904591962380893,1.94,0.659905511811024
1983-10-26,9.77249466510936e-05,6.9207003513972,1.25219656156393,1.99,0.676913385826772
1983-10-27,0,7.35930844148,1.47168299170378,2.02,0.687118110236221
1983-10-28,8.68424406993048e-06,5.40568848450979,1.20414254561721,1.92,0.653102362204724
1983-10-29,0.000103273611481806,4.96819972991943,0.934925175331792,1.91,0.649700787401575
1983-10-30,0.000703997477103258,4.18703172604243,0.436647691052515,1.98,0.673511811023622
1983-10-31,0.0625496721671273,5.47341863314311,0.62134007795708,1.99,0.676913385826772
1983-11-01,5.16137503723257e-05,4.70898393789927,0.83666070997021,1.85,0.629291338582677
1983-11-02,1.47145741114703e-05,4.85691662629445,1.01182954561017,1.94,0.659905511811024
1983-11-03,0.000980311073362827,3.84143803517024,0.893912178688795,1.85,0.629291338582677
1983-11-04,0.00282593432583174,6.50619459152222,0.99044448714617,1.81,0.615685039370079
1983-11-05,0.00336645506710435,7.2506529490153,0.998852396156572,1.93,0.656503937007874
1983-11-06,0.0271833327909311,5.84074254830678,0.883273799015385,1.75,0.595275590551181
1983-11-07,0.108428558179488,5.35434524218241,0.613723284567403,1.89,0.642897637795276
1983-11-08,0.132192583754659,3.88051201899846,0.754013753121544,1.88,0.639496062992126
1983-11-09,0.110795329635342,2.40607649087906,0.524042267435888,1.77,0.60207874015748
1983-11-10,0.0563714084564708,2.04382393757502,0.355994745069089,1.88,0.639496062992126
1983-11-11,0.07320310997117,2.67736121018728,0.403966464418661,1.9,0.646299212598425
1983-11-12,3.12924968663234e-06,0.221066073824962,0.472046941104317,1.84,0.625889763779528
1983-11-13,6.91188015480293e-05,-1.39302489161491,0.471671562580861,1.81,0.615685039370079
1983-11-14,0.000138237603096059,-5.03203825155894,0.341696315262724,1.93,0.656503937007874
1983-11-15,0.0380759099280112,-3.57183295488358,0.514066658319165,1.88,0.639496062992126
1983-11-16,0.000122871438937485,-0.0971364962557952,0.494214057010874,1.82,0.619086614173228
1983-11-17,0,-1.11771001418432,0.512025760392015,1.89,0.642897637795276
1983-11-18,0.0025349429245883,-2.53571965297063,0.418002498925298,1.86,0.632692913385827
1983-11-19,6.3222612387411e-05,-2.61134084065755,0.317479968965762,1.84,0.625889763779528
1983-11-20,0.000629916337857139,-3.03532767295837,0.403087468059937,1.82,0.619086614173228
1983-11-21,0.353976076468825,-1.67290821671486,0.40288908309336,1.87,0.636094488188976
1983-11-22,0.000869471114128828,-3.86176751057307,0.364093192010393,1.79,0.60888188976378
1983-11-23,0.0155661187576091,-4.73811507225037,0.243016404402105,1.83,0.622488188976378
1983-11-24,0.843014284968376,-3.67629784345627,0.285341244364823,1.78,0.60548031496063
1983-11-25,4.47030476729075,6.93919424215953,0.868852803892506,1.79,0.60888188976378
1983-11-26,7.23615193367004,10.2452876567841,0.468860852409797,2.07,0.704125984251968
1983-11-27,7.75486336151759,8.48933871587118,0.665012159289618,2.48,0.843590551181102
1983-11-28,16.1968876520793,6.18124910195669,0.35616039372224,2.95,1.00346456692913
1983-11-29,2.06611657142639,3.89788436889648,0.331792220671958,4.37,1.48648818897638
1983-11-30,2.48193444808324,-0.243310540293654,0.334896861066496,3.21,1.09190551181102
1983-12-01,0.394691961507003,-5.54119642575582,0.273096247280487,2.43,0.826582677165354
1983-12-02,0.0140150635976776,-6.8724277416865,0.260082065704691,2.1,0.714330708661417
1983-12-03,1.25479538534516e-05,-8.64206687609355,0.182666412635023,2.02,0.687118110236221
1983-12-04,0.00473113427869976,-8.05095056692759,0.204797636021222,2.3,0.782362204724409
1983-12-05,7.40077133135249e-05,-6.7057675520579,0.241029047986335,3.21,1.09190551181102
1983-12-06,4.39666473865509,-2.55327673753103,0.401800474570735,2.44,0.829984251968504
1983-12-07,1.82276032368342,-1.54645347595215,0.230695718624131,1.76,0.598677165354331
1983-12-08,0.0289922815863974,-5.34757741292318,0.275569105867592,1.67,0.568062992125984
1983-12-09,0.296269569545984,-0.324200841287772,0.526372246554083,1.67,0.568062992125984
1983-12-10,3.14041743675868,0.591353508333365,0.346520574113586,1.77,0.60207874015748
1983-12-11,0.375815701981386,-3.25147787729899,0.344504744654989,1.97,0.670110236220472
1983-12-12,0.0231443993203963,-4.77181343237559,0.225061729532584,1.84,0.625889763779528
1983-12-13,0.0600621756360245,-3.38101120789846,0.337041069044643,1.83,0.622488188976378
1983-12-14,0.00594160294955752,-5.49119750658671,0.275390774626796,1.75,0.595275590551181
1983-12-15,6.62522458393748e-05,-8.21823390324911,0.142744881832645,1.81,0.615685039370079
1983-12-16,0.000218766326118687,-6.27953513463338,0.188746353326244,1.71,0.581669291338583
1983-12-17,0.454818201561769,-0.377995919901878,0.426733376546611,1.93,0.656503937007874
1983-12-18,0.0375976181433847,-0.213858917355537,0.331079350532768,1.67,0.568062992125984
1983-12-19,0.962265173594157,2.01583887139956,0.388240547182788,1.75,0.595275590551181
1983-12-20,0.0654101012429843,1.7119831542174,0.359979444091779,1.64,0.557858267716535
1983-12-21,7.06878411769867,1.60925417145093,0.347177669599566,1.75,0.595275590551181
1983-12-22,2.05941739678383,1.79536461830139,0.33501764707375,2.38,0.809574803149606
1983-12-23,23.4851881663005,5.68074317773183,0.511676813883832,2.62,0.891212598425197
1983-12-24,1.35698121786118,8.55886220932007,0.511354740841672,5.87,1.99672440944882
1983-12-25,1.90058021744092,8.32537198066711,0.694238558979438,4.34,1.47628346456693
1983-12-26,3.04546934366226,5.83564023176829,0.54076698393182,3.03,1.03067716535433
1983-12-27,0.00359939799333612,3.76558683315913,0.330511497860368,2.71,0.921826771653543
1983-12-28,0.0157685570205407,6.14534040292104,0.626474036026675,2.48,0.843590551181102
1983-12-29,0.0321036097205554,3.04572492837906,0.446959736829371,2.18,0.741543307086614
1983-12-30,0.0968677379811804,5.10606237252553,0.70871029617859,2.09,0.710929133858268
1983-12-31,0.0073982863589966,3.48685799042384,0.358998743581423,2.08,0.707527559055118
1984-01-01,5.63990712786714e-05,3.56417874495188,0.485589617659636,1.95,0.663307086614173
1984-01-02,0.000168831735209096,2.730954905351,0.495638837225445,1.84,0.625889763779528
1984-01-03,1.62500872214635,4.1211616396904,0.42885060071591,1.95,0.663307086614173
1984-01-04,3.33988672494888,0.614507957672079,0.290968191904928,1.89,0.642897637795276
1984-01-05,0.418806965152423,-1.90761916836103,0.280405113345208,1.81,0.615685039370079
1984-01-06,0.549162534375986,-0.422082792967558,0.301214625644957,1.8,0.612283464566929
1984-01-07,2.04678531487783,2.06689050793648,0.326000960560305,1.91,0.649700787401575
1984-01-08,0.591838486492634,0.544159286965927,0.288034153340801,1.92,0.653102362204724
1984-01-09,2.09071645140648,-0.845468133687973,0.243545396116844,1.91,0.649700787401575
1984-01-10,0.454680693646272,-2.34848560889562,0.293128560961478,1.92,0.653102362204724
1984-01-11,0.310350028797984,-4.61197217305501,0.30326411065926,1.98,0.673511811023622
1984-01-12,5.57857918739319,-0.301765955984592,0.496633058810418,1.9,0.646299212598425
1984-01-13,1.26839746534824,2.49890152613322,0.455926808160742,1.92,0.653102362204724
1984-01-14,6.6497487227122,6.84635365009308,0.602007469211576,2.36,0.802771653543307
1984-01-15,4.79212373495102,1.26501033703486,0.483904430630648,3.53,1.20075590551181
1984-01-16,0.371361991390586,2.22560939192772,0.364583376717156,3.29,1.11911811023622
1984-01-17,5.89036965370178,3.71859228610992,0.506455652360968,3.07,1.04428346456693
1984-01-18,2.30400758981705,-0.930316234628359,0.368678482892366,3.34,1.13612598425197
1984-01-19,6.92824085553487,-2.5306105017662,0.397355904828646,3.05,1.03748031496063
1984-01-20,0.909739136695862,-3.33880130449931,0.375959853407429,2.75,0.935433070866142
1984-01-21,2.05445417761803,-4.057311018308,0.370170559068611,2.58,0.877606299212599
1984-01-22,8.68529041608175,-0.949857448538144,0.451456553437545,2.49,0.846992125984252
1984-01-23,6.3830242951711,1.34972852468491,0.400836844057919,2.37,0.806173228346457
1984-01-24,4.4775434533755,0.366525308229029,0.313444151670445,2.64,0.898015748031496
1984-01-25,0.460169451932112,-2.4066994090875,0.360504252992963,2.59,0.881007874015748
1984-01-26,0.00927652053845426,-4.51687514781952,0.450710134346215,2.34,0.795968503937008
1984-01-27,0.00930352886401427,-2.16440322995186,0.40733381110336,2.27,0.772157480314961
1984-01-28,0.00613163167145103,-0.526339626871049,0.648560783455532,2.06,0.700724409448819
1984-01-29,0.153558678226545,-0.140508644282818,0.673734512966245,2.07,0.704125984251968
1984-01-30,1.33841463426749,0.44283517745013,0.417782701671763,2.12,0.721133858267717
1984-01-31,1.16584562013547,0.0255377795547247,0.637004458263554,2.13,0.724535433070866
1984-02-01,2.38191362222036,1.1401184797287,0.60712689406502,2.16,0.734740157480315
1984-02-02,1.91020804643631,2.34524034460386,0.504498060221919,2.39,0.812976377952756
1984-02-03,7.67603222529093,2.85713213682175,0.531011270244076,3.02,1.02727559055118
1984-02-04,0.480028723676999,3.1631260116895,0.459065399536477,4.8,1.63275590551181
1984-02-05,4.10005329052607,4.64943250020345,0.647505843330571,5.74,1.95250393700787
1984-02-06,1.17364263037841,3.19267149766286,0.497669000920874,6.11,2.07836220472441
1984-02-07,6.98750587304433,1.7099601427714,0.578782103222254,4.68,1.59193700787402
1984-02-08,7.87379312515259,0.768313917020957,0.466052962565363,4.56,1.55111811023622
1984-02-09,1.19112770756086,-0.0518799598018328,0.307847914588375,4.26,1.44907086614173
1984-02-10,6.99278775850932,-1.22806914150715,0.395026371326774,3.41,1.15993700787402
1984-02-11,4.48492647210757,-0.740518207351367,0.398440615069916,3.12,1.06129133858268
1984-02-12,0.000179325807039277,-6.41924162705739,0.407042429778353,2.86,0.972850393700787
1984-02-13,0.0033893945995563,-6.60273098945618,0.415697260138759,2.62,0.891212598425197
1984-02-14,0.0232696814152102,-6.83911816279093,0.426129139054626,2.54,0.864
1984-02-15,0.0256907576695085,-7.08979034423828,0.39268136642399,2.4,0.816377952755906
1984-02-16,0.0114997554531631,-8.00884075959524,0.378981741724094,2.47,0.840188976377953
1984-02-17,1.33902810830477e-05,-8.93900314966838,0.348359251349551,2.27,0.772157480314961
1984-02-18,2.94505036132856e-05,-8.91819477081299,0.361454514165674,2.77,0.942236220472441
1984-02-19,0.000802419472620386,-7.68787638346354,0.37157050456748,3.29,1.11911811023622
1984-02-20,0.525817429025968,-4.07510640223821,0.801566921108423,3.15,1.07149606299213
1984-02-21,1.4483308494091,-0.87467730542024,0.796284788952715,2.06,0.700724409448819
1984-02-22,0.934285471836726,-0.703543916344643,0.831346187004737,2.17,0.738141732283465
1984-02-23,3.58677351474762,-1.81188915173213,0.674972652142194,2.24,0.761952755905512
1984-02-24,0.505583214263121,-0.749812697370847,0.418717743974542,2.04,0.69392125984252
1984-02-25,0.398847887292504,-0.449749118648469,0.434093273775043,2.07,0.704125984251968
1984-02-26,1.02563843876123,0.336333975816766,0.404472895898743,2.11,0.717732283464567
1984-02-27,2.4279786547025,-0.686587167282899,0.411310670988846,2.03,0.69051968503937
1984-02-28,0.00697512875922257,-0.652853644181353,0.755132427127043,2.03,0.69051968503937
1984-02-29,0.000212879729588167,-1.15174721678098,0.728098741635637,1.93,0.656503937007874
1984-03-01,0.00142753852317886,-1.28927188615004,0.933990360164836,1.95,0.663307086614173
1984-03-02,1.88062296311061,0.946646958589554,0.864138815256254,1.98,0.673511811023622
1984-03-03,0.0972917860684295,-0.789052101473014,0.615233456548999,2.06,0.700724409448819
1984-03-04,0.00963795365047796,-1.64350714782874,0.773738081654921,1.92,0.653102362204724
1984-03-05,0.00193968924092284,-0.943278331309557,1.08251652059737,2.02,0.687118110236221
1984-03-06,0.0118151591450442,0.216534378627936,0.892079871651921,1.97,0.670110236220472
1984-03-07,3.05980662504832,0.835931578030189,1.16321864285068,2.13,0.724535433070866
1984-03-08,0.90360032270352,-2.04440738260746,0.758118346708855,2.11,0.717732283464567
1984-03-09,1.17026723424594,-2.46471685171127,0.912043473774906,2.13,0.724535433070866
1984-03-10,0.00890858892914063,-2.79824882745743,0.774697396802132,1.98,0.673511811023622
1984-03-11,0.00588658380562871,-2.22301677862803,0.828009938419261,2.07,0.704125984251968
1984-03-12,1.49829582577847e-06,-2.17163462440173,1.03806611653051,1.99,0.676913385826772
1984-03-13,0,-1.10977207062145,1.13988863073009,2.01,0.683716535433071
1984-03-14,0,-0.518675511702895,1.16226928281271,1.91,0.649700787401575
1984-03-15,0.024011225522069,0.547194750669102,1.2770898700371,1.86,0.632692913385827
1984-03-16,1.43047240423281e-07,0.664681864281495,1.38636754867665,1.98,0.673511811023622
1984-03-17,0,1.51701265573502,1.45430725525007,2.11,0.717732283464567
1984-03-18,0.00233949330868199,1.71351359287898,1.40141235247606,2.32,0.789165354330709
1984-03-19,0,0.361483826146771,1.18821629384162,2.52,0.857196850393701
1984-03-20,0.000519887398695573,0.427001090720296,1.45944424817293,2.53,0.86059842519685
1984-03-21,0,2.09834244847298,1.64918610367869,2.61,0.887811023622047
1984-03-22,0.000779831112595275,2.47711929678917,1.69596078200246,2.91,0.989858267716536
1984-03-23,0.00295666865834695,2.43441786368688,1.77620839690469,3.15,1.07149606299213
1984-03-24,0.00049824596074662,5.60902647177378,2.2206291454119,2.9,0.986456692913386
1984-03-25,2.61394269267718,3.41493125756582,1.07954842849291,2.81,0.955842519685039
1984-03-26,0.184027037893732,4.91162383556366,1.97667296179553,2.87,0.976251968503937
1984-03-27,0.611670859158039,7.20418087641398,1.83108162753396,2.7,0.918425196850394
1984-03-28,0.00439475927729897,10.1967610518138,2.47152997931528,2.62,0.891212598425197
1984-03-29,2.67708547910055,4.60310180981954,1.47147216844003,2.59,0.881007874015748
1984-03-30,2.9014024635156,2.55448351303736,1.13232637449767,2.37,0.806173228346457
1984-03-31,0.234061221902569,3.91629771391551,1.66585250740343,2.45,0.833385826771654
1984-04-01,9.05801689624786,5.63117214043935,1.6921818345832,2.55,0.86740157480315
1984-04-02,7.58647934595744,1.36525616049767,1.41164579450274,2.91,0.989858267716536
1984-04-03,1.52234450976054,0.080665875847141,0.918214023034782,2.95,1.00346456692913
1984-04-04,0.295658765360713,0.151177233705918,1.04950608004472,2.96,1.00686614173228
1984-04-05,2.65936302145322,2.37557961543401,1.63066163396104,2.71,0.921826771653543
1984-04-06,0.11330038914457,3.09244877099991,1.31331476194538,2.57,0.874204724409449
1984-04-07,0.83243116736412,5.23897576332092,1.97529633893989,2.49,0.846992125984252
1984-04-08,1.46940301607052,4.30375915765762,1.27673974091891,2.37,0.806173228346457
1984-04-09,0.022922251218309,4.05950776735942,1.49238171633445,2.47,0.840188976377953
1984-04-10,2.7306762021035,5.35999504725138,2.45066223120904,2.56,0.870803149606299
1984-04-11,0.00654348336198988,4.6385090748469,1.2264506850257,2.56,0.870803149606299
1984-04-12,1.82580355306466,4.49767827987671,1.42261062660381,2.88,0.979653543307087
1984-04-13,0.199043328097711,5.48352901140849,1.85363110991263,2.85,0.969448818897638
1984-04-14,0.0029019543241399,8.25744346777598,3.28084003954371,2.74,0.932031496062992
1984-04-15,0,11.5748407046,3.7406622551127,2.45,0.833385826771654
1984-04-16,6.81340046723684,5.60790161291758,2.47145801239469,2.34,0.795968503937008
1984-04-17,1.49472610900799,2.99465221166611,1.51565838415474,2.5,0.850393700787402
1984-04-18,0.00234579929747269,3.78683972358704,2.03864807385861,2.77,0.942236220472441
1984-04-19,8.73395837667583e-05,5.66001244386037,2.71531414431062,2.5,0.850393700787402
1984-04-20,0,8.85935751597087,3.51964427498119,2.26,0.768755905511811
1984-04-21,0,11.4453363418579,3.43141026956422,2.1,0.714330708661417
1984-04-22,0,12.8045043945312,3.94536392713493,2.02,0.687118110236221
1984-04-23,2.11927181226201e-05,13.4847020308177,3.97548731373059,1.93,0.656503937007874
1984-04-24,0.000259943699347787,11.0714619954427,3.65395068202893,1.84,0.625889763779528
1984-04-25,0,9.85764567057292,3.08454125332859,1.84,0.625889763779528
1984-04-26,0.00158941871389591,11.4285732110341,3.98549004019444,1.79,0.60888188976378
1984-04-27,0.000831722902754943,6.13702396551768,2.16917852283561,1.8,0.612283464566929
1984-04-28,0.400643525489916,2.89742833375931,2.174723189768,1.85,0.629291338582677
1984-04-29,1.59575808235483e-05,5.09505105018616,2.4404422194897,1.7,0.578267716535433
1984-04-30,0.0128402838987919,6.65480864048004,2.7151430868245,2,0.680314960629921
1984-05-01,0,8.75682536760966,3.41945463126549,2.01,0.683716535433071
1984-05-02,6.1637642231697e-05,13.596355120341,4.9799214044514,2.11,0.717732283464567
1984-05-03,2.31355703870455,12.4466774463654,3.74960143561734,1.99,0.676913385826772
1984-05-04,0.742618689934413,12.1723141670227,2.24426294488026,1.94,0.659905511811024
1984-05-05,8.60527503490448,14.2757368882497,3.82523768084613,2.12,0.721133858267717
1984-05-06,0.885772549236814,14.1921320756276,3.88099900593736,2.84,0.966047244094488
1984-05-07,14.0746993223826,6.59944462776184,2.7375127649487,2.79,0.94903937007874
1984-05-08,0.0752790402621031,3.82812827825546,1.78186092187945,2.71,0.921826771653543
1984-05-09,0.000995987586065894,6.24388746420542,3.09515297321975,2.3,0.782362204724409
1984-05-10,0.609708101178209,6.63347832361857,2.76207137711227,2.09,0.710929133858268
1984-05-11,0.0832939158814649,6.54058627287547,2.12124742206545,1.93,0.656503937007874
1984-05-12,0.443962038805087,5.97943298021952,1.75418384539197,1.98,0.673511811023622
1984-05-13,13.4684002399445,6.96648546059926,1.53294720131599,1.97,0.670110236220472
1984-05-14,6.80524611473083,7.3389804760615,1.61853610675568,2.45,0.833385826771654
1984-05-15,0.0019494661505064,11.8938740094503,4.42879504234544,2.59,0.881007874015748
1984-05-16,9.32528682549795,12.2101834615072,4.05861348809092,2.2,0.748346456692914
1984-05-17,2.25961963335673,10.5176794528961,3.07431803437473,2.5,0.850393700787402
1984-05-18,0.0050451517890906,13.9376877148946,4.41708746080286,2.74,0.932031496062992
1984-05-19,1.97927858894885,14.2474977970123,4.73027072986435,2.1,0.714330708661417
1984-05-20,7.63840313752492,12.2614340782166,3.42328940539442,1.95,0.663307086614173
1984-05-21,2.76218602061272,9.65042487780253,2.06786585948828,2.34,0.795968503937008
1984-05-22,0.610398439283017,11.7981063524882,3.67303952296755,2.42,0.823181102362205
1984-05-23,2.99005377292633,10.0161631902059,3.69945883656847,2.23,0.758551181102362
1984-05-24,1.89369950691859,9.46525939305623,2.4515322005515,2.96,1.00686614173228
1984-05-25,0.763743902246157,10.4223845005035,2.51927002666761,2.3,0.782362204724409
1984-05-26,1.2886968255043,13.0645022392273,4.04999241577333,2.17,0.738141732283465
1984-05-27,4.40563994646072,9.54633736610413,2.02301748311266,2.17,0.738141732283465
1984-05-28,5.39502412080765,7.77741082509359,2.11837774303816,3.09,1.05108661417323
1984-05-29,1.5317005229493,8.89393250147502,3.41822627470298,3.27,1.11231496062992
1984-05-30,23.0300676027934,8.02426727612813,2.29299972661701,2.81,0.955842519685039
1984-05-31,5.22016303737958,9.87311546007792,2.69001416161218,7.6,2.5851968503937
1984-06-01,0.00018093361359206,14.0148337682088,4.92229798156849,5.44,1.85045669291339
1984-06-02,6.97958494129125e-05,15.6307095686595,4.49468196673739,3.23,1.09870866141732
1984-06-03,0.0861191793034474,18.2782130241394,5.09107483606555,2.72,0.925228346456693
1984-06-04,1.21752436707417,11.1077012221018,3.32004324833628,2.38,0.809574803149606
1984-06-05,45.0490582784017,11.410994052887,3.05476762220829,2.97,1.01026771653543
1984-06-06,10.227435429891,9.95164450009664,2.83901704975672,17,5.78267716535433
1984-06-07,2.15168947524702,10.8069609800975,3.4705560967635,10.7,3.63968503937008
1984-06-08,7.3649632136027,11.7068779468536,3.38236323265578,5.39,1.83344881889764
1984-06-09,0.0504538048990071,11.1823772589366,3.3337117808262,4.03,1.37083464566929
1984-06-10,0.000538952939677984,14.1901261806488,4.73799687115272,3.37,1.14633070866142
1984-06-11,5.12910032272339,13.5798846880595,4.40901520268255,2.87,0.976251968503937
1984-06-12,0.00288054354799291,13.7661484877268,4.39431158264818,2.64,0.898015748031496
1984-06-13,2.53499286676136e-05,17.238941192627,5.53239856989047,2.51,0.853795275590551
1984-06-14,7.84354841709137,18.141940275828,4.98571960191405,2.4,0.816377952755906
1984-06-15,0.250404102882991,11.8033649921417,3.54465314152795,2.35,0.799370078740158
1984-06-16,1.31427458048468e-05,12.0874834060669,3.46767787491673,2.24,0.761952755905512
1984-06-17,0,14.3548526763916,4.90902855632466,2.11,0.717732283464567
1984-06-18,0.0498493603275468,16.6674893697103,5.57284471908719,2.02,0.687118110236221
1984-06-19,0,17.9140224456787,5.56219465010254,2,0.680314960629921
1984-06-20,0.52698635434111,19.9228703180949,6.43173163253595,1.95,0.663307086614173
1984-06-21,10.835619409879,17.7735306421916,3.77292886768376,1.97,0.670110236220472
1984-06-22,0.820690779636304,17.499963760376,3.51893565740785,2.57,0.874204724409449
1984-06-23,6.96684352556864,12.9664544264475,2.96056481885655,2.32,0.789165354330709
1984-06-24,3.2148144642512,10.464390039444,2.56834300768658,2.46,0.836787401574803
1984-06-25,3.70803263783455,11.9584432442983,3.78869236034383,2.26,0.768755905511811
1984-06-26,0.00236822690931149,13.4823346138,3.50315101214358,2.22,0.755149606299213
1984-06-27,0.0357826109005449,17.0035745302836,5.8473220068494,2.02,0.687118110236221
1984-06-28,11.836453795433,14.498828570048,3.75540420235204,2.05,0.697322834645669
1984-06-29,0.59241616136084,10.8751589457194,2.40575662789285,3.07,1.04428346456693
1984-06-30,0.05906629631257,12.4314807256063,3.88218567050354,2.46,0.836787401574803
1984-07-01,5.66567287842433,16.2433295249939,5.55425720207926,2.02,0.687118110236221
1984-07-02,10.3081571261088,14.5608868598938,3.25072692600456,2.19,0.744944881889764
1984-07-03,4.34548721710841,10.0935978094737,2.66237298463778,2.56,0.870803149606299
1984-07-04,0.0986304188457628,10.1745317776998,2.28535533716662,2.37,0.806173228346457
1984-07-05,0.000109209057029602,11.7061374982198,2.89869511841735,1.93,0.656503937007874
1984-07-06,9.13358780962881e-06,14.015468120575,4.36476353449702,1.84,0.625889763779528
1984-07-07,0,15.5853354136149,4.99017916548393,1.87,0.636094488188976
1984-07-08,1.71466979329201e-05,18.3969372113546,5.77775905004106,1.67,0.568062992125984
1984-07-09,0,21.9560825030009,6.51410550271731,1.68,0.571464566929134
1984-07-10,8.93782319811483e-05,24.1013924280802,6.34327730185191,1.74,0.591874015748032
1984-07-11,3.3462263521263e-05,26.8550686836243,7.31388605845492,1.69,0.574866141732283
1984-07-12,7.73958571751912,20.6146108309428,4.73825343408809,1.68,0.571464566929134
1984-07-13,0.186723445018288,17.9021848042806,3.79382567974393,1.9,0.646299212598425
1984-07-14,0.277997403327997,18.04363600413,4.17639027929303,1.81,0.615685039370079
1984-07-15,13.0870733261108,14.4753213723501,3.17430998542044,1.96,0.666708661417323
1984-07-16,1.70379882057508,11.6364488601685,2.8213087889764,2.21,0.751748031496063
1984-07-17,1.71445296704769,11.6914326349894,2.66645305293585,2.1,0.714330708661417
1984-07-18,0.107481024383257,13.8533808390299,3.89737194461144,1.94,0.659905511811024
1984-07-19,13.745676279068,14.6611774762472,3.73763353862409,1.95,0.663307086614173
1984-07-20,2.80158080083008e-05,14.913628021876,3.66591653568065,2.2,0.748346456692914
1984-07-21,0,16.3117167154948,5.07508242996611,1.99,0.676913385826772
1984-07-22,0,17.3447558085124,5.07615029443729,1.69,0.574866141732283
1984-07-23,0.000358194175836009,16.5625759760539,4.46576551791278,1.72,0.585070866141732
1984-07-24,2.32111597557863,17.413340250651,4.98928414043796,1.72,0.585070866141732
1984-07-25,6.9906142950058,17.8307035764058,4.24083623137372,1.75,0.595275590551181
1984-07-26,4.05765699098508,14.290167093277,2.63769001011915,2.17,0.738141732283465
1984-07-27,0.490006027122339,14.0369979540507,3.08677210399689,4.95,1.68377952755906
1984-07-28,2.81287431220214,13.3671509424845,1.58783125105304,2.77,0.942236220472441
1984-07-29,0.0332205248996615,17.9565024375916,4.45077102292101,2.4,0.816377952755906
1984-07-30,0.0037903431414937,21.677849928538,6.01316194557404,2.21,0.751748031496063
1984-07-31,5.04037640492121,23.0624523162842,5.64321894418718,1.97,0.670110236220472
1984-08-01,1.38297256082296,15.92609167099,3.44993099986852,2.09,0.710929133858268
1984-08-02,6.92940726973272e-05,16.9973692893982,4.40929925991125,1.89,0.642897637795276
1984-08-03,0,21.0489323933919,5.80954109628344,1.92,0.653102362204724
1984-08-04,2.84992250303427,19.9669604301453,4.27098086258732,1.88,0.639496062992126
1984-08-05,3.21368264158567,16.1178936958313,2.24990157986646,2,0.680314960629921
1984-08-06,0.131180411321111,15.4741180737813,3.44050241866031,2.13,0.724535433070866
1984-08-07,0.00529679060370351,15.5179305871328,3.35907623336776,1.83,0.622488188976378
1984-08-08,0.309322819113731,16.1796738306681,3.20535923333258,1.8,0.612283464566929
1984-08-09,2.96098419403036,16.9275719324748,2.9792370065406,1.86,0.632692913385827
1984-08-10,45.3496530850728,16.4780109723409,2.84922898619978,2.18,0.741543307086614
1984-08-11,7.46659117937088,14.3468256791433,1.97116672015211,6.85,2.33007874015748
1984-08-12,2.48511643211047,14.6115303039551,1.7871429789647,4.25,1.44566929133858
1984-08-13,0.0718831440317445,15.8082110087077,2.72734294010747,3.43,1.16674015748032
1984-08-14,0.0620754299840579,15.3790362675985,3.21184459632219,2.72,0.925228346456693
1984-08-15,0.547118165840705,15.7868177890778,3.81041628601535,2.5,0.850393700787402
1984-08-16,0.00107649081352671,15.2367630799611,3.49149009699728,2.31,0.785763779527559
1984-08-17,0.00206564339653899,15.3917109966278,3.88345173800203,2.13,0.724535433070866
1984-08-18,0,16.3515688578288,4.14324356915931,2.01,0.683716535433071
1984-08-19,7.34613237606633e-05,15.7499828338623,3.32560385233426,1.91,0.649700787401575
1984-08-20,0,15.6709260145823,3.73868234147686,1.93,0.656503937007874
1984-08-21,0,16.0048855940501,4.08650471202503,1.86,0.632692913385827
1984-08-22,0,17.3463611602783,4.49721580139081,1.85,0.629291338582677
1984-08-23,0.000997324095806107,18.377984046936,4.27035068633112,1.91,0.649700787401575
1984-08-24,0.744887112329404,16.7196831703186,3.16003446197416,1.91,0.649700787401575
1984-08-25,16.9324127833049,16.0603091716766,2.65337646181271,2.2,0.748346456692914
1984-08-26,7.39101615548134,15.462539434433,2.15624414779141,2.88,0.979653543307087
1984-08-27,0.0101055682171136,15.1328920523326,2.88659754388951,2.63,0.894614173228346
1984-08-28,4.6092805708516e-06,14.5185528596242,3.43086529970677,2.24,0.761952755905512
1984-08-29,0,15.7534687519073,3.79586644561473,1.98,0.673511811023622
1984-08-30,1.76754377510709e-05,15.9761355717977,3.30924240342987,1.98,0.673511811023622
1984-08-31,0,17.1865803400675,3.59623442371635,1.92,0.653102362204724
1984-09-01,6.60697120717183e-05,17.4439690907796,3.51617384446796,1.94,0.659905511811024
1984-09-02,0.000131140550365672,17.8569307327271,3.73837100142362,1.91,0.649700787401575
1984-09-03,0.00239765170651178,18.7882841428121,3.81369740965521,1.85,0.629291338582677
1984-09-04,19.8498188654582,18.9059505462646,3.40015680808271,1.89,0.642897637795276
1984-09-05,43.7890071868896,10.7924342950185,2.31793029276542,3.52,1.19735433070866
1984-09-06,8.07765889167786,7.56184418996175,0.908065288001415,10.4,3.53763779527559
1984-09-07,0.00594181754907671,8.9580770333608,2.21300214294472,9.51,3.23489763779528
1984-09-08,1.47927207748095,9.48491104443868,1.47682518044774,3.43,1.16674015748032
1984-09-09,14.593553463618,12.234042485555,1.68799043422149,2.79,0.94903937007874
1984-09-10,3.50835321346919,10.545781771342,1.86594405421734,4.08,1.38784251968504
1984-09-11,1.79046386480331,11.4958012898763,1.74099187016704,4.12,1.40144881889764
1984-09-12,0.0706082369821767,12.5748354593913,1.7918790159995,2.89,0.983055118110236
1984-09-13,6.14696970539323e-06,13.8310519059499,2.60381682725392,2.54,0.864
1984-09-14,4.75080424547195,15.4283227125804,3.13336367620009,2.29,0.77896062992126
1984-09-15,22.7359574635824,11.9118996461233,1.6600064955848,3.19,1.08510236220472
1984-09-16,29.6166176795959,11.3658243815104,0.851165919402086,10.4,3.53763779527559
1984-09-17,3.58261208732923,11.7492492198944,1.24967709506138,16.7,5.68062992125984
1984-09-18,0.0111736060255983,12.379457394282,1.41410914524243,10.1,3.4355905511811
1984-09-19,0.00178057818023566,12.7401707967122,1.96087922185618,4.61,1.56812598425197
1984-09-20,3.32261295928523e-05,12.6875911553701,2.063716569991,3.43,1.16674015748032
1984-09-21,9.19061319033305,13.206857919693,2.37735994627608,3.03,1.03067716535433
1984-09-22,5.77362169822057,9.54579925537109,1.55217563505846,4.89,1.66337007874016
1984-09-23,11.4807214736938,9.21703290939331,1.2351119416817,5.34,1.81644094488189
1984-09-24,0.979617158571879,7.79636693000793,1.1655205860452,6.79,2.30966929133858
1984-09-25,3.81731943289439,7.89362382888794,1.31720872078571,4.6,1.56472440944882
1984-09-26,1.53219602008661,7.98649915059408,1.05129396552913,4.08,1.38784251968504
1984-09-27,0.015106593365393,9.3934117158254,1.78241117278066,3.89,1.3232125984252
1984-09-28,0.0131691635857957,11.2994367281596,2.25011245518312,3.21,1.09190551181102
1984-09-29,0.000427955469907223,12.532922744751,2.26496096570838,2.91,0.989858267716536
1984-09-30,0.0207792814811304,12.6399170557658,2.20925981839381,2.65,0.901417322834646
1984-10-01,10.0497634410858,12.9583568572998,1.96346727348445,2.45,0.833385826771654
1984-10-02,2.08118623495102,8.24423805872599,1.29789971016622,3.51,1.19395275590551
1984-10-03,0.617421860496203,8.33849716186523,1.39251544784488,3.34,1.13612598425197
1984-10-04,0.404161126663287,9.5386651357015,1.5856656087768,2.83,0.962645669291339
1984-10-05,0.101071932236664,11.257852156957,1.76368975226565,2.7,0.918425196850394
1984-10-06,2.77829337120056,9.97217384974162,1.16587863826745,2.45,0.833385826771654
1984-10-07,0.0138081429856053,7.95553692181905,1.08762253509067,2.32,0.789165354330709
1984-10-08,0.908346946040789,9.03311483065287,1.37059645028385,2.2,0.748346456692914
1984-10-09,0.159230648413844,13.140479405721,1.71135475317688,2.16,0.734740157480315
1984-10-10,0.0185060816147598,12.810165643692,1.56760521285464,2.14,0.727937007874016
1984-10-11,0.0195984463559095,11.6945289770762,1.22322011760801,2.08,0.707527559055118
1984-10-12,0.0724768562686222,10.5903778076172,1.22193650616402,2.01,0.683716535433071
1984-10-13,0.0285638255785064,8.73672087987264,1.33319893431737,2.01,0.683716535433071
1984-10-14,0.013590086074449,8.76560807228088,1.67116652891092,2.08,0.707527559055118
1984-10-15,0.00144281191751361,8.8259551525116,1.33301778807856,2.02,0.687118110236221
1984-10-16,0.000204722769922228,7.28180348873138,1.08981709513949,2.08,0.707527559055118
1984-10-17,0.0265483068942558,8.17658567428589,1.60276369889651,2.08,0.707527559055118
1984-10-18,0.00337316916269022,11.4977385997772,1.74332708612372,2.07,0.704125984251968
1984-10-19,0.542720412214597,12.7543783187866,1.68194829043436,2.07,0.704125984251968
1984-10-20,0.00590037036939369,10.6923646132151,1.11356054419606,2.05,0.697322834645669
1984-10-21,0.0178028619023583,8.41988945007324,0.897019309238323,2.04,0.69392125984252
1984-10-22,0.0769971630652435,8.47673948605855,1.32778415273479,1.99,0.676913385826772
1984-10-23,0.125203068523357,11.7990706761678,1.0514272920413,1.99,0.676913385826772
1984-10-24,0.000216990804195423,10.5142129262288,1.17694781913146,2,0.680314960629921
1984-10-25,0,11.6419285933177,1.48734405997315,2,0.680314960629921
1984-10-26,4.34190714359283,9.18498682975769,0.873222819995047,1.97,0.670110236220472
1984-10-27,0.00854769823005578,6.44941592216492,0.769759810782419,2.16,0.734740157480315
1984-10-28,0.0570357781349837,4.73896706104279,0.849222156854278,2.08,0.707527559055118
1984-10-29,0.0790430687678357,4.41226514180501,0.802205993327069,2.1,0.714330708661417
1984-10-30,0.0518678730501657,4.29287668069204,0.820677378461446,2.05,0.697322834645669
1984-10-31,0.0803935939026511,5.52710115909576,1.17801243394053,2.01,0.683716535433071
1984-11-01,0.124392494559288,4.05234724283218,0.887679401060378,2.06,0.700724409448819
1984-11-02,0.0281880699718992,3.71639517943064,0.526198596868492,1.97,0.670110236220472
1984-11-03,0.00139537024733727,4.87080729007721,0.774610986860002,2.03,0.69051968503937
1984-11-04,0.0144985350210239,6.02312346299489,0.369807173455398,2.01,0.683716535433071
1984-11-05,0.00180953932605613,4.49068383375804,0.760367347839445,1.98,0.673511811023622
1984-11-06,0.0468341895624083,4.24271176258723,0.514740343207149,2.1,0.714330708661417
1984-11-07,0.0299578168430041,4.46212333440781,0.743966258260487,2.2,0.748346456692914
1984-11-08,0.103292126169739,5.84473137060801,0.738311977891329,2.1,0.714330708661417
1984-11-09,0.0406338011768336,5.62045784791311,0.454005841721751,2.09,0.710929133858268
1984-11-10,0.00920788742829851,6.37670536835988,0.705588164605125,2.12,0.721133858267717
1984-11-11,0.000223541573177499,5.97318152586619,0.570157683535043,2.01,0.683716535433071
1984-11-12,0.0167445364750165,4.40565971533457,0.550045557527407,2.09,0.710929133858268
1984-11-13,0.000207528062446727,3.16616487503052,0.575523037396141,2.06,0.700724409448819
1984-11-14,1.98782881852821e-05,1.48758515715599,0.579650215408733,2,0.680314960629921
1984-11-15,0.00839029339234306,1.11216474572817,0.432584434364286,2.02,0.687118110236221
1984-11-16,5.30446724096934,1.89291018247604,0.358571484984239,2.08,0.707527559055118
1984-11-17,0.0477386352140456,3.72639624277751,0.577183962647845,2.33,0.792566929133858
1984-11-18,0.0289348822940762,2.64511477947235,0.633734380528993,2.12,0.721133858267717
1984-11-19,0.0996137382462621,0.877553666631381,0.349289179965651,2.09,0.710929133858268
1984-11-20,2.61076096693675,4.24327049652735,0.538695505579545,2.06,0.700724409448819
1984-11-21,5.11071793238322,4.19913476705551,0.497408615247825,2.14,0.727937007874016
1984-11-22,13.5560699303945,8.30205551783244,0.70579722605382,2.48,0.843590551181102
1984-11-23,7.09313980738322,12.2911828358968,0.593635158180378,3.21,1.09190551181102
1984-11-24,0.267275244618456,10.131490945816,0.609320290214694,3.05,1.03748031496063
1984-11-25,0.864145055413246,7.79700271288554,0.512471036149164,2.57,0.874204724409449
1984-11-26,10.8014045159022,5.60659714539846,0.295094979621938,2.69,0.915023622047244
1984-11-27,0.0409141022119002,1.36144524812698,0.429784708967157,3.78,1.28579527559055
1984-11-28,5.29268887324482e-06,1.28786088029544,0.585627361691744,2.83,0.962645669291339
1984-11-29,0.00288658527036508,0.0959192765585613,0.493684096662653,2.6,0.884409448818898
1984-11-30,4.19215477525844e-05,-1.35320995251338,0.238970051788021,2.46,0.836787401574803
1984-12-01,0.0229498933961925,-0.423564679920673,0.265284452317966,2.3,0.782362204724409
1984-12-02,0.168782197559873,1.6089628636837,0.445817176169065,2.27,0.772157480314961
1984-12-03,0.136285179605087,2.72728129227956,0.212137404859587,2.17,0.738141732283465
1984-12-04,0.0253173760914554,2.2294167081515,0.237603246915272,2.07,0.704125984251968
1984-12-05,0.0128192176537899,0.778798210124175,0.30585744955361,2.12,0.721133858267717
1984-12-06,0.020482378352123,0.826847250262896,0.461279002727102,2.14,0.727937007874016
1984-12-07,0.104037586599588,2.27893428007762,0.420775152551409,2.16,0.734740157480315
1984-12-08,0.000129906959955406,0.997145464022954,0.309645643115101,2.09,0.710929133858268
1984-12-09,1.08381539086501,2.44564865032832,0.471935930124177,2.08,0.707527559055118
1984-12-10,0.737820853789647,2.98282897472382,0.407240432914217,2.15,0.731338582677165
1984-12-11,0.00572717371202695,3.77574529250463,0.568213439371554,2.16,0.734740157480315
1984-12-12,0.166743787005544,1.72990466157595,0.458392829342805,2.07,0.704125984251968
1984-12-13,2.45077385505041,0.851585085193316,0.284410208368964,2.09,0.710929133858268
1984-12-14,8.3261425892512,3.41536005338033,0.370264404499168,2.54,0.864
1984-12-15,0.62820191681385,1.58241574962934,0.349317807123368,2.88,0.979653543307087
1984-12-16,11.6522915363312,1.87108792861303,0.288414702400526,2.66,0.904818897637795
1984-12-17,0.0331546448675605,2.22678763667742,0.334186862034341,4.95,1.68377952755906
1984-12-18,8.57987666130066,2.66216152906418,0.416633151978765,4.09,1.39124409448819
1984-12-19,0.676178835332394,0.477613635594025,0.33019783482465,4.3,1.46267716535433
1984-12-20,3.69085051616033,0.246039970467488,0.32111688827566,3.78,1.28579527559055
1984-12-21,1.25947987784942,2.51494401693344,0.403895453278707,3.39,1.15313385826772
1984-12-22,0.0329378728883967,-1.14432599147161,0.333525306031824,3.99,1.35722834645669
1984-12-23,0.0203032931506944,-1.30792001883189,0.287066069678887,3.24,1.10211023622047
1984-12-24,1.03799917548895,-2.50222416718801,0.260551590968785,2.91,0.989858267716536
1984-12-25,0.244405853251616,-0.188354773136477,0.326370982892924,2.76,0.938834645669291
1984-12-26,0.0858828115160577,-1.69968308011691,0.311582282913673,2.66,0.904818897637795
1984-12-27,0.60449755191803,-2.28949469327927,0.234338035859493,2.61,0.887811023622047
1984-12-28,0.0366886498619957,-2.40969308217367,0.183368146022096,2.54,0.864
1984-12-29,0.627036263545354,-3.04302738110224,0.128094092573126,2.45,0.833385826771654
1984-12-30,1.20245206356049,-4.06310522556305,0.176832970840681,2.46,0.836787401574803
1984-12-31,0.238683988029758,-7.49818960825602,0.211618455643567,2.44,0.829984251968504
1985-01-01,4.34480859835943,-2.35616505146027,0.364689617004392,2.52,0.857196850393701
1985-01-02,6.23112312952677,-4.2486310005188,0.228421456374254,2.55,0.86740157480315
1985-01-03,4.12927943468094,-7.00433107217153,0.175168931029856,2.46,0.836787401574803
1985-01-04,1.64703687528769,-11.9898916085561,0.135803615765679,2.9,0.986456692913386
1985-01-05,1.35954175392787,-12.7805554072062,0.116266069734459,3.76,1.27899212598425
1985-01-06,0.175186517027517,-16.7660326957703,0,3.77,1.2823937007874
1985-01-07,0.000213066169711359,-20.0310840606689,0,4.13,1.40485039370079
1985-01-08,0.00249224048457108,-20.4927666982015,0,4.25,1.44566929133858
1985-01-09,0.000496229633389097,-17.1732328732808,0.0003516209434234,3.9,1.32661417322835
1985-01-10,0.0955220834972958,-14.2760162353516,0.0866863163842839,3.24,1.10211023622047
1985-01-11,0.110175460809842,-12.2897466023763,0.118111379917909,3.28,1.11571653543307
1985-01-12,2.02441714207331,-10.2991992632548,0.223957125988302,3.03,1.03067716535433
1985-01-13,0.0882835603163888,-13.0436061223348,0.12112826061259,3.05,1.03748031496063
1985-01-14,0.473330787693461,-12.0777184168498,0.0842278900321253,3,1.02047244094488
1985-01-15,0.0233385399236189,-11.5185796419779,0.102392892811072,3.27,1.11231496062992
1985-01-16,0.00778459557553409,-8.72440870602926,0.186881697495082,3.19,1.08510236220472
1985-01-17,0.000823387682127456,-8.42438586552938,0.225118314671035,3.71,1.2619842519685
1985-01-18,0.0223297463768783,-7.97898761431376,0.262586562014116,3.75,1.2755905511811
1985-01-19,3.39024690786997,-2.13612986604373,0.448674392151239,3.58,1.21776377952756
1985-01-20,0.693775827685992,-0.699837406476339,0.275833649369681,3.63,1.23477165354331
1985-01-21,2.67257884144783,1.13818234205246,0.528007422710362,3.71,1.2619842519685
1985-01-22,13.024076461792,3.40933130184809,0.501300275736049,3.83,1.3028031496063
1985-01-23,12.1305535634359,1.91176344950994,0.475490721675933,7.91,2.69064566929134
1985-01-24,1.94166563947995,-2.14224371314049,0.366468376898858,7.86,2.67363779527559
1985-01-25,1.93301566193501,-1.51946027080218,0.476599677770632,4.15,1.41165354330709
1985-01-26,1.48774034778277,2.57763065894445,0.609647533486291,4.03,1.37083464566929
1985-01-27,0.255292963857452,-2.16902972261111,0.495057168213979,4.86,1.65316535433071
1985-01-28,0.0879076516333347,-3.15676446755727,0.389400906314266,4.36,1.48308661417323
1985-01-29,0.602475928763548,0.619517716268698,0.693061726934282,3.49,1.18714960629921
1985-01-30,5.34606379270554,2.38802456855774,0.586754832866468,3.91,1.3300157480315
1985-01-31,10.4643104076385,4.43856287002563,0.54424476283587,7.8,2.65322834645669
1985-02-01,2.89635594685872,6.16160957018534,0.477213566644287,15.3,5.2044094488189
1985-02-02,12.160876472791,6.76152578989665,0.397433099089198,11,3.74173228346457
1985-02-03,0.34453429436932,1.06807989875476,0.66080754389947,8.95,3.0444094488189
1985-02-04,8.99370568276936e-05,-0.952843561768532,0.62241215054533,5.28,1.79603149606299
1985-02-05,0.099773190318956,1.60801793138186,1.00678011401207,4.2,1.42866141732283
1985-02-06,4.96273094415665,5.00942405064901,0.639881896738786,3.89,1.3232125984252
1985-02-07,0.800019012143215,0.29970811555783,0.578560710336266,4.27,1.45247244094488
1985-02-08,8.15688538551331,-1.07191237310568,0.497260316284061,3.86,1.31300787401575
1985-02-09,25.463146686554,1.68846922616164,0.67941701113735,5.97,2.03074015748031
1985-02-10,1.47833196322123,-8.83797852198283,0.467263420535839,10.2,3.4696062992126
1985-02-11,0.00453897869116796,-11.9721279144287,0.18414619799609,4.73,1.60894488188976
1985-02-12,0.000477804320932288,-12.2411853472392,0.191277764227403,3.99,1.35722834645669
1985-02-13,0.325666951015592,-9.0184866587321,0.432418649022421,3.98,1.35382677165354
1985-02-14,2.49759206175804,-2.942136545976,0.680346999599466,3,1.02047244094488
1985-02-15,0.00168220077466685,-10.4644415378571,0.364514265144727,2.78,0.945637795275591
1985-02-16,0.000412900023244826,-9.72237316767375,0.476269310836217,2.75,0.935433070866142
1985-02-17,9.70633803566064e-05,-7.24249549706777,0.500364503875517,3.14,1.06809448818898
1985-02-18,0.000148995110066608,-10.9581254323324,0.270454625040659,3.8,1.29259842519685
1985-02-19,1.03695698877952e-05,-11.2000453472137,0.318353034996522,3.79,1.2891968503937
1985-02-20,0.000166386434708935,-10.0321763356527,0.416416842501443,3.45,1.17354330708661
1985-02-21,0.0638797931994001,-4.76356867949168,0.807887393000323,3.05,1.03748031496063
1985-02-22,0.237653413166602,-2.28227935234706,0.564531678934555,2.35,0.799370078740158
1985-02-23,0.504936183492343,-2.2757216890653,0.943873782921386,2.31,0.785763779527559
1985-02-24,0.368861968318621,2.26637190580368,0.955348044156363,2.49,0.846992125984252
1985-02-25,1.57983883279182e-05,2.29804805914561,1.21643969030982,2.93,0.996661417322835
1985-02-26,0.00183756558302169,2.64102433125178,1.18907426199797,3.37,1.14633070866142
1985-02-27,0.00782417301282597,1.95540620883306,1.02192258112837,3.2,1.08850393700787
1985-02-28,0.00486237579389126,2.10994314153989,0.969698723726368,2.92,0.993259842519685
1985-03-01,2.87553754448891,4.74952717622121,1.53375997178157,2.81,0.955842519685039
1985-03-02,8.76847898960114,2.30635325113932,0.834328253634013,3.56,1.21096062992126
1985-03-03,0.0259528542713573,2.33778141935666,1.04096224859583,4.56,1.55111811023622
1985-03-04,0.149210517527536,2.29708294073741,1.04679023589468,3.66,1.24497637795276
1985-03-05,0.181104939120511,1.72491512695948,0.626469059531601,3.24,1.10211023622047
1985-03-06,0.0148086936096661,2.841632604599,0.919217827102601,2.99,1.01707086614173
1985-03-07,0.0128595594469516,2.80075305700302,0.804357066034744,2.85,0.969448818897638
1985-03-08,0.00083393910729986,1.89183902740479,0.56270488655532,2.78,0.945637795275591
1985-03-09,0.00403965608832853,2.19820993145307,1.05829419783086,2.63,0.894614173228346
1985-03-10,0.0703468538510303,-0.121310840981702,0.747036112021395,2.6,0.884409448818898
1985-03-11,0.748653714545071,-0.480581163118283,0.579732907287476,2.51,0.853795275590551
1985-03-12,0.0949880549063285,0.209874580303828,0.614821159894993,2.52,0.857196850393701
1985-03-13,0.0118782857656091,1.58844713370005,0.762474467799353,2.52,0.857196850393701
1985-03-14,0.683109534283479,2.53990823030472,0.842584215800068,2.46,0.836787401574803
1985-03-15,0.968433728441596,0.0382882474611203,0.84885648977762,2.48,0.843590551181102
1985-03-16,1.06355724732081,1.05364451060692,1.27311308923299,2.53,0.86059842519685
1985-03-17,7.46749830245972,-1.1002092709144,0.642972983143094,2.5,0.850393700787402
1985-03-18,17.4418012301127,-2.51239742835363,0.478817451166652,2.53,0.86059842519685
1985-03-19,0.0362932953818624,-2.70900471011798,0.684628435859543,2.51,0.853795275590551
1985-03-20,0.00121405550513979,-1.46163248767455,1.15034426640633,2.53,0.86059842519685
1985-03-21,0.0105803913126389,0.463311937637627,1.31856690886773,2.55,0.86740157480315
1985-03-22,0.00180060959731539,2.56922379136086,1.65288398261359,2.62,0.891212598425197
1985-03-23,0.0894390250129315,4.20151344935099,1.74931177269016,3.26,1.10891338582677
1985-03-24,0.269172253708045,3.49158988396327,1.70492925682782,5.15,1.75181102362205
1985-03-25,0.0158174704095776,6.30378417174021,1.839822375912,4.61,1.56812598425197
1985-03-26,0.362170562691366,7.68608820438385,2.10401342605924,3.58,1.21776377952756
1985-03-27,0.651660020152728,4.8954035838445,1.4023763123534,3.09,1.05108661417323
1985-03-28,0.345001664012671,0.257049020845443,1.24019120132685,2.84,0.966047244094488
1985-03-29,8.24795893095143e-06,3.62186678250631,1.58267177373672,2.71,0.921826771653543
1985-03-30,7.48013820460377e-05,8.69010957082113,2.44422034328711,2.6,0.884409448818898
1985-03-31,0.335346399495999,9.27417461077372,2.35278607367066,2.36,0.802771653543307
1985-04-01,0.173593697642597,9.58137043317159,2.80216524181463,2.49,0.846992125984252
1985-04-02,5.04335678973196e-05,10.6850531101227,2.48328934220891,2.33,0.792566929133858
1985-04-03,0,9.59004497528076,2.74140291311427,2.29,0.77896062992126
1985-04-04,0,12.8030744393667,3.69640652644822,2.25,0.765354330708661
1985-04-05,4.71040772633084e-05,13.4190621376038,3.58680830221323,2.2,0.748346456692914
1985-04-06,9.17584633827209,9.1024759610494,2.35431065702815,2.31,0.785763779527559
1985-04-07,0.578188338627418,10.1539754867554,2.42935459590223,2.47,0.840188976377953
1985-04-08,1.80317424237728,7.96612910429637,1.58682253142064,2.36,0.802771653543307
1985-04-09,12.9104637304942,6.55820588270823,1.77642846352396,2.69,0.915023622047244
1985-04-10,7.45293794075648,6.03589959939321,1.38758796879097,3.6,1.22456692913386
1985-04-11,2.01325885951519,7.61919546127319,2.26090006061201,4.76,1.61914960629921
1985-04-12,1.40677544971307,4.55341047048569,1.50487146762542,3.28,1.11571653543307
1985-04-13,4.08329433202744,5.53162399927775,1.93149916438186,2.87,0.976251968503937
1985-04-14,1.87496764461199,5.41019360224406,1.87400285004852,2.64,0.898015748031496
1985-04-15,5.90914483865102,4.37929902474086,1.64426728437565,2.56,0.870803149606299
1985-04-16,2.37382022539775,5.84298038482666,1.82701190569663,2.58,0.877606299212599
1985-04-17,0.00488988383828352,5.45618824164073,1.91107188093978,2.54,0.864
1985-04-18,0.00438735142233782,6.45936278502146,2.61509298958483,2.41,0.819779527559055
1985-04-19,0,8.15702474117279,2.97836872621744,2.21,0.751748031496063
1985-04-20,0,11.2424835364024,3.9559892985694,2.13,0.724535433070866
1985-04-21,6.1202192834268e-05,13.9862364927928,4.24950087987889,2.15,0.731338582677165
1985-04-22,0,13.1989989280701,3.62779035202656,2.09,0.710929133858268
1985-04-23,3.12900235752265,9.3059979279836,2.11314122862762,2.19,0.744944881889764
1985-04-24,0.0350716307293624,1.63552368680636,1.78751459069018,2.18,0.741543307086614
1985-04-25,0.0697544373882314,5.92144127686818,3.21459304038032,2.1,0.714330708661417
1985-04-26,0.44919971190393,2.7799865603447,1.5824551617891,2.14,0.727937007874016
1985-04-27,6.59911612669627,6.28490726153056,2.7950376925729,2.1,0.714330708661417
1985-04-28,1.00567157069842,1.45608361562093,1.82646821587634,2.23,0.758551181102362
1985-04-29,0.630831015606721,2.73718198140462,1.7522118394799,2.24,0.761952755905512
1985-04-30,4.58736364046733,5.63833844661713,1.8962237217636,2.12,0.721133858267717
1985-05-01,13.1047383546829,8.76352151234945,2.03287685553635,2.64,0.898015748031496
1985-05-02,9.09508417050044,3.60440740982691,1.86096299494382,5.69,1.93549606299213
1985-05-03,0.423544426759084,3.21667790412903,1.79549420279512,7.66,2.6056062992126
1985-05-04,0.000679343640816417,6.67495850721995,3.20018217995653,4.29,1.45927559055118
1985-05-05,0.00121833729955749,9.69332098960876,2.95049903607212,3.25,1.10551181102362
1985-05-06,0.0329527587940296,14.1420107682546,4.55223213911227,2.82,0.959244094488189
1985-05-07,16.0369879404704,14.077753384908,3.33339243063371,2.77,0.942236220472441
1985-05-08,25.669114112854,8.62621212005615,1.96768827569632,6.09,2.07155905511811
1985-05-09,12.8802240689596,8.53891324996948,1.55849722317819,11.1,3.77574803149606
1985-05-10,0.215803655485312,10.8809806505839,2.89415303203082,5.84,1.98651968503937
1985-05-11,1.27493100687085e-05,13.8687538305918,3.99313765653786,4.18,1.42185826771654
1985-05-12,8.48184371686026e-06,15.1513339678446,4.67568224351217,3.43,1.16674015748032
1985-05-13,0.0451458302559331,17.7322834332784,4.97525996537954,3.15,1.07149606299213
1985-05-14,2.7632496158282,15.9492812156677,3.98832978819891,2.94,1.00006299212598
1985-05-15,0.00383891863748431,13.0491216182709,2.95872445024243,2.8,0.95244094488189
1985-05-16,0.0624772552400827,15.6725732485453,4.66243339224123,2.72,0.925228346456693
1985-05-17,0.0111059454405525,16.5263679822286,4.04680062115893,2.62,0.891212598425197
1985-05-18,16.0641341209412,14.3519109884898,3.17840482015739,2.63,0.894614173228346
1985-05-19,1.96494898200035,14.1590355237325,3.22057742043669,3.32,1.12932283464567
1985-05-20,11.5724894205729,14.7201321125031,3.41660301564056,2.78,0.945637795275591
1985-05-21,16.04736328125,12.454785267512,2.33213690030153,5.9,2.00692913385827
1985-05-22,10.8871515989304,9.64985410372416,2.47601476031151,9.18,3.12264566929134
1985-05-23,1.04019661992788,10.2292418479919,3.30003742360861,7.27,2.47294488188976
1985-05-24,1.03135642651372e-05,13.8132205804189,4.89949718047051,3.82,1.29940157480315
1985-05-25,0,17.2432149251302,5.39466561929658,3.18,1.08170078740157
1985-05-26,0,19.37327003479,5.78909137645345,2.86,0.972850393700787
1985-05-27,20.5034058888753,18.6720905303955,5.47082743263855,3.03,1.03067716535433
1985-05-28,26.1336139043172,15.5069957574209,3.43908770072286,4.77,1.62255118110236
1985-05-29,2.20606038967768,13.1715077559153,1.85162507434294,6.26,2.12938582677165
1985-05-30,0.0279049400996882,13.6726101239522,2.59641271803748,4,1.36062992125984
1985-05-31,0.000294134758102397,15.9454895655314,4.49181610646496,3.26,1.10891338582677
1985-06-01,0.000267633381819602,15.8429935773214,4.60505688717624,2.92,0.993259842519685
1985-06-02,0.0233758054673672,14.3223334948222,4.08015616781575,2.64,0.898015748031496
1985-06-03,2.65027404111606e-06,17.0010566711426,4.87892891622972,2.59,0.881007874015748
1985-06-04,0.0085607721315076,19.2448582649231,5.81649625334839,2.71,0.921826771653543
1985-06-05,1.12662037461996,20.1692156791687,5.25733402445746,2.71,0.921826771653543
1985-06-06,3.78715286652247,18.8907492955526,5.13892426635961,2.6,0.884409448818898
1985-06-07,5.36664005120595,15.2934399445852,2.9345986603636,2.67,0.908220472440945
1985-06-08,3.34649797777335,9.31798529624939,2.75877149971533,2.66,0.904818897637795
1985-06-09,0.163136278303379,10.6464312871297,3.43601831029265,2.74,0.932031496062992
1985-06-10,7.7465337117513,9.67897478739421,3.03683961492538,2.64,0.898015748031496
1985-06-11,2.27668380737305,10.3381017843882,3.07269076948654,2.96,1.00686614173228
1985-06-12,0.241377615951933,12.7914344469706,3.76907897653722,2.77,0.942236220472441
1985-06-13,0.0640993845784881,12.1541638374329,3.29308974007001,2.67,0.908220472440945
1985-06-14,15.0188301404317,14.9728368918101,5.24502965043384,2.59,0.881007874015748
1985-06-15,3.88794674475988,10.279594818751,2.97687738169671,4.01,1.36403149606299
1985-06-16,0.0224898531062839,11.5205401579539,3.91557280459169,3.95,1.34362204724409
1985-06-17,0.379859289309631,11.3001721700033,3.16866224317,2.95,1.00346456692913
1985-06-18,0.0140256626234532,11.7078596750895,3.43271173810108,2.74,0.932031496062992
1985-06-19,5.6299368540446,15.4331036408742,5.20940216739051,2.48,0.843590551181102
1985-06-20,1.84513575832049,11.6578985055288,2.77894265824569,2.63,0.894614173228346
1985-06-21,0.427211616188288,13.916131734848,3.80978037728913,2.61,0.887811023622047
1985-06-22,9.9813617070516,12.4855063756307,2.69711563627115,2.72,0.925228346456693
1985-06-23,1.37932058175405,12.0637154579163,2.93815211674584,3.31,1.12592125984252
1985-06-24,7.60662972927094,12.5426781972249,3.30833744250955,3.16,1.07489763779528
1985-06-25,0.126678730283553,13.3644074598948,3.45784472227106,3.53,1.20075590551181
1985-06-26,5.91506552696228,13.9515660603841,3.69672791577313,3.18,1.08170078740157
1985-06-27,1.94112216929595,12.2771547635396,3.18728752437748,3.09,1.05108661417323
1985-06-28,0.394363313913345,13.1151143709819,3.55746975251499,3.17,1.07829921259843
1985-06-29,4.60938535222037e-06,15.7367981274923,4.60692352041881,2.89,0.983055118110236
1985-06-30,4.10156479477882,18.1078515052795,5.74044485871858,2.62,0.891212598425197
1985-07-01,13.5281744003296,15.9351532459259,3.9637969825611,3.27,1.11231496062992
1985-07-02,0.123941787596171,14.9108089605967,3.61863074851807,3.41,1.15993700787402
1985-07-03,0,17.2172597249349,5.3400974132481,2.72,0.925228346456693
1985-07-04,0.0121147682681719,18.6898964246114,5.24124443708602,2.33,0.792566929133858
1985-07-05,0.0264813870502015,18.0851553281148,4.5982801693324,2.28,0.77555905511811
1985-07-06,7.86512637138367,17.3997775713603,3.45689498907836,2.45,0.833385826771654
1985-07-07,0.0093585808572243,16.5262587865194,3.5715549429061,3.32,1.12932283464567
1985-07-08,0.0453914949127162,16.0464952786763,4.6966728325578,2.47,0.840188976377953
1985-07-09,2.70974521835645,15.6031793753306,4.63746247186029,2.34,0.795968503937008
1985-07-10,0.0130599228626428,15.2565890947978,3.73528485892789,2.18,0.741543307086614
1985-07-11,8.34651533902312e-06,15.9352593421936,4.46396182604468,2.15,0.731338582677165
1985-07-12,0,17.9784606297811,5.38917407898249,2.14,0.727937007874016
1985-07-13,1.80183277886196e-05,19.872340520223,5.74024978047624,2.16,0.734740157480315
1985-07-14,4.55692442258199,23.0414996147156,6.72795686729649,2.19,0.744944881889764
1985-07-15,2.24394656221072,19.6125500996908,4.405291191632,2.12,0.721133858267717
1985-07-16,7.52032955487569,18.2949288686117,4.5215681866948,2.47,0.840188976377953
1985-07-17,0.023953505888206,18.7036379178365,4.27977345690015,2.64,0.898015748031496
1985-07-18,6.47637548049291,21.0156515439351,5.97072049808571,2.37,0.806173228346457
1985-07-19,0.1863566354538,19.8051021893819,4.31073824739046,2.19,0.744944881889764
1985-07-20,1.41650195916494,17.2691955566406,3.73252108327796,2.37,0.806173228346457
1985-07-21,1.52849829693635,13.745406071345,2.91599083076631,2.24,0.761952755905512
1985-07-22,2.46379165673716e-05,17.2926694552104,5.27745844256558,2.21,0.751748031496063
1985-07-23,0,19.1729809443156,4.88165593051785,2.17,0.738141732283465
1985-07-24,0,19.0834724108378,4.976365226232,2.13,0.724535433070866
1985-07-25,0.000129159394418821,20.8022526105245,5.67332037302568,2.12,0.721133858267717
1985-07-26,1.7507023193466,23.484570980072,6.23352914578671,2.04,0.69392125984252
1985-07-27,0.00577638837664078,19.5282079378764,3.62341331265254,2,0.680314960629921
1985-07-28,3.99612268805504,22.373698870341,5.6541240043345,1.94,0.659905511811024
1985-07-29,5.16440721352895,17.0967739423116,4.13264331337642,2.24,0.761952755905512
1985-07-30,4.1949018239975,16.6255629857381,3.45949743742736,2.4,0.816377952755906
1985-07-31,3.57222443819046,15.0822971661886,3.11390840335331,2.13,0.724535433070866
1985-08-01,1.60776584347089,15.9576397736867,4.03309473867237,2.23,0.758551181102362
1985-08-02,0.0188553455712584,15.77485815684,3.53702297590352,2.01,0.683716535433071
1985-08-03,1.32528753578663,17.9318544069926,4.97429504614156,1.96,0.666708661417323
1985-08-04,0.157837815311116,15.9398910204569,3.28723048461839,1.93,0.656503937007874
1985-08-05,14.0480031172434,20.6648619969686,5.54926499163003,1.93,0.656503937007874
1985-08-06,27.9813938140869,11.286060889562,2.98434458646414,2.72,0.925228346456693
1985-08-07,0.26234723146384,11.8545515537262,2.61969675501504,3.24,1.10211023622047
1985-08-08,0.0175586627786591,13.6392155488332,3.2290493864665,2.54,0.864
1985-08-09,0.00296960605191998,17.3819681803385,4.72804287441287,2.1,0.714330708661417
1985-08-10,4.15581143895785,15.1610919634501,4.23391906100129,2.04,0.69392125984252
1985-08-11,0.0289867474930361,17.2306437492371,4.40574750946156,2.25,0.765354330708661
1985-08-12,6.7754111289978,20.1734011967977,4.90372106529311,2.11,0.717732283464567
1985-08-13,0.00173022612580098,21.1402948697408,4.99632842232638,2.28,0.77555905511811
1985-08-14,0.000313671639257033,22.6398547490438,5.28771390474829,2.04,0.69392125984252
1985-08-15,8.34623066584269,21.3592305183411,4.79084239720822,2.01,0.683716535433071
1985-08-16,8.87150243918101,18.2696153322856,3.804833908228,2.26,0.768755905511811
1985-08-17,7.52329607804616,14.4601758321126,2.23500122818021,2.98,1.01366929133858
1985-08-18,0.17464253709962,14.1891173521678,3.27023752744082,2.71,0.921826771653543
1985-08-19,3.15144192179044,17.9545644124349,4.42576568274033,2.22,0.755149606299213
1985-08-20,0.0476811644233142,16.0185401439667,3.04930597398549,2.15,0.731338582677165
1985-08-21,1.41865152158971e-06,17.7986771265666,4.56123485496967,1.86,0.632692913385827
1985-08-22,0.130239830662807,21.0548100471497,5.11602680759125,1.82,0.619086614173228
1985-08-23,0.237630635577564,18.5543182690938,3.32484556859503,1.98,0.673511811023622
1985-08-24,2.32643020153046,20.4866612752279,4.46481767590062,1.83,0.622488188976378
1985-08-25,31.4004162152608,12.9008034865061,2.7376333499214,2.15,0.731338582677165
1985-08-26,16.1812126636505,10.9696809450785,1.56319432166922,6.29,2.1395905511811
1985-08-27,0.0133062419481575,11.6645282109578,2.492600427903,6.61,2.24844094488189
1985-08-28,0,11.7765203317006,3.11616733957672,3.29,1.11911811023622
1985-08-29,0,12.9391113122304,3.35740172004416,2.62,0.891212598425197
1985-08-30,0,15.4580070177714,3.79672548991767,2.22,0.755149606299213
1985-08-31,1.00671388208866,17.5763400395711,4.2020056243648,2.17,0.738141732283465
1985-09-01,3.8195835351944,16.6336046854655,2.69159282461665,2.14,0.727937007874016
1985-09-02,0.143855016911402,14.7747546037038,3.1865547297325,2.15,0.731338582677165
1985-09-03,14.875049829483,13.6357190608978,2.78119737502028,2.23,0.758551181102362
1985-09-04,0.222483872125546,12.9352809588114,2.0460327245964,3.1,1.05448818897638
1985-09-05,17.9551930427551,14.6269382635752,3.03169921790661,3.29,1.11911811023622
1985-09-06,0.0623047462237688,10.909428358078,2.1219761699125,3.84,1.30620472440945
1985-09-07,0.0452360699127894,8.92602666219076,2.40271588828981,3.22,1.09530708661417
1985-09-08,3.45260917147001,10.8167846997579,2.68217479588519,2.47,0.840188976377953
1985-09-09,0.665419186155001,9.21183125178019,1.98145803293088,2.39,0.812976377952756
1985-09-10,3.50487049824248e-05,9.09288716316223,2.57013023066399,2.35,0.799370078740158
1985-09-11,2.65060142131309e-06,12.4919443925222,3.26217661897007,2.23,0.758551181102362
1985-09-12,5.86749411013443e-06,13.2290809949239,3.05855468891557,2.22,0.755149606299213
1985-09-13,0.00132428031065501,14.4168038368225,3.2847610832271,2.16,0.734740157480315
1985-09-14,0.00436311473883203,13.5662662188212,2.05299442748941,2.12,0.721133858267717
1985-09-15,4.00093050301075,11.5159644285838,1.84859398618536,2.15,0.731338582677165
1985-09-16,0.000206426680153508,11.1453768412272,1.9265824044855,2.16,0.734740157480315
1985-09-17,0.200519328936934,15.4030251502991,2.70454738897412,2.08,0.707527559055118
1985-09-18,4.41716838395223e-06,16.2367426554362,2.85516982993294,2.26,0.768755905511811
1985-09-19,0,17.1790059407552,3.31157969677559,2.18,0.741543307086614
1985-09-20,0.00036230004676933,16.98552831014,3.12950804274764,2.15,0.731338582677165
1985-09-21,0,17.7672063509623,2.95772509007738,2.03,0.69051968503937
1985-09-22,0,18.3637646039327,2.73739855214644,2.01,0.683716535433071
1985-09-23,0.098895743401954,17.0949759483337,2.91609157594905,1.98,0.673511811023622
1985-09-24,0.000642313316348009,16.025590022405,2.78362667166615,1.95,0.663307086614173
1985-09-25,0.00830559708022823,14.7677083015442,2.47849446439881,1.95,0.663307086614173
1985-09-26,2.18809291254729e-05,13.3684335549672,2.27685908269051,1.95,0.663307086614173
1985-09-27,9.74695603872533e-06,13.0691765149434,2.54250605281578,2.01,0.683716535433071
1985-09-28,0,13.4240969022115,2.5384639212116,2.03,0.69051968503937
1985-09-29,1.69757671149758e-05,12.1194871266683,2.3189600652301,2.02,0.687118110236221
1985-09-30,0,12.0735538800557,2.44001266329323,1.99,0.676913385826772
1985-10-01,2.88929789652078e-05,13.8967475096385,2.66568321377471,1.98,0.673511811023622
1985-10-02,0.000286851425092512,15.4878459771474,2.39708900678046,1.96,0.666708661417323
1985-10-03,0,16.5004453659058,2.71309405509282,1.98,0.673511811023622
1985-10-04,1.21014628954678e-05,16.1554083824158,2.611486436164,1.98,0.673511811023622
1985-10-05,1.91044598103811,15.9418865044912,2.25649370580261,1.82,0.619086614173228
1985-10-06,0.0010236218489202,13.8999439080556,1.39301202424396,1.88,0.639496062992126
1985-10-07,0.113398002150158,13.5924350420634,1.68925387559344,1.96,0.666708661417323
1985-10-08,1.80647834390402,10.2288822333018,1.32515222234088,2.07,0.704125984251968
1985-10-09,0.18557240255177,9.53410092989604,1.46494445917125,1.99,0.676913385826772
1985-10-10,0.000589064169616904,10.5137224197388,1.21573795712628,1.99,0.676913385826772
1985-10-11,6.58577995030403e-05,10.3213455677032,1.85105353687525,1.91,0.649700787401575
1985-10-12,0.652472473680973,10.0211764176687,1.72047111860749,1.98,0.673511811023622
1985-10-13,0.0108497084002011,5.43899965286255,1.27060038016684,1.91,0.649700787401575
1985-10-14,0.0812989122544726,7.60269474983215,1.39240353736792,1.79,0.60888188976378
1985-10-15,2.22404277324677,8.9040592511495,0.785859758189905,1.78,0.60548031496063
1985-10-16,0.00895055278184979,5.25404715538025,1.01474221490622,1.81,0.615685039370079
1985-10-17,0.00828106073943976,5.11398979028066,1.16862152219575,1.77,0.60207874015748
1985-10-18,0.0153549797832966,6.34914823373159,1.22579829103749,1.69,0.574866141732283
1985-10-19,0.253977263210497,6.61144093672435,0.836425207768451,1.77,0.60207874015748
1985-10-20,0.000649684176702673,5.14870961507161,1.05416966204806,1.62,0.551055118110236
1985-10-21,0.0198897594576313,3.49125373363495,0.861764211315778,1.65,0.561259842519685
1985-10-22,0.000243625116430242,3.47405912478765,0.612325867996992,1.69,0.574866141732283
1985-10-23,0,5.72673857212067,0.946227731773161,1.68,0.571464566929134
1985-10-24,8.52483354568297e-05,4.41033228238424,0.923352208834695,1.63,0.554456692913386
1985-10-25,1.45831923627308e-05,2.72114700078964,0.997703624948046,1.67,0.568062992125984
1985-10-26,0,2.75402611494064,1.08429938766586,1.76,0.598677165354331
1985-10-27,0.0491888941081318,1.76680748661359,0.940946852954524,1.68,0.571464566929134
1985-10-28,0.0501624095874528,0.689639071623484,0.592892322734785,1.71,0.581669291338583
1985-10-29,0.00115379231283441,-0.327696458126108,0.294440429154481,1.73,0.588472440944882
1985-10-30,0.104916317466026,0.839553351203601,0.44851482207976,1.8,0.612283464566929
1985-10-31,2.24973166982333,3.7586731115977,0.895915603162854,1.78,0.60548031496063
1985-11-01,4.63177851835887,5.30843067169189,0.795208094406945,1.78,0.60548031496063
1985-11-02,3.0596047838529,4.80282044410706,0.664585867958167,2.02,0.687118110236221
1985-11-03,0.0302741666285632,1.57210891445478,0.627249598926329,1.89,0.642897637795276
1985-11-04,1.44948196411133,2.11923723419507,0.737096738455855,1.78,0.60548031496063
1985-11-05,15.3209776083628,10.4353977044423,1.36799183019493,1.73,0.588472440944882
1985-11-06,0.86698276301225,3.44881075620651,0.809698768984541,2.43,0.826582677165354
1985-11-07,0.00317462231214449,5.46908005078634,0.730347036020706,2.26,0.768755905511811
1985-11-08,15.6407248179118,6.25477103392283,0.716914782467266,1.97,0.670110236220472
1985-11-09,2.59535224239031,11.9876345793406,1.0738162125782,2.86,0.972850393700787
1985-11-10,8.78849411010742,7.34816145896912,0.794580494963033,2.36,0.802771653543307
1985-11-11,0.012575057548626,0.12187510356307,0.493389863306197,3.36,1.14292913385827
1985-11-12,3.19076562921206,-0.113041085889563,0.480126990045572,2.56,0.870803149606299
1985-11-13,10.5141844352086,-1.16294656693935,0.237011730658562,2.08,0.707527559055118
1985-11-14,0.272613894194365,-1.69108570118745,0.353351742662667,2.1,0.714330708661417
1985-11-15,0.0390724961956342,-3.8007749915123,0.349973142178009,1.96,0.666708661417323
1985-11-16,7.17267618881579e-05,-3.89482231934865,0.234322673883731,2.14,0.727937007874016
1985-11-17,0.00174825538245689,-3.43953702847163,0.227131349963643,1.93,0.656503937007874
1985-11-18,0.0789313698575522,-4.90520071983337,0.242077455433555,1.86,0.632692913385827
1985-11-19,0.0129890205862466,-3.5531929731369,0.21727113174446,1.88,0.639496062992126
1985-11-20,4.00512284040451,-1.85360919435819,0.24421488246407,1.87,0.636094488188976
1985-11-21,5.44700555006663,-3.27374651034673,0.290723631321934,1.88,0.639496062992126
1985-11-22,2.03353727857272,-3.86034985383352,0.298280227987478,1.77,0.60207874015748
1985-11-23,0.263075415758067,-4.45984284083049,0.273951545246844,1.8,0.612283464566929
1985-11-24,1.2515769948562,-3.1050962805748,0.209016508834675,1.78,0.60548031496063
1985-11-25,1.31886859238148,-2.50832003355026,0.140714044320657,1.74,0.591874015748032
1985-11-26,0.155938132355611,-4.32934842507045,0.172351578472766,1.85,0.629291338582677
1985-11-27,0.00114779080498314,-7.22138396898905,0.285170340016954,1.81,0.615685039370079
1985-11-28,1.00969618807236,-1.80914484461149,0.474206632595992,1.86,0.632692913385827
1985-11-29,5.26154788335164,-2.76268712679545,0.412653875326196,1.76,0.598677165354331
1985-11-30,5.32834617296855,2.65311421950658,0.427508663759005,1.94,0.659905511811024
1985-12-01,0.205252956598997,2.98924382527669,0.508763193940138,4.89,1.66337007874016
1985-12-02,0.022139386938458,4.34555876255035,0.611211363830881,4.53,1.54091338582677
1985-12-03,3.32532217726111e-05,7.18421145280202,0.733591266418445,3.69,1.2551811023622
1985-12-04,6.56580342971817e-05,7.05214619636536,0.673762744724761,3.15,1.07149606299213
1985-12-05,0.0158942275156733,5.57497064272563,0.75184638855831,2.81,0.955842519685039
1985-12-06,8.58563140961148e-05,6.59817679723104,0.58302649736825,2.54,0.864
1985-12-07,0.0057791278231889,6.48686007658641,0.589269119512292,2.33,0.792566929133858
1985-12-08,0.000284969896407953,4.48457002639771,0.500375645504995,2.22,0.755149606299213
1985-12-09,5.51034267743429,3.19581202665965,0.462768464149653,2.09,0.710929133858268
1985-12-10,2.95523119966189,1.45977688829104,0.356707311495498,2.24,0.761952755905512
1985-12-11,0.14917406377693,0.119651244332393,0.309257068999705,2.47,0.840188976377953
1985-12-12,0.0976628732557098,-0.30852655461058,0.218572841460484,2.27,0.772157480314961
1985-12-13,1.22006143629551,-0.796707769234975,0.236017235774449,2.23,0.758551181102362
1985-12-14,0.448549018551906,3.21659725904465,0.402964468658992,2.09,0.710929133858268
1985-12-15,2.63422166307767,6.37184766928355,0.382919195705128,2.11,0.717732283464567
1985-12-16,2.44237877925237,7.03356953461965,0.381530019553936,2.22,0.755149606299213
1985-12-17,0.0117459170530007,4.77003602186839,0.368135445126395,2.25,0.765354330708661
1985-12-18,5.75027734041214,4.40515013535817,0.279215101887829,2.3,0.782362204724409
1985-12-19,0.11936144643308,4.0044559041659,0.292848811598343,2.62,0.891212598425197
1985-12-20,0.0033614508259537,3.91985603173574,0.245066751344716,2.52,0.857196850393701
1985-12-21,6.418022167054e-07,2.88658779859543,0.562215355279853,2.26,0.768755905511811
1985-12-22,0,0.397257034666836,0.470831663108625,2.09,0.710929133858268
1985-12-23,9.58717085571455e-07,0.716862969100475,0.491200754298279,2.05,0.697322834645669
1985-12-24,0.0128182947094804,-0.886995484431585,0.260746019193283,1.99,0.676913385826772
1985-12-25,0.419520271321138,3.03102614482244,0.541303799034092,1.93,0.656503937007874
1985-12-26,0.0279962739829595,4.79690118630727,0.401003507856489,1.93,0.656503937007874
1985-12-27,3.46419467528661,3.83874656756719,0.34937718006471,1.94,0.659905511811024
1985-12-28,10.2245499293009,2.29476447900136,0.266964959335089,2.06,0.700724409448819
1985-12-29,2.91712574164073,-2.53985579808553,0.391265295206669,2.92,0.993259842519685
1985-12-30,0.00057807935687985,-5.21509106953939,0.260037500851695,2.61,0.887811023622047
1985-12-31,0.000386559743977462,-6.26603662967682,0.198798327387981,2.4,0.816377952755906
1986-01-01,2.34272647897402,-5.40248235066732,0.223673588917768,2.12,0.721133858267717
1986-01-02,0.165816524066031,0.915605808297793,0.570317489225986,1.99,0.676913385826772
1986-01-03,1.8120919863383,1.84970511992772,0.446559795338235,2.07,0.704125984251968
1986-01-04,0.0951429420771698,-2.22188750902812,0.313685247519643,1.97,0.670110236220472
1986-01-05,0.0397606202944492,-1.4560090303421,0.396117154872274,1.97,0.670110236220472
1986-01-06,0.303449509044488,-0.0380731051166852,0.307458946232775,1.9,0.646299212598425
1986-01-07,0.113159200331817,-2.59746887286504,0.346818665770478,1.91,0.649700787401575
1986-01-08,2.61647202571233,-4.0186731616656,0.297018369972458,1.88,0.639496062992126
1986-01-09,2.20929443339507,-2.64205519358317,0.189273557636453,1.82,0.619086614173228
1986-01-10,5.93402349948883,-0.648115605115891,0.342329600278525,1.82,0.619086614173228
1986-01-11,13.7496576309204,2.47967688242594,0.310071502404224,2.85,0.969448818897638
1986-01-12,1.27439636985461,1.16031271219254,0.209715355465927,6.67,2.26885039370079
1986-01-13,8.2897185087204,2.97099715471268,0.324654696981392,3.88,1.31981102362205
1986-01-14,11.6662913163503,4.90572718779246,0.44770312573418,7.37,2.50696062992126
1986-01-15,3.47252644101779,1.9320596853892,0.350248531039764,8.1,2.75527559055118
1986-01-16,5.23512391249339,-0.51933545495073,0.302554518623851,4.35,1.47968503937008
1986-01-17,2.23413962125778,-2.69638180732727,0.263188783019929,3.4,1.15653543307087
1986-01-18,10.5977501869202,0.208352066731701,0.513583379859434,2.89,0.983055118110236
1986-01-19,4.19943475723267,7.82625607649485,0.640798733571522,5.31,1.80623622047244
1986-01-20,0.0793663129055252,2.13729387521744,0.58454469170459,5.06,1.7211968503937
1986-01-21,0.0232175348016123,0.394324460687737,0.469680827883263,3.52,1.19735433070866
1986-01-22,0.461343035101891,2.57809678713481,0.507859127892677,2.85,0.969448818897638
1986-01-23,15.0626177787781,4.99883902072906,0.503130755778561,2.76,0.938834645669291
1986-01-24,2.21811965107918,0.155731119991591,0.482672011901233,7.94,2.70085039370079
1986-01-25,5.30203298727671,-1.77968859672546,0.248352684792854,4.42,1.50349606299213
1986-01-26,1.13875087102254,-4.07533709208171,0.374971756016863,3.17,1.07829921259843
1986-01-27,0.187966496994098,-8.20011472702026,0.274268639379912,2.83,0.962645669291339
1986-01-28,0.160427069291472,-4.41806916395823,0.525412368675939,2.68,0.911622047244095
1986-01-29,4.20379486361829e-06,-3.8516872326533,0.396867423167151,2.47,0.840188976377953
1986-01-30,1.22732150581821e-05,-0.198430156645676,0.661603324025043,2.43,0.826582677165354
1986-01-31,0.00691583133205616,2.0678509871165,0.563512483660785,2.3,0.782362204724409
1986-02-01,0.0173240945441648,0.878235114117463,0.56638958390152,2.3,0.782362204724409
1986-02-02,7.94489023216253e-05,-0.625067134698232,0.441585526920265,2.18,0.741543307086614
1986-02-03,2.87043755330766e-05,-0.407036184954147,0.269559982773729,2.1,0.714330708661417
1986-02-04,0.00206182237404088,-2.16040126482646,0.37300892885124,2.13,0.724535433070866
1986-02-05,0.0253474969261636,-3.17314658562342,0.415609390437865,2.07,0.704125984251968
1986-02-06,0.0730011070457598,-3.37947078545888,0.290166962654341,2.05,0.697322834645669
1986-02-07,0.146605838711063,-6.29061098893483,0.257020158623366,2.04,0.69392125984252
1986-02-08,0.240818352729548,-11.2406980991364,0.232279087117374,1.85,0.629291338582677
1986-02-09,2.3595681587855,-12.0798296133677,0.176938941979545,2.49,0.846992125984252
1986-02-10,2.21567580103874,-11.769679069519,0.176416742355296,1.99,0.676913385826772
1986-02-11,0.243176804700245,-8.75011607011159,0.29396365415478,2.17,0.738141732283465
1986-02-12,0.00424271006825923,-8.49841205279032,0.335717826119261,2.55,0.86740157480315
1986-02-13,0.00460023867587249,-8.39604194959005,0.404351812321798,2.74,0.932031496062992
1986-02-14,0.0270606658887118,-8.73027547200521,0.293256053747901,2.55,0.86740157480315
1986-02-15,0.000510311914695194,-6.01241441567739,0.511168636782842,2.22,0.755149606299213
1986-02-16,0.00205840638227528,-4.55775241057078,0.537133162404633,2.04,0.69392125984252
1986-02-17,3.64247332016627,-3.86914362510045,0.537762529456113,1.93,0.656503937007874
1986-02-18,4.30862622459729,-3.8770569562912,0.386466700266677,1.9,0.646299212598425
1986-02-19,0.392953120172024,-5.03804242610931,0.325372245422728,1.92,0.653102362204724
1986-02-20,0.104988663767775,-6.55517562230428,0.389507739081204,1.89,0.642897637795276
1986-02-21,0.0162450167311666,-9.65761892000834,0.348886783377262,1.79,0.60888188976378
1986-02-22,1.85195429126422,-9.87393999099731,0.49670063462304,2.31,0.785763779527559
1986-02-23,10.1414361000061,-6.76141707102458,0.428823780668904,2.89,0.983055118110236
1986-02-24,0.0303386033823093,-10.2299931049347,0.332095416049216,2.27,0.772157480314961
1986-02-25,0.00226161514850295,-11.5382839043935,0.256462503875186,2.39,0.812976377952756
1986-02-26,0.00101731724316778,-11.5008798440297,0.287444539798439,2.17,0.738141732283465
1986-02-27,0.000514921334494526,-10.4675265947978,0.38241424245231,2.15,0.731338582677165
1986-02-28,0.00102752288027356,-6.8740139802297,0.464471692247945,2.2,0.748346456692914
1986-03-01,0.00352373963316192,-4.00368305047353,0.591250596043062,2.05,0.697322834645669
1986-03-02,0.00525392232763503,-3.38693028688431,0.642411957084164,1.92,0.653102362204724
1986-03-03,0.44602128614982,-1.85127365589142,0.727268008270745,1.89,0.642897637795276
1986-03-04,1.0464057015876,0.288866572547704,0.824956828980354,1.91,0.649700787401575
1986-03-05,1.47382629414399,3.60822737216949,1.0712899426436,2.16,0.734740157480315
1986-03-06,1.03443546841542,4.33341487248739,1.39493221617275,2.38,0.809574803149606
1986-03-07,0.542127088954051,1.46902185678482,0.854119432123975,3.12,1.06129133858268
1986-03-08,1.55481553077698,0.778403401374817,0.558191060435042,3.28,1.11571653543307
1986-03-09,0.00238695548371955,1.26116516689459,0.627638398941143,2.83,0.962645669291339
1986-03-10,0.000139334824496018,1.74859056870143,0.707582917147644,2.99,1.01707086614173
1986-03-11,0.0671630802874764,2.09079995751381,0.603157687942787,3.16,1.07489763779528
1986-03-12,0.147497123107314,1.43602486451467,0.448594118245651,3.59,1.22116535433071
1986-03-13,0.0833806547646721,1.50582872827848,0.579819703248939,3.03,1.03067716535433
1986-03-14,0.000470301741946362,2.57824589808782,1.04259843560992,2.98,1.01366929133858
1986-03-15,8.77517413755413e-06,3.27889639139175,1.09681789305127,3.32,1.12932283464567
1986-03-16,0.000144977092835082,3.36996434132258,1.646009476294,3.22,1.09530708661417
1986-03-17,1.27124963000824e-06,4.23499566316605,1.80200409184304,2.79,0.94903937007874
1986-03-18,0.000520038665854372,3.8506868481636,1.70295306770709,2.57,0.874204724409449
1986-03-19,0.00381209498057918,3.4185599287351,1.75157121500013,2.44,0.829984251968504
1986-03-20,4.83116777737935,4.5190353790919,1.7975687812981,2.33,0.792566929133858
1986-03-21,2.96858973304431,1.67623183131218,0.880871055146816,2.42,0.823181102362205
1986-03-22,1.59608725458384,1.50312898556391,1.16920220682488,2.71,0.921826771653543
1986-03-23,7.04249982039134,4.63494328657786,1.58134268182521,2.6,0.884409448818898
1986-03-24,7.21258827050527,6.90050192674001,1.70040281378019,3.42,1.16333858267717
1986-03-25,1.87846109271049,2.13442080219587,1.4466907306492,4.6,1.56472440944882
1986-03-26,0.00870333527564071,2.34271618723869,1.32451853683242,3.23,1.09870866141732
1986-03-27,0.0303874421321477,6.16036510467529,2.16079159653347,2.76,0.938834645669291
1986-03-28,2.17363106211027,6.93470994631449,2.36541207233757,2.53,0.86059842519685
1986-03-29,0.636554988722006,5.73853353659312,1.70687706563852,2.44,0.829984251968504
1986-03-30,0.625337113936742,4.425324122111,1.32688516087616,2.34,0.795968503937008
1986-03-31,2.05056471625964,9.69501940409342,2.36209177281894,2.2,0.748346456692914
1986-04-01,0.0178771355034163,6.65447799364726,1.90114919843598,2.2,0.748346456692914
1986-04-02,0.00632229162147269,6.68457472324371,2.20535112831786,2.16,0.734740157480315
1986-04-03,11.6403830051422,6.55736720561981,1.95449073693732,2.16,0.734740157480315
1986-04-04,1.48328921323021,2.45210380355517,1.09266997332258,2.7,0.918425196850394
1986-04-05,1.32969638705254,1.53940491875013,0.825093932888478,2.62,0.891212598425197
1986-04-06,0,3.71480856339137,1.18464865916789,2.58,0.877606299212599
1986-04-07,0,11.8681407769521,3.42867723343137,2.43,0.826582677165354
1986-04-08,0.00054151940275915,12.6400082906087,3.44443877421897,2.26,0.768755905511811
1986-04-09,3.52113284667333,10.523002465566,2.98474915201061,2.31,0.785763779527559
1986-04-10,3.3165095448494,1.06283197303613,1.34063774597323,4.02,1.36743307086614
1986-04-11,2.01046149432659,-2.47687568267186,0.903640353751998,3.49,1.18714960629921
1986-04-12,2.96626152098179,-2.65184545516968,0.689646558784462,3.04,1.03407874015748
1986-04-13,0.0514432699419558,-1.90473053852717,1.21196168784023,2.91,0.989858267716536
1986-04-14,8.17554515037955e-05,2.8251890540123,2.06184205964149,3.08,1.04768503937008
1986-04-15,3.17706047402074e-05,7.31441501776377,2.67183777949527,2.84,0.966047244094488
1986-04-16,0.413024564972147,8.68225653966268,3.19736553644311,2.58,0.877606299212599
1986-04-17,3.92069323857625,5.71722507476807,1.92482149314217,2.41,0.819779527559055
1986-04-18,4.32939851284027,4.29501607020696,1.33374678410843,2.45,0.833385826771654
1986-04-19,6.13275315364202,3.17848269144694,1.43876429502273,2.68,0.911622047244095
1986-04-20,4.91889011859894,4.2532118956248,1.54304124607131,3.35,1.13952755905512
1986-04-21,0.0149044470163062,10.859505256017,3.13633610532589,4.8,1.63275590551181
1986-04-22,0.0054957538935317,6.55846504370372,1.97465559629724,3.3,1.12251968503937
1986-04-23,4.06298907667709e-05,8.80875754356384,2.84574086552869,2.79,0.94903937007874
1986-04-24,1.82334386308988,9.55038857460022,3.20179960634765,2.52,0.857196850393701
1986-04-25,0.0222102980284641,11.5760559240977,2.96801934700695,2.42,0.823181102362205
1986-04-26,4.3644658724467,12.6597442626953,3.49299331525155,2.26,0.768755905511811
1986-04-27,0.0840119684580714,10.4339191118876,2.51627969775588,2.59,0.881007874015748
1986-04-28,7.46163391073545,11.836087067922,2.58230281053478,2.28,0.77555905511811
1986-04-29,15.7877850532532,12.784747282664,2.75541963295815,3.16,1.07489763779528
1986-04-30,14.4902840852737,12.4169057210286,2.54840806569643,4.9,1.66677165354331
1986-05-01,0.00383774236555231,13.5570726394653,3.50934818000448,8.87,3.0171968503937
1986-05-02,0.0104004493526494,14.5801474253337,4.09398076374934,4.03,1.37083464566929
1986-05-03,0.00450172985438257,15.7982064088186,4.49990695850859,2.96,1.00686614173228
1986-05-04,0.00511241093045101,14.9792553583781,3.41190190990042,2.53,0.86059842519685
1986-05-05,2.66712884108225,16.2087967395782,4.35044314594914,2.39,0.812976377952756
1986-05-06,1.45295963560541,16.3912686506907,4.40116117332762,2.38,0.809574803149606
1986-05-07,14.0950489044189,14.7146156628927,3.8098940191151,2.33,0.792566929133858
1986-05-08,2.43981790045897,8.9026513894399,2.60539035773269,3.08,1.04768503937008
1986-05-09,0.519309491539995,10.6707212924957,3.34775043599409,2.82,0.959244094488189
1986-05-10,0.323022320090483,13.0100268522898,3.19442949986507,2.4,0.816377952755906
1986-05-11,3.49754228194555,14.0618396600087,3.44478092383836,2.36,0.802771653543307
1986-05-12,0.00234041832929203,15.1826680501302,4.38319102092457,2.28,0.77555905511811
1986-05-13,0.717963924476256,16.9197441736857,5.02435629912305,2.2,0.748346456692914
1986-05-14,0.865457964440187,14.3642663955688,3.08456627469902,2.17,0.738141732283465
1986-05-15,5.20350841681163,12.608699242274,3.07161162926385,2.07,0.704125984251968
1986-05-16,16.1333374182383,13.0650897026062,3.2078220255503,2.31,0.785763779527559
1986-05-17,0.453547645360231,14.6938763459524,3.34188568835021,3.26,1.10891338582677
1986-05-18,3.84804437557856,18.211652914683,5.16147531068831,2.61,0.887811023622047
1986-05-19,1.11523654560248,17.6342379252116,3.81798718736827,2.58,0.877606299212599
1986-05-20,0.0997938574291766,19.1401254336039,4.81172729818593,2.19,0.744944881889764
1986-05-21,6.27615483601888,16.9021744728088,3.73290367855031,2.09,0.710929133858268
1986-05-22,0.000815223280975867,14.8478319644928,3.48021521801417,2.15,0.731338582677165
1986-05-23,4.39458668728669,18.4041341145833,5.57312891923607,1.95,0.663307086614173
1986-05-24,3.61020461718241,13.0279082457225,3.35033928137281,2.36,0.802771653543307
1986-05-25,0.000232873015193036,14.3952752749125,4.58154450741593,2.31,0.785763779527559
1986-05-26,0.00150600446310515,18.8149340947469,6.14598399167934,2.02,0.687118110236221
1986-05-27,4.10247109333674,18.6916265487671,5.34354546601351,1.94,0.659905511811024
1986-05-28,10.4266712665558,12.9316884676615,2.60909541473067,2.13,0.724535433070866
1986-05-29,9.49584539731344,7.94532827536265,2.18602267671293,2.32,0.789165354330709
1986-05-30,9.92961696783702,6.43748148282369,1.56055758254995,2.31,0.785763779527559
1986-05-31,3.80870028336843,6.9170415798823,2.17867147420114,3.16,1.07489763779528
1986-06-01,3.03086286783218,9.39089759190877,3.657391782866,2.92,0.993259842519685
1986-06-02,1.39320118476947,9.67266829808553,2.21149440068676,2.59,0.881007874015748
1986-06-03,4.2900382677714,11.9431701501211,3.4499087642649,2.89,0.983055118110236
1986-06-04,15.2557419141134,7.98043056329091,2.44136355921629,4.17,1.41845669291339
1986-06-05,3.14754734436671,6.99233428637187,2.28167145640673,6.87,2.33688188976378
1986-06-06,1.43425596753756,7.90329825878143,2.81897663359938,4.23,1.43886614173228
1986-06-07,7.36353794733683,7.36146358648936,1.93281906533826,3.58,1.21776377952756
1986-06-08,0.0350688938715393,11.984809478124,3.56582647554034,3.36,1.14292913385827
1986-06-09,6.56680699269903e-06,15.0599126021067,4.48703839811582,2.93,0.996661417322835
1986-06-10,0.0208618186491852,17.3838775952657,5.68039965179927,2.44,0.829984251968504
1986-06-11,20.5895220438639,11.0882840156555,3.04300310840344,2.36,0.802771653543307
1986-06-12,3.21722334623337,8.96595040957133,1.60145345344911,5.23,1.77902362204724
1986-06-13,1.23705307642619,10.0996070702871,1.53579865993738,4.89,1.66337007874016
1986-06-14,0.412883338828882,15.861634572347,3.31891501188802,3.37,1.14633070866142
1986-06-15,0.000155826679474558,20.6904996236165,5.00668942159963,2.86,0.972850393700787
1986-06-16,0.0521312003644804,20.4421714146932,5.24554039184507,2.56,0.870803149606299
1986-06-17,3.50092461705208,19.7810249328613,5.18499451651395,2.45,0.833385826771654
1986-06-18,2.35394476975004,19.3604458173116,4.63884476352979,2.25,0.765354330708661
1986-06-19,0.360482423566282,20.3915588061015,5.36863638537405,2.26,0.768755905511811
1986-06-20,0.00740299608636027,20.5038715998332,5.02146887951743,3.94,1.34022047244094
1986-06-21,0.00705594930332154,20.5119366645813,4.90446912260729,2.84,0.966047244094488
1986-06-22,0.13516296655871,21.0951398213704,5.46911464895135,2.29,0.77896062992126
1986-06-23,23.0969004631042,20.4311513900757,5.26000353657681,2.23,0.758551181102362
1986-06-24,0,16.9925305048625,3.7070729430325,3.88,1.31981102362205
1986-06-25,4.6302894437152e-06,18.477211634318,5.06443776016108,2.75,0.935433070866142
1986-06-26,0,18.9612488746643,5.08048363725074,2.27,0.772157480314961
1986-06-27,0,19.9464747111003,5.87599852632524,2.14,0.727937007874016
1986-06-28,0,20.901358127594,6.35018711027942,2,0.680314960629921
1986-06-29,0.000549603731390865,20.1192413965861,5.6447317014931,1.98,0.673511811023622
1986-06-30,0,18.3333450953166,4.59295192775593,1.93,0.656503937007874
1986-07-01,0,18.5687794685364,5.22645843514028,1.99,0.676913385826772
1986-07-02,8.9379175430319e-05,20.5952391624451,6.0512089116146,1.89,0.642897637795276
1986-07-03,3.13093002637227,21.3460947672526,6.30375325094355,1.88,0.639496062992126
1986-07-04,0.310463983255128,20.1554261843363,4.53978918670175,2.16,0.734740157480315
1986-07-05,2.68214702606201,21.8231681187948,5.88813088756513,1.89,0.642897637795276
1986-07-06,31.6237745285034,15.5866944789886,3.34599255171188,3.02,1.02727559055118
1986-07-07,3.65115869045258,13.8394354184469,2.81807151084987,3.47,1.18034645669291
1986-07-08,5.71470203002294,11.8349619706472,2.24723643176092,2.72,0.925228346456693
1986-07-09,4.81203774611155,13.242974281311,3.83588957866206,2.62,0.891212598425197
1986-07-10,2.15468147397041,12.8300652503967,2.54755405445667,2.44,0.829984251968504
1986-07-11,7.1193550825119,12.2255909442902,2.82651077955471,2.26,0.768755905511811
1986-07-12,0.00375783579268803,12.7917788823446,3.26106805227837,2.66,0.904818897637795
1986-07-13,0.346873203913371,12.1261633237203,3.5729203119727,2.36,0.802771653543307
1986-07-14,0,13.3762098153432,4.34825071939633,2.2,0.748346456692914
1986-07-15,0,15.8251767158508,5.05039352949183,2.06,0.700724409448819
1986-07-16,0,18.0381905237834,5.34639131668364,1.93,0.656503937007874
1986-07-17,0.000338425268940531,19.5932884216309,5.7301144911018,1.95,0.663307086614173
1986-07-18,6.37205547094345,15.0512092113495,3.01900827804632,1.96,0.666708661417323
1986-07-19,11.3306619326274,12.0708191394806,1.55995194614692,4.08,1.38784251968504
1986-07-20,0.0241474415330837,13.4426472187042,3.26350572364735,4.48,1.52390551181102
1986-07-21,4.6302894437152e-06,15.7834639549255,4.7760656968762,2.63,0.894614173228346
1986-07-22,9.5481733296765e-05,18.5450248718262,5.49799388692982,2.47,0.840188976377953
1986-07-23,5.8109423716863,18.81387646993,5.55448052725637,2.17,0.738141732283465
1986-07-24,7.60812254746755,11.4510207970937,3.02481187562388,2.3,0.782362204724409
1986-07-25,0.891978873560826,15.3512975374858,4.30201779040772,2.98,1.01366929133858
1986-07-26,0.350249145587441,17.3201832771301,4.04696451602427,2.33,0.792566929133858
1986-07-27,1.06710310016448e-05,18.9368716875712,4.28076495725156,2.16,0.734740157480315
1986-07-28,2.23447938575797e-05,20.354798634847,5.31125439890637,1.97,0.670110236220472
1986-07-29,2.37481465439002,21.8923106193542,5.63121353857218,2.04,0.69392125984252
1986-07-30,0.00866467712330632,20.9090779622396,4.68102379250155,1.91,0.649700787401575
1986-07-31,6.44303401311239,22.0623954137166,5.19337184048928,1.99,0.676913385826772
1986-08-01,2.03439453492562,18.0902441342672,2.96252118254892,2.11,0.717732283464567
1986-08-02,0,21.784720102946,5.62021818623399,2.06,0.700724409448819
1986-08-03,0.000442667670237521,24.1835165023804,5.86921989235451,2.06,0.700724409448819
1986-08-04,16.5002640883128,21.8577558199565,4.48986879109074,1.9,0.646299212598425
1986-08-05,0.0185494190081954,16.9385471343994,2.51048875758567,2.91,0.989858267716536
1986-08-06,0.00469805798881377,18.4820631345113,4.79961177287057,2.21,0.751748031496063
1986-08-07,0.05275775740544,20.1001145044963,5.00071797481417,2.04,0.69392125984252
1986-08-08,2.62817404667536,17.0015174547831,3.01081648936153,1.99,0.676913385826772
1986-08-09,0.233414387408023,19.2408254941305,4.92957944332598,1.95,0.663307086614173
1986-08-10,1.43861867984136,20.2880442937215,4.53631102428702,1.9,0.646299212598425
1986-08-11,4.84131263941526,20.0835785865784,4.5389078191701,1.99,0.676913385826772
1986-08-12,11.1677596569061,15.9922449588776,2.31167262918342,2.01,0.683716535433071
1986-08-13,0.600454196333885,16.214436451594,2.8357240399735,2.37,0.806173228346457
1986-08-14,0.00449403957463801,17.0314857165019,3.87653042203765,2.27,0.772157480314961
1986-08-15,2.97077357179175,19.7144405047099,5.03457445904695,1.96,0.666708661417323
1986-08-16,0.510462030768394,19.7904459635417,4.08419933381065,2.01,0.683716535433071
1986-08-17,16.0701673825582,19.8650770187378,4.45325741675932,1.98,0.673511811023622
1986-08-18,2.89119908089439,18.2461512883504,3.52502979697784,2.79,0.94903937007874
1986-08-19,9.09140797456106,15.8239574432373,2.76108729193794,2.33,0.792566929133858
1986-08-20,0.00694622678444527,13.6866320768992,2.69813076023544,2.56,0.870803149606299
1986-08-21,0.120534490211867,14.8084078629812,3.28334047971447,2.15,0.731338582677165
1986-08-22,7.68827688694,18.9367822011312,4.08899558048259,1.97,0.670110236220472
1986-08-23,8.30739188194275,13.4550089836121,2.26991290788557,2.41,0.819779527559055
1986-08-24,10.8361426591873,12.3814112345378,2.22336308747229,3.03,1.03067716535433
1986-08-25,0.0487448285178592,12.8703932762146,2.49358753011526,3.23,1.09870866141732
1986-08-26,1.5344801992178,17.6027369499207,4.52042351048024,2.45,0.833385826771654
1986-08-27,0.105641412548721,12.7083739439646,2.52012006196687,2.31,0.785763779527559
1986-08-28,11.9464038213094,10.422159910202,1.8004566770963,2.08,0.707527559055118
1986-08-29,1.13585282117128,9.56213879585266,2.13593443947259,2.58,0.877606299212599
1986-08-30,0.00434599618165521,10.4710785547892,2.47353240322586,2.29,0.77896062992126
1986-08-31,0.00156242023998251,10.637170235316,2.80380173834219,2.09,0.710929133858268
1986-09-01,0.001451007566781,10.6886322498322,2.83341027186118,2.01,0.683716535433071
1986-09-02,0.0238911447425683,12.7138323783875,2.75224666803777,1.9,0.646299212598425
1986-09-03,3.13481238484383,14.7279009819031,3.60302323696984,1.94,0.659905511811024
1986-09-04,0.12134800121809,9.42800426483154,2.06109139035855,1.95,0.663307086614173
1986-09-05,0.00674223977936587,10.1119856834412,2.99396277799199,1.92,0.653102362204724
1986-09-06,0.00118770929687647,14.3518266677856,3.89589104213409,1.83,0.622488188976378
1986-09-07,0.0275583319404783,12.3012165228526,2.18465042987186,1.9,0.646299212598425
1986-09-08,0.00224655357427158,12.2130950291952,2.62693452371057,1.85,0.629291338582677
1986-09-09,0.0928579509491101,11.6138734817505,1.87583952094025,1.9,0.646299212598425
1986-09-10,0.0103965929180655,10.012512365977,1.73794877969905,1.87,0.636094488188976
1986-09-11,0.0225617686131348,10.1397871176402,2.34908908835928,1.81,0.615685039370079
1986-09-12,1.14176717897256,14.7852181593577,3.68231123310458,1.75,0.595275590551181
1986-09-13,4.46833725770315,15.796067237854,2.27256611072314,1.84,0.625889763779528
1986-09-14,9.44303838411967,16.5858418146769,2.06494188217133,2.17,0.738141732283465
1986-09-15,0.0478480759387215,19.4596724510193,3.02805884394216,2.5,0.850393700787402
1986-09-16,7.27585458755493,17.4987074534098,2.59884317720543,2.4,0.816377952755906
1986-09-17,4.5775844057401,16.2677872975667,2.02549500453512,2.28,0.77555905511811
1986-09-18,2.93028484781583,10.2449169953664,2.06556278465083,2.13,0.724535433070866
1986-09-19,0.00280174440801299,8.30576948324839,1.77569804602443,2.11,0.717732283464567
1986-09-20,0.000435878002463141,8.73092857996623,2.12050065919277,2,0.680314960629921
1986-09-21,0.0112003277172334,10.1580177942912,2.53300904069259,1.91,0.649700787401575
1986-09-22,0.00696850005382051,11.5726409753164,2.57997614260522,1.93,0.656503937007874
1986-09-23,4.48761262911527e-05,12.0621932347616,2.53170978613176,1.79,0.60888188976378
1986-09-24,2.09991727994444e-05,12.9826804002126,2.43881478533831,1.73,0.588472440944882
1986-09-25,0.0164405792135464,10.7966872056325,1.54771526930742,1.68,0.571464566929134
1986-09-26,0.000679521338800745,8.13466560840607,1.88088670145298,1.68,0.571464566929134
1986-09-27,2.75183774647303e-05,9.16100915273031,2.15890705610478,1.72,0.585070866141732
1986-09-28,2.87713449627821e-05,9.7382800579071,2.08579558268936,1.62,0.551055118110236
1986-09-29,2.79988959543213e-05,9.43405167261759,2.13946510404664,1.62,0.551055118110236
1986-09-30,1.44861242290517e-05,11.1900326410929,2.29268596347073,1.63,0.554456692913386
1986-10-01,0.00378234244385567,11.651534875234,2.18934190616439,1.6,0.544251968503937
1986-10-02,0,12.7130402723948,2.44964469839944,1.61,0.547653543307087
1986-10-03,0,13.2281450430552,2.41982418188698,1.7,0.578267716535433
1986-10-04,1.34070849829489e-06,11.6332678000132,2.04491686331887,1.56,0.530645669291339
1986-10-05,0.00376577915358212,11.344077984492,2.15561394795523,1.7,0.578267716535433
1986-10-06,0.00353671829604233,13.4132812817891,2.41902499472605,1.68,0.571464566929134
1986-10-07,0.00298818118972122,13.5102156798045,1.51895172463303,1.64,0.557858267716535
1986-10-08,0.370797102650007,10.7991506258647,1.35326602970646,1.66,0.564661417322835
1986-10-09,0.0236460228916258,8.39130703608195,1.4172020399338,1.64,0.557858267716535
1986-10-10,0.00752740446902559,8.57987761497498,1.46183221761293,1.65,0.561259842519685
1986-10-11,0.00015481306976047,10.8562962214152,1.92311793389195,1.65,0.561259842519685
1986-10-12,1.03825475861186e-06,10.0336941083272,1.32368947694851,1.59,0.540850393700787
1986-10-13,0.0239850514335558,9.7252782980601,1.68170458488772,1.67,0.568062992125984
1986-10-14,0.0193664018879645,10.3020142714183,1.69531267278411,1.71,0.581669291338583
1986-10-15,0.101696074008942,9.03501566251119,1.30374217185289,1.67,0.568062992125984
1986-10-16,0.0910402185594042,7.98150050640106,1.05712163238071,1.58,0.537448818897638
1986-10-17,0.000101200939146414,7.05762688318888,0.714022774844765,1.75,0.595275590551181
1986-10-18,0.000127184156250829,7.44703582922618,1.11544305717598,1.64,0.557858267716535
1986-10-19,7.4420645236969,8.93904399871826,1.07691993676115,1.76,0.598677165354331
1986-10-20,12.5330624580383,9.19986486434937,1.12635780897695,2.09,0.710929133858268
1986-10-21,7.25170441468557,7.26714845498403,0.878767693710087,2.42,0.823181102362205
1986-10-22,27.5441932678223,14.019225358963,1.3970150531133,2.35,0.799370078740158
1986-10-23,3.86847045024236,6.16088914871216,1.19683974031208,4.77,1.62255118110236
1986-10-24,0.0915666927661126,3.88884143034617,0.915698514541971,3.67,1.24837795275591
1986-10-25,1.08514638741811,6.63115334510803,1.08647701810777,2.42,0.823181102362205
1986-10-26,1.06304251650969,5.02021932601929,0.704738829067351,2.22,0.755149606299213
1986-10-27,0.0850133451555545,3.24130276838938,0.81405614967637,2.17,0.738141732283465
1986-10-28,1.88409415880839,4.24143300453822,1.04124589797055,2.06,0.700724409448819
1986-10-29,10.1379106044769,6.58856137593587,0.869946220002901,2.28,0.77555905511811
1986-10-30,0.178472644028564,5.47454798221588,0.494572781723204,2.7,0.918425196850394
1986-10-31,0.00482501887502925,7.2335741519928,0.820478934752006,2.41,0.819779527559055
1986-11-01,6.33914991219838,9.60900584856669,0.77428897688156,2.2,0.748346456692914
1986-11-02,4.31573460499446,4.95975383122762,0.713135784861444,2.37,0.806173228346457
1986-11-03,0.0352852490420143,0.119665345177054,0.546114757129871,2.49,0.846992125984252
1986-11-04,0.0238824447587831,1.22727410991987,0.585118556481464,2.26,0.768755905511811
1986-11-05,0.270751455333084,3.71013859907786,0.767791577881541,2.18,0.741543307086614
1986-11-06,0.236712160209815,5.62844530741374,0.452581307078211,1.97,0.670110236220472
1986-11-07,0.00342969480940762,3.62953889369965,0.791607425585388,2.04,0.69392125984252
1986-11-08,0.0522944952050845,6.00292758146922,1.15220230188391,1.94,0.659905511811024
1986-11-09,0.0244640594513233,3.36493933200836,0.640037271050278,1.83,0.622488188976378
1986-11-10,2.21930580058446e-05,4.93351523081462,0.891691203874513,1.83,0.622488188976378
1986-11-11,4.83906333101913e-05,4.5428816874822,0.931237801183348,1.84,0.625889763779528
1986-11-12,0.00213706227562701,5.42998786767324,0.932961496820807,1.76,0.598677165354331
1986-11-13,0.00579350839446609,2.99479146798452,0.614175059628413,1.71,0.581669291338583
1986-11-14,0.0145749874366932,4.06427858273188,0.525664467281523,1.79,0.60888188976378
1986-11-15,0.000226523157531725,5.78100681304932,0.706956404722262,1.67,0.568062992125984
1986-11-16,0.00538362434599549,7.47177437941233,0.852608719522135,1.72,0.585070866141732
1986-11-17,2.26000055670738,7.87458193302155,0.942734052608665,1.7,0.578267716535433
1986-11-18,0,5.01344009240468,0.62026643671326,1.7,0.578267716535433
1986-11-19,4.97462218239283e-05,6.27466801802317,0.735391219449294,1.66,0.564661417322835
1986-11-20,6.48746848106384,6.06399953365326,0.701493858500227,1.76,0.598677165354331
1986-11-21,7.65880890687307,3.68224398295085,0.480792556642982,2.12,0.721133858267717
1986-11-22,6.81167427698771,6.92451135317485,0.635562764436623,2.8,0.95244094488189
1986-11-23,0.921118927498659,3.55128731330236,0.482224332293547,2.88,0.979653543307087
1986-11-24,0.00824051967902051,3.946919520696,0.450440102372767,2.66,0.904818897637795
1986-11-25,0.0855844695567309,4.19792197148005,0.640919775913518,2.35,0.799370078740158
1986-11-26,0.447476829091708,5.39068329334259,0.821285930709029,2.04,0.69392125984252
1986-11-27,0.000435813587197724,1.93697160482407,0.517364131094148,2.01,0.683716535433071
1986-11-28,0.00441664056415902,-0.279399667556087,0.448870722568513,1.89,0.642897637795276
1986-11-29,2.19864614336984e-06,-1.3412765065829,0.246451555636262,1.89,0.642897637795276
1986-11-30,0.000115254999400349,-2.08702279130618,0.356059296818469,1.86,0.632692913385827
1986-12-01,0.000189966350262694,-1.97632203499476,0.469085558844372,1.77,0.60207874015748
1986-12-02,0.171226620926367,1.40456881125768,0.530261926501764,1.73,0.588472440944882
1986-12-03,0.00014463348497884,1.47163553039233,0.581387957248533,1.73,0.588472440944882
1986-12-04,0.00010769260309947,1.32151583830516,0.654044465023441,1.76,0.598677165354331
1986-12-05,0.00030501051999939,0.666034763058027,0.592583937402026,1.7,0.578267716535433
1986-12-06,0.366448211173217,3.72820045550664,0.521472245500205,1.71,0.581669291338583
1986-12-07,0.15241838619113,3.94261399904887,0.470584346792356,1.7,0.578267716535433
1986-12-08,0.00013906808453612,2.81449683507284,0.498325255331555,1.77,0.60207874015748
1986-12-09,0.289534333472451,1.86598142981529,0.503419595151474,1.76,0.598677165354331
1986-12-10,0.372129712253809,2.44528683026632,0.375981791298151,1.73,0.588472440944882
1986-12-11,0.0181819676799932,1.11495996018251,0.274483939037763,1.79,0.60888188976378
1986-12-12,0.0196327857750778,-0.0192953639974197,0.144640948680998,1.76,0.598677165354331
1986-12-13,3.91879993677139,0.319616574794054,0.280212513729163,1.75,0.595275590551181
1986-12-14,0.827104091644287,2.16794904073079,0.307082704520832,1.81,0.615685039370079
1986-12-15,3.47402526934942,1.31845211486022,0.356146169960767,1.84,0.625889763779528
1986-12-16,4.49642670154572,2.50134658813477,0.358069055605588,1.95,0.663307086614173
1986-12-17,1.47098288933436,1.67491969466209,0.207186143537253,2.09,0.710929133858268
1986-12-18,14.8402644793193,5.18618361155192,0.4218808507296,2.35,0.799370078740158
1986-12-19,2.58332804838816,0.903575219213963,0.435488253042126,4.48,1.52390551181102
1986-12-20,0.866674763460954,0.123719894016782,0.220104571547532,4.03,1.37083464566929
1986-12-21,1.49835147460302,-0.673679555455844,0.215173641650765,2.73,0.928629921259843
1986-12-22,1.50004844864209,-4.22211460272471,0.239767708802735,2.37,0.806173228346457
1986-12-23,2.57736905415853,-4.61481543382009,0.231472997292409,2.14,0.727937007874016
1986-12-24,0.309488486498594,-6.59370414415995,0.165981498234013,2.03,0.69051968503937
1986-12-25,1.60298345486323,-7.48157056172689,0.196391745449601,1.96,0.666708661417323
1986-12-26,3.32876684268316,-0.856383636593819,0.385795945512244,1.92,0.653102362204724
1986-12-27,2.69459114472071,-0.558849684894085,0.225672335965018,1.96,0.666708661417323
1986-12-28,2.07034002741178,1.57358302672704,0.283672107878422,1.92,0.653102362204724
1986-12-29,0.509237806002299,5.40639022986094,0.354967014576378,3.56,1.21096062992126
1986-12-30,0.332685853665074,6.20468425750732,0.3246062338106,5.88,2.00012598425197
1986-12-31,0.769974817832311,6.65750741958618,0.350481082166782,3.27,1.11231496062992
1987-01-01,11.9391101996104,7.37296744187673,0.41614000489842,2.85,0.969448818897638
1987-01-02,5.28284998734792,3.31666954358419,0.468311565537627,4.85,1.64976377952756
1987-01-03,1.6679205596447,-4.0170504450798,0.346631222443714,3.7,1.25858267716535
1987-01-04,3.41041772564252,-2.05709927280744,0.298091556989608,2.95,1.00346456692913
1987-01-05,4.44833702842395,1.94664224982262,0.381829882117299,2.79,0.94903937007874
1987-01-06,3.07614195346832,0.648416778693596,0.273700430163438,3.62,1.23137007874016
1987-01-07,0.590511123339335,-6.40526715914408,0.267279839833088,3.58,1.21776377952756
1987-01-08,0.000821580998793555,-9.22168231010437,0.197022095715651,2.73,0.928629921259843
1987-01-09,0.00787188834510744,-5.35905428727468,0.274398037949192,2.49,0.846992125984252
1987-01-10,3.28440459569295,-4.97171183427175,0.234437940593286,2.32,0.789165354330709
1987-01-11,3.41626991828283,-15.1067665417989,0.0650421285263775,2.04,0.69392125984252
1987-01-12,0.0193991303773752,-19.3090731302897,0,3.12,1.06129133858268
1987-01-13,0.000201614665608455,-15.427530447642,0.0575210073514897,5.16,1.7552125984252
1987-01-14,0.00309370437753387,-11.6210454305013,0.117963777706052,4.23,1.43886614173228
1987-01-15,0.310365876803796,-9.04455558458964,0.173580975042243,2.87,0.976251968503937
1987-01-16,0.00237299754129102,-7.82279249032338,0.15163529155624,2.19,0.744944881889764
1987-01-17,0.0238070459017763,-5.97337142626445,0.192242244262183,2.19,0.744944881889764
1987-01-18,0.327968580027421,-5.77553105354309,0.178071257834153,2.07,0.704125984251968
1987-01-19,0.129735542150835,-4.88274582227071,0.161869812980578,2.07,0.704125984251968
1987-01-20,0.00751625081951109,-4.47242168585459,0.194241761698225,2.04,0.69392125984252
1987-01-21,0.00102714744366494,-6.66821805636088,0.209107345277054,1.92,0.653102362204724
1987-01-22,0.0186101966537535,-6.36739710966746,0.214884350249444,1.93,0.656503937007874
1987-01-23,1.8433857858181,-2.79370810588201,0.363187218270814,1.95,0.663307086614173
1987-01-24,0.643865195413431,0.240689485877131,0.306737353609509,1.86,0.632692913385827
1987-01-25,0.00378247848025618,-0.8078949401776,0.273421141446883,1.84,0.625889763779528
1987-01-26,0.415306475013494,-1.21877612173557,0.290720280713008,1.79,0.60888188976378
1987-01-27,0.00745069736149162,-3.65010273456573,0.398981599463349,1.82,0.619086614173228
1987-01-28,0.0415132894801597,-2.60050938526789,0.365965441540662,1.76,0.598677165354331
1987-01-29,0.00484650233071685,-6.91082882881165,0.334930598737517,1.74,0.591874015748032
1987-01-30,0,-12.2509192625682,0.183127925124336,1.9,0.646299212598425
1987-01-31,0.000125922231442625,-12.7999953428904,0.132391816791799,3.23,1.09870866141732
1987-02-01,2.1826163276728e-06,-10.7662471135457,0.24566238558516,2.86,0.972850393700787
1987-02-02,0,-9.13779934247335,0.284640657275069,3.16,1.07489763779528
1987-02-03,0.0601643748426189,-3.7315329114596,0.63669046751199,2.41,0.819779527559055
1987-02-04,0.000297499263979262,-1.27415346105893,0.533099918482957,1.88,0.639496062992126
1987-02-05,0.00254372363269795,-2.64266600211461,0.524868437532018,1.91,0.649700787401575
1987-02-06,4.92068981130918,0.833389396468798,0.492429418816273,1.79,0.60888188976378
1987-02-07,2.82671991984049,2.88533027966817,0.422515897242875,3.19,1.08510236220472
1987-02-08,1.01747211317221,3.43908329804738,0.713624446415836,4.78,1.62595275590551
1987-02-09,0.102892436397572,5.23007146517436,0.999398287715616,4.71,1.60214173228346
1987-02-10,0.35751353080074,4.05638430515925,0.954061282274537,3.85,1.3096062992126
1987-02-11,0.0409510801546276,2.48560611406962,0.626507568042342,3.22,1.09530708661417
1987-02-12,0.776735293368498,2.19132047891617,0.610388185786075,2.71,0.921826771653543
1987-02-13,0.764321938157082,1.60509797930717,0.487604559908554,2.47,0.840188976377953
1987-02-14,0.747527989248435,2.59497314691544,0.7242003553158,2.36,0.802771653543307
1987-02-15,7.81738046805064,1.31585297981898,0.497324548409524,2.43,0.826582677165354
1987-02-16,1.24986737469832,-0.0910628031318386,0.360824586885926,2.71,0.921826771653543
1987-02-17,4.3922909895579,-1.2096497664849,0.3285409009591,2.82,0.959244094488189
1987-02-18,2.29383678237597,-1.82247320810954,0.362839927922002,2.69,0.915023622047244
1987-02-19,4.09824524323146,-2.55845709641775,0.341387405906139,2.53,0.86059842519685
1987-02-20,10.8741687138875,-0.47121824324131,0.422636707896987,2.42,0.823181102362205
1987-02-21,1.43927114705245,-0.644454347590605,0.375046506872654,2.46,0.836787401574803
1987-02-22,0.411921717226505,-0.961635023355484,0.437556603059777,2.49,0.846992125984252
1987-02-23,1.17479093869527,-3.14720664421717,0.569358143247879,2.39,0.812976377952756
1987-02-24,0.000412468350380853,-6.78002289930979,0.452048763834974,2.38,0.809574803149606
1987-02-25,0.0207925309465888,-3.91511787970861,0.803170192234783,2.33,0.792566929133858
1987-02-26,8.86278144518534,0.356595075223595,0.907179700066978,2.34,0.795968503937008
1987-02-27,8.88019188245138,3.87292728821437,0.7187685204891,5.33,1.81303937007874
1987-02-28,5.77573388814926,5.99483529726664,0.773137927386895,20.8,7.07527559055118
1987-03-01,8.54367105166117,6.00465333461761,0.896247267546824,9.94,3.38116535433071
1987-03-02,14.2741735776265,5.27580459912618,0.831038129261669,9.55,3.24850393700787
1987-03-03,2.97556187709173,-8.12075833479563,0.735879803148593,12.1,4.11590551181102
1987-03-04,0.175685084424913,-8.50191370646159,0.602211467512169,5.71,1.94229921259843
1987-03-05,0.00972175706798832,-7.94086376825968,0.498795304671568,4.36,1.48308661417323
1987-03-06,0.178362299028474,-6.98107691605886,0.62767914114137,3.43,1.16674015748032
1987-03-07,0.0167699488714182,-7.13426820437113,0.568770387772613,3.09,1.05108661417323
1987-03-08,0,-6.02183624108632,0.716039223691639,2.9,0.986456692913386
1987-03-09,0.000142856838162212,-5.08463950951894,0.743596436998328,2.84,0.966047244094488
1987-03-10,1.88691798636379e-05,-3.22807637850444,0.930868439863407,2.61,0.887811023622047
1987-03-11,9.43458993181897e-06,-3.10865916808446,0.844521731478891,2.51,0.853795275590551
1987-03-12,0.00585352108584836,-3.97543754180272,0.823247879689092,2.41,0.819779527559055
1987-03-13,0.00152895761857508,-2.76716498533885,1.08515457570151,2.41,0.819779527559055
1987-03-14,0.000777965380014697,-3.06539859374364,0.836021122766325,2.39,0.812976377952756
1987-03-15,2.91013551751773,-0.661774151027203,1.3697797492023,2.38,0.809574803149606
1987-03-16,1.81536894043287,-2.45405707756678,0.752875126238132,2.35,0.799370078740158
1987-03-17,2.13180694977442,-0.773445546627045,0.858669474431716,2.34,0.795968503937008
1987-03-18,1.6370307803154,2.5711038907369,1.20908247599945,2.35,0.799370078740158
1987-03-19,2.150971164306,0.648048082987467,1.07470165593313,2.61,0.887811023622047
1987-03-20,0.315875025466084,-1.0463366607825,0.76348938810874,2.95,1.00346456692913
1987-03-21,7.07068781290824e-05,0.113392659773429,1.317043875033,2.64,0.898015748031496
1987-03-22,0.0841229479604711,1.32127751906713,1.34238345426283,2.46,0.836787401574803
1987-03-23,0.403714319691062,3.97003410259883,1.79271055843727,2.6,0.884409448818898
1987-03-24,2.236532792449,6.52528977394104,1.33822429706737,2.86,0.972850393700787
1987-03-25,1.84727244575818,8.68808897336324,2.17296571523695,3.13,1.06469291338583
1987-03-26,1.40877331296603,5.96179207166036,1.41918022575888,2.87,0.976251968503937
1987-03-27,3.27079306046168,8.49078178405762,2.2402822792801,2.75,0.935433070866142
1987-03-28,3.83047901590665,5.21965849399567,1.46102142098306,2.88,0.979653543307087
1987-03-29,2.16714065770308,2.36643971006076,1.12940370279963,3.72,1.26538582677165
1987-03-30,0.139792029745877,0.0259270047148069,1.08040029153856,2.93,0.996661417322835
1987-03-31,1.50423923134804,0.0825547240674496,1.32315759318404,2.54,0.864
1987-04-01,1.6260319451491,0.553055840544403,0.921182057423745,2.44,0.829984251968504
1987-04-02,0.00143175915339574,2.14777744809786,1.62859061463841,2.37,0.806173228346457
1987-04-03,0,8.3291486899058,3.03513858878083,2.41,0.819779527559055
1987-04-04,1.44015073776245,8.54683844248454,2.90272524477245,2.15,0.731338582677165
1987-04-05,0.0211457894571746,8.48539129892985,2.44566620757413,2.2,0.748346456692914
1987-04-06,1.10883932548071,7.84953951835632,2.20149113915357,2.15,0.731338582677165
1987-04-07,0.596650925775369,11.2313745816549,3.57016777386181,2.17,0.738141732283465
1987-04-08,3.29835780461629,10.5365572770437,1.53451213696492,2.09,0.710929133858268
1987-04-09,23.0886057217916,10.1375456651052,2.21882778888349,2.23,0.758551181102362
1987-04-10,3.05332544942697,7.21043352286021,1.47367727742535,8.19,2.78588976377953
1987-04-11,2.30620469649633,7.80310122172038,2.02184274780433,6.11,2.07836220472441
1987-04-12,1.58218367894491,3.3851052125295,1.53732859035939,3.81,1.296
1987-04-13,0.0170776717131957,3.28037458658218,1.55786479472903,3.33,1.13272440944882
1987-04-14,0.000107491526553834,5.06767868995667,2.29095238784849,2.96,1.00686614173228
1987-04-15,0.00104045185920161,6.67024159431458,2.54982981591355,2.67,0.908220472440945
1987-04-16,0,8.58766412734985,3.07436932804901,2.51,0.853795275590551
1987-04-17,0.00290244565572569,9.55367143948873,2.5945932131729,2.38,0.809574803149606
1987-04-18,0,11.9580548604329,3.82162606730019,2.31,0.785763779527559
1987-04-19,9.69741976261139,12.7777890364329,3.63721914490865,2.12,0.721133858267717
1987-04-20,11.8432679971059,9.82309222221375,1.98585085476976,2.78,0.945637795275591
1987-04-21,0.16200065271308,5.76532487074534,1.79868571198192,3.45,1.17354330708661
1987-04-22,8.76652096242954e-05,6.82296288013458,2.57179953149625,2.71,0.921826771653543
1987-04-23,0,9.38495000203451,3.37592917008043,2.38,0.809574803149606
1987-04-24,2.12232957608194e-06,11.8654946486155,3.9106532018954,2.24,0.761952755905512
1987-04-25,2.41738068064054,14.453475634257,4.42379407201196,2.23,0.758551181102362
1987-04-26,0.78854663670063,11.3410529295603,2.4365919128374,2.15,0.731338582677165
1987-04-27,0.00269353895661576,10.2835941314697,2.69134155831,2.17,0.738141732283465
1987-04-28,1.49079520876209e-05,11.3579049110413,3.89703545704057,2.1,0.714330708661417
1987-04-29,0.000552694119202594,14.2735512256622,4.68358966841066,2.01,0.683716535433071
1987-04-30,3.63642087298407e-05,15.5376334190369,4.18356901853448,1.98,0.673511811023622
1987-05-01,0,14.8854554494222,4.15605850391632,2.05,0.697322834645669
1987-05-02,7.3389314810435,15.2977652549744,4.65087655947756,2.02,0.687118110236221
1987-05-03,31.3268594741821,5.37415663401286,2.62591397657804,2.52,0.857196850393701
1987-05-04,6.65396328767141,3.56358524163564,1.43162003758475,4.56,1.55111811023622
1987-05-05,10.9982059796651,6.16152576605479,1.42102804241647,4.3,1.46267716535433
1987-05-06,2.85379100839297,5.78767855962117,1.27184386121091,5.67,1.92869291338583
1987-05-07,0.554967024674018,6.26773917675018,1.88864519224128,5.14,1.7484094488189
1987-05-08,4.71190618706411e-05,8.69856762886047,3.39422363409442,3.57,1.21436220472441
1987-05-09,9.8795741602468e-06,11.9455018043518,4.39820530912258,3.14,1.06809448818898
1987-05-10,8.21440130472183,12.6976443131765,4.46818500729581,2.85,0.969448818897638
1987-05-11,0.041548317608734,10.0196691354116,2.92597575474347,2.77,0.942236220472441
1987-05-12,1.99316363533338,10.2943244775136,3.16689481624346,2.48,0.843590551181102
1987-05-13,5.85065346956253,5.12685298919678,1.98335849599995,2.52,0.857196850393701
1987-05-14,0.0831210131582338,7.40203674634298,2.92809544038051,2.96,1.00686614173228
1987-05-15,3.12253393729528,9.14488506317139,2.88726444862792,2.61,0.887811023622047
1987-05-16,3.36630860343575,5.98237065474192,1.96797351186571,2.49,0.846992125984252
1987-05-17,0.00305836368352175,9.98517036437988,4.07530909925525,2.66,0.904818897637795
1987-05-18,2.02740222029388,11.2176721890767,2.90501444183456,2.54,0.864
1987-05-19,16.7551186879476,10.2476278940837,1.90981887537403,2.7,0.918425196850394
1987-05-20,4.20725041131179,6.77931272983551,2.13281798009863,3.49,1.18714960629921
1987-05-21,4.26686175664266,4.27701439460119,1.15384268934668,4.52,1.53751181102362
1987-05-22,1.5052272627751,6.06465554237366,2.17993878360334,3.52,1.19735433070866
1987-05-23,0.299282670253888,7.48120772838593,2.90747989330152,3.25,1.10551181102362
1987-05-24,0.000109558609134789,10.3235471248627,3.48484319542723,2.88,0.979653543307087
1987-05-25,0.0300837467269351,11.5921489397685,3.8987004816543,2.59,0.881007874015748
1987-05-26,0.16399285569787,14.1452000141144,4.87091101503844,2.52,0.857196850393701
1987-05-27,6.63690475622813,13.2543205420176,4.21613796347283,2.58,0.877606299212599
1987-05-28,3.06882365544637,11.9361358483632,2.57966551713426,2.56,0.870803149606299
1987-05-29,5.32189758618673,9.43130509058634,3.1163295418342,2.78,0.945637795275591
1987-05-30,0.0334439516300336,11.2655422687531,3.70916509245386,2.94,1.00006299212598
1987-05-31,7.90960431098938,11.5420842965444,2.37272291853602,2.84,0.966047244094488
1987-06-01,1.24887368579706,11.5640753904978,2.56540411858559,3.67,1.24837795275591
1987-06-02,0.709703174730142,14.0477648576101,4.51417520385694,3.35,1.13952755905512
1987-06-03,1.45906579494476,13.4918540318807,3.27253389843287,2.89,0.983055118110236
1987-06-04,4.32947351535161,11.3621230920156,2.368840691445,2.77,0.942236220472441
1987-06-05,7.52483554681142,12.3467010656993,3.04099077296026,3.05,1.03748031496063
1987-06-06,1.20734955867132,16.5060960451762,4.93757625485616,3.32,1.12932283464567
1987-06-07,8.58113153775533,15.2925488948822,2.50455675371108,2.91,0.989858267716536
1987-06-08,1.66254247228305,10.4273229440053,2.60707158789649,3.41,1.15993700787402
1987-06-09,3.13636269172033,11.0388685067495,3.13942149264238,3.13,1.06469291338583
1987-06-10,0.0162043578311568,12.5789420604706,3.94258975553417,2.85,0.969448818897638
1987-06-11,9.08961325573425e-05,16.6416934331258,5.50724420256578,2.67,0.908220472440945
1987-06-12,1.18666570199033,16.8386298815409,5.09637077782481,2.54,0.864
1987-06-13,6.27204589049021,18.1294848124186,5.86299961043902,2.38,0.809574803149606
1987-06-14,1.09577568372091,15.0570049285889,2.61405685788236,2.68,0.911622047244095
1987-06-15,11.4372995694478,11.9829665819804,2.73358438050092,2.71,0.921826771653543
1987-06-16,14.5291136105855,8.99493225415548,1.65062180369063,5.16,1.7552125984252
1987-06-17,9.95606036980947,9.10702244440714,2.22887286136327,10.6,3.60566929133858
1987-06-18,4.62420217196147,9.66167410214742,2.16850551914378,9.29,3.16006299212598
1987-06-19,4.53965713580449,12.2037419478099,4.24409176750303,9.2,3.12944881889764
1987-06-20,3.691075583299,12.2809794743856,3.22502102077462,5.53,1.88107086614173
1987-06-21,0.171335285684715,11.969997882843,2.35043692118844,4.42,1.50349606299213
1987-06-22,0.378281284744541,12.9219872156779,4.03848161267735,3.73,1.2687874015748
1987-06-23,19.2390865484873,14.5754974683126,3.9819519580159,3.82,1.29940157480315
1987-06-24,9.99781425793966,13.9334722359975,2.56843892020265,8.9,3.02740157480315
1987-06-25,0.00541472621262074,14.6039855480194,4.2018324640669,6.58,2.23823622047244
1987-06-26,1.85936884682936,14.1804121335347,3.74913248157664,4.52,1.53751181102362
1987-06-27,0.00165458658496694,16.1013099352519,4.28715232425315,3.97,1.35042519685039
1987-06-28,5.80897418937335e-06,19.44273853302,5.83252650676199,3.62,1.23137007874016
1987-06-29,4.61694795224806e-06,21.9214363098145,5.97298565888186,3.32,1.12932283464567
1987-06-30,0.0015063042131563,23.8025499979655,6.6647069282768,3.2,1.08850393700787
1987-07-01,22.9952428340912,20.7003534634908,5.08287120760213,3.98,1.35382677165354
1987-07-02,0.00632530286141749,20.3359711964925,4.30851455782176,15.1,5.13637795275591
1987-07-03,0.0363883843529038,20.4242231051127,4.42735647271771,4.19,1.42525984251969
1987-07-04,0.0919364655856043,20.7300299008687,5.21781024037812,3.01,1.02387401574803
1987-07-05,0,18.4335258801778,3.93932230104772,2.74,0.932031496062992
1987-07-06,0.000621275433028738,19.2001640001933,5.25894002308483,2.58,0.877606299212599
1987-07-07,3.16172194480896,20.4636214574178,5.48897651389837,2.48,0.843590551181102
1987-07-08,16.2371476491292,17.7518351872762,3.59754544742405,2.68,0.911622047244095
1987-07-09,0.000628427408325175,15.9434399604797,3.27432534296201,3.18,1.08170078740157
1987-07-10,6.0461177478525e-05,16.2205850283305,4.55665222849303,2.49,0.846992125984252
1987-07-11,5.17481930728536e-06,19.837473710378,6.23581897368769,2.34,0.795968503937008
1987-07-12,8.47654565175374,20.5567785898844,4.85312451583848,2.53,0.86059842519685
1987-07-13,0.0478631005971693,18.5974817276001,4.27926107629797,2.35,0.799370078740158
1987-07-14,9.28455556277186e-05,20.8442649841309,5.75479066868728,2.32,0.789165354330709
1987-07-15,0.257541454707583,21.5366687774658,5.19922216966507,2.26,0.768755905511811
1987-07-16,3.16092703739802,21.5517807006836,4.43864458828446,2.27,0.772157480314961
1987-07-17,8.20174578825633,19.2739313443502,4.77446952100821,2.24,0.761952755905512
1987-07-18,22.1279198328654,13.7424171765645,2.29595244520292,2.64,0.898015748031496
1987-07-19,3.11838176846504,13.3269692262014,2.61946520174969,5.18,1.7620157480315
1987-07-20,1.28416428466638,15.7759683132172,4.5562165984765,3.34,1.13612598425197
1987-07-21,0.871076509356499,14.8232054710388,3.44988923171912,2.75,0.935433070866142
1987-07-22,3.77301496267319,16.2456512451172,4.07160365147538,2.46,0.836787401574803
1987-07-23,3.46770076950391,17.078600247701,4.02450938086822,2.65,0.901417322834646
1987-07-24,3.65533989171187,18.2942260106405,4.3076656969073,2.43,0.826582677165354
1987-07-25,9.48103930552801,15.2066341241201,3.4002237128141,2.71,0.921826771653543
1987-07-26,2.40242630740007,11.3636209170024,2.52733015328218,3.6,1.22456692913386
1987-07-27,10.495768626531,12.6551622549693,2.7868326616583,3.29,1.11911811023622
1987-07-28,1.24830481410027,13.0053114096324,3.01049402814695,4.25,1.44566929133858
1987-07-29,0.670912384676437,15.6219761371613,3.58262100131154,3.18,1.08170078740157
1987-07-30,5.90648150444031,15.3055958747864,3.3519887245483,2.89,0.983055118110236
1987-07-31,0.420453326155742,15.0548630555471,3.25725671433666,2.66,0.904818897637795
1987-08-01,9.36452253659566,14.9409619967143,2.90883012997016,2.64,0.898015748031496
1987-08-02,6.03489490350087,14.4586009979248,1.93804685321294,3.22,1.09530708661417
1987-08-03,15.8284667332967,16.2101769447327,2.7313555117662,5.63,1.91508661417323
1987-08-04,15.7465219497681,12.5370066165924,2.57296481867892,9.21,3.13285039370079
1987-08-05,0.53485105621318,10.1449537277222,2.51097755305266,8.75,2.97637795275591
1987-08-06,0.795378071566423,10.2302450338999,3.0015201922183,4.06,1.38103937007874
1987-08-07,3.46180751423041,10.4559565385183,2.28802043363468,3.25,1.10551181102362
1987-08-08,0.000501790389535017,14.384171406428,4.30056638770993,3.17,1.07829921259843
1987-08-09,4.85912416378657,14.259880065918,3.36510390864104,2.95,1.00346456692913
1987-08-10,3.77466030915578,12.9179793198903,2.89127480403948,3.19,1.08510236220472
1987-08-11,8.93318075820086e-05,14.2925000190735,3.67974311214296,3.27,1.11231496062992
1987-08-12,1.7732155919075,15.9663440386454,3.79953263739124,2.91,0.989858267716536
1987-08-13,0.442684116462866,17.7903046607971,3.71258108007188,2.63,0.894614173228346
1987-08-14,0.0668790831696242,20.0834603309631,4.31721198919064,2.69,0.915023622047244
1987-08-15,0.00171800941946761,16.2094625631968,3.17699622201863,2.5,0.850393700787402
1987-08-16,1.62050059770991e-05,17.3219126065572,4.43866861051111,2.39,0.812976377952756
1987-08-17,1.33313768170774,21.1781698862712,5.27875790530935,2.33,0.792566929133858
1987-08-18,22.6346393426259,18.2102080980937,2.58170201474874,2.82,0.959244094488189
1987-08-19,0.0022777338775389,18.6923495928446,3.18836360439827,2.89,0.983055118110236
1987-08-20,0.00438738160786064,18.0561765034993,3.90442303960417,2.57,0.874204724409449
1987-08-21,0,19.0133061408997,4.37340910439503,2.3,0.782362204724409
1987-08-22,0,20.4855502446493,4.91280050995118,2.28,0.77555905511811
1987-08-23,5.95911268393199,17.8201022148132,3.55114227251808,2.32,0.789165354330709
1987-08-24,1.07964087029298,19.0566538174947,3.40915834722673,2.58,0.877606299212599
1987-08-25,0.590176110466321,13.9446840286255,2.39212067581848,2.35,0.799370078740158
1987-08-26,0.000167674562059498,15.3470738728841,2.89852315702345,2.33,0.792566929133858
1987-08-27,2.54231011867523,13.6091511249542,2.84222657644337,2.2,0.748346456692914
1987-08-28,1.32060345510642,13.2863216400146,2.10220156435397,2.33,0.792566929133858
1987-08-29,0.00547192272279062,16.1338750521342,3.25723814752584,2.23,0.758551181102362
1987-08-30,0.000125465766132038,16.913051923116,3.1863678500836,2.2,0.748346456692914
1987-08-31,0,17.3781048456828,3.80967070862962,2.18,0.741543307086614
1987-09-01,17.6985536416372,18.6636821428935,3.9669533095061,2.28,0.77555905511811
1987-09-02,0.0167351739073638,17.3413763046265,2.95833476982268,4.71,1.60214173228346
1987-09-03,0.0354059383971617,16.8699417114258,3.08824592157362,2.79,0.94903937007874
1987-09-04,0.665369723613063,17.3624208768209,2.83720347314848,2.45,0.833385826771654
1987-09-05,15.7775141398112,15.9987128575643,2.8580875909097,2.57,0.874204724409449
1987-09-06,0.078899195495372,13.6573452949524,2.39828074811471,3.43,1.16674015748032
1987-09-07,0.281121570616961,16.2331514358521,3.20163987576506,2.72,0.925228346456693
1987-09-08,9.66698638598124,13.1547039349874,2.10444793846596,2.63,0.894614173228346
1987-09-09,0.00289033883988547,13.2488929430644,2.53060297008094,2.65,0.901417322834646
1987-09-10,0.5248995150129,15.2187614440918,3.06147838324972,2.43,0.826582677165354
1987-09-11,0.577188106874625,14.9184113343557,2.06577709415228,2.23,0.758551181102362
1987-09-12,5.14208538030895e-06,18.540454864502,3.50285701832841,2.26,0.768755905511811
1987-09-13,0,20.2281419436137,3.3830702784942,2.21,0.751748031496063
1987-09-14,6.02425006187938e-05,20.6961414019267,3.45512200486744,2.05,0.697322834645669
1987-09-15,1.08921887355488e-05,17.0119573275248,2.49475553883868,2.09,0.710929133858268
1987-09-16,1.27398634504061e-05,18.4156125386556,3.325485020348,2.12,0.721133858267717
1987-09-17,7.66675869575314e-06,20.512705485026,3.64374203287341,2.1,0.714330708661417
1987-09-18,0.0143767506427442,20.7954305013021,3.21954514353798,2.08,0.707527559055118
1987-09-19,7.67557406409954e-05,18.9175710678101,2.90351938341097,2.04,0.69392125984252
1987-09-20,0.151338976458646,19.4311582247416,2.92307810756611,1.97,0.670110236220472
1987-09-21,0.00203740120377915,18.8802809715271,3.14457452198856,2.07,0.704125984251968
1987-09-22,2.54369806249936,19.7056778271993,3.41623063142267,1.98,0.673511811023622
1987-09-23,4.45817293723424,17.6214032173157,2.58390332930328,2.16,0.734740157480315
1987-09-24,2.21258076032003,13.3495982487996,1.78865851020364,2.23,0.758551181102362
1987-09-25,10.3354896108309,12.9391040007273,1.897412835601,2.23,0.758551181102362
1987-09-26,32.5612012545268,11.9000780582428,1.29741845056192,3.52,1.19735433070866
1987-09-27,0.555345386266708,8.65658966700236,1.30394747867488,8.33,2.83351181102362
1987-09-28,0.000105650466025509,6.82797038555145,1.56787654107787,5.43,1.84705511811024
1987-09-29,8.22215103350269e-06,5.70745754241943,1.47500219561214,3.19,1.08510236220472
1987-09-30,0,6.50229128201803,1.62842622532387,2.73,0.928629921259843
1987-10-01,0,6.67014877001445,1.6784401485557,2.56,0.870803149606299
1987-10-02,1.17060238456664e-05,6.3161803483963,1.54609886133128,2.45,0.833385826771654
1987-10-03,0.00270717978734562,6.87321082750956,1.41739018812026,2.35,0.799370078740158
1987-10-04,0.00128112147892049,10.861890633901,1.94758239134172,2.31,0.785763779527559
1987-10-05,0.00365635243360884,13.2289238770803,1.90444088602801,2.25,0.765354330708661
1987-10-06,1.21939396858215,13.0105811754862,1.71948004566577,2.27,0.772157480314961
1987-10-07,0.0674226866879811,11.219254732132,1.64243853488603,2.24,0.761952755905512
1987-10-08,0.451133822401365,9.69058402379354,1.40533213286474,2.32,0.789165354330709
1987-10-09,7.40627838998383e-06,9.12082131703695,1.5075808592364,2.26,0.768755905511811
1987-10-10,1.25242331705522e-05,13.3119733333588,2.36558056938627,2.2,0.748346456692914
1987-10-11,0.170429635792971,12.2681988875071,1.53687554620838,2.02,0.687118110236221
1987-10-12,0.87408784776926,6.83909285068512,0.982062278079839,2.02,0.687118110236221
1987-10-13,0.353279311520358,6.9318585395813,1.32189040295575,2.09,0.710929133858268
1987-10-14,2.34453153113524,9.38019132614136,1.31027227558103,2.07,0.704125984251968
1987-10-15,0.412227027040596,13.6020868619283,1.61939171961346,2.19,0.744944881889764
1987-10-16,0.0114602097200986,13.672044356664,1.85894339801857,2.2,0.748346456692914
1987-10-17,4.5405482451121,9.67825698852539,0.662516756896021,2.04,0.69392125984252
1987-10-18,0.0129792019336795,7.66656009356181,1.08641494222971,2.26,0.768755905511811
1987-10-19,0.113957964504759,7.94125699996948,1.3270066080415,2.11,0.717732283464567
1987-10-20,0.00751333138274883,8.33864609400431,1.24108960818638,2.03,0.69051968503937
1987-10-21,1.62115486462911,9.85088650385539,1.29552363539377,2.05,0.697322834645669
1987-10-22,3.29842235644658,7.61612586180369,0.89210743018764,2.15,0.731338582677165
1987-10-23,2.31995217005412,7.75391225020091,0.825941777842641,2.22,0.755149606299213
1987-10-24,0.223280796431936,8.5224134127299,1.17943302549502,2.16,0.734740157480315
1987-10-25,3.91651123762131,7.36371012528737,0.697675026131414,2.05,0.697322834645669
1987-10-26,3.84069180488586,7.19619504610697,0.454274669385303,2.25,0.765354330708661
1987-10-27,0.0366474534918476,7.98236354192098,0.545419486952214,2.16,0.734740157480315
1987-10-28,0.0360255513902909,7.78549567858378,0.528489119517912,2.13,0.724535433070866
1987-10-29,0.0384220320168727,6.95717696348826,0.48071496788839,2.04,0.69392125984252
1987-10-30,0.0967258783057332,6.08127431074778,0.643874937195651,2.04,0.69392125984252
1987-10-31,0.00339007144672602,7.5740016301473,0.68780145329106,2.02,0.687118110236221
1987-11-01,4.214242319266,8.94307597478231,0.744240507061221,2.03,0.69051968503937
1987-11-02,0.650400602569183,8.6765444278717,0.583089005298713,1.92,0.653102362204724
1987-11-03,0.000261463032681301,6.7025959889094,0.511841314941515,1.94,0.659905511811024
1987-11-04,0.00174742801512669,2.93348467350006,0.650341941118645,1.88,0.639496062992126
1987-11-05,0.00282420453974434,2.161090751489,0.695333431237434,1.83,0.622488188976378
1987-11-06,0.0597219876945019,2.07774265607198,0.688774958972266,1.82,0.619086614173228
1987-11-07,0.0377293263639634,1.63213043411573,0.619569278922101,1.87,0.636094488188976
1987-11-08,0.100320397565762,2.61949402093887,0.81734071329243,1.81,0.615685039370079
1987-11-09,1.09764768307408,5.75208310286204,0.831423996317077,1.8,0.612283464566929
1987-11-10,7.7305988073349,6.11557229359945,0.586265741893267,1.89,0.642897637795276
1987-11-11,0.234680023665229,6.08526925245921,0.656358340486302,2.22,0.755149606299213
1987-11-12,5.56241720914841,5.8609367609024,0.817798790216748,1.98,0.673511811023622
1987-11-13,8.35939653714498,6.93271879355113,0.567392333627551,2.45,0.833385826771654
1987-11-14,1.45857501526674,3.33832724889119,0.572839800273574,2.91,0.989858267716536
1987-11-15,2.44078002373377,2.30957796176275,0.584530117019742,2.36,0.802771653543307
1987-11-16,6.14744551976522,8.27049664656321,0.871710812733472,2.36,0.802771653543307
1987-11-17,4.77709017197291,6.40567350387573,0.534301466804088,2.68,0.911622047244095
1987-11-18,1.39234499881665,6.01273151238759,0.358360491856547,2.86,0.972850393700787
1987-11-19,8.68727938334147,5.42025407155355,0.593079376217289,2.87,0.976251968503937
1987-11-20,7.79712529977163,3.64017122983932,0.503006905266325,3.77,1.2823937007874
1987-11-21,3.30950957536697,2.97921566168467,0.287739922951109,5.52,1.87766929133858
1987-11-22,0.481845838328203,2.83775081237157,0.261493465000782,4.59,1.56132283464567
1987-11-23,0.000207826857301067,2.02200816075007,0.453993522296389,3.55,1.20755905511811
1987-11-24,0.00737223817698881,1.80285692214966,0.310867238595085,2.99,1.01707086614173
1987-11-25,6.72711103864761e-05,1.72592506806056,0.49531356765734,2.57,0.874204724409449
1987-11-26,0.0227755371791621,-0.144228639857223,0.361530908538188,2.39,0.812976377952756
1987-11-27,1.26835766434669,0.0620040198167165,0.224010920068442,2.39,0.812976377952756
1987-11-28,1.42527638375759,0.709411845852931,0.171473947574906,2.32,0.789165354330709
1987-11-29,0.493316870182753,0.853293528159459,0.157192967364628,2.33,0.792566929133858
1987-11-30,1.04228121042252,0.991070285439491,0.128786816874734,2.31,0.785763779527559
1987-12-01,0.0264604466113572,1.38145589828491,0.18286511827766,2.37,0.806173228346457
1987-12-02,0.000945365490868729,-0.174100667781507,0.195441199733466,2.25,0.765354330708661
1987-12-03,2.01082239215111e-05,-0.430049046874046,0.1693529767559,2.25,0.765354330708661
1987-12-04,0.00590997075778432,-0.920141915480296,0.256191369436006,2.22,0.755149606299213
1987-12-05,0.567784377606586,0.267814597735802,0.297557492603021,2.2,0.748346456692914
1987-12-06,15.8365049362183,2.13219987352689,0.391063263555846,2.18,0.741543307086614
1987-12-07,2.32233361899853,-0.757090270519257,0.366654636459895,4.56,1.55111811023622
1987-12-08,0.0613657051386933,-5.66848643620809,0.224732015235639,4.12,1.40144881889764
1987-12-09,0.0159692850817616,-8.49768169720968,0.168048322299978,2.96,1.00686614173228
1987-12-10,0.0130647179612424,-8.03814744949341,0.19947972156291,2.47,0.840188976377953
1987-12-11,0.0221796313999221,-2.01454546054204,0.379397854921998,2.43,0.826582677165354
1987-12-12,0.000131087053887313,-2.4360186457634,0.196079506353725,2.16,0.734740157480315
1987-12-13,0.00072483359144826,-3.89310530821482,0.164586818928516,2.17,0.738141732283465
1987-12-14,0.00785028080281336,-3.54701226949692,0.259440717875023,2.14,0.727937007874016
1987-12-15,0.511695635815462,-0.736372458438079,0.384017213838569,2.16,0.734740157480315
1987-12-16,10.6416660149892,4.32156534989675,0.492404045837902,2.29,0.77896062992126
1987-12-17,3.8753559589386,8.17164580027262,0.394018332019505,3.44,1.17014173228346
1987-12-18,19.9840841293335,11.0970768928528,0.480122353589829,4.19,1.42525984251969
1987-12-19,3.21795045336088,6.43338398138682,0.485209523123728,11.8,4.01385826771654
1987-12-20,2.15468692779541,6.68478389581044,0.348340347084242,6.41,2.1804094488189
1987-12-21,0.368517190217972,5.91870816548665,0.373330237452333,4.07,1.38444094488189
1987-12-22,0.10744561565419,5.21316091219584,0.431892570935566,3.53,1.20075590551181
1987-12-23,0.0198316958267242,0.769468064109484,0.374540545469126,3.04,1.03407874015748
1987-12-24,0.000111933715317036,-1.1324930737416,0.220030539462763,2.87,0.976251968503937
1987-12-25,0.00194331679419217,0.0138678252696991,0.292522222397698,2.68,0.911622047244095
1987-12-26,0.000686734510964015,3.72590255737305,0.44203829655466,2.58,0.877606299212599
1987-12-27,0.0119411622102537,5.22288703918457,0.483549204070723,2.41,0.819779527559055
1987-12-28,0.000184281498832206,6.37012763818105,0.514319267022941,2.39,0.812976377952756
1987-12-29,0.000169045388853798,4.46208186944326,0.600710815290259,2.34,0.795968503937008
1987-12-30,0.462383129866794,5.92945086956024,0.458978856260307,2.3,0.782362204724409
1987-12-31,0.0368944748721939,4.46903642018636,0.531555689917764,2.39,0.812976377952756
1988-01-01,1.3938056230545,4.61286481221517,0.430203594513609,2.25,0.765354330708661
1988-01-02,2.19802725315094,9.42289670308431,0.608441421112402,2.33,0.792566929133858
1988-01-03,0.110604837536812,5.64677270253499,0.517194146180938,2.34,0.795968503937008
1988-01-04,1.64653751254082,5.67496609687805,0.400018811152632,2.41,0.819779527559055
1988-01-05,0.0046164130520386,7.66895552476247,0.620079909651816,2.42,0.823181102362205
1988-01-06,0.564146808038155,5.74457494417826,0.73425526052841,2.28,0.77555905511811
1988-01-07,0.679198920726776,2.84783579905828,0.419809467978312,2.26,0.768755905511811
1988-01-08,0.0807554411391417,0.234496263166269,0.335408639011142,2.2,0.748346456692914
1988-01-09,0.0157726611384229,-2.02572641770045,0.396690109275287,2.2,0.748346456692914
1988-01-10,2.13954393068949,-0.142840028662855,0.49089286331388,2.09,0.710929133858268
1988-01-11,2.81180709600449,0.910607571403185,0.388700450193806,2.02,0.687118110236221
1988-01-12,0.0111699275827656,-1.6242965956529,0.379742720481547,2.26,0.768755905511811
1988-01-13,0.000504453562219472,-1.67995273073514,0.285961293121592,2.09,0.710929133858268
1988-01-14,0.000131277753704732,-0.465139778951804,0.322047472094508,2.1,0.714330708661417
1988-01-15,0.000354933610348477,-0.187703054398298,0.362722607961978,2.07,0.704125984251968
1988-01-16,0.000129240050834293,1.53828449050585,0.586171357613576,2.09,0.710929133858268
1988-01-17,2.91440025965373,2.42448794841766,0.572128593200006,2.03,0.69051968503937
1988-01-18,0.101866376120597,1.95626852909724,0.313655815033176,2.13,0.724535433070866
1988-01-19,0.0278401146642864,-0.156546923021475,0.344027109029974,2.21,0.751748031496063
1988-01-20,0.00850266515044495,-0.284716866910458,0.368937160759883,2.2,0.748346456692914
1988-01-21,1.63246330370506,1.22083926200867,0.451119353168061,2.19,0.744944881889764
1988-01-22,4.27535833915075,1.2611514677604,0.466799598504931,2.23,0.758551181102362
1988-01-23,1.59443500638008,-0.422141630978634,0.388445150854362,2.44,0.829984251968504
1988-01-24,2.87943690021833,3.57425751288732,0.663422023693571,2.45,0.833385826771654
1988-01-25,2.54967391490936,5.01210431257884,0.619469289987196,3.07,1.04428346456693
1988-01-26,1.8470809062322,5.39925400416056,0.609119043792497,2.73,0.928629921259843
1988-01-27,0.00610591051372467,4.02787611881892,0.599362060147003,2.59,0.881007874015748
1988-01-28,0.000289778988947849,4.95793588956197,0.726314206607452,2.4,0.816377952755906
1988-01-29,0.0404376374596419,5.07523198922475,0.711791710842197,2.37,0.806173228346457
1988-01-30,4.32349367936452,2.48068138957024,0.479427882584834,2.31,0.785763779527559
1988-01-31,0.851668030023575,0.822170342008273,0.329102197195657,2.39,0.812976377952756
1988-02-01,0.220288331309954,2.38779476284981,0.723119616966597,2.3,0.782362204724409
1988-02-02,0.192795169229309,4.82294277350108,0.481120721982021,2.29,0.77896062992126
1988-02-03,1.13612866401672,4.67556814352671,0.633339290289038,2.23,0.758551181102362
1988-02-04,0.0217336329127041,3.80384216705958,0.964781663569321,2.28,0.77555905511811
1988-02-05,3.59852743148804,3.70307479302088,0.632198668098167,2.14,0.727937007874016
1988-02-06,10.1300221284231,4.45036115248998,0.661816290374674,2.19,0.744944881889764
1988-02-07,6.65720121065776,1.38067715366681,0.372289660409808,3,1.02047244094488
1988-02-08,2.79987728595734,1.06723189850648,0.46428607120598,3.49,1.18714960629921
1988-02-09,2.17188868920008,3.30858318010966,0.769348276618983,4.03,1.37083464566929
1988-02-10,1.37656243890524,1.61409066120783,0.583203013963955,4.65,1.58173228346457
1988-02-11,2.46026744445165,2.28587403893471,0.578247839849747,3.6,1.22456692913386
1988-02-12,3.10531852642695,1.54027245442073,0.680057615138102,3.09,1.05108661417323
1988-02-13,0.00486402853857726,-1.11159959683816,0.614488948521887,3.07,1.04428346456693
1988-02-14,0.000126785794539804,-0.92604503283898,0.782073930889075,2.93,0.996661417322835
1988-02-15,0.00132861666497774,-0.815885365009308,0.734335817821174,2.66,0.904818897637795
1988-02-16,0.00106320807147616,2.07644269863764,1.24044060593002,2.48,0.843590551181102
1988-02-17,0.333327940354745,1.3945560057958,0.810228049949939,2.43,0.826582677165354
1988-02-18,0.91228016714255,1.90712173779805,0.520915339820497,2.37,0.806173228346457
1988-02-19,3.57976069053014,1.92601821819941,0.551744110155401,2.4,0.816377952755906
1988-02-20,1.85003853837649,0.21908055494229,0.514765172492247,2.56,0.870803149606299
1988-02-21,0.000283304843833321,-1.85332070787748,0.701312845664845,2.52,0.857196850393701
1988-02-22,0.00196852091418502,0.135908541580041,0.937452654300848,2.31,0.785763779527559
1988-02-23,1.94605679313342,0.315064077886442,0.884990382834,2.29,0.77896062992126
1988-02-24,4.84700443347295,-1.20322382450104,0.581608047140297,2.41,0.819779527559055
1988-02-25,7.70770317316055,-2.20991326371829,0.387045059822618,2.37,0.806173228346457
1988-02-26,3.32939412196477,-2.0755742986997,0.459042630264109,2.39,0.812976377952756
1988-02-27,5.17842650413513,-1.63348510861397,0.421772352395474,2.4,0.816377952755906
1988-02-28,7.42498691876729,-0.9405723909537,0.421239725404364,2.37,0.806173228346457
1988-02-29,4.29363395770391,-1.51120501756668,0.636524326886517,2.33,0.792566929133858
1988-03-01,7.03373765945435,-2.06569132208824,0.328011520561745,2.37,0.806173228346457
1988-03-02,1.06421199440956,-2.41594811280568,0.634666784231749,2.36,0.802771653543307
1988-03-03,0.00152851024419457,-2.06958937644958,0.753172237594157,2.45,0.833385826771654
1988-03-04,0.107229177529613,-0.0821117861196399,1.20288961211519,2.37,0.806173228346457
1988-03-05,0.482315634687742,-0.957482740283012,0.662437637937817,2.33,0.792566929133858
1988-03-06,3.88104647397995,-0.905330230792364,0.73108488140474,2.35,0.799370078740158
1988-03-07,4.38683207829793,0.627442205945651,0.538999970770956,2.36,0.802771653543307
1988-03-08,1.54594177007675,-3.28265557686488,0.718224831920321,2.43,0.826582677165354
1988-03-09,0.146979186683893,-3.65134861071905,0.822873288662041,2.36,0.802771653543307
1988-03-10,4.68576880296071,-1.82703444361687,1.26849011458172,2.31,0.785763779527559
1988-03-11,7.29563474655151,1.32509659230709,0.809688450731344,2.37,0.806173228346457
1988-03-12,21.3025870323181,1.49455972512563,0.573510975663867,5.53,1.88107086614173
1988-03-13,7.87689038117727,1.81097955505053,0.79779523016003,9.26,3.14985826771654
1988-03-14,1.10664735734463,2.92019744714101,0.87533396846363,11.8,4.01385826771654
1988-03-15,1.95071546236674,5.9911523660024,1.42191254644566,17.5,5.95275590551181
1988-03-16,12.9581430753072,5.79202473163605,1.24383765043368,19.6,6.66708661417323
1988-03-17,4.19597686330477,2.08842833836873,0.881194436239973,20.2,6.8711811023622
1988-03-18,0.0580367656851498,1.54447336991628,0.980257615641345,8.83,3.0035905511811
1988-03-19,1.35807527601719,3.19485398133596,1.62557927410076,5.18,1.7620157480315
1988-03-20,2.73159605264664,7.97319066524506,1.95537181131851,4.46,1.51710236220472
1988-03-21,6.60896933078766,7.81650630633036,1.42926804741932,5.12,1.7416062992126
1988-03-22,2.19111136098703,4.96381950378418,1.02287499809428,6.13,2.08516535433071
1988-03-23,12.2029286225637,4.96637940406799,0.953882816027382,5.18,1.7620157480315
1988-03-24,3.57703816890717,4.96436993281047,1.27032603133694,6.81,2.31647244094488
1988-03-25,17.267791668574,5.98476394017537,1.36821134090192,7.68,2.6124094488189
1988-03-26,4.27456615368525,4.22058955828349,1.37151125230542,9.88,3.36075590551181
1988-03-27,4.2311216990153,3.44204346338908,1.24787854064841,5.93,2.01713385826772
1988-03-28,0.359291538596153,3.28648018836975,1.33815388148377,5.04,1.7143937007874
1988-03-29,5.36070137968636e-05,6.02287352085114,1.99175406646227,4.24,1.44226771653543
1988-03-30,0.0822180365212262,7.40493031342824,2.2926696725534,3.65,1.24157480314961
1988-03-31,9.46083541711172,2.91136048237483,1.28607303201301,3.88,1.31981102362205
1988-04-01,1.67388528088729,3.0476112763087,1.13078476521656,4.39,1.49329133858268
1988-04-02,5.90652180108009e-05,3.64707978566488,1.73906140268875,4.25,1.44566929133858
1988-04-03,2.47997886617668e-05,5.86416614055634,2.21889327630183,3.64,1.23817322834646
1988-04-04,9.13269953647007e-05,7.15390396118164,2.14196740874239,3.32,1.12932283464567
1988-04-05,0.0002025291347915,7.97203608353933,2.11358473562524,3.11,1.05788976377953
1988-04-06,0.000114320232493507,10.4223449230194,2.4713486999803,3.01,1.02387401574803
1988-04-07,0.013004187727347,10.1610786120097,2.44077640971402,2.89,0.983055118110236
1988-04-08,5.82080145676931,9.18999520937602,1.56254735903955,2.84,0.966047244094488
1988-04-09,8.31563874085744,5.77502326170603,1.77889675380384,3.05,1.03748031496063
1988-04-10,0.0139214173977962,2.82317239046097,1.44950522324377,5.13,1.74500787401575
1988-04-11,0.10783079949518,6.78797845045726,2.89638540560352,3.83,1.3028031496063
1988-04-12,3.33144822716713,11.1185348828634,3.57227347869123,3.11,1.05788976377953
1988-04-13,13.9284693400065,4.65120760599772,2.01088925328016,4.91,1.67017322834646
1988-04-14,0.000201881630346179,4.14045168956121,2.23961440413429,7.59,2.58179527559055
1988-04-15,0.125907498285718,8.65251096089681,3.23693310243786,4,1.36062992125984
1988-04-16,9.41674503944038e-06,11.429260412852,3.30621564955126,3.46,1.17694488188976
1988-04-17,0.853104210769137,11.4724857012431,3.14172384895967,3.1,1.05448818897638
1988-04-18,0.102753164266081,12.2349054813385,3.46112092120436,2.92,0.993259842519685
1988-04-19,0.0112322724986977,13.8356266816457,4.02983796757789,2.83,0.962645669291339
1988-04-20,5.49824410676956,10.6451485157013,2.83580048443794,2.7,0.918425196850394
1988-04-21,0.000199138322689881,10.3386652469635,2.86887043106606,2.75,0.935433070866142
1988-04-22,0,10.6083958148956,3.25699357204105,2.63,0.894614173228346
1988-04-23,0,6.23114987214406,2.1201281776567,2.56,0.870803149606299
1988-04-24,0.0004339479603838,4.31133329868317,2.33437188262964,2.52,0.857196850393701
1988-04-25,0,6.4578804175059,3.08397528895265,2.46,0.836787401574803
1988-04-26,0.000298218959414953,8.41631011168162,3.40998424945369,2.54,0.864
1988-04-27,1.94028092424075,10.2877537409465,3.47650267695044,2.5,0.850393700787402
1988-04-28,0.364828284208973,8.27147587140401,2.01709034526358,2.46,0.836787401574803
1988-04-29,0.000260958327999106,9.48497335116068,2.78933708560246,2.44,0.829984251968504
1988-04-30,0.00291504303246863,11.3174294630686,3.38242245809817,2.42,0.823181102362205
1988-05-01,0.000294022975140251,13.6980288028717,4.33808395133686,2.44,0.829984251968504
1988-05-02,3.66526770591736,13.9877072175344,4.14498666076623,2.52,0.857196850393701
1988-05-03,4.21677851676941,9.93779118855794,2.7698266965363,2.8,0.95244094488189
1988-05-04,1.54904665052891,11.8600266774495,3.545041179821,2.58,0.877606299212599
1988-05-05,0.00254168449707019,13.2658580938975,3.39908711489038,2.48,0.843590551181102
1988-05-06,8.7821088830727e-07,14.760364373525,4.13280190989677,2.44,0.829984251968504
1988-05-07,9.51696650493735e-06,16.8163603146871,4.88421866568529,2.32,0.789165354330709
1988-05-08,0.109580298963313,15.1862013339996,3.23600111923455,2.34,0.795968503937008
1988-05-09,0.122286562807858,14.7513548533122,3.74787370779267,2.38,0.809574803149606
1988-05-10,6.78599838392499,14.3856310049693,2.88581577394303,2.42,0.823181102362205
1988-05-11,0.000162794052206057,12.6738789081573,3.14255210002326,2.43,0.826582677165354
1988-05-12,0.0004305932901237,15.4184059302012,4.76954395210668,2.37,0.806173228346457
1988-05-13,0.0127582494460512,16.0393935839335,4.50351983100777,2.33,0.792566929133858
1988-05-14,0.00185380827072853,16.948756535848,4.79264884246362,2.24,0.761952755905512
1988-05-15,1.86580854293425,17.108677705129,4.84581965477008,2.27,0.772157480314961
1988-05-16,8.49034436543783,15.1479640801748,3.27897227861278,2.62,0.891212598425197
1988-05-17,5.4719376762708,14.4772024949392,3.39542145490563,2.9,0.986456692913386
1988-05-18,12.2390831311544,13.2417699495951,2.62676645973978,2.76,0.938834645669291
1988-05-19,10.0348882675171,13.0202182133993,3.39517944990083,3.07,1.04428346456693
1988-05-20,4.00456255674362,8.72878154118856,2.41286180678901,3.25,1.10551181102362
1988-05-21,0.017470357522446,7.80289045969645,2.72899910333296,2.93,0.996661417322835
1988-05-22,0.000831581187715832,9.72536341349284,3.81738319491913,2.4,0.816377952755906
1988-05-23,0.000163826665205609,12.5046226978302,4.39135612971861,2.25,0.765354330708661
1988-05-24,0.000195209557811419,14.8839653333028,4.8680011222916,2.29,0.77896062992126
1988-05-25,6.86403359395626e-05,17.6279991467794,5.33219499391489,2.21,0.751748031496063
1988-05-26,0.0340936373686418,18.4426480929057,5.53610990841279,2.25,0.765354330708661
1988-05-27,6.41258629163106,16.5380139350891,4.52201183538928,2.29,0.77896062992126
1988-05-28,0.0886593383426468,14.2106317679087,3.06239410370237,2.21,0.751748031496063
1988-05-29,3.50425683458646,13.1539352734884,4.00380200685553,2.18,0.741543307086614
1988-05-30,1.20386828136786,13.757941643397,4.56304329099359,2.35,0.799370078740158
1988-05-31,0.357614395519098,12.3389143943787,3.46369115680342,2.4,0.816377952755906
1988-06-01,7.62690548102061,11.2247181733449,2.80603840893584,2.33,0.792566929133858
1988-06-02,1.0885088344415,12.538659175237,3.20505860096802,2.6,0.884409448818898
1988-06-03,5.9136052330335,17.5115935007731,5.1824551798181,2.45,0.833385826771654
1988-06-04,13.8092623551687,12.6988949775696,2.80579199289575,2.62,0.891212598425197
1988-06-05,34.1540520985921,9.9263285001119,2.05945548898089,3.72,1.26538582677165
1988-06-06,16.4307721455892,8.56787427266439,1.42835124528217,12,4.08188976377953
1988-06-07,0.260183984103302,11.2297515869141,2.64595617312962,16.4,5.57858267716535
1988-06-08,0.86759571544826,13.28120470047,3.85779657558194,5.16,1.7552125984252
1988-06-09,0.00181104871444404,15.2506919701894,4.5586422036243,4.55,1.54771653543307
1988-06-10,2.84951610614856,15.1327117284139,3.90620623033399,3.68,1.25177952755906
1988-06-11,14.091019153595,16.3755288124084,4.98171325789289,3.23,1.09870866141732
1988-06-12,0.023524043460687,15.8292156060537,3.86957375401134,4.65,1.58173228346457
1988-06-13,0.00317948030230279,15.3548710346222,3.63263097535931,3,1.02047244094488
1988-06-14,0.000208762655044363,17.1856787999471,5.28044006945842,2.87,0.976251968503937
1988-06-15,0.153710071928799,17.9576349258423,4.83504476163048,2.7,0.918425196850394
1988-06-16,0.848937052922944,17.3716438611348,4.21500161237652,2.97,1.01026771653543
1988-06-17,0.000165586279763374,15.3940296173096,4.09959974885532,2.99,1.01707086614173
1988-06-18,0.00107682591988123,16.2146797974904,5.14626510948732,2.66,0.904818897637795
1988-06-19,1.88088320071499,16.1775180498759,5.1791356463918,2.56,0.870803149606299
1988-06-20,0.0361496579910939,13.2029871940613,3.60085353948192,2.45,0.833385826771654
1988-06-21,0.0437696675071493,13.8843473593394,4.07833497341981,2.54,0.864
1988-06-22,9.78279570738474,14.923813422521,4.1728087600638,2.49,0.846992125984252
1988-06-23,0.00305363704683259,12.2148031393687,3.23824301455834,2.5,0.850393700787402
1988-06-24,1.32244783041339e-05,14.8023192882538,4.74917791673313,2.49,0.846992125984252
1988-06-25,0.0230097925911347,14.970142364502,3.91542871760388,2.34,0.795968503937008
1988-06-26,5.1690708398819,15.9774744510651,3.9585726344136,2.27,0.772157480314961
1988-06-27,0.182332881726325,17.2186325391134,4.78538296789714,2.47,0.840188976377953
1988-06-28,13.0643994013468,17.8582348823547,4.60609403458679,2.52,0.857196850393701
1988-06-29,1.25584845244884,18.2524569829305,4.72483325968574,4.19,1.42525984251969
1988-06-30,0.0187148540377772,20.2480103174845,5.0654196878513,2.78,0.945637795275591
1988-07-01,2.91485106945038,17.5823801358541,4.21228283789223,2.57,0.874204724409449
1988-07-02,0.615059195707242,15.7550847530365,3.6884924159023,2.4,0.816377952755906
1988-07-03,6.6991784175237,13.231688340505,2.99493581110058,2.58,0.877606299212599
1988-07-04,3.89698300758998,16.1866783301036,4.12358252884526,2.76,0.938834645669291
1988-07-05,6.10778776804606,19.3506542841593,6.11860141586773,2.65,0.901417322834646
1988-07-06,4.44162122408549,17.1052501996358,4.15638511027529,2.67,0.908220472440945
1988-07-07,7.03820818662643,16.4124074776967,3.85420859759078,2.8,0.95244094488189
1988-07-08,3.0793035775423,15.9819266796112,4.05896543688377,3.08,1.04768503937008
1988-07-09,3.89923042058945,15.6795621713003,4.07061641360605,2.82,0.959244094488189
1988-07-10,0.035142791379864,18.0128281911214,4.86195760481222,2.5,0.850393700787402
1988-07-11,3.77099221944809,20.9681037267049,6.15452413011803,2.39,0.812976377952756
1988-07-12,1.10779770587881,17.1027088165283,3.62769039477894,2.42,0.823181102362205
1988-07-13,5.85904637972514,19.2052493095398,5.60629075917649,2.33,0.792566929133858
1988-07-14,0.0719111012294888,14.570099512736,3.30735681744495,2.3,0.782362204724409
1988-07-15,5.04190373420715,12.5292983849843,2.76133145698472,2.34,0.795968503937008
1988-07-16,9.83772746721903,12.1051674683889,2.28944769977968,2.5,0.850393700787402
1988-07-17,3.79022947947184,14.2416525681814,3.37841408802781,2.57,0.874204724409449
1988-07-18,1.53871311247349,15.0989095369975,3.13730108873295,2.53,0.86059842519685
1988-07-19,1.04942829176243e-05,16.42271788915,4.61122371975219,2.46,0.836787401574803
1988-07-20,0,18.8417237599691,5.93584507654466,2.2,0.748346456692914
1988-07-21,0.0238687245000619,21.1677306493123,6.01071555450307,1.99,0.676913385826772
1988-07-22,0.0019435672632729,22.5438483556112,5.46851711899821,1.99,0.676913385826772
1988-07-23,0.00230110482273934,24.8029562632243,5.83870893706103,2.01,0.683716535433071
1988-07-24,10.3190155824025,17.7689889272054,4.18584144142942,1.91,0.649700787401575
1988-07-25,0.00156856542404663,17.634851137797,4.80832162074905,2.14,0.727937007874016
1988-07-26,0.204769955792775,21.7743859291077,6.22118513550962,1.99,0.676913385826772
1988-07-27,9.91851619879405,15.1439854303996,3.43898019054701,2.12,0.721133858267717
1988-07-28,9.13329020780414e-05,16.3081838289897,4.16553404894953,2.22,0.755149606299213
1988-07-29,3.27934489647547,16.3442203203837,4.74334754205996,2.05,0.697322834645669
1988-07-30,9.03762750870859e-05,15.3855814139048,3.81365529638215,2.04,0.69392125984252
1988-07-31,1.49423204902632e-05,17.4511361122131,5.11947461658716,1.91,0.649700787401575
1988-08-01,6.97669816017151,20.5235644976298,5.97449345155731,1.81,0.615685039370079
1988-08-02,4.49650305509567,20.5614290237427,4.788969718999,2.07,0.704125984251968
1988-08-03,19.4471867879232,13.2789173920949,3.30867016590158,2.69,0.915023622047244
1988-08-04,0.0200529967939171,12.2592346668243,2.50190757209839,2.74,0.932031496062992
1988-08-05,1.32317526701324e-05,14.4714273611705,3.98834860469894,2.22,0.755149606299213
1988-08-06,7.32971600806801e-06,17.0338443120321,4.66049245352701,1.93,0.656503937007874
1988-08-07,0,19.3908999760946,5.19729666283614,1.93,0.656503937007874
1988-08-08,1.59622684121132,20.4932481447856,5.21737863234705,1.98,0.673511811023622
1988-08-09,0.00184406473029715,19.5570141474406,4.34116992124835,1.79,0.60888188976378
1988-08-10,0.0109935371826092,20.3412067095439,4.92651738112023,1.85,0.629291338582677
1988-08-11,0.0299456759045521,20.5794939994812,4.4403866715894,1.84,0.625889763779528
1988-08-12,3.33424519747496,19.7227602005005,4.47474278458923,1.96,0.666708661417323
1988-08-13,0.000210062232023726,19.3520894050598,3.55530565842375,1.83,0.622488188976378
1988-08-14,0.0324818340983863,21.8853123982747,5.49090071622953,1.8,0.612283464566929
1988-08-15,1.7484080886934,22.35040807724,4.68768985783762,1.93,0.656503937007874
1988-08-16,4.93512978653113,18.6714448928833,4.0175251608925,2.06,0.700724409448819
1988-08-17,0.000183113980407749,17.3800412813822,3.64509000165026,3.08,1.04768503937008
1988-08-18,0.000189609864416222,18.5517431894938,4.70230660379463,2.32,0.789165354330709
1988-08-19,5.73427450656891,21.3386476834615,4.96822233407027,1.93,0.656503937007874
1988-08-20,23.7306141853333,14.3685805002848,2.95181488796971,2.54,0.864
1988-08-21,0.360585913062096,14.0694374243418,2.83611780015137,3.68,1.25177952755906
1988-08-22,1.96689956138531,12.9313656489054,2.34137180874391,2.45,0.833385826771654
1988-08-23,0.0305401261042183,12.8532299200694,2.49400120363941,2.35,0.799370078740158
1988-08-24,3.32989011208216,14.4716720581055,3.58369698379752,2.19,0.744944881889764
1988-08-25,9.26767190297445,11.8315543333689,1.82680995173436,2.35,0.799370078740158
1988-08-26,2.40118204553922,12.3566019535065,2.02775730323899,2.39,0.812976377952756
1988-08-27,3.14915845791499,14.7029616038005,2.55029742937756,2.21,0.751748031496063
1988-08-28,5.67137406269709,19.7928166389465,4.65846675332458,2.2,0.748346456692914
1988-08-29,13.2986082235972,15.5745986302694,2.51474560060917,2.61,0.887811023622047
1988-08-30,0.00416626202058978,12.6822295983632,2.52916547683768,4.5,1.53070866141732
1988-08-31,0,15.1117148399353,3.73724362455154,2.82,0.959244094488189
1988-09-01,17.1016089916229,18.3538656234741,4.43652293230733,2.26,0.768755905511811
1988-09-02,13.3094246387482,11.7145837942759,2.31561489862001,3.27,1.11231496062992
1988-09-03,8.87507311503092,12.8163924217224,2.12643691369786,5.96,2.02733858267717
1988-09-04,7.66459671656291,14.797522465388,2.45844490962543,3.9,1.32661417322835
1988-09-05,5.75198137760162,18.1030831336975,2.74419557406923,4.15,1.41165354330709
1988-09-06,0.0151134918172223,15.1533176898956,2.63316310790066,3.5,1.19055118110236
1988-09-07,4.93953014787015e-07,12.6533169746399,2.69006699059988,2.87,0.976251968503937
1988-09-08,0,13.2249423662821,2.89899388745571,2.48,0.843590551181102
1988-09-09,2.7260915885563e-05,13.9689016342163,3.32404455342736,2.34,0.795968503937008
1988-09-10,0.00013652560422391,14.8801805973053,3.05253067145913,2.2,0.748346456692914
1988-09-11,0.0524713590275496,16.076721350352,3.29180289198647,2.13,0.724535433070866
1988-09-12,0.0191983412805712,15.0343947410583,1.91939617115035,2.07,0.704125984251968
1988-09-13,0.161737173601675,10.7271188894908,1.6294185115217,2.05,0.697322834645669
1988-09-14,8.07345567146937,8.81935373942057,1.58979206476165,2.11,0.717732283464567
1988-09-15,1.07669654488564,9.09193015098572,1.5267395341637,2.47,0.840188976377953
1988-09-16,0.912715405225754,9.41619769732157,1.49728353332778,2.18,0.741543307086614
1988-09-17,1.50755210469166,9.31673447291056,1.50893403943554,2.27,0.772157480314961
1988-09-18,1.36769950886567,11.0231577555339,1.94383079319691,2.17,0.738141732283465
1988-09-19,0.070549901536045,12.7946736812592,1.95478859983043,2.27,0.772157480314961
1988-09-20,0.000839265482985259,11.3609342575073,1.49557106500863,2.27,0.772157480314961
1988-09-21,0.00751891273345488,10.9392306009928,1.60599053159496,2.18,0.741543307086614
1988-09-22,2.33110644419988,12.3867546717326,2.48126696870432,2.21,0.751748031496063
1988-09-23,2.22658144434293,13.7921600341797,2.2006423242658,2.34,0.795968503937008
1988-09-24,0.400821550710437,12.9141447544098,1.80154462224912,2.31,0.785763779527559
1988-09-25,0.0543387817821592,13.6982384522756,1.62281996163888,2.18,0.741543307086614
1988-09-26,3.17565154735651e-06,14.6383454799652,2.28631396055523,2.2,0.748346456692914
1988-09-27,0.00438425516282829,13.4212584495544,2.56040706991381,2.21,0.751748031496063
1988-09-28,0.00176874927516716,15.8252864678701,2.86647444249576,2.1,0.714330708661417
1988-09-29,5.42244917154312,12.3175520102183,1.8483085606003,1.97,0.670110236220472
1988-09-30,1.11380011836688,9.12871734301249,0.888636836371251,2.15,0.731338582677165
1988-10-01,0.090458956741107,10.2545177141825,0.920581768673813,2.16,0.734740157480315
1988-10-02,0.16904764684538,10.8942708174388,0.843859598618914,2.1,0.714330708661417
1988-10-03,0.21023962708811,11.0669201215108,0.958593661711279,1.93,0.656503937007874
1988-10-04,0.305453248632451,10.6669520537059,1.03314546011615,2,0.680314960629921
1988-10-05,4.86448645591736,10.5562234719594,1.65506104684021,2,0.680314960629921
1988-10-06,11.495037317276,10.8179045518239,0.97058935885861,2.16,0.734740157480315
1988-10-07,3.05651884277662,8.08331724007924,1.24191243676092,2.41,0.819779527559055
1988-10-08,0.625738692780336,7.70485905806224,1.12647279216939,2.51,0.853795275590551
1988-10-09,10.9058445294698,14.113295396169,2.18520024303035,2.03,0.69051968503937
1988-10-10,2.27261956532796,10.7133053938548,1.28837948655671,2.77,0.942236220472441
1988-10-11,0.456930381556352,11.2044232686361,0.907248524307754,2.72,0.925228346456693
1988-10-12,3.25615278879801,11.8682676156362,0.934604046415172,2.33,0.792566929133858
1988-10-13,0.00261209853245722,12.0366822083791,1.41462158035367,2.38,0.809574803149606
1988-10-14,0.0243868866624932,12.5101974805196,1.17448134051215,2.35,0.799370078740158
1988-10-15,0.316918153315783,12.7405060132345,1.72880986020439,2.16,0.734740157480315
1988-10-16,0.244037702058752,12.3775203227997,0.784101332677555,1.99,0.676913385826772
1988-10-17,0.217844167413811,13.9511379400889,1.6724318828292,2.01,0.683716535433071
1988-10-18,0.0283209242237111,13.8508868217468,1.61902617268632,2.01,0.683716535433071
1988-10-19,0.0798498174990527,12.9265257517497,1.32891451796299,1.85,0.629291338582677
1988-10-20,1.62919912735621,10.0797120730082,1.12814125334278,1.87,0.636094488188976
1988-10-21,0.0299416828008058,8.81389085451762,0.927388529797643,1.93,0.656503937007874
1988-10-22,1.17502601521361e-05,8.37463104724884,0.806816058152737,1.88,0.639496062992126
1988-10-23,0.0800763424485922,8.11981050173442,1.25890038986912,1.84,0.625889763779528
1988-10-24,0.987012853225072,10.2725955645243,0.995038229346399,1.87,0.636094488188976
1988-10-25,0.001527314442986,8.77698008219401,1.02647552982484,1.94,0.659905511811024
1988-10-26,0.00864654221125723,6.13723738988241,0.82316336326061,1.97,0.670110236220472
1988-10-27,0.0197149877397654,9.18272773424784,1.57070383211435,1.93,0.656503937007874
1988-10-28,9.81754032770793,10.9892089366913,1.32667664410032,1.94,0.659905511811024
1988-10-29,7.23991306622823,6.39138309160868,0.879257588236013,2.51,0.853795275590551
1988-10-30,0.00597493983029077,2.37343587478002,0.606278156835738,3.33,1.13272440944882
1988-10-31,9.9657033085047e-07,0.717875388761361,0.637386135285611,2.38,0.809574803149606
1988-11-01,0.0036923557696961,1.89325355490049,0.872697144517951,2.18,0.741543307086614
1988-11-02,1.7717925508817,3.59689201911291,0.835746256680048,2.16,0.734740157480315
1988-11-03,0.00163276572250955,0.118296237662435,0.41063032540054,2.11,0.717732283464567
1988-11-04,0.00438626149358849,-1.2844529102246,0.467716681245058,2.07,0.704125984251968
1988-11-05,0.000176406200087816,-1.00526088476181,0.730326091766778,2.12,0.721133858267717
1988-11-06,1.40219722197799e-05,2.37062976757685,0.832717907909186,1.83,0.622488188976378
1988-11-07,1.6510157972031e-05,1.17374687890212,0.629198494611754,1.93,0.656503937007874
1988-11-08,0.000141146937797506,0.866510212421417,0.505659129354038,1.98,0.673511811023622
1988-11-09,1.53049962439885e-05,2.29335544506709,0.565395448144335,1.87,0.636094488188976
1988-11-10,2.79811438304023e-05,5.34456503391266,0.78626049128414,1.91,0.649700787401575
1988-11-11,0.00900962965291304,6.16049329439799,0.84275714165647,1.89,0.642897637795276
1988-11-12,0.0870784238371319,5.75463990370433,0.71601364635502,1.92,0.653102362204724
1988-11-13,2.83421775698662,6.46993327140808,0.618032893624309,1.91,0.649700787401575
1988-11-14,1.8638814141353,4.74347186088562,0.341649448518313,1.95,0.663307086614173
1988-11-15,1.28482232491175,6.17581613858541,0.365705447258217,1.94,0.659905511811024
1988-11-16,0.148239761047686,6.23969034353892,0.368220911680999,1.94,0.659905511811024
1988-11-17,0.030715174973011,3.26852116982142,0.638894922841042,1.95,0.663307086614173
1988-11-18,4.02259796857834,5.86182455221812,0.679934839168685,1.92,0.653102362204724
1988-11-19,1.69591115353008,2.41909674803416,0.438722604816462,1.99,0.676913385826772
1988-11-20,8.94525031248728,0.741838266452154,0.363191875977827,2.07,0.704125984251968
1988-11-21,6.86791280905406,-4.65952905019124,0.335391306457547,2.05,0.697322834645669
1988-11-22,0.351557762672504,-8.49514714876811,0.212624691375864,2.14,0.727937007874016
1988-11-23,0.0811994035417835,-4.51135301589966,0.316588416667181,1.98,0.673511811023622
1988-11-24,0.483072233696779,-1.15553737680117,0.313855421122834,2.04,0.69392125984252
1988-11-25,0.573278446992238,0.676561698317528,0.253209965609517,2.24,0.761952755905512
1988-11-26,0.00411769466882106,0.623712926482161,0.232919935878305,2.47,0.840188976377953
1988-11-27,0.00141719794616317,0.74355852479736,0.298871527692855,2.55,0.86740157480315
1988-11-28,0.000155058097637569,0.711886728803317,0.415715567076234,2.5,0.850393700787402
1988-11-29,6.94380927085876,5.06996309757233,0.343935066824386,2.43,0.826582677165354
1988-11-30,3.62222655614217,6.31089842319489,0.363717701891047,3.84,1.30620472440945
1988-12-01,0.0109724432501631,3.81416972478231,0.41489772787977,4.74,1.61234645669291
1988-12-02,3.04574484626452,0.684865176677704,0.259102090061358,3.05,1.03748031496063
1988-12-03,2.07286870479584,2.35044234991074,0.344589128400089,2.9,0.986456692913386
1988-12-04,19.7969926993052,6.58006799221039,0.501336737326563,4.12,1.40144881889764
1988-12-05,34.8937198321025,3.17823561032613,0.501796140517188,8.59,2.92195275590551
1988-12-06,4.98198008537292,1.15014406541983,0.229842584082134,16.7,5.68062992125984
1988-12-07,0.893916224439939,-0.00805772840976715,0.229822375775073,7.9,2.68724409448819
1988-12-08,7.0751435359319,0.45759499942263,0.268405310165947,5.01,1.70418897637795
1988-12-09,3.87975323200226,1.22377907733123,0.159318286819403,4.39,1.49329133858268
1988-12-10,6.65791348616282,4.34507548809052,0.309547252616323,8.25,2.80629921259843
1988-12-11,0.604483286539714,5.38897967338562,0.300940784361913,15.9,5.40850393700787
1988-12-12,4.0797442595164,3.00603985786438,0.255008932857914,6.57,2.23483464566929
1988-12-13,0.262843040128549,2.28366755445798,0.202040557128446,5.91,2.01033070866142
1988-12-14,5.16281872987747,2.18571531772614,0.209295098814221,4.34,1.47628346456693
1988-12-15,0.164128609641921,-2.11099544167519,0.302783175881381,4.52,1.53751181102362
1988-12-16,0.000815544112507875,-6.29673941930135,0.187512973401117,4.07,1.38444094488189
1988-12-17,0.834393054246902,-3.39023751020432,0.31486785675922,3.22,1.09530708661417
1988-12-18,1.77048063278198,0.252958268974908,0.256681000893678,3.06,1.04088188976378
1988-12-19,7.47946155071259,3.04555823405584,0.304006863379872,3.17,1.07829921259843
1988-12-20,0.725393472860257,0.094116863484184,0.256774530472322,4,1.36062992125984
1988-12-21,0.560519681622585,0.586851342270772,0.306664457069109,3.47,1.18034645669291
1988-12-22,0.638085863242547,3.72027786572774,0.391808616189845,3.2,1.08850393700787
1988-12-23,3.76077951987584,5.7009402513504,0.479270783997678,3.19,1.08510236220472
1988-12-24,2.0493381768465,7.75342686971029,0.312037425071615,3.6,1.22456692913386
1988-12-25,0.350702131787936,5.19210191567739,0.494750131634723,3.18,1.08170078740157
1988-12-26,0.144699043904742,2.93024774392446,0.296732999402129,2.94,1.00006299212598
1988-12-27,0.230607734449829,4.09535906712214,0.264847628524825,2.66,0.904818897637795
1988-12-28,0.0152863789116964,5.07544310887655,0.438081595677136,2.62,0.891212598425197
1988-12-29,0.000313249647054666,2.92829088370005,0.331699818571158,2.52,0.857196850393701
1988-12-30,0.00257416842578095,0.484813822122912,0.270195356537341,2.52,0.857196850393701
1988-12-31,0.0147770492185373,-0.678047864387433,0.20339009870228,2.33,0.792566929133858
1989-01-01,0.00936726372068127,0.247765671461821,0.208658460464267,2.3,0.782362204724409
1989-01-02,0.000396134922387622,1.1955572416385,0.357215887511675,2.3,0.782362204724409
1989-01-03,0.0241698646665706,-1.20250695447127,0.257229248709127,2.2,0.748346456692914
1989-01-04,0.116993246185302,-0.792095939318339,0.484317225413027,2.14,0.727937007874016
1989-01-05,2.34496921300888,1.23046327630679,0.33628928615115,2.22,0.755149606299213
1989-01-06,1.7740113735199,3.51647752523422,0.305492097160946,2.38,0.809574803149606
1989-01-07,6.46776300668716,3.35651395718257,0.276335326759622,2.52,0.857196850393701
1989-01-08,1.87526754538218,4.88612810770671,0.330250383582133,2.61,0.887811023622047
1989-01-09,0.24106351689746,4.47400569915771,0.439136517344758,2.74,0.932031496062992
1989-01-10,1.29911294082801,4.35363284746806,0.431971057839053,2.67,0.908220472440945
1989-01-11,0.0810247744278361,2.96869158744812,0.450011166028337,2.49,0.846992125984252
1989-01-12,0.892740483085314,3.23822009563446,0.607087131299677,2.36,0.802771653543307
1989-01-13,0.0695052190373341,2.77091135581334,0.559673420778006,2.32,0.789165354330709
1989-01-14,0.495227826138337,4.30578335126241,0.684827642614047,2.13,0.724535433070866
1989-01-15,0.0278052017480756,2.83680359522502,0.486680421035147,2.18,0.741543307086614
1989-01-16,0.016863362150616,0.906693836053213,0.365247330068496,2.19,0.744944881889764
1989-01-17,0.00112903208719217,0.301714214961976,0.336134039635271,2.21,0.751748031496063
1989-01-18,0.000189365920959972,1.31899050374826,0.474790435646355,2.13,0.724535433070866
1989-01-19,0.000829162840091158,-0.16560011486096,0.294714308763962,2.06,0.700724409448819
1989-01-20,0.00015725388827074,-0.644891239702702,0.415688449158022,2.01,0.683716535433071
1989-01-21,0.0107536614523269,0.0258045241353102,0.586894880596865,2.06,0.700724409448819
1989-01-22,0.0122026647538102,0.885970522960027,0.449338562931623,2.03,0.69051968503937
1989-01-23,2.15268858786051e-05,0.278521706039707,0.265183696183439,2.1,0.714330708661417
1989-01-24,0.000373861996801376,-1.25412452220917,0.223066584935063,2.15,0.731338582677165
1989-01-25,0.0111652666722269,-1.93546956777573,0.410413473898443,2.09,0.710929133858268
1989-01-26,0.0073121984678437,-2.89562684297562,0.278274867651923,2.08,0.707527559055118
1989-01-27,0.00136552613063638,-3.18074504534403,0.264882321926725,2.05,0.697322834645669
1989-01-28,7.27303879557439e-05,-2.62096937497457,0.462538440782691,1.99,0.676913385826772
1989-01-29,0.00532762493457994,-2.34425330162048,0.568819478104868,1.97,0.670110236220472
1989-01-30,0.00208972720429301,-2.51473538080851,0.305951744374076,1.85,0.629291338582677
1989-01-31,0.000313288164003704,-2.02688309550285,0.351281199827266,1.82,0.619086614173228
1989-02-01,0.00137518382697029,-1.46209315458934,0.53067305296377,1.86,0.632692913385827
1989-02-02,0.00150210962321277,-2.20492992798487,0.631311098901449,1.93,0.656503937007874
1989-02-03,0.00300029121111341,-2.59107939402262,0.427491987643998,1.88,0.639496062992126
1989-02-04,5.37563373654848e-05,-2.36031760772069,0.558652789318841,1.81,0.615685039370079
1989-02-05,0.0711844807180266,2.11993320782979,0.959272450059584,1.8,0.612283464566929
1989-02-06,0.000119300139582871,3.56402589877447,0.875819827520341,1.82,0.619086614173228
1989-02-07,0.00238437128427904,1.67199088136355,0.914864350028607,1.8,0.612283464566929
1989-02-08,0.00960541814856697,0.628509384890397,0.863041574805651,1.85,0.629291338582677
1989-02-09,0.0129846971343189,-0.474906710286935,0.444030011909704,1.86,0.632692913385827
1989-02-10,0.000368704248539113,-0.305803204576174,0.407323719439224,1.84,0.625889763779528
1989-02-11,0.000405954614204044,-0.52679056674242,0.480969937338599,1.81,0.615685039370079
1989-02-12,2.63903012871742,3.33658732970556,0.956022685063392,1.8,0.612283464566929
1989-02-13,1.9303077061971,1.49301428596179,0.638717809822047,1.91,0.649700787401575
1989-02-14,1.33253302176793,1.33691871662935,0.476034552789802,1.94,0.659905511811024
1989-02-15,1.02472697198391,3.15169455607732,0.730865783728082,1.97,0.670110236220472
1989-02-16,1.35342605412006,2.53311425447464,0.61321041642013,1.84,0.625889763779528
1989-02-17,0.290061231702566,2.63041440645854,0.923556408775687,1.9,0.646299212598425
1989-02-18,3.16813969612122,5.92196651299794,0.852601894043733,1.92,0.653102362204724
1989-02-19,0.00484005852194969,9.99157555898031,1.04040870194563,2.08,0.707527559055118
1989-02-20,9.32591740290324,8.37376491228739,0.959140001539892,2.19,0.744944881889764
1989-02-21,11.3651076952616,3.95068816343943,0.714075557896027,2.92,0.993259842519685
1989-02-22,0.879864941040675,4.81523052851359,0.929831735346256,4.9,1.66677165354331
1989-02-23,0.28487219226857,5.52670578161875,1.20978556531226,3.31,1.12592125984252
1989-02-24,0.00596336292801425,4.41714990139008,0.853080578969718,2.84,0.966047244094488
1989-02-25,0.0651349456359943,5.09485944112142,1.05076364000679,2.74,0.932031496062992
1989-02-26,1.78293897708257,2.05632868409157,0.747976101664375,2.28,0.77555905511811
1989-02-27,1.47784624993801,2.39205168684324,0.715038993339437,2.24,0.761952755905512
1989-02-28,1.88629353046417,1.8735500673453,0.598404168739816,2.1,0.714330708661417
1989-03-01,0.218815778149292,4.04875920216243,1.01414331575533,2.31,0.785763779527559
1989-03-02,1.04429861406485,4.60583742459615,0.900867671655488,2.21,0.751748031496063
1989-03-03,3.73888498544693,5.6523243188858,0.987607518974797,2.15,0.731338582677165
1989-03-04,0.741043695559104,5.1935400168101,0.916834683341116,2.22,0.755149606299213
1989-03-05,0.000313298993612913,6.06417183081309,1.61574332550231,2.18,0.741543307086614
1989-03-06,0.0745749535271898,7.2406393289566,1.87079020181432,2.13,0.724535433070866
1989-03-07,1.50029905637105,8.19194014867147,2.15556636845073,2.09,0.710929133858268
1989-03-08,0.375835201392571,4.52016254266103,1.16714103900734,2.03,0.69051968503937
1989-03-09,0.000387594884765955,3.35434289773305,1.12924176008031,1.99,0.676913385826772
1989-03-10,0.00114818222546849,6.06154489517212,1.81157132756209,1.95,0.663307086614173
1989-03-11,6.62548744685409e-05,7.86204787095388,2.10264095595013,1.96,0.666708661417323
1989-03-12,0.00829416410124395,8.52722644805908,1.87672001609996,1.91,0.649700787401575
1989-03-13,2.23383622119824,7.7704998254776,2.01439593189187,1.8,0.612283464566929
1989-03-14,0.0526869649377962,4.00726318359375,1.33041399568687,1.85,0.629291338582677
1989-03-15,2.39041121800741,6.93335576852163,1.41073292436102,1.91,0.649700787401575
1989-03-16,1.74273683627446,9.33639359474182,1.26958680294068,2.05,0.697322834645669
1989-03-17,4.03922579685847,7.28070875008901,1.49323290483932,1.93,0.656503937007874
1989-03-18,3.51809795200825,2.43648974100749,0.936835201755503,2.1,0.714330708661417
1989-03-19,0.0221216312972198,2.77069141467412,1.06159339535164,2.38,0.809574803149606
1989-03-20,0.00191402634057643,5.42042779922485,1.93198236436773,2.35,0.799370078740158
1989-03-21,0.406677771359682,5.13536640008291,1.24063023848828,2.11,0.717732283464567
1989-03-22,1.06638516485691,8.57423726717631,1.78624174820749,2.04,0.69392125984252
1989-03-23,0.203347248025239,2.76241318384806,1.47865080952893,1.93,0.656503937007874
1989-03-24,0.14339517961101,5.23306882381439,1.82358320580226,1.97,0.670110236220472
1989-03-25,0.0635536168701947,8.77680087089539,1.55250732097475,1.83,0.622488188976378
1989-03-26,6.01732554059708e-05,7.69086849689484,2.20372063583468,1.88,0.639496062992126
1989-03-27,0,10.3222063382467,2.98406583771345,1.88,0.639496062992126
1989-03-28,0,12.2856940428416,3.27758470422124,1.87,0.636094488188976
1989-03-29,0.00524065015189853,12.9204978148142,3.0504865988971,1.81,0.615685039370079
1989-03-30,1.01942893403854e-05,12.9981173674266,3.28091865859333,1.81,0.615685039370079
1989-03-31,0.000978380092419684,13.2910528182983,3.22641695876058,1.73,0.588472440944882
1989-04-01,16.4325598875682,8.91088175773621,2.22447047067083,1.93,0.656503937007874
1989-04-02,19.6365863482157,4.9235360622406,1.2978534486736,2.91,0.989858267716536
1989-04-03,0.0623983315114553,4.88426299889882,1.1203778225599,5.65,1.92188976377953
1989-04-04,0.0410558719498416,6.39643760522207,1.62240305753781,3.04,1.03407874015748
1989-04-05,0.187032896540283,6.62453111012777,1.32568213441066,2.56,0.870803149606299
1989-04-06,0.031837585750812,6.15322804450989,1.61149202125777,2.29,0.77896062992126
1989-04-07,0.154453140373031,7.50724263985952,2.43976738825711,2.22,0.755149606299213
1989-04-08,4.76707937320073,7.78623723983765,2.52324083974064,2.11,0.717732283464567
1989-04-09,0.000948310941263723,9.17463803291321,2.31425396895462,2.24,0.761952755905512
1989-04-10,0.00299569416650532,8.8388839562734,2.35271971187183,2.2,0.748346456692914
1989-04-11,0.00221510996198049,11.9590811729431,2.97443811157342,2.08,0.707527559055118
1989-04-12,0.281908213160932,12.8443470001221,3.70686123314571,2.01,0.683716535433071
1989-04-13,6.29983069499334,7.02492761611938,1.77070713794442,2.01,0.683716535433071
1989-04-14,12.8646527131399,5.66296366850535,1.0316385411412,2.95,1.00346456692913
1989-04-15,0.239047842721144,5.58366521199544,1.16398104587477,4.07,1.38444094488189
1989-04-16,0.252636663460483,8.15197956562042,2.3847829546938,2.82,0.959244094488189
1989-04-17,27.6418441136678,5.01934973398844,1.52249352567396,3.49,1.18714960629921
1989-04-18,0.278602342121303,4.64206027984619,1.74164750771668,15.7,5.34047244094488
1989-04-19,0.916923594971498,6.1754785378774,2.28400899508058,5.57,1.89467716535433
1989-04-20,3.63979355494181,7.55608745416005,2.26598059009702,3.78,1.28579527559055
1989-04-21,17.6663200060527,7.57075273990631,2.23301434229192,3.77,1.2823937007874
1989-04-22,3.97300004959106,4.4436895052592,1.63965859160196,8.13,2.76548031496063
1989-04-23,0.0781936853503187,5.20885161558787,2.08644601816018,4.57,1.55451968503937
1989-04-24,0.00118329392110657,9.84599804878235,3.76572212103327,3.85,1.3096062992126
1989-04-25,0.013493937010935,11.5844416618347,3.68965899050693,2.97,1.01026771653543
1989-04-26,7.17193210124969,10.9560528596242,3.4810437050649,2.88,0.979653543307087
1989-04-27,4.74933522939682,3.14433471361796,1.82464239553135,3.09,1.05108661417323
1989-04-28,3.17497410376867,2.12956516941388,0.995811857333334,3.43,1.16674015748032
1989-04-29,0.40305457636714,3.48364589611689,1.49350039748965,3.51,1.19395275590551
1989-04-30,1.07877385616302,4.55864743391673,1.99581724577778,2.98,1.01366929133858
1989-05-01,0.011908829343156,7.15283302466075,2.47135707706838,2.79,0.94903937007874
1989-05-02,0.000120894940664584,9.47712135314941,3.44106183286892,2.62,0.891212598425197
1989-05-03,0,12.3368989626567,3.89605306003511,2.45,0.833385826771654
1989-05-04,0,12.5792089303335,3.87184794724175,2.32,0.789165354330709
1989-05-05,0,13.7494053840637,4.32319456076715,2.33,0.792566929133858
1989-05-06,0.0158102310087997,9.97133692105611,3.20640309458464,2.21,0.751748031496063
1989-05-07,0.000202140669443907,7.74922076861064,3.24142408029491,2.05,0.697322834645669
1989-05-08,0.000297273164809061,9.72151279449463,3.91122747298605,2.12,0.721133858267717
1989-05-09,0.223591454947988,14.4266750812531,5.04219235415461,2.11,0.717732283464567
1989-05-10,1.84205601612727,13.0996339321136,2.82208680759812,2.06,0.700724409448819
1989-05-11,7.59672808647156,13.0980863571167,3.45028841854773,2.08,0.707527559055118
1989-05-12,2.83389309048653,11.7361211776733,2.89827354691774,2.33,0.792566929133858
1989-05-13,11.8451294898987,10.7610598405202,2.50240154140963,2.19,0.744944881889764
1989-05-14,6.64815068244934,8.46806041399638,2.09383022128351,3.29,1.11911811023622
1989-05-15,0.00471037395618623,10.1250003973643,3.1311780993819,3.29,1.11911811023622
1989-05-16,1.27394166042905e-05,12.5435679753621,4.14968916036813,2.59,0.881007874015748
1989-05-17,0.00356440078849118,14.7370900313059,4.3457997693164,2.4,0.816377952755906
1989-05-18,0.0426110360131133,16.4589810371399,4.86950949360064,2.12,0.721133858267717
1989-05-19,0.344563970652719,16.2586460113525,4.89727529815154,2.01,0.683716535433071
1989-05-20,0.0904513342150797,16.4700949986776,5.15181634124764,2.07,0.704125984251968
1989-05-21,0.0048089427461188,16.8094981511434,4.77414063613942,1.99,0.676913385826772
1989-05-22,0,16.4106557369232,4.13367661383948,1.96,0.666708661417323
1989-05-23,0.000867870929217437,15.857818365097,4.81678348716586,1.87,0.636094488188976
1989-05-24,5.36812270487038e-05,16.8299578030904,5.28023509316237,1.86,0.632692913385827
1989-05-25,0.00519675554824062,16.8171111742655,5.27420192592506,1.85,0.629291338582677
1989-05-26,0.00142891186745449,17.3616102536519,5.47163622873923,1.84,0.625889763779528
1989-05-27,0.00883981271181256,16.793529510498,4.58875794316215,1.84,0.625889763779528
1989-05-28,0.25656470534462,17.2832112312317,5.29120789252423,1.79,0.60888188976378
1989-05-29,2.77708073457082,15.7702651818593,3.89846389888673,1.83,0.622488188976378
1989-05-30,9.10349202156067,13.9979310035706,4.25896165829886,2.16,0.734740157480315
1989-05-31,1.97735883792241,11.2736576398214,1.72460926517281,2.18,0.741543307086614
1989-06-01,17.7367891470591,13.6801865895589,3.59083975982534,2.22,0.755149606299213
1989-06-02,0.0684950865543215,11.8690984249115,3.23932506918059,2.51,0.853795275590551
1989-06-03,9.10564998785655,9.62021358807882,2.62173947888889,2.46,0.836787401574803
1989-06-04,3.94407018025716,9.57428566614787,2.78176480673767,2.29,0.77896062992126
1989-06-05,1.89177267750104,8.56853079795837,2.71489519854056,2.18,0.741543307086614
1989-06-06,1.31763052940369,9.50878508885702,3.19781449898824,2.08,0.707527559055118
1989-06-07,0.15960397447149,9.80018059412638,3.19072333864594,2.01,0.683716535433071
1989-06-08,1.08858967075745,10.3692375818888,3.51240182395118,1.84,0.625889763779528
1989-06-09,0.0889541427410829,13.4904600779215,4.93763040269268,1.89,0.642897637795276
1989-06-10,0.0719136962046226,16.1172139644623,5.46258649773762,1.78,0.60548031496063
1989-06-11,0.260841658028464,15.1885876655579,3.20688698762611,1.79,0.60888188976378
1989-06-12,0.759762083548897,14.6546904246012,4.08719264109417,1.74,0.591874015748032
1989-06-13,0.00417906625564986,15.0256510575612,4.59340618686372,1.78,0.60548031496063
1989-06-14,0.00187821477690401,15.5878220399221,4.55524355400626,1.79,0.60888188976378
1989-06-15,1.67467098434766,16.4074632326762,5.40615472634513,1.71,0.581669291338583
1989-06-16,0.00429835293228583,13.7754503885905,3.53377210659648,1.61,0.547653543307087
1989-06-17,9.62357929286857e-05,15.1787296930949,5.08940578804162,1.58,0.537448818897638
1989-06-18,0.0483299220795743,17.0325555801392,4.77173278922975,1.63,0.554456692913386
1989-06-19,0.000226713037894418,17.6699876785278,4.81909170463426,1.57,0.534047244094488
1989-06-20,0.0177095299198603,18.3932476043701,5.56774391391037,1.6,0.544251968503937
1989-06-21,3.31940061847369,18.4356651306152,5.39738526379487,1.68,0.571464566929134
1989-06-22,11.7169392506282,16.3270130157471,3.89266926867012,1.68,0.571464566929134
1989-06-23,17.0280179182688,11.5575210253398,2.63506077268382,1.98,0.673511811023622
1989-06-24,1.45507669945558,14.6466210683187,2.9323757634115,2.02,0.687118110236221
1989-06-25,0.0317685144642989,17.9847002029419,5.05808694247141,1.83,0.622488188976378
1989-06-26,0.313108087556126,19.6927367846171,5.87927880463542,1.72,0.585070866141732
1989-06-27,10.8781889279683,19.0802884101868,4.66923309935777,1.72,0.585070866141732
1989-06-28,2.87800560891628,12.9494968255361,3.04687679756824,1.85,0.629291338582677
1989-06-29,2.34054630001386,15.7274210453033,4.73635792421322,1.86,0.632692913385827
1989-06-30,0.341738481074572,15.5892912546794,3.74744925456473,1.68,0.571464566929134
1989-07-01,4.04591478904088,17.5153142611186,4.67199264060406,1.65,0.561259842519685
1989-07-02,7.02781244119008,15.1755770842234,2.83604346714262,1.77,0.60207874015748
1989-07-03,9.13576054573059,14.0059027671814,1.95417828431158,2.07,0.704125984251968
1989-07-04,0.0522519474228223,18.2319329579671,4.30264525292888,2.4,0.816377952755906
1989-07-05,0.865249264791297,19.872549533844,4.70221015161676,2.09,0.710929133858268
1989-07-06,0.00373904585770409,21.7080796559652,5.80286984691003,1.88,0.639496062992126
1989-07-07,0.281844231920938,21.7274088859558,5.53095454614845,1.77,0.60207874015748
1989-07-08,5.20124713579814,19.6769220034281,4.98240665880624,1.58,0.537448818897638
1989-07-09,6.36447966098785,18.8995339075724,4.04682623704989,1.96,0.666708661417323
1989-07-10,9.79223157962163,19.351287206014,4.41088884990195,2.15,0.731338582677165
1989-07-11,36.6061261494954,16.3956074714661,1.66171831161128,2.6,0.884409448818898
1989-07-12,0.326218111906201,17.2484099070231,3.61416049683355,7.68,2.6124094488189
1989-07-13,0.694811144222816,17.6367003122966,4.33563862117956,3.64,1.23817322834646
1989-07-14,0.0146929793991148,14.0464847882589,3.29793032214701,2.33,0.792566929133858
1989-07-15,0.000779091416916344,15.1257311503092,4.43010324032042,1.96,0.666708661417323
1989-07-16,0.0289494598497792,17.1915335655212,4.61987055863997,1.74,0.591874015748032
1989-07-17,0.000247478465704868,14.7893666426341,3.68725725956511,1.72,0.585070866141732
1989-07-18,3.31438293059667,14.4902875423431,3.98777184630742,1.75,0.595275590551181
1989-07-19,7.28833200961769e-06,14.4074347019196,4.06839259588157,1.73,0.588472440944882
1989-07-20,2.98383535361305e-06,16.7585487365723,5.33124173890245,1.74,0.591874015748032
1989-07-21,0.000763806696340907,19.2129828135173,5.71356018153012,1.64,0.557858267716535
1989-07-22,0.682754262816161,21.6018344561259,6.0087593808481,1.55,0.527244094488189
1989-07-23,5.3895348906517,22.3095768292745,4.96049809844396,1.63,0.554456692913386
1989-07-24,1.82737694183985,20.3441936175028,4.64775672444518,2.11,0.717732283464567
1989-07-25,9.70904753108819,19.0618058840434,3.95965885446849,2.01,0.683716535433071
1989-07-26,5.96700934569041,18.5521507263184,3.66756108577226,1.83,0.622488188976378
1989-07-27,15.4560356537501,18.1895020802816,3.77465854789948,2.16,0.734740157480315
1989-07-28,0.0382076520472765,16.2646559874217,3.41222406407923,3.35,1.13952755905512
1989-07-29,0.00434677995266005,16.5713014602661,4.42298225251671,2.28,0.77555905511811
1989-07-30,14.1246675650279,18.9320251146952,5.35300435104347,1.95,0.663307086614173
1989-07-31,9.03465286890666,13.4913841883341,3.15598852046218,2.54,0.864
1989-08-01,10.2599881092707,10.0887908140818,2.27034871847866,3.26,1.10891338582677
1989-08-02,1.42197571198146,11.285135269165,2.82206817408197,4.38,1.48988976377953
1989-08-03,0.00636802094231825,13.247395435969,3.35699102506238,3.07,1.04428346456693
1989-08-04,4.93645260727741e-06,15.2636590003967,4.55162837384633,2.67,0.908220472440945
1989-08-05,0.0277037937970211,18.0332504908244,5.05076872122848,2.19,0.744944881889764
1989-08-06,0.088620007969439,17.8753906885783,3.4386358838099,2.03,0.69051968503937
1989-08-07,5.06265034278234,19.3958911895752,4.71010259575343,2.03,0.69051968503937
1989-08-08,4.96525472402573,17.8734057744344,2.86927989743609,2.17,0.738141732283465
1989-08-09,1.72213031739617,16.5016202131907,2.84351493422828,2.89,0.983055118110236
1989-08-10,0.626343541550644,17.4711972872416,4.32689610671141,4.2,1.42866141732283
1989-08-11,2.99034170558055,18.7976223627726,4.15642290904663,2.49,0.846992125984252
1989-08-12,3.67046256860097,18.779434521993,3.69731227803553,2.83,0.962645669291339
1989-08-13,2.02428844446937,19.2923606236776,4.34732343843997,2.14,0.727937007874016
1989-08-14,0.177928074722558,20.2535398801168,4.25765005214616,1.94,0.659905511811024
1989-08-15,0.00421901875476275,21.6773564020793,4.75653246030205,1.9,0.646299212598425
1989-08-16,1.12568995418648,23.5980213483175,5.61412036975739,1.85,0.629291338582677
1989-08-17,2.94580022059381,19.1980296770732,3.49894369912935,1.72,0.585070866141732
1989-08-18,1.17974828680356,17.7560402552287,3.18561532384656,1.82,0.619086614173228
1989-08-19,0.00481277597729483,18.6029047966003,4.21985849022518,2.15,0.731338582677165
1989-08-20,6.49495859761373e-07,19.104040145874,4.60876072132057,1.84,0.625889763779528
1989-08-21,0,20.735381603241,4.64535040751993,1.63,0.554456692913386
1989-08-22,4.09625640511513,20.9720616340637,4.69879012588395,1.66,0.564661417322835
1989-08-23,2.47478604565064,18.7081618309021,3.50671174126248,2.05,0.697322834645669
1989-08-24,0.00479908295286198,17.1687962214152,3.46561411492823,1.93,0.656503937007874
1989-08-25,8.39228157202403,17.1684303283691,3.82080203526627,1.63,0.554456692913386
1989-08-26,3.06460469961166,15.2927116552989,2.00305053369638,1.81,0.615685039370079
1989-08-27,7.15182475248973,14.744787534078,2.68774495798509,1.83,0.622488188976378
1989-08-28,2.32017262776693,10.4482332070669,1.94807021925265,1.97,0.670110236220472
1989-08-29,0.0151577938152817,10.5047010580699,2.11617029556332,1.93,0.656503937007874
1989-08-30,6.16031441798744e-06,10.7953163782756,2.44606173222309,1.78,0.60548031496063
1989-08-31,1.87937754769033e-05,11.6442432403564,3.26264191485107,1.78,0.60548031496063
1989-09-01,0.00154344648278008,14.5683754285177,3.64715053381577,1.69,0.574866141732283
1989-09-02,4.52980470657349,12.2815257708232,1.85629542928945,1.55,0.527244094488189
1989-09-03,14.404863913854,10.2219853401184,1.20376424991317,1.76,0.598677165354331
1989-09-04,3.28960921367009,10.1254277229309,1.18117469543758,2.03,0.69051968503937
1989-09-05,0.0109314241368944,11.1752628485362,2.09683682800778,2.01,0.683716535433071
1989-09-06,0,11.1655241648356,2.73324114938911,1.81,0.615685039370079
1989-09-07,0,11.9960696697235,2.97385673294561,1.76,0.598677165354331
1989-09-08,0,12.7769979635874,2.99080238506028,1.64,0.557858267716535
1989-09-09,0.00470998027291595,12.5099257628123,2.86040933277133,1.63,0.554456692913386
1989-09-10,0.00263859050998387,14.1955982844035,2.93521891819116,1.6,0.544251968503937
1989-09-11,0.00203336827689782,14.8576532999674,3.01090208912591,1.66,0.564661417322835
1989-09-12,1.05147754959762,14.2928385734558,2.63231466079229,1.63,0.554456692913386
1989-09-13,0.937698170542717,13.9602573712667,2.69564387569121,1.68,0.571464566929134
1989-09-14,2.21309400101503,13.4176987806956,1.86924250487392,1.69,0.574866141732283
1989-09-15,4.36606989304225,13.1583660443624,1.51882982705423,1.7,0.578267716535433
1989-09-16,0.000687769977957942,15.9353466033936,2.66847946884254,1.83,0.622488188976378
1989-09-17,4.35614411529173e-05,16.658593972524,3.3725952911104,1.62,0.551055118110236
1989-09-18,0.00344760476900774,17.7665568987528,3.34697577916842,1.68,0.571464566929134
1989-09-19,1.1346740188698,18.5365886688232,3.41673675102092,1.57,0.534047244094488
1989-09-20,0.0420517583067218,17.8574980099996,2.49799960916375,1.59,0.540850393700787
1989-09-21,0.158960370967786,16.6392164230347,2.21539833842337,1.68,0.571464566929134
1989-09-22,0.0316615863509166,16.6521968841553,2.53613082569803,1.58,0.537448818897638
1989-09-23,13.415226260821,14.2094126542409,2.01799689755838,1.62,0.551055118110236
1989-09-24,0.0025577843340822,12.7090744972229,1.1500304293501,2.89,0.983055118110236
1989-09-25,6.77186778187752,13.0423623720805,1.52546251152102,2.08,0.707527559055118
1989-09-26,1.46808929368854,11.8035768667857,1.17778659528754,2.74,0.932031496062992
1989-09-27,7.58755842844645,8.56648405392965,1.34010307582661,2.61,0.887811023622047
1989-09-28,2.0205904195706,8.58397006988525,1.37890061159704,3.53,1.20075590551181
1989-09-29,0.00841155491677152,7.96049348513285,1.37007000998768,2.44,0.829984251968504
1989-09-30,0.0732238827816521,8.56481917699178,1.79026587596919,2.27,0.772157480314961
1989-10-01,0.0059269274934195,11.2320362726847,1.42656586216877,2.03,0.69051968503937
1989-10-02,0.00244030173143983,9.66235820452372,1.32978079004643,1.89,0.642897637795276
1989-10-03,0.994378450016181,7.29036029179891,1.46866663663489,1.85,0.629291338582677
1989-10-04,0.000399284687243077,5.69301335016886,1.64993599399746,1.73,0.588472440944882
1989-10-05,0.000211708499894788,7.4726881980896,2.00620441669174,1.67,0.568062992125984
1989-10-06,9.30036012331645,9.86661195755005,1.92533899975959,1.72,0.585070866141732
1989-10-07,11.3852696021398,8.34015905857086,0.988456262705677,2.05,0.697322834645669
1989-10-08,1.61592495441437,6.36852459112803,0.685651521618007,3.07,1.04428346456693
1989-10-09,7.81392057736715,6.45763969421387,0.860368385653959,3.34,1.13612598425197
1989-10-10,2.71021444598834,6.46707193056742,0.997224505577347,2.83,0.962645669291339
1989-10-11,4.02099186182022,6.76761909325918,0.99364192236548,2.82,0.959244094488189
1989-10-12,0.05722619065394,7.87135171890259,1.22364626900945,2.61,0.887811023622047
1989-10-13,0.000768460445518334,8.21920907497406,1.57801224514025,2.44,0.829984251968504
1989-10-14,5.27345458666484,8.49612704912821,1.50329200955011,2.28,0.77555905511811
1989-10-15,0.225700126199323,5.81394680341085,1.09194684533468,2.35,0.799370078740158
1989-10-16,2.76536463085601e-05,5.5944436788559,1.44170127519494,2.35,0.799370078740158
1989-10-17,0.00499851505567979,7.04796214898427,1.62879574722054,2.26,0.768755905511811
1989-10-18,0.00771649546610812,7.68591554959615,1.61481680913478,2.24,0.761952755905512
1989-10-19,0.00460188085192688,9.28549067179362,1.65219786536866,2.08,0.707527559055118
1989-10-20,0.0485436734816176,10.1760336558024,1.53642449935161,1.88,0.639496062992126
1989-10-21,6.5451785606759e-05,13.223202864329,1.62381940548623,1.8,0.612283464566929
1989-10-22,3.8324957737738e-06,12.182398557663,1.77581989426397,1.73,0.588472440944882
1989-10-23,2.73243100915958e-06,11.6343400478363,1.88666214783968,1.73,0.588472440944882
1989-10-24,0,12.155636548996,1.57978300028649,1.6,0.544251968503937
1989-10-25,0,11.1571268240611,1.59335824387558,1.65,0.561259842519685
1989-10-26,1.00159559224267e-06,11.4894128640493,1.5971796661887,1.65,0.561259842519685
1989-10-27,0.0053135294195575,10.6144040425618,1.3896328879333,1.58,0.537448818897638
1989-10-28,8.11004400253296,12.1224309603373,1.80077347272935,1.58,0.537448818897638
1989-10-29,4.52413680156072,9.61647947629293,0.74790724280538,1.85,0.629291338582677
1989-10-30,3.58273522059123,13.156215429306,0.980196049550606,1.95,0.663307086614173
1989-10-31,1.39092112829288,12.6136933167775,0.74825649586208,1.94,0.659905511811024
1989-11-01,0.000678052282940674,11.7101746400197,1.07558422790714,1.82,0.619086614173228
1989-11-02,0.00131288525881246,10.9350198904673,1.00945157025373,1.72,0.585070866141732
1989-11-03,4.95946216583252,9.53255454699198,0.800223585548112,1.62,0.551055118110236
1989-11-04,2.34185729424159,5.73357005914052,0.692477482000302,1.78,0.60548031496063
1989-11-05,11.0040493011475,5.5905157327652,0.686079318820794,2.44,0.829984251968504
1989-11-06,25.2617257436117,3.03637105226517,0.372575975493805,3.14,1.06809448818898
1989-11-07,2.58288874228795,2.1741140683492,0.465601129852055,7.96,2.70765354330709
1989-11-08,1.24089348812898,3.26198494434357,0.745785610346379,5.38,1.83004724409449
1989-11-09,0.0454708356410265,3.61817348003387,0.721207709250843,3.15,1.07149606299213
1989-11-10,5.9345256886445e-05,1.76938164234161,0.662967209377515,2.83,0.962645669291339
1989-11-11,0.00160886973996336,2.01947882771492,0.49951800790935,2.44,0.829984251968504
1989-11-12,0.0194325250728677,0.856463149189949,0.307077330793762,2.24,0.761952755905512
1989-11-13,0.0248315722734939,-0.267585884779692,0.268167824146505,2.23,0.758551181102362
1989-11-14,0.0143271475390065,-0.720613524317741,0.253664294130159,2.05,0.697322834645669
1989-11-15,0.00128654743184597,0.735289504130681,0.496338123105246,2.01,0.683716535433071
1989-11-16,3.96365746079634e-05,1.06140018502871,0.480010084057401,2.01,0.683716535433071
1989-11-17,7.18980012000732e-06,-0.731314100325108,0.399124172337299,2.12,0.721133858267717
1989-11-18,4.4308859666368e-05,-1.39055962363879,0.483030465388724,2.09,0.710929133858268
1989-11-19,0.000107857110530555,-0.287550339785715,0.605063728219317,2.05,0.697322834645669
1989-11-20,0.00487055377258609,0.586807884275913,0.604422267003415,1.88,0.639496062992126
1989-11-21,0.00300714435676734,2.57476030786832,0.644699984116755,1.88,0.639496062992126
1989-11-22,2.88526199261347,1.43379374345144,0.629024136528821,1.86,0.632692913385827
1989-11-23,1.31452240263267e-06,-4.00892770290375,0.310258394436752,1.88,0.639496062992126
1989-11-24,0.446324344724417,-2.44552545746168,0.462138445464594,1.84,0.625889763779528
1989-11-25,1.80962823828061,-6.89574424425761,0.276679375329259,1.81,0.615685039370079
1989-11-26,0.00105178905262922,-4.88207423686981,0.395972353218351,1.73,0.588472440944882
1989-11-27,0.000530070819271108,-1.1078755185008,0.486006114354647,1.73,0.588472440944882
1989-11-28,0.0130447940100566,0.429021320616206,0.459303479107707,1.8,0.612283464566929
1989-11-29,5.41896649034849e-05,-3.61892610788345,0.332486466847761,1.69,0.574866141732283
1989-11-30,0.00260307465487131,-3.60027740399043,0.376262392641936,1.75,0.595275590551181
1989-12-01,0,-3.68127536773682,0.315382031517843,1.69,0.574866141732283
1989-12-02,9.83064758960002e-06,-2.99130143721898,0.335686855960872,1.61,0.547653543307087
1989-12-03,4.51391873260339e-05,-3.81124567985535,0.312026423464466,1.55,0.527244094488189
1989-12-04,0.00129009243846667,-4.43781288464864,0.294537158461397,1.65,0.561259842519685
1989-12-05,2.1958095582401e-05,-2.91714636484782,0.26869380209351,1.66,0.564661417322835
1989-12-06,0.000902700274309609,-2.2712491552035,0.154681947670621,1.68,0.571464566929134
1989-12-07,0.00128997211868409,-0.533603909114997,0.318771418001798,1.64,0.557858267716535
1989-12-08,4.76841357605432e-05,-2.92504662275314,0.216346159279321,1.63,0.554456692913386
1989-12-09,0.0264318690557654,-2.58999051650365,0.267885033952246,1.72,0.585070866141732
1989-12-10,0.00015091977972285,-4.62524763743083,0.276616391499679,1.62,0.551055118110236
1989-12-11,0.00265696388578363,-2.52992663780848,0.421470720514165,1.52,0.51703937007874
1989-12-12,8.21533644199371,0.975040877858798,0.383738908397784,1.8,0.612283464566929
1989-12-13,7.51669343312581,6.22897299130758,0.536887345110643,2.38,0.809574803149606
1989-12-14,7.90786572297414,8.75062433878581,0.593183421095083,2.94,1.00006299212598
1989-12-15,21.1655267079671,8.72458815574646,0.540134543492681,4.86,1.65316535433071
1989-12-16,3.84743332862854,10.4554038842519,0.711776600845739,8.56,2.91174803149606
1989-12-17,3.81520531574885,9.19723002115885,0.467654514410217,4.54,1.54431496062992
1989-12-18,8.27907359600067,7.92162760098775,0.547831569519938,3.93,1.3368188976378
1989-12-19,1.64042427142461,6.21961764494578,0.527528139967541,4.63,1.57492913385827
1989-12-20,2.0047576079766,7.35164475440979,0.652265206253499,4.37,1.48648818897638
1989-12-21,3.9073465069135,10.1448157628377,0.526400927641934,3.27,1.11231496062992
1989-12-22,0.830446839953462,8.57204635938009,0.64327678759375,3.24,1.10211023622047
1989-12-23,4.2029914855957,3.5952189763387,0.451115439434753,2.7,0.918425196850394
1989-12-24,0.953008955965439,3.63505836327871,0.410812547501453,2.92,0.993259842519685
1989-12-25,0.00983271705172228,0.388437968989213,0.408629086774715,3.01,1.02387401574803
1989-12-26,0.00291596113432509,-1.19699902832508,0.258148960230305,2.58,0.877606299212599
1989-12-27,0.00355736930699398,-2.3135356704394,0.178897572212294,2.42,0.823181102362205
1989-12-28,0.00714171344103913,-2.25151553750038,0.223299853982987,2.34,0.795968503937008
1989-12-29,0.00640333051478592,-2.68967741727829,0.21494486194609,2.23,0.758551181102362
1989-12-30,6.94867742462672e-05,-3.755264600118,0.206645912971437,2.17,0.738141732283465
1989-12-31,0.0025536227573563,-4.03235544761022,0.246722672604245,2.1,0.714330708661417
1990-01-01,0.00161558113662371,-4.36574375629425,0.299101164486641,2.02,0.687118110236221
1990-01-02,0.0190809919634679,-2.77393718560537,0.405935958673888,2.04,0.69392125984252
1990-01-03,0.0505070488434285,-1.90405815839767,0.306953409209176,1.93,0.656503937007874
1990-01-04,1.06388226110236e-06,-3.39211658636729,0.245965832411389,1.91,0.649700787401575
1990-01-05,10.0312616030375,-1.31346522768339,0.376765410682686,1.92,0.653102362204724
1990-01-06,0.0213503418952617,-1.4372180600961,0.190109398776869,1.96,0.666708661417323
1990-01-07,0.00145157678950151,-4.30373541514079,0.260279775590385,1.97,0.670110236220472
1990-01-08,4.4538983502207e-05,-4.54176851113637,0.272751084015512,1.85,0.629291338582677
1990-01-09,6.00593602939625e-05,-4.10496878623962,0.316844409243624,1.74,0.591874015748032
1990-01-10,0.00113442753839384,-4.21762118736903,0.331087183344346,1.84,0.625889763779528
1990-01-11,1.4098501803043e-05,-5.12013912200928,0.236768727234715,1.81,0.615685039370079
1990-01-12,0.000287658663144915,-6.44775144259135,0.318009400789211,1.79,0.60888188976378
1990-01-13,0.000187527306631334,-4.92344868183136,0.420464757471776,1.85,0.629291338582677
1990-01-14,0.000238235167974684,-5.09311791261037,0.343869063188851,1.93,0.656503937007874
1990-01-15,0.0793947670220708,-0.796855355302493,0.511167298996691,2,0.680314960629921
1990-01-16,0.0552494317331972,4.22600412368774,0.491900052277838,2.08,0.707527559055118
1990-01-17,0.962832768758138,4.9123440583547,0.495498883616679,2.57,0.874204724409449
1990-01-18,0.0626478552197417,0.323732706718147,0.463027175951389,2.56,0.870803149606299
1990-01-19,0.000994528071411575,-1.25422758857409,0.424836145288064,2.45,0.833385826771654
1990-01-20,0.841223850846291,2.28361541032791,0.480556419966108,2.12,0.721133858267717
1990-01-21,0.0134493548733493,3.83448388179143,0.568774402528746,2.07,0.704125984251968
1990-01-22,6.56191744686415e-05,0.871558060248693,0.495001701864452,2.37,0.806173228346457
1990-01-23,2.57698719700178,2.58103241523107,0.774365835725514,2.14,0.727937007874016
1990-01-24,5.05971719821294,4.87349232037862,0.568504554678122,2.32,0.789165354330709
1990-01-25,1.85830933849017,7.76977777481079,0.797579876412236,2.97,1.01026771653543
1990-01-26,0.0654315780460214,4.2560062011083,0.685825268172134,3.02,1.02727559055118
1990-01-27,0.00133263276294808,3.33402556180954,0.663193973031969,2.76,0.938834645669291
1990-01-28,4.35935378074646,4.47177648544312,0.829553654213437,2.38,0.809574803149606
1990-01-29,0.00232617521639137,1.87498587369919,0.488742617760501,2.47,0.840188976377953
1990-01-30,0.00264690097780355,3.16208201646805,0.657936076079854,2.55,0.86740157480315
1990-01-31,0.00422279521929643,3.01659089326859,0.692661248110349,2.27,0.772157480314961
1990-02-01,0.00010246253805235,3.20810643831889,0.825219722303411,2.14,0.727937007874016
1990-02-02,2.44130791227023,2.73984044790268,0.737309975472,2.05,0.697322834645669
1990-02-03,0.0143261925283393,6.63018524646759,1.04350073968487,2.1,0.714330708661417
1990-02-04,9.84220164355065e-05,3.26119683186213,0.85134376570878,2.02,0.687118110236221
1990-02-05,1.06024745131587e-05,2.21917264660199,0.926839345832734,1.97,0.670110236220472
1990-02-06,0.00468260445632041,1.02510190289468,0.939702702912576,1.94,0.659905511811024
1990-02-07,0.000179457038029796,6.25872580210368,1.27643596092439,1.97,0.670110236220472
1990-02-08,2.19124627113342,8.47319078445435,1.00916201054963,1.92,0.653102362204724
1990-02-09,0.0193509636810631,2.05269020795822,0.746231568242809,1.96,0.666708661417323
1990-02-10,2.90091097354889,2.71894735097885,0.938806063682335,1.89,0.642897637795276
1990-02-11,2.96950034300486,1.95931026339531,0.634182809276499,2.07,0.704125984251968
1990-02-12,7.098739306132,1.40745171904564,0.600924426410033,2.08,0.707527559055118
1990-02-13,13.6116133530935,1.16834651927153,0.479362982421096,1.96,0.666708661417323
1990-02-14,32.3976329167684,3.7402837673823,0.776671581781533,5.29,1.79943307086614
1990-02-15,12.6709886391958,3.79529802004496,0.972944716881699,21.7,7.38141732283465
1990-02-16,0.0600118748067568,0.916834861040115,0.541429992073003,11.6,3.94582677165354
1990-02-17,0.351616036146879,3.11699551343918,0.879401406061336,4.04,1.37423622047244
1990-02-18,0.00347289761702996,6.75322647889455,1.27710581170122,3.4,1.15653543307087
1990-02-19,0,7.38939114411672,1.35138058562435,3.08,1.04768503937008
1990-02-20,1.29563896204369e-07,7.58031729857127,1.46943690364843,2.8,0.95244094488189
1990-02-21,0.000751972525904421,8.02172994613647,1.6599933201455,2.7,0.918425196850394
1990-02-22,0.00150160910197883,7.58490920066833,1.45017454555369,2.44,0.829984251968504
1990-02-23,0.0324731177436964,6.23770348230998,1.47946699136942,2.42,0.823181102362205
1990-02-24,0,8.16487185160319,1.78316131308358,2.4,0.816377952755906
1990-02-25,0.00396491765665511,11.3202123641968,1.99377780046246,2.2,0.748346456692914
1990-02-26,8.59135401248932,7.10203055540721,1.35593104844717,2.17,0.738141732283465
1990-02-27,12.716891447703,3.30996978282928,1.0427302689328,3.65,1.24157480314961
1990-02-28,5.78595586617788,5.38989396890004,1.13512463361005,4.33,1.47288188976378
1990-03-01,1.50910528004169,1.7764889895916,1.04543031009675,3.92,1.33341732283465
1990-03-02,1.14775110284487,-0.197316814330406,0.56592597214844,3.27,1.11231496062992
1990-03-03,0.0130860113228361,0.103357138733069,0.808873603292604,2.81,0.955842519685039
1990-03-04,6.22324716156678e-05,1.36719148357709,1.04184161212922,2.76,0.938834645669291
1990-03-05,1.61324858822809e-05,3.52454304695129,1.40824139570901,2.56,0.870803149606299
1990-03-06,0,7.57030431429545,1.50385712171307,2.49,0.846992125984252
1990-03-07,0,5.40379424889882,1.47412675761135,2.38,0.809574803149606
1990-03-08,0.00043920132641991,7.16953766345978,2.08871611642869,2.32,0.789165354330709
1990-03-09,0.155000904264549,9.35752407709757,1.72204399714516,2.2,0.748346456692914
1990-03-10,0.0472133313305676,8.87398235003153,1.08440859523647,2.15,0.731338582677165
1990-03-11,0,10.7573591868083,2.08351614796227,2.27,0.772157480314961
1990-03-12,0.000467517701811933,9.03131890296936,1.92882108593225,2.1,0.714330708661417
1990-03-13,0.000199763737327885,6.53897857666016,1.95560761120315,2.13,0.724535433070866
1990-03-14,3.49895505110423,7.12499062220256,1.50030603060522,2.18,0.741543307086614
1990-03-15,0.0114718990177304,6.55948348840078,1.59503443145194,2.34,0.795968503937008
1990-03-16,0.0268889608123573,5.76814619700114,1.64013547498736,2.19,0.744944881889764
1990-03-17,0.00439482385021013,6.91010725498199,2.11914165901995,2.17,0.738141732283465
1990-03-18,0,8.24402936299642,2.49109452592179,2.15,0.731338582677165
1990-03-19,4.96528979662495e-05,8.36267022291819,2.38847607268021,1.94,0.659905511811024
1990-03-20,2.19616990288099,9.31452743212382,2.00994578134141,1.97,0.670110236220472
1990-03-21,0,13.6026349067688,2.55779983747934,1.98,0.673511811023622
1990-03-22,14.2537100315094,14.635231812795,2.71469090705281,1.92,0.653102362204724
1990-03-23,0.233394857340803,6.13575108846029,1.83312867927961,2.34,0.795968503937008
1990-03-24,0.932015111049016,7.78188558419545,2.54066374332108,2.79,0.94903937007874
1990-03-25,1.42368049919605,3.24087144931157,1.36955929438552,2.21,0.751748031496063
1990-03-26,0.597030725950996,2.08244798580805,0.830343600479861,2.19,0.744944881889764
1990-03-27,2.51008940736453,3.88455917437871,1.49646339606433,2.09,0.710929133858268
1990-03-28,4.7795166571935,2.40235009789467,1.05418278808383,2.24,0.761952755905512
1990-03-29,6.74426619211833,4.31889289617538,1.1449704676621,2.89,0.983055118110236
1990-03-30,0.143500604201108,6.33810977141062,1.39664810594999,3.07,1.04428346456693
1990-03-31,0.00531555682876691,7.80557497342428,2.27381250345796,2.75,0.935433070866142
1990-04-01,5.26224863506286e-05,9.7251246770223,2.97787326861956,2.49,0.846992125984252
1990-04-02,0.00344723562981623,10.8714025815328,3.13748393236127,2.27,0.772157480314961
1990-04-03,4.73275615771612,7.78722405433655,2.19648989707108,2.24,0.761952755905512
1990-04-04,0.00662452757145123,3.84690320491791,1.55405452924097,2.43,0.826582677165354
1990-04-05,2.17354414860407,3.80867340167363,1.40275881307693,2.22,0.755149606299213
1990-04-06,1.14915949354569,4.95039292176565,1.19819881170086,2.26,0.768755905511811
1990-04-07,5.84188751379649,3.76523401339849,1.08034827820159,2.24,0.761952755905512
1990-04-08,1.74400280416012,3.03868301709493,0.932802235745908,2.41,0.819779527559055
1990-04-09,0.362158629422386,3.25474192698797,1.18501067237297,2.49,0.846992125984252
1990-04-10,1.73321732878685,5.08576794465383,1.96348048487731,2.33,0.792566929133858
1990-04-11,13.5326252778371,3.82391744852066,1.35987509477922,2.33,0.792566929133858
1990-04-12,0.536691289395094,3.86242485046387,1.6580082639065,2.48,0.843590551181102
1990-04-13,0.00199128656095127,6.63913456598918,2.62404763302789,2.41,0.819779527559055
1990-04-14,3.42771179477374,5.39102447032928,2.26741125823371,2.27,0.772157480314961
1990-04-15,5.52342853943507,4.08136604229609,1.689705634955,2.5,0.850393700787402
1990-04-16,1.82655910154184,4.74330159028371,1.779222826928,2.74,0.932031496062992
1990-04-17,4.28337933619817,5.77213633060455,2.23972634818821,2.63,0.894614173228346
1990-04-18,8.25560065110525,3.99770758549372,1.48280497015102,2.88,0.979653543307087
1990-04-19,6.07221321264903,5.00835859775543,1.46155763082591,3.01,1.02387401574803
1990-04-20,0.0164550067080806,8.3949525753657,2.83362741892734,3.01,1.02387401574803
1990-04-21,0.723665754000346,9.50882244110107,2.5909784464499,2.67,0.908220472440945
1990-04-22,2.87082798282305,9.239222129186,2.50124987207809,2.5,0.850393700787402
1990-04-23,9.54152496655782,7.50923633575439,1.51311935688723,2.65,0.901417322834646
1990-04-24,3.72119033336639,7.87106923262278,1.97788373287013,3.34,1.13612598425197
1990-04-25,2.04881609976292,8.23908380667369,2.17233104429186,3.46,1.17694488188976
1990-04-26,3.46929321686427,8.66184687614441,2.41333505360238,3.98,1.35382677165354
1990-04-27,3.26414559284846,8.25106994311015,2.17004772677542,3.84,1.30620472440945
1990-04-28,0.00394287445427229,6.1851042509079,2.22038130582002,3.24,1.10211023622047
1990-04-29,0,8.87698729832967,3.14437978509815,2.92,0.993259842519685
1990-04-30,0,11.7506856123606,3.91478108062372,2.69,0.915023622047244
1990-05-01,0.0043845764642659,14.7176894346873,4.34401791250324,2.52,0.857196850393701
1990-05-02,0,16.3649742603302,4.32300020766305,2.41,0.819779527559055
1990-05-03,0,14.2239816983541,3.35432075353547,2.39,0.812976377952756
1990-05-04,6.26604048648005e-08,15.2057546774546,4.28208735854617,2.23,0.758551181102362
1990-05-05,0.00814586314906289,16.4508007367452,4.73528730815086,2.17,0.738141732283465
1990-05-06,1.23751121386886,14.5447680155436,4.51267617533454,2.17,0.738141732283465
1990-05-07,1.38819493105014,13.6478908061981,4.22395913443793,2.36,0.802771653543307
1990-05-08,4.263436516126,13.0278630256653,3.32069494404555,2.28,0.77555905511811
1990-05-09,0.212106314798196,14.5416382153829,4.55853697019005,2.19,0.744944881889764
1990-05-10,3.1128767033418,15.0187372366587,4.76603207598044,2.11,0.717732283464567
1990-05-11,6.66512556870778,11.6428632736206,1.97520315774084,2.23,0.758551181102362
1990-05-12,0.00307634105411125,12.4412633577983,3.61880319766289,2.31,0.785763779527559
1990-05-13,5.2450902958711,13.9905495643616,4.26758238769765,2.09,0.710929133858268
1990-05-14,3.86488001048565,14.0383268197378,3.31891706289023,2.21,0.751748031496063
1990-05-15,0.0504497333119313,15.4220603307088,4.05038939632174,2.27,0.772157480314961
1990-05-16,0.64868618392696,17.1735186576843,4.5220223073168,2.05,0.697322834645669
1990-05-17,0.000800023866759147,16.1927120685577,4.26754448528093,1.89,0.642897637795276
1990-05-18,0.014881517320949,14.7105387846629,4.24834806017897,2.01,0.683716535433071
1990-05-19,0.00018749589798972,14.6898690064748,4.36486517555347,1.87,0.636094488188976
1990-05-20,0.00499053703485212,14.5055077870687,4.15954351832322,1.84,0.625889763779528
1990-05-21,1.1202280583481,14.6625677744548,4.40872471442396,1.77,0.60207874015748
1990-05-22,0.00387142583106955,15.5360595385234,4.43554684417775,1.92,0.653102362204724
1990-05-23,0.0739193176850677,16.4899045626322,4.86422623046832,1.77,0.60207874015748
1990-05-24,4.57071312268575,15.2382978598277,3.72165339436072,1.66,0.564661417322835
1990-05-25,1.21588281417886,10.5424157778422,2.53953578117895,1.85,0.629291338582677
1990-05-26,0.00229483837476134,10.7107369105021,3.62482774695529,1.88,0.639496062992126
1990-05-27,0.0046714644364935,11.4222730000814,4.25439429508117,1.83,0.622488188976378
1990-05-28,0.0310917402481815,10.1496294339498,4.06502145872973,1.71,0.581669291338583
1990-05-29,7.01329208823154e-05,9.17940950393677,3.77269975208447,1.76,0.598677165354331
1990-05-30,0,11.6321415106455,4.63209674188451,1.63,0.554456692913386
1990-05-31,0,13.691811243693,5.02783066610412,1.71,0.581669291338583
1990-06-01,0.000385823240624935,16.6499840418498,5.70526519045711,1.72,0.585070866141732
1990-06-02,12.1574769814809,12.714247862498,3.35628258835244,1.74,0.591874015748032
1990-06-03,3.24846454461416,12.5978510379791,3.32495932337074,2.18,0.741543307086614
1990-06-04,2.35500287512938,12.1457611719767,2.95541993286391,1.7,0.578267716535433
1990-06-05,6.60597143570582,13.7517394224803,4.02117233124827,1.76,0.598677165354331
1990-06-06,5.21045957008998,12.0947815577189,2.08809087585469,1.9,0.646299212598425
1990-06-07,1.9344353278478,13.8494247595469,3.05236081950151,2.25,0.765354330708661
1990-06-08,13.9645152886709,10.9957911173503,2.44461528958666,2.32,0.789165354330709
1990-06-09,0.160993183031678,10.4374533494314,3.17807808901427,2.92,0.993259842519685
1990-06-10,9.95199803511302,9.59384393692017,2.90331737241384,2.12,0.721133858267717
1990-06-11,0.0227172720478848,12.3166624704997,3.44338182555348,2.37,0.806173228346457
1990-06-12,15.7573608557383,12.5183311303457,2.99075441310381,2.21,0.751748031496063
1990-06-13,5.27168301741282,11.9060113430023,2.20038305146531,3,1.02047244094488
1990-06-14,2.91800748246411,12.9821095466614,3.4329944614305,3.6,1.22456692913386
1990-06-15,6.80174781878789,13.2897941271464,3.28543085319845,2.48,0.843590551181102
1990-06-16,0.00682319914146016,13.5848311583201,3.85328606915833,2.19,0.744944881889764
1990-06-17,0.000124887230109986,15.6113224029541,5.03269542759446,1.87,0.636094488188976
1990-06-18,1.62333336472511,16.03923869133,4.77697721477764,1.66,0.564661417322835
1990-06-19,0.00515060272300616,19.0169825553894,5.88702015429992,1.77,0.60207874015748
1990-06-20,11.2176162799199,17.0487955411275,4.50029478525987,1.71,0.581669291338583
1990-06-21,0.513391065100829,16.0524680614471,4.0117887641679,2.26,0.768755905511811
1990-06-22,6.07762451966604,13.0644775231679,2.76292355588631,1.95,0.663307086614173
1990-06-23,1.65769338607788,12.680681069692,2.36576355404675,1.83,0.622488188976378
1990-06-24,0.410681551943223,15.0223893324534,4.25738989939478,1.71,0.581669291338583
1990-06-25,0,18.7192993164062,5.69619284410358,1.75,0.595275590551181
1990-06-26,0.00029054037440801,21.290816783905,6.1138355289539,1.62,0.551055118110236
1990-06-27,20.7571310202281,20.5521766344706,6.09639219045335,1.75,0.595275590551181
1990-06-28,0.607321221691867,18.4750817616781,3.50487761510775,2.89,0.983055118110236
1990-06-29,10.9762505888939,19.7908995946248,5.54932126585253,2.09,0.710929133858268
1990-06-30,23.5258539517721,21.2470766703288,6.04145310554931,2.58,0.877606299212599
1990-07-01,0.140208449525138,15.2338141600291,3.61785825852434,4.99,1.69738582677165
1990-07-02,0.0711315240090092,14.3725121021271,3.98994184784793,2.66,0.904818897637795
1990-07-03,13.7296085357666,13.1283408006032,3.43888343818777,2.36,0.802771653543307
1990-07-04,0.668993103007475,13.3735601107279,3.15809867413045,2.82,0.959244094488189
1990-07-05,10.4956548213959,14.0086545149485,3.37592720827096,2.5,0.850393700787402
1990-07-06,2.3516958852609,11.3751128514608,2.96414977832571,2.85,0.969448818897638
1990-07-07,7.83726493517558,12.4854147434235,3.44564641274334,2.46,0.836787401574803
1990-07-08,1.98688321312269,15.915734688441,3.29662274493322,2.57,0.874204724409449
1990-07-09,1.836987276872,18.6974027951558,4.27728546870672,3.13,1.06469291338583
1990-07-10,0.206896002093951,12.7412720521291,3.34504393785161,2.36,0.802771653543307
1990-07-11,3.63339616645438e-05,13.5087320804596,4.0011766755546,2.29,0.77896062992126
1990-07-12,0,16.8439114888509,5.27404610276354,1.92,0.653102362204724
1990-07-13,5.66827354001968e-06,19.6061263084412,5.82426893962694,1.78,0.60548031496063
1990-07-14,0,16.6125960350037,4.19656863307761,1.72,0.585070866141732
1990-07-15,0,16.9038020769755,5.48604791785603,1.65,0.561259842519685
1990-07-16,0.00421605793720422,19.9248695373535,6.0160894463204,1.62,0.551055118110236
1990-07-17,0.897626318347951,17.5329786936442,3.88334081379453,1.58,0.537448818897638
1990-07-18,0.000215654644610671,14.5248540242513,3.99305311352046,1.61,0.547653543307087
1990-07-19,0.00438467067336508,14.9760938485463,4.4347868271419,1.58,0.537448818897638
1990-07-20,0,17.9038751920064,5.5168035189369,1.55,0.527244094488189
1990-07-21,0,20.23002354304,5.88718146265006,1.51,0.513637795275591
1990-07-22,0,20.2593687375387,5.51305007122394,1.48,0.503433070866142
1990-07-23,0,18.1666601498922,4.92250540187003,1.47,0.500031496062992
1990-07-24,0,15.8719522158305,4.64096370269145,1.52,0.51703937007874
1990-07-25,0,16.9718103408813,5.21955362295354,1.57,0.534047244094488
1990-07-26,0,18.2052253087362,5.36730983772689,1.55,0.527244094488189
1990-07-27,0,19.8243198394775,5.86197203107319,1.5,0.510236220472441
1990-07-28,3.32618204386866e-07,21.5677717526754,5.92709035335401,1.52,0.51703937007874
1990-07-29,4.86801607906818,22.8687589963277,6.14623233011572,1.45,0.493228346456693
1990-07-30,5.78253662958741,20.5350319544474,4.40192058748715,1.53,0.52044094488189
1990-07-31,4.84958117206891,20.352111975352,3.76253437278543,1.56,0.530645669291339
1990-08-01,0.000827452672335009,20.8307499885559,4.18013414843469,1.91,0.649700787401575
1990-08-02,1.67220653869056e-05,21.639009475708,5.22468516413792,1.64,0.557858267716535
1990-08-03,4.04867789711716e-05,21.0357489585876,5.30305596610457,1.48,0.503433070866142
1990-08-04,0.000494681681933192,20.5191057523092,5.37845053749314,1.41,0.479622047244094
1990-08-05,6.92149156332016,22.9734425544739,6.38016637805118,1.43,0.486425196850394
1990-08-06,4.6813705265522,16.0019951661428,3.51015386054592,1.71,0.581669291338583
1990-08-07,0.017375858714028,13.3445196946462,3.25531164173452,1.76,0.598677165354331
1990-08-08,7.66279723999711e-06,14.0913031101227,4.1293769500587,1.61,0.547653543307087
1990-08-09,0.000997352026994728,15.9134522279104,4.63185361650403,1.49,0.506834645669291
1990-08-10,4.59307564805537e-05,19.0013395945231,5.33466543666321,1.49,0.506834645669291
1990-08-11,0,19.613271077474,4.96939739518351,1.48,0.503433070866142
1990-08-12,0.00490136068159093,21.7372959454854,5.7206323906928,1.44,0.489826771653543
1990-08-13,0.0484946096354785,21.0846436818441,5.09495390739446,1.43,0.486425196850394
1990-08-14,13.1279913981756,18.4656496047974,3.88282264820732,1.41,0.479622047244094
1990-08-15,0.39118113865455,17.8806942303975,3.13902171682302,2.2,0.748346456692914
1990-08-16,5.72879040241241,18.8464512825012,4.28311831077808,1.58,0.537448818897638
1990-08-17,2.68194927771886,13.1631713708242,2.7147086476168,1.73,0.588472440944882
1990-08-18,0.411331677809358,15.7215525309245,3.96203107835971,1.94,0.659905511811024
1990-08-19,0,17.2885416348775,3.55497176623489,1.63,0.554456692913386
1990-08-20,0.0490516317271007,18.9569772084554,4.27517183529627,1.58,0.537448818897638
1990-08-21,0.22242175314265,14.2104965845744,2.31210189344186,1.57,0.534047244094488
1990-08-22,6.69253200461147e-05,13.1560496489207,2.49216249804296,1.5,0.510236220472441
1990-08-23,9.47658409131691e-05,15.34237297376,4.17697297827803,1.53,0.52044094488189
1990-08-24,2.24245159188285e-05,18.7805972099304,4.80854336982346,1.52,0.51703937007874
1990-08-25,12.0813935597738,20.3194670677185,4.66919399720191,1.54,0.523842519685039
1990-08-26,0.00968366985519727,18.1334654490153,2.98632212937572,1.89,0.642897637795276
1990-08-27,1.28729940143724,18.9223931630452,3.50976675531401,1.65,0.561259842519685
1990-08-28,0.000606575515121222,19.5346013704936,3.9120572890156,1.71,0.581669291338583
1990-08-29,0.0584135346580297,19.3302556673686,4.35312797877548,1.43,0.486425196850394
1990-08-30,0.082454733705769,18.9315659205119,4.0415870054061,1.4,0.476220472440945
1990-08-31,1.88294817507267,13.9535044034322,2.32244556357019,1.41,0.479622047244094
1990-09-01,0.00388220485668474,12.6341134707133,2.04416131789719,1.5,0.510236220472441
1990-09-02,2.62831961115201,14.1088682810465,2.75640094078863,1.4,0.476220472440945
1990-09-03,8.98136377334595,13.5254384676615,1.37172867087462,1.45,0.493228346456693
1990-09-04,20.6565475463867,15.1765460173289,2.64890268469238,1.7,0.578267716535433
1990-09-05,0.654209286284943,11.1949415206909,2.13718766295063,2.6,0.884409448818898
1990-09-06,3.22005785504977,13.5088690916697,3.27632840357986,1.83,0.622488188976378
1990-09-07,10.6259161233902,9.76496497790019,1.7849462407072,1.78,0.60548031496063
1990-09-08,1.93315131465594,10.6707179546356,1.76871003029967,2.18,0.741543307086614
1990-09-09,0,10.8754367033641,2.48656137300237,1.94,0.659905511811024
1990-09-10,8.47348999977112,10.5323472817739,2.56397255945091,1.63,0.554456692913386
1990-09-11,0.834941847870747,10.2671450773875,1.874332069013,1.76,0.598677165354331
1990-09-12,0.00215941716063147,10.8713569641113,2.20258382766976,1.77,0.60207874015748
1990-09-13,0.000450562470480994,10.8354735374451,2.6682502797719,1.65,0.561259842519685
1990-09-14,0.487905061570928,12.2507751782735,3.07512726504644,1.57,0.534047244094488
1990-09-15,0.0512482326012105,12.3286729653676,2.45441518055868,1.6,0.544251968503937
1990-09-16,0.000555398299184162,9.65581115086873,1.87136430757247,1.52,0.51703937007874
1990-09-17,2.05424535274506,12.5992370446523,3.06927534827574,1.51,0.513637795275591
1990-09-18,0.400232239315907,10.415944258372,1.87283185358497,1.57,0.534047244094488
1990-09-19,0.000104771904034351,15.5861337979635,3.0547135949459,1.61,0.547653543307087
1990-09-20,0.0101144112316736,12.602853457133,1.98438047403143,1.49,0.506834645669291
1990-09-21,18.3529918591181,10.8430550893148,1.6626972389105,1.54,0.523842519685039
1990-09-22,29.1450511614482,13.2860579490662,2.21024293429553,2.75,0.935433070866142
1990-09-23,6.61728020509084,13.4670809110006,1.75507860445464,5.64,1.91848818897638
1990-09-24,1.13100300232569,9.00500249862671,1.71762296975765,3.81,1.296
1990-09-25,0.00247691164501399,10.1120510101318,1.94650105881329,3.06,1.04088188976378
1990-09-26,0.00407550564189781,9.58752504984538,2.02746541483145,2.12,0.721133858267717
1990-09-27,0.000447610834574637,9.12610141436259,1.63044543932652,1.85,0.629291338582677
1990-09-28,0,8.54545180002848,1.8424694471511,1.8,0.612283464566929
1990-09-29,0,11.633806069692,2.52602400842318,1.64,0.557858267716535
1990-09-30,6.02656898895899,15.6000930468241,2.35835544884407,1.67,0.568062992125984
1990-10-01,19.4407237370809,15.2583314577738,1.72474875440041,2.03,0.69051968503937
1990-10-02,0.00592798937577754,12.1911916732788,1.24373949835487,3.33,1.13272440944882
1990-10-03,0.0169461672303441,14.6113963921865,2.190668687345,2.65,0.901417322834646
1990-10-04,6.94429894288381,9.4990394115448,1.42997935231325,2.09,0.710929133858268
1990-10-05,0.00431528212114548,8.4656617641449,1.64091550238307,2.48,0.843590551181102
1990-10-06,0.000395511836359219,12.5136148929596,2.01462261909356,2.17,0.738141732283465
1990-10-07,6.16725071271261,12.334302743276,1.74173889378676,1.88,0.639496062992126
1990-10-08,0.0208284751667331,6.01897943019867,1.27394312122562,1.89,0.642897637795276
1990-10-09,0.00865980314362484,5.62711803118388,1.51295686469158,2.44,0.829984251968504
1990-10-10,7.77151629639169e-05,7.49880321820577,1.77539415119722,1.93,0.656503937007874
1990-10-11,0.0321007597109807,9.49810210863749,2.02491870913337,1.77,0.60207874015748
1990-10-12,0,13.1634871959686,2.15018985024493,1.7,0.578267716535433
1990-10-13,1.45881173807538e-06,14.3025620778402,2.12942534300955,1.67,0.568062992125984
1990-10-14,0.0143308841118899,13.9968843460083,2.01870211220413,1.62,0.551055118110236
1990-10-15,0.00220613801578414,14.467598994573,2.03849134518912,1.59,0.540850393700787
1990-10-16,0.335457378377517,13.7895036538442,1.7570896399728,1.66,0.564661417322835
1990-10-17,1.38935942947865,12.735283613205,1.13471527127381,1.63,0.554456692913386
1990-10-18,0.320968036229412,12.5474815368652,1.32340165501489,1.67,0.568062992125984
1990-10-19,0.0254233117999926,11.1437815030416,1.06655446559722,1.64,0.557858267716535
1990-10-20,0.0440399157814682,10.5481336116791,0.608141258595114,1.59,0.540850393700787
1990-10-21,0.00109030232852092,6.75816675027211,0.905400622443953,1.58,0.537448818897638
1990-10-22,4.23358643881026e-05,3.90141769250234,0.883397267496232,1.63,0.554456692913386
1990-10-23,0.00072929517546072,3.31383653481801,1.0612961926963,1.6,0.544251968503937
1990-10-24,1.21963111231101e-05,5.82826248804728,1.38766716493391,1.67,0.568062992125984
1990-10-25,0.118933157025216,7.41128214200338,1.22384640934728,1.66,0.564661417322835
1990-10-26,2.44668689370155,8.09343226750692,1.15627243333177,1.66,0.564661417322835
1990-10-27,0.158584400933857,6.40610551834106,0.743056003084574,1.69,0.574866141732283
1990-10-28,6.87419033050537,8.36761816342672,1.30593474508296,1.74,0.591874015748032
1990-10-29,13.4617664813995,6.70231441656748,0.628078618821584,1.92,0.653102362204724
1990-10-30,4.01646727323532,6.58049567540487,0.844645987834823,2.35,0.799370078740158
1990-10-31,4.95968367656072,7.66525228818258,0.648181365037249,2.57,0.874204724409449
1990-11-01,1.73960542678833,6.75766110420227,0.689902625232238,2.64,0.898015748031496
1990-11-02,0.347436318794886,4.84163502852122,0.655311142937993,2.39,0.812976377952756
1990-11-03,3.87996864318848,3.28441027800242,0.548884128082162,1.96,0.666708661417323
1990-11-04,7.64547157287598,2.83208475510279,0.472247077999372,2.08,0.707527559055118
1990-11-05,1.81670556465785,1.64096749822299,0.437732926915027,2.63,0.894614173228346
1990-11-06,0.00450291935218653,-0.325372501586874,0.413438129386596,2.39,0.812976377952756
1990-11-07,0.000487531588684457,-0.197525624341021,0.480134801920174,2.16,0.734740157480315
1990-11-08,0.000863496164432339,0.0791792329400778,0.372226217405466,1.98,0.673511811023622
1990-11-09,0.00574177615393031,-0.152132638836823,0.470582916161717,1.89,0.642897637795276
1990-11-10,0.447832643364867,2.99812682469686,0.840255601922551,1.79,0.60888188976378
1990-11-11,7.0703292687734,6.84718724091848,0.573943064789884,1.81,0.615685039370079
1990-11-12,0.0426931673816095,5.58416724205017,0.617101159458979,2.17,0.738141732283465
1990-11-13,1.33427567780018,5.0244570573171,0.590391409108819,2.21,0.751748031496063
1990-11-14,6.0348246494929,7.45948708057404,0.661216447593898,2.15,0.731338582677165
1990-11-15,5.28494207064311,6.1947812239329,0.476533991659224,2.86,0.972850393700787
1990-11-16,0.0468125216042002,7.17919631799062,0.556519559621466,3.09,1.05108661417323
1990-11-17,0.207169506077965,10.8360562324524,0.632401154000261,3.05,1.03748031496063
1990-11-18,10.4090951283773,8.17102265357971,0.539608963786742,2.2,0.748346456692914
1990-11-19,12.7475966215134,4.72329199314117,0.436436061674651,2.89,0.983055118110236
1990-11-20,11.8129998842875,8.26985152562459,0.762576197179502,3.17,1.07829921259843
1990-11-21,5.80403637886047,3.60576373338699,0.536722036265511,3.66,1.24497637795276
1990-11-22,8.61793315410614,2.43341692288717,0.259363989072684,4.3,1.46267716535433
1990-11-23,0.0316285552689806,1.16103065013885,0.309641602174344,4.44,1.51029921259843
1990-11-24,0.000353722799142512,-0.0304520859693487,0.392893983112896,3.4,1.15653543307087
1990-11-25,1.10445566723744,2.70843762159348,0.531933095339924,2.86,0.972850393700787
1990-11-26,0.010946843016427,2.15429769953092,0.522057953921908,2.44,0.829984251968504
1990-11-27,5.44497803846995,0.813790639241536,0.366809379081086,2.3,0.782362204724409
1990-11-28,0.268455435832341,1.05351191262404,0.196647724131665,2.35,0.799370078740158
1990-11-29,1.77598959207535,1.16782691081365,0.160097372064749,2.38,0.809574803149606
1990-11-30,1.03557706624269,-1.19335006177425,0.298412473220052,2.43,0.826582677165354
1990-12-01,0.0254507236531936,-3.92817044258118,0.254786386996812,2.46,0.836787401574803
1990-12-02,0.486427985131741,-1.59678143262863,0.290194118070618,2.34,0.795968503937008
1990-12-03,0.0277437245288941,-0.805697376529376,0.166664935116242,2.08,0.707527559055118
1990-12-04,2.97868382930756,0.677796182222664,0.233138191056536,2.09,0.710929133858268
1990-12-05,0.200619243861487,-0.870587098101775,0.226460084931859,2.07,0.704125984251968
1990-12-06,0.00162005094898632,-5.03292707602183,0.259261572726995,2.01,0.683716535433071
1990-12-07,0.0238408732257085,-7.6533594528834,0.172951731938462,1.91,0.649700787401575
1990-12-08,6.83286848470743e-05,-5.33879419167836,0.334314656657964,1.91,0.649700787401575
1990-12-09,0.000782770560666298,-1.50065945585569,0.338172561359768,1.81,0.615685039370079
1990-12-10,2.15697222948074,-1.77418625354767,0.21479597681584,1.83,0.622488188976378
1990-12-11,0.118813143092363,-3.50911086797714,0.340294920720082,1.77,0.60207874015748
1990-12-12,6.1726743777593,-0.683078972001871,0.247885619638703,1.83,0.622488188976378
1990-12-13,1.80798762043317,-1.86793633302053,0.2161379181526,1.76,0.598677165354331
1990-12-14,1.23318327466647,-1.22128496070703,0.231867149839694,1.86,0.632692913385827
1990-12-15,0.601970175902049,-3.26018126805623,0.193724700312016,1.71,0.581669291338583
1990-12-16,0.712309936682383,-2.48249218861262,0.181797605736221,1.78,0.60548031496063
1990-12-17,0.159912533437212,-3.32392809788386,0.14586046064837,1.77,0.60207874015748
1990-12-18,0.0001764480972876,-4.04378177722295,0.238557353470458,1.74,0.591874015748032
1990-12-19,3.09083613753319,-2.5243224700292,0.302335209141647,1.76,0.598677165354331
1990-12-20,2.05247613787651,-2.06643944978714,0.238580081373808,1.76,0.598677165354331
1990-12-21,3.03118404746056,0.410320115586122,0.286923428114173,1.71,0.581669291338583
1990-12-22,1.64620591203372,2.4410107533137,0.267302974994441,1.95,0.663307086614173
1990-12-23,0.455340169370174,1.90165587266286,0.249531994601016,3.1,1.05448818897638
1990-12-24,0.0620750815918048,-0.214930874450753,0.207403717497049,3.91,1.3300157480315
1990-12-25,0.479895626505216,-0.799753199021021,0.258902915151514,3.12,1.06129133858268
1990-12-26,6.01387004057566,1.44747415184975,0.402989457776568,2.76,0.938834645669291
1990-12-27,0.77794869740804,3.15159944693247,0.371199068765515,3.67,1.24837795275591
1990-12-28,0.401574950665236,0.55464415003856,0.351717969856696,4.77,1.62255118110236
1990-12-29,0.329498518258333,7.4337938229243,0.677888555512329,3.03,1.03067716535433
1990-12-30,16.2382922172546,6.3207205136617,0.468019781903154,3.51,1.19395275590551
1990-12-31,8.17472167809804,5.21469434102376,0.323426090303851,6.75,2.29606299212598
1991-01-01,2.50721858938535,2.63681328296661,0.396157069441215,7.84,2.66683464566929
1991-01-02,5.1676109234492,4.66886087258657,0.449753167689728,4.92,1.67357480314961
1991-01-03,0.0145106978646557,7.76088754336039,0.570563391161617,4.85,1.64976377952756
1991-01-04,2.75974495212237,4.78786611557007,0.488354197985227,3.64,1.23817322834646
1991-01-05,2.2886895040671,3.60085495313009,0.362613989708774,3.12,1.06129133858268
1991-01-06,2.73767513036728,3.54022407531738,0.384030984798623,3.01,1.02387401574803
1991-01-07,7.87619292736053,5.45602564016978,0.425139180787222,3.28,1.11571653543307
1991-01-08,0.00638095062458888,4.01048920551936,0.50840519253717,4,1.36062992125984
1991-01-09,0.375218121955792,5.43526482582092,0.56244170567588,3.16,1.07489763779528
1991-01-10,6.0003037409236e-05,10.6624844074249,0.888253487528108,2.85,0.969448818897638
1991-01-11,11.204661766688,7.77546000480652,0.560353292909632,2.72,0.925228346456693
1991-01-12,2.35792755583922,3.5622398853302,0.400372489796338,3.34,1.13612598425197
1991-01-13,5.11448657512665,0.889899099866549,0.270180709321627,3.65,1.24157480314961
1991-01-14,0.00190329547573735,-0.49118635430932,0.252312574627634,3.85,1.3096062992126
1991-01-15,0.000331816265751665,-1.84550915161769,0.312850136645201,3.18,1.08170078740157
1991-01-16,0.000270291854273334,-4.38118926684062,0.285228615908599,2.72,0.925228346456693
1991-01-17,1.0430103429826e-05,-4.75088636080424,0.312166895219458,2.49,0.846992125984252
1991-01-18,2.87343688446147e-05,-5.66856944561005,0.263359279514523,2.42,0.823181102362205
1991-01-19,0.0794693405429522,-3.11706562836965,0.454661342961381,2.3,0.782362204724409
1991-01-20,5.38837818263952e-05,-0.288498535907517,0.303782274192282,2.25,0.765354330708661
1991-01-21,3.49271680911382,-0.317180680111051,0.258142893186462,2.18,0.741543307086614
1991-01-22,0.00488083579451389,-1.02463189512491,0.236768091605241,2.25,0.765354330708661
1991-01-23,0.000281373739198898,-1.86236511667569,0.278542019365172,2.23,0.758551181102362
1991-01-24,0.00054886898760742,-2.82186082998912,0.264794134173432,2.19,0.744944881889764
1991-01-25,0,-3.10653684536616,0.350705973701975,2.25,0.765354330708661
1991-01-26,0.000292795695713721,-3.3437836766243,0.316907421939153,2,0.680314960629921
1991-01-27,0.0422040212288266,-3.67386158307393,0.189349208537879,2.08,0.707527559055118
1991-01-28,0.000164689106895821,-3.74897793928782,0.348864171633785,1.92,0.653102362204724
1991-01-29,0.000215372776438016,-5.51882775624593,0.312691265370891,2.11,0.717732283464567
1991-01-30,9.59929396534183e-06,-4.73940420150757,0.379034609100778,1.94,0.659905511811024
1991-01-31,3.52673197880904e-05,-7.34243941307068,0.270651696998456,1.98,0.673511811023622
1991-02-01,2.42014636266201e-05,-8.13502832253774,0.251601813700578,1.92,0.653102362204724
1991-02-02,2.42014636266201e-05,-6.84592413902283,0.415496695229326,1.92,0.653102362204724
1991-02-03,0.00179892619869785,-4.26712743441264,0.559176555144445,1.92,0.653102362204724
1991-02-04,0.00521924004715402,-5.26158710320791,0.413163855879279,1.92,0.653102362204724
1991-02-05,1.40703819692135,-7.62478876113892,0.287457924656931,1.92,0.653102362204724
1991-02-06,0.142946004867554,-12.8366262118022,0.142737292844221,1.92,0.653102362204724
1991-02-07,0.00807654700474814,-9.8276309967041,0.259176268770782,1.94,0.659905511811024
1991-02-08,1.57222712039948,-5.88316738605499,0.411814988976129,2.16,0.734740157480315
1991-02-09,1.11931765576204,-3.43676741917928,0.572829341436459,2.09,0.710929133858268
1991-02-10,4.13139162460963,-1.78814518451691,0.583708879371045,1.97,0.670110236220472
1991-02-11,0.0112752589775482,-6.25473777453105,0.459836919452047,2.03,0.69051968503937
1991-02-12,1.00466445088387,-5.67911179860433,0.515452443541421,2.12,0.721133858267717
1991-02-13,1.37482350071271,-5.68688213825226,0.327404290869666,1.92,0.653102362204724
1991-02-14,1.23028156161308,-5.68305353323619,0.420262906331531,1.91,0.649700787401575
1991-02-15,5.14100476106008,-3.37082407871882,0.502284367211499,1.93,0.656503937007874
1991-02-16,1.68183409670989,-0.603020548820496,0.598628423950826,2.01,0.683716535433071
1991-02-17,0.00764539498292531,-5.27233648300171,0.578763740856185,1.97,0.670110236220472
1991-02-18,0.000158865092998894,-3.59292978048325,0.745710231170974,1.94,0.659905511811024
1991-02-19,0.000140472676624389,0.245620859786868,0.915947762569424,1.88,0.639496062992126
1991-02-20,0.0107886851668203,-0.645041630913814,0.897916262257336,2.05,0.697322834645669
1991-02-21,0.00515972276722702,-0.872482270002365,0.895002877991276,1.98,0.673511811023622
1991-02-22,0.389179402341445,0.336629347254833,0.956552407389716,2.1,0.714330708661417
1991-02-23,0.132780310697854,3.4114891688029,1.1496284040727,2.31,0.785763779527559
1991-02-24,0.00775989765952545,4.46781977017721,1.35756314554893,2.92,0.993259842519685
1991-02-25,4.39614831293511e-06,4.73345998922984,1.46011007140339,3.14,1.06809448818898
1991-02-26,0.00140044504708688,3.33714254697164,1.2846344191391,3.08,1.04768503937008
1991-02-27,0.00577214410198697,1.05756459136804,0.7433990131493,2.73,0.928629921259843
1991-02-28,1.22527134418488,0.972684587041537,0.65956010507736,2.41,0.819779527559055
1991-03-01,0.00769705490529304,0.415952337517713,0.571471992534317,2.33,0.792566929133858
1991-03-02,4.22258669137955,2.95528401931127,1.24986595422732,2.07,0.704125984251968
1991-03-03,0.283588629836837,4.77384515603383,1.07776395466905,2.45,0.833385826771654
1991-03-04,0.028225732773232,3.2883352637291,0.693850672048545,2.84,0.966047244094488
1991-03-05,0.0190036983888907,5.57302145163218,1.39977814474569,2.63,0.894614173228346
1991-03-06,1.99654374834305e-05,6.96052809556325,1.43114913437551,2.56,0.870803149606299
1991-03-07,2.96671447965006e-05,7.505047082901,1.527743953109,2.46,0.836787401574803
1991-03-08,8.42352468074144e-06,10.0887124538422,2.07697778277639,2.27,0.772157480314961
1991-03-09,2.56036670009295,7.71501123905182,1.27569802505368,2.16,0.734740157480315
1991-03-10,0.0146834839251824,6.944327155749,1.28587080681563,2.36,0.802771653543307
1991-03-11,0.0207097694122543,7.00915189584096,1.64579978638015,2.24,0.761952755905512
1991-03-12,0.0158151920519837,6.00596809387207,1.72594734738165,2.22,0.755149606299213
1991-03-13,0.0390912903045925,4.75829446315765,1.34157252210221,2.14,0.727937007874016
1991-03-14,0.0181605241790142,5.35432378451029,1.69724279162377,2.11,0.717732283464567
1991-03-15,1.21364749550897e-05,7.73679399490356,2.16643567954877,2.06,0.700724409448819
1991-03-16,0.00023668384286187,8.05717384815216,2.26705944696277,1.91,0.649700787401575
1991-03-17,0.102535931548725,8.74844304720561,2.27702435605686,1.94,0.659905511811024
1991-03-18,0.580773061141372,8.28882757822672,1.46563346739542,1.81,0.615685039370079
1991-03-19,13.7470949490865,8.11400600274404,1.64544286288909,1.93,0.656503937007874
1991-03-20,1.72557093203068,11.0185333093007,1.69602813486798,3.17,1.07829921259843
1991-03-21,0.0618212739160905,12.5116323630015,2.15802129716513,3,1.02047244094488
1991-03-22,9.67575287818909,5.45273760954539,1.6108337882635,2.86,0.972850393700787
1991-03-23,0.0547979057494861,6.71123170852661,1.53029335734272,3.33,1.13272440944882
1991-03-24,0.123763684260969,8.40152223904928,1.66082433729082,2.81,0.955842519685039
1991-03-25,0.912272875507673,6.92879056930542,1.07939093618913,2.36,0.802771653543307
1991-03-26,0.699431167061751,3.51466443141301,1.13540251866552,2.36,0.802771653543307
1991-03-27,0.190995528673132,2.41988337039948,1.08561179978619,2.21,0.751748031496063
1991-03-28,0.237788508335749,0.14256116685768,1.26727598417968,2.18,0.741543307086614
1991-03-29,0.0885489950887859,-0.245668707105021,0.977209203280007,2.06,0.700724409448819
1991-03-30,0.000447841066791928,1.87612834572792,1.36419718144894,2.01,0.683716535433071
1991-03-31,6.55579903726296e-06,4.31467701991399,2.02893243215006,1.85,0.629291338582677
1991-04-01,0,6.94877163569133,2.54033984131565,1.88,0.639496062992126
1991-04-02,0,9.34371836980184,2.68777476534428,1.88,0.639496062992126
1991-04-03,7.63682373364766,11.0828420321147,2.89890938654535,1.81,0.615685039370079
1991-04-04,5.76572634776433,7.7662011384964,1.63551938501973,2.08,0.707527559055118
1991-04-05,6.83522792657216,6.61942692597707,1.35714923135743,2.25,0.765354330708661
1991-04-06,0.0100871674561252,7.13626138369242,2.0100346612802,3.51,1.19395275590551
1991-04-07,0.214207276701927,7.75936055183411,1.94829272204345,2.89,0.983055118110236
1991-04-08,2.63556676109632,7.57798445224762,1.69978155578159,2.36,0.802771653543307
1991-04-09,0.0145176274575836,7.2372670173645,1.99559757709946,2.25,0.765354330708661
1991-04-10,2.2870828009521e-05,8.44555433591207,2.93545295054577,2.19,0.744944881889764
1991-04-11,0,9.03468465805054,2.77847222764548,2.02,0.687118110236221
1991-04-12,0.00087839844248568,10.4679780801137,3.13324308029689,1.94,0.659905511811024
1991-04-13,0.0563413077810158,9.64463297526042,2.9825082915573,1.82,0.619086614173228
1991-04-14,0.285610297728757,9.70359214146932,3.12020228883743,1.74,0.591874015748032
1991-04-15,0.00284998619463295,9.98418736457825,3.17380444841233,1.74,0.591874015748032
1991-04-16,0.310992044086258,8.93803509076436,3.2922453349346,1.68,0.571464566929134
1991-04-17,0.264278518036008,1.17909429222345,1.70783566369119,1.72,0.585070866141732
1991-04-18,1.87400538225969,1.18888001640638,1.31043604160689,1.69,0.574866141732283
1991-04-19,3.76102735598882,1.30700383583705,1.55204383423787,1.79,0.60888188976378
1991-04-20,0.606604039824257,1.12435664733251,1.3611230837127,1.87,0.636094488188976
1991-04-21,0.00424401488999138,0.956282953421275,1.92780042420063,1.85,0.629291338582677
1991-04-22,1.54202369848887,4.05103230476379,2.5829673022408,1.68,0.571464566929134
1991-04-23,1.5630875279506,2.21587867538134,1.57656646667808,1.75,0.595275590551181
1991-04-24,0.376259665936232,2.53399435679118,1.8925524726128,1.84,0.625889763779528
1991-04-25,6.00696615341197e-05,5.58777872721354,2.92186209540332,1.82,0.619086614173228
1991-04-26,0.000284514520899393,7.99161835511525,3.3022868860942,1.82,0.619086614173228
1991-04-27,0.000601538563690459,8.78682549794515,3.28482027342654,1.74,0.591874015748032
1991-04-28,1.92507287859917,9.59604620933533,3.30612532034485,1.68,0.571464566929134
1991-04-29,2.34361281991005,7.81049942970276,1.99444674776641,1.9,0.646299212598425
1991-04-30,3.61965541044871,8.46403090159098,2.09950673316117,1.89,0.642897637795276
1991-05-01,3.92619167764982,8.54182569185893,2.49547375166716,2.05,0.697322834645669
1991-05-02,0.534054255113006,6.13026777903239,1.65593789062617,2.13,0.724535433070866
1991-05-03,0.285987747212251,4.46812524398168,1.56342609815415,1.9,0.646299212598425
1991-05-04,1.99918417135874,4.43429813782374,2.08797016544063,1.92,0.653102362204724
1991-05-05,0.476595548292001,4.6910388469696,2.11910618883652,2.1,0.714330708661417
1991-05-06,0.229985786912342,6.08224984010061,2.22554895766141,1.61,0.547653543307087
1991-05-07,0.276673029176891,7.45454339186351,2.67340898564752,1.76,0.598677165354331
1991-05-08,0.00484857021850379,8.75143130620321,3.41323051490694,1.71,0.581669291338583
1991-05-09,0.00102249719202518,10.233994325002,3.79203224376739,1.72,0.585070866141732
1991-05-10,2.55091212193171,11.8627911408742,3.88726980761812,1.71,0.581669291338583
1991-05-11,61.7037057876587,9.33731166521708,1.83922735073505,2.5,0.850393700787402
1991-05-12,2.77027863264084,7.75443891684214,1.59085714660828,15.4,5.23842519685039
1991-05-13,0.023927442516045,9.47272316614787,3.08376925094632,15.2,5.1703937007874
1991-05-14,7.93487544854482,10.0382550557454,3.44537213610582,4.28,1.45587401574803
1991-05-15,4.01592844724655,6.20777614911397,2.02647064591248,3.85,1.3096062992126
1991-05-16,3.74325024088224,4.67046864827474,1.92514533940243,3.72,1.26538582677165
1991-05-17,4.04285162687302,5.82224782307943,2.30627336867568,3.92,1.33341732283465
1991-05-18,1.3001601845026,6.85124572118123,2.4465291383538,3.54,1.20415748031496
1991-05-19,0.218203348107636,9.09782314300537,3.28673952723068,3.12,1.06129133858268
1991-05-20,0.0105218359967694,11.099160194397,3.28967712412568,2.56,0.870803149606299
1991-05-21,0.00145535888441373,14.6835273106893,4.49286413016915,2.35,0.799370078740158
1991-05-22,0.138113757488706,16.8869717915853,4.48634452728015,2.24,0.761952755905512
1991-05-23,0.0990315351324777,9.33368873596191,3.11616076476102,2.19,0.744944881889764
1991-05-24,0.0711692637899735,7.04903137683868,2.75379042695744,1.99,0.676913385826772
1991-05-25,4.20393083492915,9.34987378120422,3.78412048120461,1.98,0.673511811023622
1991-05-26,0.570603487392267,7.96729338169098,1.90529725893025,2.06,0.700724409448819
1991-05-27,0.00184548172668049,9.86000045140584,3.7373440472245,1.95,0.663307086614173
1991-05-28,0.000133455740675951,12.4045441945394,4.68021167351301,1.82,0.619086614173228
1991-05-29,2.920975687933e-05,12.4895697434743,4.20760832798883,1.79,0.60888188976378
1991-05-30,0,14.0087633927663,4.71296656119564,1.77,0.60207874015748
1991-05-31,0,15.6240130265554,5.27867889812688,1.69,0.574866141732283
1991-06-01,0.147549639455974,15.634771267573,5.30836519126874,1.78,0.60548031496063
1991-06-02,1.63758233934641,15.1292577584585,4.8532557280735,1.68,0.571464566929134
1991-06-03,8.09263296922048,12.5992082754771,3.0319234027569,1.75,0.595275590551181
1991-06-04,1.52196611712376,9.07635951042175,2.88302346939377,1.85,0.629291338582677
1991-06-05,2.64468883474668,10.2277039686839,3.30847155147134,1.68,0.571464566929134
1991-06-06,6.99934724966685,10.9662119547526,2.82486825816717,1.85,0.629291338582677
1991-06-07,4.87316173315048,13.065137942632,3.67733582881749,1.96,0.666708661417323
1991-06-08,3.80634514490763,12.7547642389933,2.94224151981287,1.95,0.663307086614173
1991-06-09,2.91149938106537,14.8170817693075,3.76804593530104,1.86,0.632692913385827
1991-06-10,0.294894345104694,14.3486127058665,3.53055545811403,1.88,0.639496062992126
1991-06-11,0.526424322277308,13.4352598985036,3.58360837385662,1.71,0.581669291338583
1991-06-12,0.832864197591941,18.2294174830119,5.70394448942607,1.73,0.588472440944882
1991-06-13,1.65401628613472,16.050044854482,3.92851153043222,1.67,0.568062992125984
1991-06-14,0.357779569613437,13.9063014189402,3.36480383015154,1.67,0.568062992125984
1991-06-15,5.07178817192713,19.1186800003052,5.23753344885529,1.66,0.564661417322835
1991-06-16,45.328763961792,13.7558913230896,3.26700355945754,1.73,0.588472440944882
1991-06-17,67.0443305969238,8.43491911888123,2.76935670702145,10.2,3.4696062992126
1991-06-18,10.9922495683034,9.4483212629954,3.02781249550998,27.6,9.38834645669291
1991-06-19,0.672215635267397,11.2145674228668,3.93665559155001,31.3,10.6469291338583
1991-06-20,9.92228368918101,11.2564527193705,3.32977186379199,5.81,1.97631496062992
1991-06-21,2.0125469143192,14.6891016960144,3.9887866017846,5.44,1.85045669291339
1991-06-22,8.45991011460622,19.786208152771,6.21951286079193,4.41,1.50009448818898
1991-06-23,2.66168073316415,19.7639422416687,4.8915273231171,4.01,1.36403149606299
1991-06-24,1.03612518310547,18.910092830658,4.47619067983983,3.25,1.10551181102362
1991-06-25,0.412660270929337,19.7309250831604,4.84378222120052,2.79,0.94903937007874
1991-06-26,9.13083072503408,18.0888066291809,4.85290961639334,3.09,1.05108661417323
1991-06-27,9.64860888322194,12.4889004230499,3.461633542851,3.14,1.06809448818898
1991-06-28,15.8656385739644,10.4698356787364,2.59212165262467,3.19,1.08510236220472
1991-06-29,1.09207358459632,11.2625269095103,3.19150157138324,4.87,1.65656692913386
1991-06-30,4.17082537751412e-06,15.0259522596995,4.70116557176267,3.46,1.17694488188976
1991-07-01,0,18.2682309150696,5.33690146333458,2.68,0.911622047244095
1991-07-02,0,19.7866082191467,5.45954695313106,2.31,0.785763779527559
1991-07-03,0,20.2138508160909,5.46021955034807,2.19,0.744944881889764
1991-07-04,0.000209193614258159,20.7168796857198,4.98342785186877,2.11,0.717732283464567
1991-07-05,0.00298805756028742,22.5079394976298,5.03574910106752,2.11,0.717732283464567
1991-07-06,2.90733078145422e-05,21.8792106310527,4.82668074348802,2.06,0.700724409448819
1991-07-07,0.00576522781436021,22.7352395057678,6.05393228774556,1.85,0.629291338582677
1991-07-08,3.3869135081768,22.5553412437439,5.10664960619505,1.87,0.636094488188976
1991-07-09,0.713958606123924,19.7633306185404,3.42837314894563,2.53,0.86059842519685
1991-07-10,0.0104065979752098,21.6454250017802,5.39708747439251,2.37,0.806173228346457
1991-07-11,1.64380367095873e-07,23.8160018920898,6.27892272954305,2.08,0.707527559055118
1991-07-12,16.9661734501521,24.3800195058187,6.0980556704223,2.04,0.69392125984252
1991-07-13,4.17395077149073,21.0924865404765,4.53487076821938,2.97,1.01026771653543
1991-07-14,6.54059207439423,16.067037820816,2.86655456933034,2.79,0.94903937007874
1991-07-15,0.000918000603140475,18.2228461901347,4.5613320289166,3.11,1.05788976377953
1991-07-16,0.000226453334713976,18.6680749257406,4.84814038854345,2.5,0.850393700787402
1991-07-17,2.99694696068764,16.4616604646047,3.12665141234706,2.22,0.755149606299213
1991-07-18,6.42224617799123,17.7459716796875,4.42988160525446,2.81,0.955842519685039
1991-07-19,2.8405720392863,18.2728571891785,3.63779124491219,2.25,0.765354330708661
1991-07-20,0.0197120612598762,17.8559616406759,4.35448103837302,2.46,0.836787401574803
1991-07-21,1.13109337386656e-05,17.3348401387533,4.23969466842577,2.2,0.748346456692914
1991-07-22,0,17.6944236755371,4.57597480080642,1.88,0.639496062992126
1991-07-23,0.0021565939920644,20.9349544843038,6.22600219765386,1.94,0.659905511811024
1991-07-24,7.46107097466787,17.072548866272,4.1265856875519,1.93,0.656503937007874
1991-07-25,8.44960286219915,14.4483785629272,2.5216722771471,2.21,0.751748031496063
1991-07-26,9.91627422968546,13.2474025885264,2.61507374325562,2.59,0.881007874015748
1991-07-27,3.07077684998512,14.2679768403371,3.10463395501969,3.62,1.23137007874016
1991-07-28,0.00368216086644679,16.6528759002686,4.29747027702358,3.81,1.296
1991-07-29,0,19.3272554079692,4.65683247282777,2.57,0.874204724409449
1991-07-30,0.544639858805264,20.9732524553935,5.31437035547935,2.2,0.748346456692914
1991-07-31,21.736634572347,17.2550876935323,3.00862118026135,2.04,0.69392125984252
1991-08-01,11.0732510089874,14.7559631665548,1.83127831806106,3.79,1.2891968503937
1991-08-02,0.632371065517267,16.1308155854543,2.18583386614538,6.1,2.07496062992126
1991-08-03,0.237199445410321,17.6082671483358,3.26014648753687,3.36,1.14292913385827
1991-08-04,0.828899612650275,18.7074680328369,4.01060799427519,2.62,0.891212598425197
1991-08-05,0.000796525739133358,19.547473748525,4.5558327403895,2.31,0.785763779527559
1991-08-06,0,21.0261141459147,5.27136205057826,2.16,0.734740157480315
1991-08-07,9.13893036340596e-05,23.6604879697164,6.03164254059575,2.01,0.683716535433071
1991-08-08,13.118005896608,21.3247810999552,4.55044384773402,2.14,0.727937007874016
1991-08-09,0.653050239682974,18.8180623054504,3.30540465214475,2.59,0.881007874015748
1991-08-10,2.91479955194518e-05,19.93390305837,4.03779595653612,2.02,0.687118110236221
1991-08-11,1.22171495296061,22.0896782875061,5.18192301105762,1.88,0.639496062992126
1991-08-12,8.95959177497813,20.4885341326396,3.78313092903847,2.03,0.69051968503937
1991-08-13,0.724889940582216,19.5311322212219,4.19609832720089,2.55,0.86740157480315
1991-08-14,0.406076941639185,19.2836157480876,4.59970611396604,2.13,0.724535433070866
1991-08-15,7.91862224692371e-05,18.4806173642476,4.26484231970289,2.1,0.714330708661417
1991-08-16,0.815459517141183,20.057136853536,4.6236923113899,1.92,0.653102362204724
1991-08-17,0.00575298044229082,19.7396612167358,4.21793724428018,1.99,0.676913385826772
1991-08-18,0.00657784207335984,15.9883964061737,3.07572883289684,1.85,0.629291338582677
1991-08-19,0,13.8768119017283,3.34234397946864,1.76,0.598677165354331
1991-08-20,0,15.8496487935384,4.244916166162,1.88,0.639496062992126
1991-08-21,0,18.1110701560974,4.26929524126719,1.85,0.629291338582677
1991-08-22,0.00598655716748908,20.6846834818522,5.06476827426361,1.8,0.612283464566929
1991-08-23,1.4040490736564,17.6012557347616,3.13955225631845,1.83,0.622488188976378
1991-08-24,2.94939808050791,17.7934199968974,3.42884668088448,1.99,0.676913385826772
1991-08-25,0.00863538934925145,16.8681262334188,3.02716544573457,1.9,0.646299212598425
1991-08-26,0.00400374950064967,16.9808015823364,3.8729019143087,1.81,0.615685039370079
1991-08-27,0.000311496357123057,15.7580993175507,3.51735312098596,1.81,0.615685039370079
1991-08-28,4.74362556512157e-05,16.3766605059306,3.82983074313808,1.77,0.60207874015748
1991-08-29,0.000520208946303076,14.3434654076894,3.07799079306139,1.72,0.585070866141732
1991-08-30,2.799373836145e-06,13.9989740053813,3.38074420137886,1.8,0.612283464566929
1991-08-31,0,15.8591868082682,3.93408088276807,1.76,0.598677165354331
1991-09-01,0,17.1569828987122,3.94635805690308,1.74,0.591874015748032
1991-09-02,0.000571978627704084,16.6760646502177,3.67453042203712,1.77,0.60207874015748
1991-09-03,0,16.8936112721761,3.79225224902511,1.75,0.595275590551181
1991-09-04,0,17.0283672014872,3.91785092040667,1.72,0.585070866141732
1991-09-05,1.11471217678627e-06,17.9191555976868,4.01041385841623,1.76,0.598677165354331
1991-09-06,0.00111455508037276,14.8454651832581,3.2072102588554,1.79,0.60888188976378
1991-09-07,4.77684352517826e-07,11.4492500623067,2.55919867425197,1.63,0.554456692913386
1991-09-08,0.000349012045944619,12.3489282131195,3.09937235521869,1.59,0.540850393700787
1991-09-09,7.47624119412649e-06,13.8302488327026,3.44661324930228,1.64,0.557858267716535
1991-09-10,0.444981903613855,17.9839353561401,4.14364068990324,1.69,0.574866141732283
1991-09-11,19.8946862220764,17.1202007929484,2.56710045618766,1.8,0.612283464566929
1991-09-12,0.538352638948709,14.7726438045502,1.52279700821944,2.16,0.734740157480315
1991-09-13,0.00849735830949309,13.8389753500621,1.28473511770848,2.09,0.710929133858268
1991-09-14,0.000103779797427705,14.9467946688334,1.9222385950786,1.84,0.625889763779528
1991-09-15,0.00213664950085028,15.9110692342122,2.10170805161078,1.86,0.632692913385827
1991-09-16,1.1606726249059,17.1159682273865,3.02137986269726,1.7,0.578267716535433
1991-09-17,1.95403565466404,15.9548884232839,2.37758031509557,1.78,0.60548031496063
1991-09-18,6.69662161575009e-05,14.0232233206431,2.62186508102122,1.83,0.622488188976378
1991-09-19,0.0126092777742694,14.9378244876862,2.99178840925821,1.71,0.581669291338583
1991-09-20,0.0696756986435503,13.8796650568644,2.39345466565099,1.73,0.588472440944882
1991-09-21,0.0305619203954848,14.8924435774485,2.8107249061104,1.72,0.585070866141732
1991-09-22,13.252358118693,16.147336880366,2.92937225307874,1.77,0.60207874015748
1991-09-23,0.841869778931141,11.7280654907227,1.5353310059425,2.16,0.734740157480315
1991-09-24,0.00527124534103981,14.8177583217621,2.55645530076916,1.86,0.632692913385827
1991-09-25,4.50049170694911e-05,16.3367422421773,3.0010468688109,1.84,0.625889763779528
1991-09-26,10.175849199295,14.0284711519877,1.93490329380947,1.72,0.585070866141732
1991-09-27,0.0884044647682458,10.154945453008,1.29911202533346,2.04,0.69392125984252
1991-09-28,0.0783103750630592,10.7676938374837,2.04014946096966,2.15,0.731338582677165
1991-09-29,0.0159290013519543,12.0738701820374,1.9124910622893,1.76,0.598677165354331
1991-09-30,6.54929252465566,11.0555964310964,1.22377380047433,1.81,0.615685039370079
1991-10-01,0.676524125039577,12.6676433881124,2.00098023586397,1.98,0.673511811023622
1991-10-02,0.0976743806774418,9.81460483868917,1.41811639930805,1.76,0.598677165354331
1991-10-03,5.61552890303574e-05,8.87102937698364,1.99961061577302,1.7,0.578267716535433
1991-10-04,0.00558861503183531,9.98761733373006,2.06956351153409,1.72,0.585070866141732
1991-10-05,0.00503439304884523,11.6001266638438,2.18492653013799,1.69,0.574866141732283
1991-10-06,0.701516881585121,11.2809600830078,1.35813297789368,1.72,0.585070866141732
1991-10-07,0.01078691665316,11.3597489198049,1.06785038186584,1.7,0.578267716535433
1991-10-08,0.00122884649560244,11.2582108974457,1.38268799137092,1.74,0.591874015748032
1991-10-09,0.0115932322029645,11.1624851226807,1.75878891799546,1.63,0.554456692913386
1991-10-10,1.64435671952864e-05,11.0211618741353,1.90903596905528,1.65,0.561259842519685
1991-10-11,0.000502449929769,11.0278148651123,1.16029410590912,1.69,0.574866141732283
1991-10-12,0.978702863057454,11.0449987252553,0.95007344684679,1.71,0.581669291338583
1991-10-13,1.11515550812085,11.3640076319377,1.21494088950405,1.68,0.571464566929134
1991-10-14,0.788162097334862,10.7593178749084,1.53758980889654,1.62,0.551055118110236
1991-10-15,0.0467065571574494,10.7048670450846,1.41118966966779,1.67,0.568062992125984
1991-10-16,0.86457072198391,11.0150255362193,1.52479941207625,1.59,0.540850393700787
1991-10-17,5.2402575413386,10.3339374065399,1.08928583815478,1.64,0.557858267716535
1991-10-18,0.327419141617914,6.84225988388062,0.80840145220432,1.74,0.591874015748032
1991-10-19,2.1213211119175,4.28095684448878,0.73190966993316,1.65,0.561259842519685
1991-10-20,4.04897214968999,3.32672653595606,0.700608538705889,1.74,0.591874015748032
1991-10-21,1.36212668319543,1.57701267798742,0.772617900917524,1.74,0.591874015748032
1991-10-22,0.00519688779604621,0.684601657092571,0.768768277383941,1.68,0.571464566929134
1991-10-23,0.345718522866567,3.32209082444509,0.85282307666583,1.66,0.564661417322835
1991-10-24,0.00786693185121597,5.63623889287313,0.872674153014891,1.68,0.571464566929134
1991-10-25,0.0235322864124707,5.78884581724803,0.732580189035439,1.7,0.578267716535433
1991-10-26,0.000111790587501067,1.64150972167651,0.684331127215714,1.63,0.554456692913386
1991-10-27,0.0123664342754637,1.19894800583522,0.658005073147269,1.65,0.561259842519685
1991-10-28,7.17642660674755e-05,0.715224693218867,0.57193135076447,1.58,0.537448818897638
1991-10-29,0.00342924540260962,-0.0606098390417174,0.576136228290436,1.64,0.557858267716535
1991-10-30,0.028285197467388,0.0954407276585698,0.419669693896481,1.57,0.534047244094488
1991-10-31,0.0560839348472655,0.731098644435406,0.47311786121647,1.51,0.513637795275591
1991-11-01,0.0256792617340883,2.09360398848852,0.663235922145531,1.57,0.534047244094488
1991-11-02,1.57197078069051,6.43946011861165,0.911762208473272,1.64,0.557858267716535
1991-11-03,9.37499153614044,11.2618153095245,1.27973784521904,1.63,0.554456692913386
1991-11-04,4.781782746315,6.61609514554342,0.825656747262079,2.34,0.795968503937008
1991-11-05,1.24811741213004,4.64035824934642,0.476279020552036,2.27,0.772157480314961
1991-11-06,1.2592598994573,2.38681390881538,0.554079721673632,1.87,0.636094488188976
1991-11-07,1.86553132037322,4.41415101289749,0.592655414954149,1.91,0.649700787401575
1991-11-08,1.26003687580427,7.87208131949107,0.591339287773629,1.89,0.642897637795276
1991-11-09,6.57496803998947,3.565531651179,0.599480469528101,1.94,0.659905511811024
1991-11-10,0.480828884368141,0.714978309969107,0.494604513698449,2.17,0.738141732283465
1991-11-11,3.24291598796844,2.98063850402832,0.693138023731298,2.02,0.687118110236221
1991-11-12,0.823243697484334,4.91988178094228,0.604655017413991,1.92,0.653102362204724
1991-11-13,6.62709168593089,6.45761183897654,0.813390635065864,1.92,0.653102362204724
1991-11-14,0.262454343338807,3.39395066102346,0.409278807159712,2.07,0.704125984251968
1991-11-15,0.0355575371844073,3.81046599149704,0.580154403122679,2.25,0.765354330708661
1991-11-16,17.3326543966929,2.5186474720637,0.370334300471207,2.04,0.69392125984252
1991-11-17,2.38857801755269,0.880728848278522,0.270533493906935,2.78,0.945637795275591
1991-11-18,4.77976232767105,1.57437816262245,0.459989582689859,2.87,0.976251968503937
1991-11-19,0.22460477737089,5.29329697291056,0.655896233900551,3,1.02047244094488
1991-11-20,7.05047225952148,2.6555485924085,0.329205320039755,3.2,1.08850393700787
1991-11-21,0.256378097459674,1.48594317833583,0.188139809871904,2.95,1.00346456692913
1991-11-22,0.0138067365478491,1.01184473931789,0.158427177373318,2.9,0.986456692913386
1991-11-23,0.0024177242667065,0.495505894223849,0.238290832172556,2.53,0.86059842519685
1991-11-24,0.382670690615972,0.150206675132116,0.215167603247145,2.3,0.782362204724409
1991-11-25,9.08783088865069e-05,0.701773862044016,0.335840235290905,2.12,0.721133858267717
1991-11-26,0.0939499822755655,0.480235062539577,0.428968656375903,2.03,0.69051968503937
1991-11-27,0.0619840249419212,0.656506990393003,0.404966644196374,1.98,0.673511811023622
1991-11-28,0.101800074800849,0.53894812365373,0.381305627146417,2.03,0.69051968503937
1991-11-29,0.0522447378995518,0.255714078744253,0.315027470796311,1.91,0.649700787401575
1991-11-30,0.0130265152644521,-0.0617403500170136,0.221051698045738,1.93,0.656503937007874
1991-12-01,0.000113981166881179,-0.462447597955664,0.21192195004365,1.93,0.656503937007874
1991-12-02,0.000333478204993298,-1.23095977306366,0.179284626152467,1.91,0.649700787401575
1991-12-03,0.0308578403977056,-1.65395469466845,0.234303838126235,1.89,0.642897637795276
1991-12-04,0.45806784555316,-2.52883756160736,0.164805447440389,1.92,0.653102362204724
1991-12-05,1.12445092697938,-1.50295498967171,0.261166363845701,1.85,0.629291338582677
1991-12-06,1.0027596304814,-3.21302113930384,0.256959381424563,1.91,0.649700787401575
1991-12-07,0.154001606628299,-1.09337149560452,0.263479349207282,1.85,0.629291338582677
1991-12-08,0.0673087988980114,-0.416002268592517,0.173997341828366,1.87,0.636094488188976
1991-12-09,0.00660631426338417,-5.30852309862773,0.285879028835051,1.82,0.619086614173228
1991-12-10,0.00790468286140822,-9.70804286003113,0.102241151457887,1.77,0.60207874015748
1991-12-11,8.65966452086771e-06,-8.74885606765747,0.171405469016371,1.64,0.557858267716535
1991-12-12,9.19632420846028e-05,-8.53722778956095,0.229314565519112,1.53,0.52044094488189
1991-12-13,0.00691215628952098,-8.3097562789917,0.207905708310059,1.54,0.523842519685039
1991-12-14,0.000156870867310014,-7.50300765037537,0.219823072524542,1.73,0.588472440944882
1991-12-15,0.00010398461843882,-7.46012111504873,0.260354307397508,1.78,0.60548031496063
1991-12-16,0.569408275187016,-4.45566117763519,0.398753681227514,1.7,0.578267716535433
1991-12-17,5.54212737083435,1.38757407665253,0.464419301009648,1.82,0.619086614173228
1991-12-18,6.16672503948212,2.51615538199743,0.340428799250313,2.12,0.721133858267717
1991-12-19,8.22924570242564,4.97493882973989,0.450246963933991,2.88,0.979653543307087
1991-12-20,4.03179705142975,1.22408022979895,0.441215901778547,3.35,1.13952755905512
1991-12-21,8.65984265009562,2.18515425920486,0.30888708036019,2.82,0.959244094488189
1991-12-22,6.17402980724971,8.73563551902771,0.502390736902169,4.91,1.67017322834646
1991-12-23,2.258717050155,7.78716560204824,0.30681533602212,4.89,1.66337007874016
1991-12-24,1.08811655640602,1.94560141364733,0.407462730956865,3.39,1.15313385826772
1991-12-25,1.04331688582897,0.199583730039497,0.219914586328099,2.85,0.969448818897638
1991-12-26,2.93053166071574,0.669812796016534,0.299821063620332,2.43,0.826582677165354
1991-12-27,1.54221493005753,1.73998887340228,0.210033043636974,2.41,0.819779527559055
1991-12-28,0.00360217403067509,-2.05393254756927,0.330900018099614,2.39,0.812976377952756
1991-12-29,0.0129991393963185,-2.22266606489817,0.339264798207377,2.24,0.761952755905512
1991-12-30,0.0412008171260823,-0.200685719338556,0.280511117899455,2.11,0.717732283464567
1991-12-31,0.000298725261624592,-1.93625730276108,0.229829216921827,2.09,0.710929133858268
1992-01-01,1.04871363646453e-05,-1.64272165298462,0.348355353869014,2.07,0.704125984251968
1992-01-02,3.46011511282995e-05,-0.188672195499142,0.465238261557052,2.01,0.683716535433071
1992-01-03,1.10795221317517e-05,-0.632671502729257,0.490751964604909,1.95,0.663307086614173
1992-01-04,0.598414530356725,3.22824132442474,0.557345197887987,1.83,0.622488188976378
1992-01-05,0.0123006052053825,5.26264735062917,0.367449096319684,1.84,0.625889763779528
1992-01-06,0.0143334171492218,3.97977246840795,0.500419752169618,1.95,0.663307086614173
1992-01-07,9.80434977767193e-05,0.312503894170125,0.473115865392088,1.81,0.615685039370079
1992-01-08,0.717899439235528,3.37102895975113,0.6158486471221,1.81,0.615685039370079
1992-01-09,0.449043441563845,5.39533710479736,0.581062878686167,1.81,0.615685039370079
1992-01-10,6.34960981210073,2.98682757218679,0.339261494053765,1.84,0.625889763779528
1992-01-11,0.0637763290045162,1.50409201780955,0.221880420062341,2,0.680314960629921
1992-01-12,0.376702296858033,0.637048836797476,0.264002726441916,1.89,0.642897637795276
1992-01-13,0.293236277997494,0.451678701036144,0.233779105219456,1.82,0.619086614173228
1992-01-14,0.163883106472592,0.283384925841043,0.277831157166192,1.83,0.622488188976378
1992-01-15,0.131501439958811,1.94729789098104,0.27867768750181,1.82,0.619086614173228
1992-01-16,0.00601344777775618,0.846342640618483,0.201411338140722,1.79,0.60888188976378
1992-01-17,0.00129102640979302,1.36806891858578,0.289242900250371,1.75,0.595275590551181
1992-01-18,3.20731863515296e-05,-0.427608506133159,0.386481419827076,1.77,0.60207874015748
1992-01-19,6.34101204077403,-0.228743496040503,0.355879602351432,1.71,0.581669291338583
1992-01-20,1.19485953946908,-2.52304158608119,0.342299881001304,1.73,0.588472440944882
1992-01-21,0.00492807768750936,-8.23544593652089,0.234084320150239,1.71,0.581669291338583
1992-01-22,0.0010948032856201,-5.97920739650726,0.235914557829965,1.65,0.561259842519685
1992-01-23,0.00558694282275004,-4.99596989154816,0.324803373901237,1.64,0.557858267716535
1992-01-24,0.00572500686818482,-4.54821439584096,0.372829980861696,1.62,0.551055118110236
1992-01-25,0.0238194967969321,-4.28201119105021,0.283127661775636,1.63,0.554456692913386
1992-01-26,0.0463676439539995,-4.18252376715342,0.247743454667134,1.62,0.551055118110236
1992-01-27,0.0492006285736958,-2.20815728108088,0.269258390379629,1.57,0.534047244094488
1992-01-28,0.000178447313373908,-2.82184473673503,0.180054038657744,1.62,0.551055118110236
1992-01-29,0.00127694967280452,-2.20806171496709,0.454179793762748,1.62,0.551055118110236
1992-01-30,8.62603416559675e-05,-0.893082151810328,0.662786719536508,1.68,0.571464566929134
1992-01-31,0.00672809760847789,-1.15242178241412,0.448796899507493,1.51,0.513637795275591
1992-02-01,0.0117611651555004,-2.36160842577616,0.614760823081309,1.65,0.561259842519685
1992-02-02,0.0108267641238247,-1.96925742427508,0.602636190000405,1.59,0.540850393700787
1992-02-03,0.744683797160784,0.793025294939677,0.594851680618652,1.57,0.534047244094488
1992-02-04,8.35789954662323,0.971560751398404,0.26966667979796,1.7,0.578267716535433
1992-02-05,8.01455354690552,3.37482217947642,0.571802019349944,2.19,0.744944881889764
1992-02-06,0.0259850132279098,3.14669112364451,0.488104964126052,4.44,1.51029921259843
1992-02-07,0.032310187506179,0.895841658115387,0.718093010015795,3.18,1.08170078740157
1992-02-08,0.00578278107400365,0.324641249763469,0.565221545965849,2.52,0.857196850393701
1992-02-09,0.33337867880861,0.918027743697166,0.749409110930032,2.34,0.795968503937008
1992-02-10,0.1248029206569,2.68156683444977,0.75787320601771,2.01,0.683716535433071
1992-02-11,8.06257700920105,2.41210846106211,0.526562397694709,2.07,0.704125984251968
1992-02-12,0.657311407228311,6.64506729443868,0.863122086134283,2.66,0.904818897637795
1992-02-13,3.52028000354767,4.50457509358724,0.862690103452237,2.89,0.983055118110236
1992-02-14,0.341159299015999,2.77886768182119,0.680012536596665,2.71,0.921826771653543
1992-02-15,2.96747034788132,4.93701152006785,0.918796094043656,2.61,0.887811023622047
1992-02-16,2.42911615967751,1.49317406614621,0.685805230404591,2.4,0.816377952755906
1992-02-17,2.58980723222097,-2.48551740248998,0.47853179316273,2.51,0.853795275590551
1992-02-18,0.624171557525794,-6.55352441469828,0.423792338343146,2.33,0.792566929133858
1992-02-19,0.10801886053135,-6.7637863556544,0.455046533364514,2.1,0.714330708661417
1992-02-20,0.0273000891781218,-3.77046259244283,0.640846519051493,2.09,0.710929133858268
1992-02-21,0.354533436397711,-1.06292213002841,0.842081022380195,1.98,0.673511811023622
1992-02-22,0.000235986014255711,0.952766336500645,0.697020409138376,1.93,0.656503937007874
1992-02-23,0.0151766010239953,4.15356481075287,1.05264982102421,2,0.680314960629921
1992-02-24,8.05588414702167e-05,3.16694422562917,1.06866822336897,2.14,0.727937007874016
1992-02-25,0.00540485824725086,2.12251641352971,1.02812952548073,2.36,0.802771653543307
1992-02-26,0.000426929581711496,3.52620259920756,1.05250835000219,2.17,0.738141732283465
1992-02-27,0.00538646318212462,3.52423705657323,1.28564858979643,2.07,0.704125984251968
1992-02-28,0.017196378990775,3.68685388565063,1.39577821448458,2.05,0.697322834645669
1992-02-29,0.0117335621325765,3.66293170054754,1.42678262980164,1.92,0.653102362204724
1992-03-01,3.08252189521833e-06,4.73015467325846,1.63443580204985,1.87,0.636094488188976
1992-03-02,4.10684235890706,3.17134211460749,1.25770394959154,1.89,0.642897637795276
1992-03-03,0.00327052008409131,6.21009675661723,1.48010048824472,1.94,0.659905511811024
1992-03-04,5.51465321526242e-06,6.60164749622345,1.6441215356793,1.83,0.622488188976378
1992-03-05,0.00790652597788721,6.51989420255025,1.68697586366097,1.91,0.649700787401575
1992-03-06,0.386249964435895,6.34685838222504,1.2267829414576,1.81,0.615685039370079
1992-03-07,0.00608855080887831,4.38505804538727,1.51855168256483,1.8,0.612283464566929
1992-03-08,4.71021982472545e-05,3.85551446676254,1.30750635919312,1.8,0.612283464566929
1992-03-09,3.86851703903327e-05,4.85047248999278,1.60396336424671,1.74,0.591874015748032
1992-03-10,0.257374002287785,5.48371962706248,1.87174556111095,1.81,0.615685039370079
1992-03-11,0.043234368179886,3.91193135579427,1.25559448012563,1.69,0.574866141732283
1992-03-12,0.143730767071247,5.55007100105286,1.38122751107993,1.7,0.578267716535433
1992-03-13,8.98036086559296,7.67278536160787,0.904941724587843,1.77,0.60207874015748
1992-03-14,6.30355234940847,2.51269712050756,1.15240091499877,1.85,0.629291338582677
1992-03-15,6.7590579589208,2.92525706688563,0.782270062652046,2.31,0.785763779527559
1992-03-16,0.109956272877753,1.52895920475324,0.783142140481893,2.93,0.996661417322835
1992-03-17,0.000683135498547927,2.90098778406779,1.11874845224134,2.35,0.799370078740158
1992-03-18,0.000423928063052396,4.78590408960978,1.94034803789385,2.09,0.710929133858268
1992-03-19,2.24548668662707,6.70085275173187,2.17271333031441,1.96,0.666708661417323
1992-03-20,2.70952332019806,8.50467085838318,1.21582537924399,2.03,0.69051968503937
1992-03-21,1.74860647320747,7.85565996170044,1.80884342988494,1.94,0.659905511811024
1992-03-22,21.8252862294515,4.99928569793701,1.18984112696038,2.22,0.755149606299213
1992-03-23,11.7961734135946,3.33672225475311,1.14880925690753,4.95,1.68377952755906
1992-03-24,5.06411518653234,1.69508793950081,0.816892791769929,7.46,2.53757480314961
1992-03-25,0.782222222536802,1.38687311112881,0.863203426469711,5.17,1.75861417322835
1992-03-26,0.0177743077195676,1.99425699313482,1.19950709498689,3.71,1.2619842519685
1992-03-27,4.12809912363688,2.31674539049466,1.19960429577408,3.04,1.03407874015748
1992-03-28,4.29118180274963,0.759824896852175,0.91036826429087,2.79,0.94903937007874
1992-03-29,0.750614307820797,0.74419425924619,0.976435791636106,2.82,0.959244094488189
1992-03-30,0.000812093865533825,5.50450003147125,2.11500565435197,2.9,0.986456692913386
1992-03-31,1.05443008244038,8.0687583287557,2.70070911204889,2.59,0.881007874015748
1992-04-01,1.89772646625837,3.80307940642039,1.6102085225107,2.61,0.887811023622047
1992-04-02,0.752433609217405,5.55039381980896,2.21221122281975,2.55,0.86740157480315
1992-04-03,17.4795348644257,5.56895248095195,1.4617048141256,2.34,0.795968503937008
1992-04-04,13.0502908229828,5.35463658968608,1.08658220218681,7.44,2.53077165354331
1992-04-05,9.72864576180776,2.69027851025263,1.04796697383569,7.14,2.42872440944882
1992-04-06,0.0266622026295712,2.82360488176346,1.41683110056481,7.1,2.41511811023622
1992-04-07,0.000912872570552281,4.23626548051834,1.89812503004853,4.29,1.45927559055118
1992-04-08,0,5.94613718986511,2.14548415736328,3.16,1.07489763779528
1992-04-09,0,5.95294467608134,1.96259551397299,2.61,0.887811023622047
1992-04-10,0,6.37762232621511,2.40797426233686,2.32,0.789165354330709
1992-04-11,0,6.63765315214793,2.59241197688363,2.08,0.707527559055118
1992-04-12,0.131604402326047,10.3798584938049,3.34554446605453,2.05,0.697322834645669
1992-04-13,1.11778744558493,7.82125337918599,1.9285308903846,1.99,0.676913385826772
1992-04-14,0.000471352075692266,7.85736008485158,2.32579371411386,1.93,0.656503937007874
1992-04-15,2.25531295935313,6.82271830240885,2.13091585367559,1.91,0.649700787401575
1992-04-16,0.309044001003106,3.08715605735779,1.63231506588088,1.94,0.659905511811024
1992-04-17,0.518129100402196,2.4900490740935,1.50742182934246,1.77,0.60207874015748
1992-04-18,1.49002389113108,5.09667491912842,1.53868566521272,1.77,0.60207874015748
1992-04-19,4.86196328202883,9.11701893806458,2.18458068265206,1.8,0.612283464566929
1992-04-20,0.0199002960483388,5.4855188926061,2.25014566437802,1.99,0.676913385826772
1992-04-21,0.00113351529580541,8.1249148050944,3.38250906508835,1.97,0.670110236220472
1992-04-22,1.19727511207263,11.7356273333232,3.67873620522272,1.8,0.612283464566929
1992-04-23,5.09395964940389,8.4312473932902,1.97980751628863,1.81,0.615685039370079
1992-04-24,0.000288276484449549,12.4101022084554,3.63348137638453,1.87,0.636094488188976
1992-04-25,0.00338191399290129,16.9242223103841,4.90699762362887,1.78,0.60548031496063
1992-04-26,0.302921197066704,15.985203742981,4.0618059486568,1.68,0.571464566929134
1992-04-27,5.76869908968608,10.8927880922953,3.1203967152791,1.78,0.60548031496063
1992-04-28,12.2558472156525,11.014305194219,3.34760009135218,1.95,0.663307086614173
1992-04-29,0.622258320140342,5.96800625324249,1.87192283148569,2.31,0.785763779527559
1992-04-30,0.0335012041323353,7.79737706979116,2.47591172442698,2.19,0.744944881889764
1992-05-01,1.74333926041921,11.009251832962,3.86745748899408,1.89,0.642897637795276
1992-05-02,4.6281382838885,9.89006050427755,2.70759921010993,1.76,0.598677165354331
1992-05-03,0.034047664841637,8.6983741124471,2.01361750385705,1.8,0.612283464566929
1992-05-04,0.0230092348065227,9.44913625717163,1.77454066857737,1.81,0.615685039370079
1992-05-05,0.000567501597591521,10.3094057242076,2.33645979806074,1.75,0.595275590551181
1992-05-06,1.02049840885835e-05,11.8856383959452,3.66807503805622,1.58,0.537448818897638
1992-05-07,0,13.341684738795,4.33718418650013,1.58,0.537448818897638
1992-05-08,0.000558465663251203,14.5988317330678,3.80438426287554,1.56,0.530645669291339
1992-05-09,0.0957284908120831,12.8163396517436,2.98965362098921,1.52,0.51703937007874
1992-05-10,0.384916719049215,12.3883772691091,2.9873562221903,1.54,0.523842519685039
1992-05-11,1.74081028997898,10.666108528773,2.98506817121264,1.58,0.537448818897638
1992-05-12,6.72091452239935e-06,11.9754726886749,4.15076643962334,1.6,0.544251968503937
1992-05-13,0,16.3199446996053,5.2539808384379,1.44,0.489826771653543
1992-05-14,0,18.6179434458415,5.38975654017187,1.45,0.493228346456693
1992-05-15,0,18.4989851315816,5.35201958297141,1.31,0.445606299212598
1992-05-16,0.0469267025667553,19.0195290247599,5.4656358178806,1.45,0.493228346456693
1992-05-17,0.00393497881062406,15.1543460687002,4.02791505138646,1.41,0.479622047244094
1992-05-18,7.57588289464669e-06,14.0897836685181,4.08533058725734,1.38,0.469417322834646
1992-05-19,0,14.1605846881866,3.80456294584627,1.34,0.455811023622047
1992-05-20,4.776203907871e-05,15.2510898907979,3.97598891553721,1.36,0.462614173228347
1992-05-21,0.987028653422991,14.3275201320648,4.73852942609508,1.41,0.479622047244094
1992-05-22,0.00252913720032666,15.4447503089905,4.92346903125604,1.69,0.574866141732283
1992-05-23,0.0148054887540638,17.7636946042379,5.42600839446323,1.37,0.466015748031496
1992-05-24,7.70357024669647,15.3832542896271,4.43634759895018,1.38,0.469417322834646
1992-05-25,0.000683233995611469,17.2480754852295,5.16102294488133,1.85,0.629291338582677
1992-05-26,0.00374674443931629,16.6987573305766,5.11307352981284,1.44,0.489826771653543
1992-05-27,0.00172350990760606,16.1058234373728,4.13818695326129,1.43,0.486425196850394
1992-05-28,0,16.6531014442444,4.81970332705005,1.45,0.493228346456693
1992-05-29,0,16.4986418883006,4.91718548116875,1.36,0.462614173228347
1992-05-30,5.94426383031532e-05,16.9641246795654,4.31617305407636,1.38,0.469417322834646
1992-05-31,0.037024427515765,17.9448758761088,5.20272274882199,1.39,0.472818897637795
1992-06-01,0.0412490672121445,18.9136706988017,5.39830581158463,1.38,0.469417322834646
1992-06-02,7.08400748173396,18.6120894749959,4.74038466501816,1.44,0.489826771653543
1992-06-03,27.0650239785512,15.4571154912313,3.71108546444987,2.01,0.683716535433071
1992-06-04,0.188948710992311,15.4517166614532,3.93593349908399,3.67,1.24837795275591
1992-06-05,7.9540821313858,13.5971336364746,3.49496945222432,1.99,0.676913385826772
1992-06-06,0.000353685502583782,13.8525451024373,3.96046351065253,1.97,0.670110236220472
1992-06-07,0.0914945973393818,14.8734312057495,4.5491486270324,1.74,0.591874015748032
1992-06-08,13.6137016614278,12.9213940302531,2.84918085239938,2.29,0.77896062992126
1992-06-09,2.57278587420781,13.6455879211426,3.30557979745298,2.08,0.707527559055118
1992-06-10,0.518954313049714,14.0033463637034,4.50750563495542,1.8,0.612283464566929
1992-06-11,0.0363328475505114,13.2440874576569,3.61858292458976,1.75,0.595275590551181
1992-06-12,0.969968850103517,14.2362758318583,3.51808597427638,1.55,0.527244094488189
1992-06-13,6.95708477497101,15.358096520106,3.55657516756349,1.56,0.530645669291339
1992-06-14,0,16.5026512145996,4.72797328964057,1.79,0.60888188976378
1992-06-15,2.10414197378365e-05,18.4302929242452,5.35685286708639,1.57,0.534047244094488
1992-06-16,0.0256987823377131,19.8374695777893,5.58871042756827,1.52,0.51703937007874
1992-06-17,0.168896671384573,16.6325240135193,2.75359568298068,1.51,0.513637795275591
1992-06-18,0.00230523751815781,16.1255886554718,4.487837270403,1.52,0.51703937007874
1992-06-19,12.7172888120015,10.9603861172994,2.55834390416112,1.59,0.540850393700787
1992-06-20,2.72645470996698,15.6804592609406,4.16484613771053,1.87,0.636094488188976
1992-06-21,0.0169421407166131,15.9503211975098,3.7590722479384,1.69,0.574866141732283
1992-06-22,0.00644340402019831,18.3393610318502,4.62257244768808,1.59,0.540850393700787
1992-06-23,7.17569541931152,17.6616729100545,4.55199221744433,1.83,0.622488188976378
1992-06-24,3.57759529352188,16.687997341156,4.4805544614433,1.94,0.659905511811024
1992-06-25,16.1147719224294,15.323412100474,2.41496289730463,1.74,0.591874015748032
1992-06-26,2.35858980814616,16.3540004094442,3.54202859869926,3.17,1.07829921259843
1992-06-27,4.50126032471114e-05,16.6727840105693,4.75885714635614,2.27,0.772157480314961
1992-06-28,0,17.2718812624613,4.96116913541628,1.75,0.595275590551181
1992-06-29,5.55455964483068e-05,18.6371685663859,5.83598231159846,1.54,0.523842519685039
1992-06-30,0.000235420913668349,20.5561661720276,6.06681854674124,1.55,0.527244094488189
1992-07-01,4.18727911263704,18.8126007715861,4.25600638026861,1.39,0.472818897637795
1992-07-02,2.59206221501032,18.0387996037801,3.97125487652277,1.44,0.489826771653543
1992-07-03,0.0405144106286267,18.9863640467326,4.97622715715035,1.45,0.493228346456693
1992-07-04,4.98749723037084,15.001567363739,3.12760461773428,1.5,0.510236220472441
1992-07-05,4.37871672709783,14.0919029712677,2.83207964616574,1.57,0.534047244094488
1992-07-06,1.43061192582051,15.2348835468292,3.91734120161284,1.57,0.534047244094488
1992-07-07,0.176200232468545,14.4128420352936,3.21622191894732,1.54,0.523842519685039
1992-07-08,0.0131410666120549,16.6241704622904,3.84909986586307,1.54,0.523842519685039
1992-07-09,12.6687067349752,18.3519849777222,5.20460676331511,1.54,0.523842519685039
1992-07-10,10.8990321954091,16.4505552450816,3.39589813615953,1.71,0.581669291338583
1992-07-11,9.59448349475861,13.8312488396962,2.02865596873651,2.3,0.782362204724409
1992-07-12,8.29103781779607,14.5880770683289,3.77522025472146,2.56,0.870803149606299
1992-07-13,0.432412917289184,16.3400203386943,4.17787129916423,2.53,0.86059842519685
1992-07-14,1.71971211830775,18.3380850156148,4.77634138484691,1.97,0.670110236220472
1992-07-15,0.166659924512108,17.1762243906657,3.33030127764694,1.69,0.574866141732283
1992-07-16,0.0973290879822647,18.8494803110758,4.01770698481811,1.54,0.523842519685039
1992-07-17,0.178137119704237,20.846621354421,5.60434919210784,1.54,0.523842519685039
1992-07-18,0.0116243972831095,18.4397389094035,3.52345309599565,1.5,0.510236220472441
1992-07-19,0,20.5604923566182,5.54841859887694,1.52,0.51703937007874
1992-07-20,0.00229556405247422,23.1130083401998,6.30548406495404,1.42,0.483023622047244
1992-07-21,41.1335229873657,22.4945866266886,5.76860547468175,1.47,0.500031496062992
1992-07-22,4.0224299232165,17.5287254651388,2.64450109404681,2.87,0.976251968503937
1992-07-23,0.0240341046569862,19.1484985351562,4.48122152847187,1.6,0.544251968503937
1992-07-24,5.11340481042862,20.8381436665853,5.0373754973044,1.76,0.598677165354331
1992-07-25,0.676439568400383,18.9185090065002,3.78028608320104,1.79,0.60888188976378
1992-07-26,0.010096567265767,20.005977789561,5.20827513929912,1.74,0.591874015748032
1992-07-27,0.000160099413430241,21.929233233134,5.58067764124867,1.57,0.534047244094488
1992-07-28,1.20550595662886e-05,16.4609387715658,3.82682764982879,1.54,0.523842519685039
1992-07-29,0.0121871361528368,19.7598535219828,5.58848595332323,1.37,0.466015748031496
1992-07-30,1.66102950818943e-05,23.3860613505046,5.79827173624458,1.45,0.493228346456693
1992-07-31,5.30494229992231,21.8116483688354,5.20529640150176,1.62,0.551055118110236
1992-08-01,4.73978681365649,20.2336723009745,4.74133706883716,1.72,0.585070866141732
1992-08-02,0.374958032819753,22.2718416849772,5.25886668143715,1.57,0.534047244094488
1992-08-03,2.35507679979006,23.4792682329814,5.40614654361246,1.46,0.496629921259843
1992-08-04,0.718280236547192,18.389807065328,3.19049493110748,1.48,0.503433070866142
1992-08-05,0.00633502864244898,20.0481363932292,5.15774769285899,1.46,0.496629921259843
1992-08-06,0.00308829724478225,22.8110084533691,5.77756584412113,1.37,0.466015748031496
1992-08-07,0.00357427238486707,24.4204576810201,5.5864977303864,1.42,0.483023622047244
1992-08-08,0,24.9261142412821,5.48082933247159,1.33,0.452409448818898
1992-08-09,0,25.1281255086263,5.71832579688131,1.35,0.459212598425197
1992-08-10,2.56499064962069,16.4215266704559,3.46632378834966,1.36,0.462614173228347
1992-08-11,0.862921604265769,17.1734236081441,3.99122915533136,1.34,0.455811023622047
1992-08-12,0.000881295576012538,17.3923268318176,3.59847362355697,1.34,0.455811023622047
1992-08-13,0.0233555571952214,17.1570989290873,3.89474825399659,1.32,0.449007874015748
1992-08-14,4.93614637851715,14.3366878032684,2.1537028869698,1.37,0.466015748031496
1992-08-15,0.0115791248099413,14.3907770315806,3.26058510800102,1.44,0.489826771653543
1992-08-16,0,17.5007379849752,4.68236068719587,1.45,0.493228346456693
1992-08-17,2.16057524085045e-05,20.1608301798503,4.86246238876851,1.33,0.452409448818898
1992-08-18,0.0162989667266326,21.8074165980021,5.217506111674,1.33,0.452409448818898
1992-08-19,0.000110769101411279,23.1207607587179,5.02098561055854,1.27,0.432
1992-08-20,3.86054676274459,23.754798412323,5.30425107679784,1.27,0.432
1992-08-21,10.3248103658358,20.6648980776469,4.16866509225504,1.34,0.455811023622047
1992-08-22,1.10655382275581,19.6204363505046,3.79005279930817,1.39,0.472818897637795
1992-08-23,5.3590113123258,17.2567119598389,3.07319205678891,1.44,0.489826771653543
1992-08-24,0.0665744089831908,18.4261682828267,3.65265484377195,1.53,0.52044094488189
1992-08-25,0,20.6069076855977,4.38479606708288,1.69,0.574866141732283
1992-08-26,9.61718567212423,22.0063616434733,5.25719019268155,1.59,0.540850393700787
1992-08-27,0.000656947023041236,21.1992163658142,3.94865788674199,2.01,0.683716535433071
1992-08-28,0.00137554482959483,23.6093845367432,4.77986895950385,1.39,0.472818897637795
1992-08-29,12.162180741628,19.4614389737447,4.34032364848413,1.43,0.486425196850394
1992-08-30,0.0015863195003476,17.3431576093038,2.84414271998403,1.83,0.622488188976378
1992-08-31,27.1292475064596,14.6436131795247,3.34088246958475,1.66,0.564661417322835
1992-09-01,3.48616238435109,10.2121900717417,2.08485524258959,2.4,0.816377952755906
1992-09-02,1.68898976345857,14.4625376065572,3.16896531944928,2,0.680314960629921
1992-09-03,1.23203766345978,15.1418840090434,2.50099010817518,1.51,0.513637795275591
1992-09-04,6.98175247510274,9.46312348047892,2.06417565262949,1.42,0.483023622047244
1992-09-05,1.26331157485644,8.51059230168661,1.71246485398562,1.55,0.527244094488189
1992-09-06,0.00717481367488896,8.47691504160563,2.44878913903856,1.5,0.510236220472441
1992-09-07,3.09903158744176,13.3694590727488,3.57690509440827,1.34,0.455811023622047
1992-09-08,0.691268695828815,12.3911577065786,1.71416719490586,1.39,0.472818897637795
1992-09-09,0.0107715104240924,13.2101658980052,2.28326731367115,1.45,0.493228346456693
1992-09-10,2.14016476770242,15.2756537596385,2.52418361191694,1.41,0.479622047244094
1992-09-11,0.919552326202393,16.0953934987386,3.08289615319502,1.35,0.459212598425197
1992-09-12,0.845578337709109,14.9793901443481,1.84726311467846,1.43,0.486425196850394
1992-09-13,1.42892780651649,15.7190488179525,2.55355412551576,1.38,0.469417322834646
1992-09-14,12.1305104096731,13.3609584172567,1.44067156338842,1.69,0.574866141732283
1992-09-15,0.00493163350013977,13.5629633267721,2.2922928549062,1.84,0.625889763779528
1992-09-16,0.0111352054797559,14.5300443967183,2.96587350160862,1.55,0.527244094488189
1992-09-17,0.00652652916323859,14.3474233945211,2.89322550352098,1.5,0.510236220472441
1992-09-18,0.00485758758441079,14.8598713080088,2.87358021615295,1.43,0.486425196850394
1992-09-19,0.0127176933844263,14.0656309127808,1.97899523159321,1.59,0.540850393700787
1992-09-20,5.61728925466317e-05,13.9900480906169,2.31181874316811,1.35,0.459212598425197
1992-09-21,0.00687757720879745,15.0120731989543,2.84292289974729,1.4,0.476220472440945
1992-09-22,0.00157799577573314,16.8100641568502,3.06332621220213,1.45,0.493228346456693
1992-09-23,2.11493329207102,13.2301943302155,1.62438167812887,1.45,0.493228346456693
1992-09-24,0.755285128951073,12.0504262447357,1.4056694388782,1.5,0.510236220472441
1992-09-25,0.114034889576336,11.7482180595398,1.56455614839869,1.54,0.523842519685039
1992-09-26,0.089419096087416,13.5757827758789,2.29612003000681,1.4,0.476220472440945
1992-09-27,0.0153954431395202,15.0703723430634,2.60497596773891,1.49,0.506834645669291
1992-09-28,12.7474834918976,12.9839583237966,1.81951358921636,1.46,0.496629921259843
1992-09-29,23.690859635671,11.5938204924266,0.929246536001341,1.91,0.649700787401575
1992-09-30,1.18235738575459,12.2440671920776,1.45604702686752,2.47,0.840188976377953
1992-10-01,0.361388225108385,12.2693269252777,1.55244044067361,1.74,0.591874015748032
1992-10-02,14.7422440052032,11.9064125219981,1.37823601784791,1.67,0.568062992125984
1992-10-03,0.119994542445056,11.6211314996084,1.05746460505094,1.81,0.615685039370079
1992-10-04,0.589835772290826,11.4421020348867,1.21096705804426,1.78,0.60548031496063
1992-10-05,0.835448816418648,12.5960767269135,1.30759832448285,1.6,0.544251968503937
1992-10-06,12.5400718847911,11.9769744873047,1.43798174352238,1.52,0.51703937007874
1992-10-07,0.181001136700312,10.9169866243998,0.98745243061982,2.62,0.891212598425197
1992-10-08,0.0222646916032924,11.3852693239848,0.943904489336836,2.31,0.785763779527559
1992-10-09,4.06388831138611,11.0413668950399,1.34256437815732,1.79,0.60888188976378
1992-10-10,0.0967958378605545,8.12848953406016,0.769738619558273,1.76,0.598677165354331
1992-10-11,0.0312731136800721,7.20767331123352,0.75513329191956,1.65,0.561259842519685
1992-10-12,0.000375831406927318,5.80251284440358,1.21968012617314,1.51,0.513637795275591
1992-10-13,0.000150220844110057,3.01271881659826,1.09530251103163,1.51,0.513637795275591
1992-10-14,0.0009605866119576,6.61073903242747,1.5485213790977,1.51,0.513637795275591
1992-10-15,1.86654327313105,7.57303643226624,0.971510783870414,1.51,0.513637795275591
1992-10-16,3.41684257984161,4.18109738826752,0.732527461044079,1.52,0.51703937007874
1992-10-17,18.674102862676,2.06279465556145,0.600673509766815,2,0.680314960629921
1992-10-18,0.265861988378068,1.67437826593717,0.641785688536354,2.5,0.850393700787402
1992-10-19,0.00567316613160074,2.84298098087311,0.994370057414572,2.35,0.799370078740158
1992-10-20,0.203921344131231,5.29842364788055,0.971817225489277,1.94,0.659905511811024
1992-10-21,6.03907505671183,4.96291708946228,0.68923646567613,1.85,0.629291338582677
1992-10-22,1.1327843417724,3.45790694157282,0.684110792206056,2,0.680314960629921
1992-10-23,7.41149322191874,4.84959987799327,0.845044438885295,2,0.680314960629921
1992-10-24,8.09678920110067,3.90189472834269,0.646394697940009,2.14,0.727937007874016
1992-10-25,15.2228906949361,6.85365605354309,1.02118788137983,2.95,1.00346456692913
1992-10-26,1.75597403943539,4.91609295209249,0.74103458971769,5.03,1.71099212598425
1992-10-27,6.50022145112356,5.49829602241516,0.952749136962518,3.5,1.19055118110236
1992-10-28,27.3814536730448,6.61572170257568,0.891538494506791,4.12,1.40144881889764
1992-10-29,0.0204024339327589,5.5294627348582,0.779381120227643,9.91,3.37096062992126
1992-10-30,5.23602302869161,3.74011560281118,0.773299179116599,5.93,2.01713385826772
1992-10-31,0.478620782494545,2.86690509319305,0.416990022897646,3.42,1.16333858267717
1992-11-01,0.0887896536538998,2.86979067325592,0.465511447198488,3.05,1.03748031496063
1992-11-02,5.37205501397451,4.31015535195669,0.579839168375237,2.53,0.86059842519685
1992-11-03,1.63091799120108,5.44643930594126,0.699980668432546,2.48,0.843590551181102
1992-11-04,2.8779440621535,5.92415857315063,0.854976877269965,2.85,0.969448818897638
1992-11-05,0.073814629111439,7.95179537932078,0.935034206941071,2.94,1.00006299212598
1992-11-06,0.0133757053990848,7.81961679458618,0.878353067738944,2.51,0.853795275590551
1992-11-07,0.763849475886673,7.13913098971049,0.899181337091597,2.23,0.758551181102362
1992-11-08,3.98597598075867,5.94975248972575,0.599914931388669,2.15,0.731338582677165
1992-11-09,0.00627815329547351,4.63532968362172,0.579072973059297,2.24,0.761952755905512
1992-11-10,7.06910423437754,6.05216511090596,0.732475707876683,2.27,0.772157480314961
1992-11-11,12.8564097086589,7.37367900212606,0.573481604008352,3.56,1.21096062992126
1992-11-12,3.44316605726878,2.95431927839915,0.530105129865267,4.31,1.46607874015748
1992-11-13,4.15405903259913,1.42117010553678,0.339243603053425,3.69,1.2551811023622
1992-11-14,6.87108687559764,0.798502795398235,0.474608825812961,3.91,1.3300157480315
1992-11-15,19.4698176383972,4.30245461066564,0.734153079791563,3.67,1.24837795275591
1992-11-16,3.01597678661346,4.7712779045105,0.505556182450428,8.22,2.79609448818898
1992-11-17,0.803962371001641,2.63912463188171,0.401655075305349,6.42,2.18381102362205
1992-11-18,3.08447794119517,1.91610959172249,0.377441764161047,3.82,1.29940157480315
1992-11-19,1.31454174717267,4.57418859004974,0.595242502747144,3.37,1.14633070866142
1992-11-20,0.838982798159122,2.42526495456696,0.425645794843003,3.59,1.22116535433071
1992-11-21,13.8976647853851,4.58355049292247,0.611841068015176,3.23,1.09870866141732
1992-11-22,12.5811924139659,10.2356252670288,0.585512586578563,7.26,2.46954330708661
1992-11-23,0.0271753194974735,8.54188124338786,0.760119587878001,8.3,2.82330708661417
1992-11-24,0.0341378950979561,4.78357704480489,0.685751620528788,4.59,1.56132283464567
1992-11-25,0.421437612424294,6.58971492449443,0.694833733518103,3.63,1.23477165354331
1992-11-26,8.9925000667572,8.7370351155599,0.649864314310374,3.82,1.29940157480315
1992-11-27,0.956828281283379,3.76348235209783,0.524923039073732,5.9,2.00692913385827
1992-11-28,11.0737514893214,7.70004296302795,0.719376640834084,3.98,1.35382677165354
1992-11-29,8.59720067183177,6.29699154694875,0.294257397305797,6.32,2.14979527559055
1992-11-30,0.0248889170179609,6.29644544919332,0.602588862692764,10,3.40157480314961
1992-12-01,0.0415117950178683,5.72567884127299,0.537482890272364,4.73,1.60894488188976
1992-12-02,1.9502766529719,7.91542891661326,0.643980950196968,3.67,1.24837795275591
1992-12-03,6.16974131266276,6.47034664948781,0.56175083589252,3.67,1.24837795275591
1992-12-04,11.8541239102681,4.949307401975,0.516899131988937,3.94,1.34022047244094
1992-12-05,2.99323161443075,1.80812912185987,0.401417103673345,6.14,2.08856692913386
1992-12-06,0.156714904122055,0.398918948446711,0.310352477409496,5.65,1.92188976377953
1992-12-07,10.235456943512,1.31635746359825,0.334221067372354,3.96,1.34702362204724
1992-12-08,3.26869449019432,1.13443057735761,0.199230536624843,4.28,1.45587401574803
1992-12-09,0.724238519867261,1.07678333421548,0.166882039165892,4.48,1.52390551181102
1992-12-10,0.0818570875562727,0.350485262926668,0.171432496668113,3.85,1.3096062992126
1992-12-11,8.2277557849884,0.183824385283515,0.242187846447535,3.37,1.14633070866142
1992-12-12,5.84405112266541,2.19610999027888,0.281546026953435,5.29,1.79943307086614
1992-12-13,0.131655919676026,1.77606336275736,0.223001443057573,7.75,2.63622047244094
1992-12-14,0.00522053921182912,1.73799960811933,0.405900576713197,4.24,1.44226771653543
1992-12-15,0.00727773231240765,-0.417911293605963,0.416471074656698,3.29,1.11911811023622
1992-12-16,0.010972743970342,-0.816922937830289,0.298542678606375,3.02,1.02727559055118
1992-12-17,0.001578046840829,-1.07160996894042,0.276831489449454,2.73,0.928629921259843
1992-12-18,0.00507458999345545,-1.42748902241389,0.21985333439823,2.67,0.908220472440945
1992-12-19,3.29664690923437e-06,-0.477984043459098,0.296320897779566,2.49,0.846992125984252
1992-12-20,3.44692842165629,2.33867963155111,0.377081122184521,2.55,0.86740157480315
1992-12-21,6.05063219865163,4.12797755002975,0.335436391875431,2.63,0.894614173228346
1992-12-22,0.0472187356790528,3.68292280038198,0.403295849965113,3.07,1.04428346456693
1992-12-23,0.0431019679720824,0.476097830881675,0.297751466884315,2.87,0.976251968503937
1992-12-24,0.0141873027411445,-0.896647239724795,0.145258603691573,2.58,0.877606299212599
1992-12-25,0.000232137080577862,-3.84183452526728,0.219806210500784,2.54,0.864
1992-12-26,0.00169340216234559,-5.55871748924255,0.125824476254075,2.36,0.802771653543307
1992-12-27,2.86277609878501e-05,-5.61325109004974,0.193061182163426,2.27,0.772157480314961
1992-12-28,2.36674289529522e-06,-5.23720041910807,0.213111572220606,2.24,0.761952755905512
1992-12-29,8.53362678299163e-08,-7.06593743960063,0.187895928979096,2.13,0.724535433070866
1992-12-30,2.50477843716605e-05,-7.16546535491943,0.226745409381495,2.38,0.809574803149606
1992-12-31,0,-6.6922132174174,0.245635689778676,2.42,0.823181102362205
1993-01-01,0.00111893368011806,-7.24577438831329,0.24096537987196,2.29,0.77896062992126
1993-01-02,0.0187690546736121,-10.0335288842519,0.140148495189942,2.67,0.908220472440945
1993-01-03,0,-9.83950034777323,0.146397729422487,4.22,1.43546456692913
1993-01-04,0,-9.40118281046549,0.156797344270274,3.65,1.24157480314961
1993-01-05,0.00386269074321414,-5.64847707748413,0.364174685185007,2.57,0.874204724409449
1993-01-06,6.90885881582896,2.78534040848414,0.667978994855307,2,0.680314960629921
1993-01-07,4.31731335322062,5.22387286027273,0.354258162811927,2.55,0.86740157480315
1993-01-08,1.8139886111021,4.92690376440684,0.33050813334473,2.71,0.921826771653543
1993-01-09,0.0263872841411891,3.75193283955256,0.442465262738794,2.77,0.942236220472441
1993-01-10,0.0017777274066854,5.86725731690725,0.569408288364553,2.41,0.819779527559055
1993-01-11,0.0577141001704149,9.71584645907084,0.689230509569691,2.27,0.772157480314961
1993-01-12,2.17241770029068,7.08270271619161,0.783007733984641,2.31,0.785763779527559
1993-01-13,2.10978242754936,3.97590027252833,0.622443296890367,2.38,0.809574803149606
1993-01-14,2.86408806343873,5.61467448870341,0.683479906102306,2.62,0.891212598425197
1993-01-15,0.360691924889882,4.13520669937134,0.605842384559396,2.86,0.972850393700787
1993-01-16,0.00906936527826474,6.03420988718669,0.694960470476751,2.49,0.846992125984252
1993-01-17,0.00504793062039729,3.93366809686025,0.750581624000524,2.48,0.843590551181102
1993-01-18,0.00940232608506146,3.25469342867533,0.596212787744951,2.38,0.809574803149606
1993-01-19,0.000417392839153763,4.59823930263519,0.622687108666675,2.33,0.792566929133858
1993-01-20,0.000194646415972481,6.02090525627136,0.584377396235211,2.27,0.772157480314961
1993-01-21,0.00177146734389074,6.91106800238291,0.575392258394609,2.24,0.761952755905512
1993-01-22,2.28351078927517,8.77715770403544,0.587849605142404,2.27,0.772157480314961
1993-01-23,0.690346659471591,8.43094460169474,0.506707136319861,2.39,0.812976377952756
1993-01-24,12.7968305746714,9.0159022808075,0.442235940991572,2.38,0.809574803149606
1993-01-25,2.49285048246384,1.7812255124251,0.63916941596273,3.24,1.10211023622047
1993-01-26,2.95390691359838,-0.905074452360471,0.468999106428832,2.96,1.00686614173228
1993-01-27,1.77773297329744,1.27889565130075,0.442005315249101,2.85,0.969448818897638
1993-01-28,0.654972441494465,2.84850192070007,0.475731203551717,2.69,0.915023622047244
1993-01-29,4.83503059546153,3.04184174537659,0.428866594379221,3.24,1.10211023622047
1993-01-30,0.003946965567593,-2.57925496498744,0.435326446487503,3.96,1.34702362204724
1993-01-31,0.0344434378251511,-2.10617280006409,0.426890344294741,3.19,1.08510236220472
1993-02-01,0.00133467946822445,-3.17701222499212,0.359937677383669,2.79,0.94903937007874
1993-02-02,0.00880468490261895,-3.05862816174825,0.382129488612943,2.62,0.891212598425197
1993-02-03,0.00370287505211309,-3.30496215820312,0.337992300862274,2.47,0.840188976377953
1993-02-04,0.00541866340790875,-1.45041372378667,0.634627347828028,2.32,0.789165354330709
1993-02-05,0.0130921981763095,-0.361568186432123,0.859683250444277,2.33,0.792566929133858
1993-02-06,0.704150803387165,1.62662810087204,0.962405260855691,2.25,0.765354330708661
1993-02-07,0.17187208806475,2.26312704881032,0.484044783476299,2.25,0.765354330708661
1993-02-08,0.0195242033029596,0.33959220846494,0.39207552889178,2.22,0.755149606299213
1993-02-09,0.000372234134071429,-0.603109255433083,0.277843778636642,2.24,0.761952755905512
1993-02-10,0.000414187436642048,-0.971882333358129,0.242341064004084,2.16,0.734740157480315
1993-02-11,0.00776793012604079,-0.933514028787613,0.382632081262787,2.13,0.724535433070866
1993-02-12,0.000193325657164678,-1.25426201025645,0.41098130901691,2.17,0.738141732283465
1993-02-13,0.00222014907437066,-1.50005734960238,0.49573362068212,2.13,0.724535433070866
1993-02-14,0.0011671353422571,-1.86760488152504,0.489275978189604,2.11,0.717732283464567
1993-02-15,9.5130976812167e-05,-1.7173306842645,0.3502793598972,2.04,0.69392125984252
1993-02-16,1.13699006040891,-2.05130263169607,0.36191839883625,2.11,0.717732283464567
1993-02-17,6.46135342121124,0.270633118227124,0.487748621007568,2.13,0.724535433070866
1993-02-18,0.158816419541836,1.35897314051787,0.642968307799677,2.29,0.77896062992126
1993-02-19,5.06787439187368,1.64716521898905,0.581143253696149,2.34,0.795968503937008
1993-02-20,6.50707014401754,1.04908755421638,0.450051482917268,2.49,0.846992125984252
1993-02-21,3.68409891923269,-1.14565325776736,0.484406456695433,2.55,0.86740157480315
1993-02-22,0.469082057476044,-6.81844266255697,0.520133442552659,2.45,0.833385826771654
1993-02-23,0.91429569820563,-9.39675315221151,0.320227114240119,2.3,0.782362204724409
1993-02-24,0.496634886910518,-6.48027821381887,0.594206494323101,2.26,0.768755905511811
1993-02-25,0.00191987040549672,-5.2642650604248,0.573053821250558,2.19,0.744944881889764
1993-02-26,0.00172922451747581,-4.31293461720149,0.752023355923757,2.15,0.731338582677165
1993-02-27,0.000119792569118241,-3.67857358853022,0.87590792094854,2.15,0.731338582677165
1993-02-28,0.00268594440422021,-3.42282617092133,0.668775336235057,2.09,0.710929133858268
1993-03-01,0.0118658058781875,0.0121315630773703,0.961374543676441,1.98,0.673511811023622
1993-03-02,0.580734918514887,1.14697133998076,0.812578260481147,2.03,0.69051968503937
1993-03-03,2.71784973144531,-2.09216275811195,0.421914597299693,2.03,0.69051968503937
1993-03-04,0.758557346959909,-5.31610675652822,0.611993920518568,2.05,0.697322834645669
1993-03-05,1.06462986767292,-3.37251540025075,0.779610499830814,2.11,0.717732283464567
1993-03-06,6.6576973994573,-0.159626243325571,0.661581171813344,2.05,0.697322834645669
1993-03-07,0.533171435197194,1.6106846233209,0.743632466272757,2.15,0.731338582677165
1993-03-08,0.00637659638353701,-1.75263305505117,0.691283697360606,2.38,0.809574803149606
1993-03-09,0.000442313612438738,-1.92662478486697,0.97770878757023,2.13,0.724535433070866
1993-03-10,0,1.74646770954132,1.50381249124396,2.15,0.731338582677165
1993-03-11,0.0629192029979701,3.18120024601618,1.34591410639601,2.25,0.765354330708661
1993-03-12,3.83501913650737e-05,3.59402457873027,1.68103495792054,2.34,0.795968503937008
1993-03-13,0,3.52637396256129,1.62105548005849,2.62,0.891212598425197
1993-03-14,0,4.51882878939311,1.76406796532884,2.89,0.983055118110236
1993-03-15,0.00215022296955188,5.42918753623962,1.89153364456563,3.1,1.05448818897638
1993-03-16,0.895385498801867,9.01399747530619,2.29380751761218,3.01,1.02387401574803
1993-03-17,4.24746884902318,9.19781978925069,0.878904699141464,3.19,1.08510236220472
1993-03-18,0.00683033413588419,10.1233794689178,2.28572566160685,3.4,1.15653543307087
1993-03-19,0.000942118170011478,7.11581162611644,1.79648652170595,2.64,0.898015748031496
1993-03-20,0.000109935008367756,7.41897130012512,2.53396442115428,2.44,0.829984251968504
1993-03-21,0.921285395820936,10.2695908546448,2.3685088178314,2.31,0.785763779527559
1993-03-22,3.81962529818217,9.77612773577372,1.59703598552795,2.21,0.751748031496063
1993-03-23,1.7805876173079,7.12193163235982,1.31882002878887,2.33,0.792566929133858
1993-03-24,0.508787064502637,4.03288610776265,1.11145378040543,2.35,0.799370078740158
1993-03-25,0.8478069404761,1.0332626303037,1.18522679593917,2.22,0.755149606299213
1993-03-26,1.43131989240646,-0.337180608185008,1.01571041243657,2.23,0.758551181102362
1993-03-27,1.24394959708055,-1.70787592728933,1.04641553777239,2.22,0.755149606299213
1993-03-28,0.466706210126479,-2.26136890053749,1.05537561299614,2.19,0.744944881889764
1993-03-29,0.0263538624858484,-1.55790330469608,1.30876420031674,2.14,0.727937007874016
1993-03-30,0.00296637445603665,0.953558181722959,1.86362243629248,2.12,0.721133858267717
1993-03-31,0.000821102358713688,7.3398406902949,2.81905796129531,2.01,0.683716535433071
1993-04-01,0.000977474070775012,9.9183075428009,3.06687872465185,2,0.680314960629921
1993-04-02,4.15354011456172,4.45042163133621,1.41527555456379,1.97,0.670110236220472
1993-04-03,1.27802993108829,4.31086313724518,0.936156152728441,2.14,0.727937007874016
1993-04-04,0.637277861436208,4.68502958615621,1.60983620987306,2.15,0.731338582677165
1993-04-05,4.67303452889125,6.65319987138112,2.04762548828631,1.99,0.676913385826772
1993-04-06,7.00474158922831,7.6832465728124,1.93380757817267,2.07,0.704125984251968
1993-04-07,0.773436273137728,6.29777638117472,1.61172734210386,2.5,0.850393700787402
1993-04-08,0.257133700031166,4.58796628316243,1.70852552190102,2.41,0.819779527559055
1993-04-09,1.58775356660287,6.85612650712331,2.63453693007067,2.2,0.748346456692914
1993-04-10,0.214707918465137,8.5119477113088,2.1236189912473,2.15,0.731338582677165
1993-04-11,1.24157137175401,6.19560039043427,1.50344000826291,2.16,0.734740157480315
1993-04-12,5.78226498762767,5.76492655277252,1.78223232660955,2.22,0.755149606299213
1993-04-13,0.0624390168425938,6.21465746561686,2.31327870403136,2.17,0.738141732283465
1993-04-14,1.11505718777577,7.7733629544576,2.8224919733369,1.99,0.676913385826772
1993-04-15,2.13728115955989,7.93064145247142,2.4783259751958,1.87,0.636094488188976
1993-04-16,1.60932400077581,7.35892709096273,2.23136570023717,1.85,0.629291338582677
1993-04-17,5.85009125868479,7.74314431349436,2.30587069329497,1.77,0.60207874015748
1993-04-18,2.5070448021094,9.68814134597778,1.94799111805187,1.89,0.642897637795276
1993-04-19,0.0228956449233616,11.0743732452393,2.09000540168399,1.91,0.649700787401575
1993-04-20,0,12.9201240539551,3.7944356105822,1.82,0.619086614173228
1993-04-21,5.32320503528657e-06,14.8797036806742,4.25935900131938,1.77,0.60207874015748
1993-04-22,0.0066930714820046,15.5777204036713,4.03938778083063,1.68,0.571464566929134
1993-04-23,1.9674308229393e-05,14.6659452120463,3.75529550452843,1.72,0.585070866141732
1993-04-24,0,15.6157910029093,4.31765218757499,1.66,0.564661417322835
1993-04-25,0,16.0653262138367,4.35358889472249,1.7,0.578267716535433
1993-04-26,0,15.6558085282644,3.92838842995362,1.66,0.564661417322835
1993-04-27,0.000196786574330569,18.277326742808,4.8607237332856,1.66,0.564661417322835
1993-04-28,0.000848412280902267,17.3327533404032,4.32825399312026,1.59,0.540850393700787
1993-04-29,0.000133956100398791,16.4148847262065,4.53742919684416,1.58,0.537448818897638
1993-04-30,1.24609411259492,15.4720216592153,4.31708285532987,1.55,0.527244094488189
1993-05-01,12.6781158645948,13.4471909999847,3.59625350766129,1.61,0.547653543307087
1993-05-02,9.68044205506643,12.4427759647369,3.07692473986102,1.64,0.557858267716535
1993-05-03,5.8887557387352,12.0947280724843,2.74996696975073,1.89,0.642897637795276
1993-05-04,0.555829325069984,11.1200484434764,1.96148870095927,1.93,0.656503937007874
1993-05-05,0.0435125667136163,10.5690226554871,2.44361091095326,1.61,0.547653543307087
1993-05-06,2.6146614899238,9.39834872881571,1.8563076649596,1.64,0.557858267716535
1993-05-07,2.35433932145437,13.3376541932424,3.72654315202032,1.84,0.625889763779528
1993-05-08,0.208178694049517,14.8834042549133,4.30992483540351,1.61,0.547653543307087
1993-05-09,1.47684047122796,15.2300209999084,4.32300719103786,1.49,0.506834645669291
1993-05-10,0.0038956396432089,16.8060070673625,4.86793456365052,1.55,0.527244094488189
1993-05-11,0.955866766472658,17.2655202547709,4.85673759946793,1.54,0.523842519685039
1993-05-12,4.57784116268158,14.6480356852214,3.06909894366647,1.61,0.547653543307087
1993-05-13,5.67448562383652,14.2917370796204,3.92131579245338,1.94,0.659905511811024
1993-05-14,8.98480896155039,13.5680858294169,3.39400649618668,1.73,0.588472440944882
1993-05-15,2.02038922409217,13.2723326683044,3.71917586595347,2.07,0.704125984251968
1993-05-16,0.308030565114071,11.8199787934621,3.42621911704538,1.81,0.615685039370079
1993-05-17,8.10713087654828e-06,16.2844405174255,5.27278614157021,1.52,0.51703937007874
1993-05-18,4.33825195208192,18.2802953720093,5.34491927059254,1.52,0.51703937007874
1993-05-19,0.147097542338694,18.2621076901754,4.86380520911337,1.62,0.551055118110236
1993-05-20,7.98310430844625,17.2226389249166,4.82744329006585,1.5,0.510236220472441
1993-05-21,11.5801708698273,9.47795669237773,2.39814240286303,2.63,0.894614173228346
1993-05-22,0.00691228499575421,11.4689246018728,3.34992142807458,2.3,0.782362204724409
1993-05-23,0,14.2507623036702,4.8735586577121,1.74,0.591874015748032
1993-05-24,0.00717475490334133,17.0828824043274,5.40634643551682,1.54,0.523842519685039
1993-05-25,0.0052721873507835,19.8480059305827,5.81042845223418,1.49,0.506834645669291
1993-05-26,1.85994804805766,21.6253604888916,6.12428077908609,1.41,0.479622047244094
1993-05-27,21.5361451307933,17.3564182917277,4.3440096083998,1.44,0.489826771653543
1993-05-28,0.42795680820321,13.4667847156525,3.39178425332258,2.84,0.966047244094488
1993-05-29,0.000295371028793549,15.0257426897685,4.00764861713461,1.64,0.557858267716535
1993-05-30,4.14343269666036,16.4628872871399,5.28224333873478,1.38,0.469417322834646
1993-05-31,0.196439289177457,14.5783667564392,3.53736094617521,1.37,0.466015748031496
1993-06-01,0.00821146609087009,16.7952612241109,5.11180168191425,1.37,0.466015748031496
1993-06-02,14.5391364097595,14.9225321610769,4.48073110018017,1.45,0.493228346456693
1993-06-03,12.4002809524536,12.9815096060435,2.77998481772741,1.94,0.659905511811024
1993-06-04,0.882349502916137,15.1154996554057,3.34171013989544,2.48,0.843590551181102
1993-06-05,0.00110931623445746,18.4765739440918,4.75517482589937,1.93,0.656503937007874
1993-06-06,0.224837636109442,20.4564797083537,5.57051300616411,1.47,0.500031496062992
1993-06-07,3.3962565784653,20.2899150848389,5.13682948302342,1.38,0.469417322834646
1993-06-08,0.00427117941823478,20.1279079119364,4.99400138086641,1.5,0.510236220472441
1993-06-09,0.03324062221994,21.3398892084757,5.60319913235737,1.29,0.438803149606299
1993-06-10,0.868416977037365,20.5123213132222,5.40468310567381,1.35,0.459212598425197
1993-06-11,11.153702656428,15.5179870128632,4.66223070237042,1.24,0.421795275590551
1993-06-12,0.325282694151004,11.6979204018911,3.07134216887171,1.44,0.489826771653543
1993-06-13,0.214802098460495,12.4786694844564,3.3276962382184,1.26,0.42859842519685
1993-06-14,2.84931204716365,13.5815637111664,3.18688525919043,1.28,0.43540157480315
1993-06-15,5.32297607262929,13.0662739276886,2.72910318156339,1.28,0.43540157480315
1993-06-16,4.15168317159017,16.0867877801259,4.93451607323973,1.51,0.513637795275591
1993-06-17,5.96279209852219,12.9806716442108,3.32260234864476,1.54,0.523842519685039
1993-06-18,0.132747834237913,16.3607006867727,5.35682220973101,1.8,0.612283464566929
1993-06-19,2.17234143738945,20.9063719113668,6.40118396626375,1.38,0.469417322834646
1993-06-20,4.21300682425499,17.1811014811198,3.48291191470492,1.37,0.466015748031496
1993-06-21,7.42828234036763,15.345313390096,4.01191355774883,1.81,0.615685039370079
1993-06-22,12.2281301021576,16.553391456604,4.18644796714197,1.77,0.60207874015748
1993-06-23,10.0114773909251,16.0360071659088,2.99514787242718,2.09,0.710929133858268
1993-06-24,0.00729572242623059,12.1610825856527,3.29542455088777,2.84,0.966047244094488
1993-06-25,0.0116981788693617,13.3048681418101,4.24542921245113,2.06,0.700724409448819
1993-06-26,1.56351817150911,13.70205839475,3.21910668326872,1.57,0.534047244094488
1993-06-27,5.29332952698072,15.4421304066976,3.4638835511958,1.66,0.564661417322835
1993-06-28,0.00509980648348574,12.5242240428925,3.24210818496003,1.56,0.530645669291339
1993-06-29,0,15.4807662169139,4.73988785853081,1.35,0.459212598425197
1993-06-30,0,17.2789554595947,5.49697650618951,1.23,0.418393700787402
1993-07-01,0.000129425733272607,18.2863629659017,5.45960846940002,1.21,0.411590551181102
1993-07-02,0.00533084610166649,19.0915201505025,5.72545340066433,1.14,0.387779527559055
1993-07-03,0.0687375495714756,20.216628074646,5.19851318979633,1.16,0.394582677165354
1993-07-04,0.010796778780635,21.6954774856567,5.69365751753138,1.14,0.387779527559055
1993-07-05,22.5572572549184,21.1458462079366,5.8619150744934,1.19,0.404787401574803
1993-07-06,0.0423833539243788,12.0890523592631,3.44334389808081,1.99,0.676913385826772
1993-07-07,0.0064669175844756,14.6789821783702,4.58254516557804,1.91,0.649700787401575
1993-07-08,2.15607030895626e-07,15.5272308985392,4.6864474271207,1.31,0.445606299212598
1993-07-09,0.00694266679541518,19.4579968452454,5.96834320573379,1.25,0.425196850393701
1993-07-10,27.3464180628459,14.6180749734243,3.76463918745802,1.23,0.418393700787402
1993-07-11,9.80716888109843,10.1193474928538,2.20710434980353,2.72,0.925228346456693
1993-07-12,8.60649275779724,10.0397444566091,2.59634385926562,4.49,1.52730708661417
1993-07-13,1.25566948950291,10.9902588526408,2.9471363616369,3.42,1.16333858267717
1993-07-14,6.2899508078893,12.7418874899546,3.06683586146847,2.15,0.731338582677165
1993-07-15,4.73429787158966,16.0341886679331,3.30886004977914,2.23,0.758551181102362
1993-07-16,21.310452302297,19.237381140391,4.6998987834252,3.37,1.14633070866142
1993-07-17,30.9341325759888,19.2839609781901,4.50546771511417,5.37,1.82664566929134
1993-07-18,14.6581256389618,17.9030154546102,3.64918259294327,13.6,4.62614173228346
1993-07-19,4.44581629832586,16.1790928840637,3.3598065659919,19.3,6.56503937007874
1993-07-20,7.80504881342252,14.2459645271301,2.96232651168048,4.8,1.63275590551181
1993-07-21,1.64453252653281,13.3299828370412,2.96782091726148,5.13,1.74500787401575
1993-07-22,7.18812036514282,12.6735132535299,2.96253256597582,3.65,1.24157480314961
1993-07-23,0.0330971242146916,16.0800133546193,4.02331311680704,3.94,1.34022047244094
1993-07-24,1.23364525039991,18.6277028719584,4.46195445122996,2.87,0.976251968503937
1993-07-25,3.90864994128545,15.4043997923533,3.70424674244937,2.54,0.864
1993-07-26,1.41094374780854,14.1588925520579,3.61474907816824,2.33,0.792566929133858
1993-07-27,11.8830842971802,15.398074388504,3.78210680110778,2.11,0.717732283464567
1993-07-28,13.6232852935791,16.2539712587992,2.78598269821278,2.98,1.01366929133858
1993-07-29,0.0308118628163356,20.3933712641398,4.78678983033576,4.61,1.56812598425197
1993-07-30,5.43496489524841,22.5969130198161,6.03031180876444,3.13,1.06469291338583
1993-07-31,2.42378767331441,15.2386990388234,3.54943411852013,2.83,0.962645669291339
1993-08-01,6.33817468316996e-06,16.2063031196594,4.3110800689749,3.11,1.05788976377953
1993-08-02,0.00276389530821083,19.5230903625488,5.49722474775892,2.17,0.738141732283465
1993-08-03,0.745071850717068,20.1828373273214,4.96191359755952,1.96,0.666708661417323
1993-08-04,19.5186578035355,20.057741800944,5.02512366191081,2.44,0.829984251968504
1993-08-05,9.67639966805776,19.5902210871379,4.52082523026207,4.81,1.63615748031496
1993-08-06,0.0077420676437517,15.7845931053162,3.59224346125545,3.59,1.22116535433071
1993-08-07,1.15978181914519e-05,15.8058712482452,4.24112426002073,2.2,0.748346456692914
1993-08-08,1.77985803286235,16.2808667818705,4.27175838091216,1.98,0.673511811023622
1993-08-09,2.44465148852517,16.652220249176,3.6120947959663,2.02,0.687118110236221
1993-08-10,34.8433945973714,13.811393737793,2.25311109756403,3.07,1.04428346456693
1993-08-11,0.246325778154035,15.4064700603485,3.72609917176847,6,2.04094488188976
1993-08-12,0.927358572060863,19.0615226427714,4.8261573053344,3.32,1.12932283464567
1993-08-13,0.00396410922985524,17.5570475260417,3.48563643824133,2.4,0.816377952755906
1993-08-14,0.00148109579458833,20.8080018361409,5.29040575997403,2.17,0.738141732283465
1993-08-15,0.8134867924576,20.7065698305766,4.44217020052962,1.99,0.676913385826772
1993-08-16,0.0280740549787879,20.903627872467,4.57534905398034,2.12,0.721133858267717
1993-08-17,0.447181029866139,19.4762644767761,3.92465526989204,1.82,0.619086614173228
1993-08-18,0.000714121054140075,17.122592608134,3.1359017243727,1.73,0.588472440944882
1993-08-19,0.00863858273563286,18.1018280982971,4.02353979955253,1.69,0.574866141732283
1993-08-20,0,18.9038856824239,4.26508848329226,1.68,0.571464566929134
1993-08-21,3.00846494383222e-08,19.9936391512553,4.76069816937397,1.61,0.547653543307087
1993-08-22,4.6166325211525,22.3637760480245,5.11352753732247,1.62,0.551055118110236
1993-08-23,8.18184129397074,14.2353301048279,3.045392648746,1.79,0.60888188976378
1993-08-24,3.70734089612961,11.1836754480998,1.38201415060797,2.05,0.697322834645669
1993-08-25,1.18210574425757,12.0794739723206,1.86773010317008,1.93,0.656503937007874
1993-08-26,0.0109230487178138,12.4508049488068,2.63487089895699,1.86,0.632692913385827
1993-08-27,17.4105874697367,12.0889836152395,2.50877257646114,1.73,0.588472440944882
1993-08-28,2.207238321503,10.0876677831014,1.95911767136303,2.66,0.904818897637795
1993-08-29,0.0254688418935984,9.83877428372701,2.79581663630069,3.06,1.04088188976378
1993-08-30,13.6936108271281,13.0996813774109,3.55447134239795,2.23,0.758551181102362
1993-08-31,0.106103513855487,11.2936456998189,2.11187834071461,2.73,0.928629921259843
1993-09-01,0.0315913426068922,11.0449736913045,2.42091232621785,2.84,0.966047244094488
1993-09-02,0.651010605196158,12.0144790013631,3.19131497292108,2.08,0.707527559055118
1993-09-03,23.9767762819926,11.3792341550191,1.46612862558412,2.44,0.829984251968504
1993-09-04,4.32750622431437,9.39599998792013,1.6476835811998,4.16,1.41505511811024
1993-09-05,1.9761996815602,8.29911545912425,1.88380189372829,3.17,1.07829921259843
1993-09-06,0.000653193720305959,9.42768907546997,2.77129847801417,2.66,0.904818897637795
1993-09-07,2.29200118780136,14.2687005201975,3.66466790588326,2.28,0.77555905511811
1993-09-08,4.21115107337634,14.4214673837026,2.08637809761771,2.18,0.741543307086614
1993-09-09,5.15630948543549,15.4312949180603,3.38002479557644,2.29,0.77896062992126
1993-09-10,1.48705372711023,13.4337765375773,2.1896928802256,2.27,0.772157480314961
1993-09-11,6.97277001539866,13.6151315371195,2.54288060870708,2.19,0.744944881889764
1993-09-12,0.324241638183594,13.0063865184784,2.35494979236834,2.33,0.792566929133858
1993-09-13,1.6861617465814,12.4125312964121,2.85490173523385,2.16,0.734740157480315
1993-09-14,0.256678342508773,12.5140589872996,2.42206799944598,1.98,0.673511811023622
1993-09-15,3.27308495839437,12.9232155481974,2.31609521055654,1.8,0.612283464566929
1993-09-16,0.0686581083573401,12.1602416833242,2.00481788054718,1.83,0.622488188976378
1993-09-17,0.00125842836375038,11.0227950414022,2.1730272859706,1.72,0.585070866141732
1993-09-18,0.000483843493081319,12.1934535503387,2.59043957491241,1.69,0.574866141732283
1993-09-19,1.07885966826871e-05,13.007212082545,2.49365390506463,1.65,0.561259842519685
1993-09-20,1.74988160021409e-06,15.3269319534302,2.95487432065906,1.75,0.595275590551181
1993-09-21,0.0590183320455253,17.8879563013713,3.17688980343095,1.7,0.578267716535433
1993-09-22,0.614718871268754,18.7025866508484,3.41796754056993,1.63,0.554456692913386
1993-09-23,0.0192030798643827,15.5274909337362,1.69443393901924,1.69,0.574866141732283
1993-09-24,0.462296915551027,16.454483350118,1.90199712999164,1.64,0.557858267716535
1993-09-25,4.95371236403783,13.241140683492,1.84101357131323,1.7,0.578267716535433
1993-09-26,1.05485112220049,9.41935642560323,1.21352480811157,1.71,0.581669291338583
1993-09-27,0.00209478620187535,8.95360636711121,1.87867519133855,1.7,0.578267716535433
1993-09-28,9.24779220422109,8.97830311457316,1.34592519213047,1.74,0.591874015748032
1993-09-29,0.206638216351469,7.75951818625132,1.2884028978261,1.93,0.656503937007874
1993-09-30,0.00147060047341559,9.68361441294352,1.9349619623339,1.74,0.591874015748032
1993-10-01,0.00372483315489565,10.9997639656067,1.76317814703237,1.77,0.60207874015748
1993-10-02,7.9667139450709,9.40402762095133,1.05954393404562,1.83,0.622488188976378
1993-10-03,0.0606372457308074,9.18376715977987,1.2049912349044,2.44,0.829984251968504
1993-10-04,0.736140511929989,10.4703573385874,1.79076656472331,2.11,0.717732283464567
1993-10-05,0.0222877169386872,13.8258692423503,2.13563406080898,1.99,0.676913385826772
1993-10-06,8.35003221035004,11.8646492958069,1.46876024428727,1.95,0.663307086614173
1993-10-07,0.023554836671489,11.618178208669,1.64919381352085,2.31,0.785763779527559
1993-10-08,4.3926863471667,11.3217303752899,1.14045800401603,2.07,0.704125984251968
1993-10-09,0.0827252560605605,8.69766640663147,1.45358009352142,2.48,0.843590551181102
1993-10-10,0.591735484699408,10.6861024697622,1.79139836672834,2.32,0.789165354330709
1993-10-11,0.236590704909759,12.8347132205963,1.66278245400122,2.13,0.724535433070866
1993-10-12,9.38290099302928,12.0713802178701,1.73496270060123,1.97,0.670110236220472
1993-10-13,0.052421030937694,13.1377735137939,1.64328568327094,2.13,0.724535433070866
1993-10-14,3.40407339731852,11.48983502388,1.04329830397136,2.67,0.908220472440945
1993-10-15,0.359215869878729,10.0742891629537,1.17270320112034,2.38,0.809574803149606
1993-10-16,0.277409419417381,7.44982552528381,1.18428235410186,2.24,0.761952755905512
1993-10-17,4.23831562201182,5.56325002511342,0.741954907496209,2.08,0.707527559055118
1993-10-18,0.0497783770163854,4.75175889333089,0.557882341477179,2.13,0.724535433070866
1993-10-19,0.0302139846996094,4.55874709288279,0.548301057781508,1.98,0.673511811023622
1993-10-20,0.372318488856157,4.96039493878682,0.520790294458593,1.97,0.670110236220472
1993-10-21,11.3609238862991,3.95958193143209,0.718878527922135,1.99,0.676913385826772
1993-10-22,7.19241464138031,3.27227956056595,0.474542878055617,2.53,0.86059842519685
1993-10-23,26.6727313995361,4.78095229466756,0.613507960884939,3.68,1.25177952755906
1993-10-24,2.25822854042053,3.48373222351074,0.517048158828323,9.97,3.39137007874016
1993-10-25,0.278449905648207,3.89405606190364,0.358598970744101,7.91,2.69064566929134
1993-10-26,0.0473402328692221,3.73029947280884,0.386594348860802,3.74,1.27218897637795
1993-10-27,0.00189747973733271,3.54601921637853,0.637664858782769,3.18,1.08170078740157
1993-10-28,0.00088576815930234,2.78862323363622,0.63416816696106,2.71,0.921826771653543
1993-10-29,0.030754944064635,2.58264460166295,0.426926860386328,2.49,0.846992125984252
1993-10-30,0.00659930124371992,2.62305583556493,0.367215338943826,2.37,0.806173228346457
1993-10-31,0.00421977298310594,2.70195732514064,0.596815228844118,2.3,0.782362204724409
1993-11-01,0.031618740700651,3.28803700208664,0.497355442522423,2.11,0.717732283464567
1993-11-02,0.0488152439744833,3.97874786456426,0.51858120822904,2.08,0.707527559055118
1993-11-03,0.111695245839655,5.45291022459666,0.668032091261585,2.02,0.687118110236221
1993-11-04,0.20669002396365,4.60073614120483,0.472555934918116,1.98,0.673511811023622
1993-11-05,2.67832572261492,4.91023341814677,0.392687459610732,1.97,0.670110236220472
1993-11-06,5.1351060072581,6.49176955223083,0.419872930883096,2.21,0.751748031496063
1993-11-07,2.23239478468895,7.22829961776733,0.65703047733647,2.38,0.809574803149606
1993-11-08,0.77567840864261,6.20001133282979,0.457617851708693,2.46,0.836787401574803
1993-11-09,0.264568428819378,5.11971159776052,0.32696641454726,2.3,0.782362204724409
1993-11-10,0.254227697849274,4.86888508001963,0.558890393326026,2.22,0.755149606299213
1993-11-11,5.00270932912827,4.96408756573995,0.584847127544969,2.26,0.768755905511811
1993-11-12,0.0449355795669059,2.34520894289017,0.529717749948343,2.67,0.908220472440945
1993-11-13,1.4444184700648,1.53820997476578,0.373006889520153,2.42,0.823181102362205
1993-11-14,2.07406039039294,6.39720340569814,0.861309540334843,2.27,0.772157480314961
1993-11-15,12.7414496342341,1.71852327386538,0.426289420513984,2.29,0.77896062992126
1993-11-16,1.01300383607546,0.207438859157264,0.220589597313733,2.71,0.921826771653543
1993-11-17,0.0300143239243577,-0.725599564611912,0.228676506339572,2.88,0.979653543307087
1993-11-18,0.00100402933594523,-2.93491729100545,0.277007183205629,2.63,0.894614173228346
1993-11-19,0.000590994396285775,-5.08771042029063,0.261500153343232,2.47,0.840188976377953
1993-11-20,0.115302521114548,-5.98953596750895,0.217148881041169,2.29,0.77896062992126
1993-11-21,0.198127624520566,-5.82974104086558,0.261398259469848,2.14,0.727937007874016
1993-11-22,0.49914197375377,-4.84870175520579,0.315534798342624,2.12,0.721133858267717
1993-11-23,0.00657332308279971,-4.93978397051493,0.250905093224616,1.97,0.670110236220472
1993-11-24,0.0046351653484938,-4.15566172202428,0.21105250446676,1.99,0.676913385826772
1993-11-25,0.0159406906459481,-3.56386564175288,0.251331510426454,1.98,0.673511811023622
1993-11-26,0.023812396946596,-3.8104056318601,0.150590729421705,1.89,0.642897637795276
1993-11-27,0.0480556823119211,-4.27013848225276,0.114047892942197,1.91,0.649700787401575
1993-11-28,1.04519780476888,-5.39969698588053,0.150148809095352,1.86,0.632692913385827
1993-11-29,0.260729916393757,-5.97172085444133,0.214262650495223,1.86,0.632692913385827
1993-11-30,0,-6.04943188031514,0.2052263798982,1.82,0.619086614173228
1993-12-01,0.00499443737013886,-3.51825120051702,0.366369121568273,1.8,0.612283464566929
1993-12-02,0.248622138053179,2.40571381648382,0.412817136767651,1.8,0.612283464566929
1993-12-03,0.0041125127778893,4.11796631415685,0.377763384292919,1.87,0.636094488188976
1993-12-04,0.984199884037177,4.55477666854858,0.649374633588095,2.04,0.69392125984252
1993-12-05,0.320524836579959,2.29699148734411,0.47030218044985,2.03,0.69051968503937
1993-12-06,0.033353653891633,-0.4418975263834,0.305685384833001,2.07,0.704125984251968
1993-12-07,3.97108219067256,1.79355431596438,0.313620778760482,2.09,0.710929133858268
1993-12-08,7.13711945215861,5.13600770632426,0.554333154744777,2.34,0.795968503937008
1993-12-09,1.09858571489652,7.57644732793172,0.463447460243176,3.44,1.17014173228346
1993-12-10,6.20557955900828,7.19208439191182,0.46391243867165,2.76,0.938834645669291
1993-12-11,5.10012408097585,1.450344607234,0.489604080805888,2.93,0.996661417322835
1993-12-12,5.56519109010696,1.22895379861196,0.242089677134002,3.04,1.03407874015748
1993-12-13,5.2583861152331,6.24270991484324,0.602935850506139,2.99,1.01707086614173
1993-12-14,0.478567570447922,3.38967088858287,0.381878928782474,3.57,1.21436220472441
1993-12-15,1.21005452424288,3.21167906125387,0.388802508314907,3.22,1.09530708661417
1993-12-16,5.22731562455495,2.85623596111933,0.294604192077757,2.86,0.972850393700787
1993-12-17,9.57469459374746,4.17131954431534,0.403764583333311,3.17,1.07829921259843
1993-12-18,0.0282909407590826,6.08645669619242,0.355101136068213,3.61,1.22796850393701
1993-12-19,10.0159242947896,7.25510676701864,0.558443346558483,3.08,1.04768503937008
1993-12-20,10.0029729207357,11.3850840727488,0.610661841928226,4.41,1.50009448818898
1993-12-21,0.854075049360593,5.27138797442118,0.600842910433804,4.74,1.61234645669291
1993-12-22,0.85655315220356,2.62274926900864,0.357028196290921,3.74,1.27218897637795
1993-12-23,1.4315127011699,2.99555814266205,0.308428165460406,3.19,1.08510236220472
1993-12-24,1.72397593657176,0.791611343622208,0.30112947458473,2.79,0.94903937007874
1993-12-25,0.334023195008437,-0.563652416070302,0.208627702644383,2.84,0.966047244094488
1993-12-26,0.665702350437641,-2.5741178393364,0.244420781141675,2.66,0.904818897637795
1993-12-27,0.767276393870513,-1.49124510089556,0.213360910874414,2.51,0.853795275590551
1993-12-28,0.0560250063426793,-2.98196542263031,0.281382561853971,2.41,0.819779527559055
1993-12-29,1.51189135015011,0.516914327939351,0.486296949957103,2.41,0.819779527559055
1993-12-30,0.346943211741745,5.73050991694133,0.484834262478972,2.45,0.833385826771654
1993-12-31,12.0323723157247,7.58957354227702,0.490518130500028,2.66,0.904818897637795
1994-01-01,0.976293206214905,1.24833286305269,0.440933602426813,4.47,1.52050393700787
1994-01-02,5.79550655682882,2.38970649242401,0.41877917188928,4.79,1.62935433070866
1994-01-03,5.22955675919851,4.90553657213847,0.419902079686504,3.93,1.3368188976378
1994-01-04,0.319755638639132,4.48121082782745,0.366566420806103,3.74,1.27218897637795
1994-01-05,0.00370675922992329,5.03187704086304,0.480631986428733,3.53,1.20075590551181
1994-01-06,0,5.31028028329213,0.376638706667475,2.96,1.00686614173228
1994-01-07,0.977975636720657,5.18034267425537,0.555984185513241,2.76,0.938834645669291
1994-01-08,0.519935317337513,3.63938341538111,0.238714268960408,2.57,0.874204724409449
1994-01-09,0.0062248772555904,3.22285133600235,0.269067420020445,2.39,0.812976377952756
1994-01-10,0.0667503296087186,1.38115944465001,0.299381623855304,2.54,0.864
1994-01-11,0.0313345196967324,2.08862030506134,0.321030012592805,2.51,0.853795275590551
1994-01-12,0.625996218062937,5.66424934069316,0.604632018476102,2.42,0.823181102362205
1994-01-13,13.8559547265371,7.49299800395966,0.600454843999685,2.46,0.836787401574803
1994-01-14,6.16850952307383,3.98235229651133,0.417436204073558,3.72,1.26538582677165
1994-01-15,0.09739198256284,1.40797496835391,0.431384709562067,4.42,1.50349606299213
1994-01-16,0.729138299822807,-0.604323434333007,0.243727471280489,3.45,1.17354330708661
1994-01-17,2.0710320075353,-3.10514537493388,0.337023097259717,3.06,1.04088188976378
1994-01-18,0.00719693061546423,-5.7447216908137,0.318281516815855,2.69,0.915023622047244
1994-01-19,0.0126337598339887,-5.30866201718648,0.309195803206299,2.57,0.874204724409449
1994-01-20,0,-3.23529177904129,0.427315238756278,2.53,0.86059842519685
1994-01-21,0.0013933699253054,-2.34749553600947,0.186738351498848,2.43,0.826582677165354
1994-01-22,0.00449225465611865,-1.97453266382217,0.323835368155687,2.43,0.826582677165354
1994-01-23,7.34879275163015,2.90135538578033,0.563032868077829,2.43,0.826582677165354
1994-01-24,8.51066247622172,4.36634604136149,0.370151565564935,3.56,1.21096062992126
1994-01-25,6.58768359820048,7.36773367722829,0.497069558486501,5.55,1.88787401574803
1994-01-26,5.18649981419245,2.453167061011,0.56364431263958,6.19,2.10557480314961
1994-01-27,5.01699036359787,5.18187681833903,0.581371988272143,5.64,1.91848818897638
1994-01-28,3.24330155054728,0.234105348897477,0.609092745049813,4.34,1.47628346456693
1994-01-29,0.18506424408406,-0.622827876359224,0.342913672860405,3.97,1.35042519685039
1994-01-30,0.258574828505516,4.01757087310155,0.708793945087854,3.47,1.18034645669291
1994-01-31,0.00598903475717331,1.39103496074677,0.544047638704112,3.36,1.14292913385827
1994-02-01,1.21835314979156,1.1772908270359,0.767510991731247,3.32,1.12932283464567
1994-02-02,12.5860694249471,3.64670103788376,0.424648692371551,3.45,1.17354330708661
1994-02-03,0.0426921041604752,4.73725310961405,0.737788110629459,5.5,1.87086614173228
1994-02-04,0.0063944695139071,4.15973164637883,0.824387946460888,3.87,1.3164094488189
1994-02-05,0.00514856432770709,2.10509044925372,0.603558431847482,3.24,1.10211023622047
1994-02-06,1.18567012002071,2.97385015090307,0.67895157453839,2.95,1.00346456692913
1994-02-07,7.50591456890106,2.64102558294932,0.422634853402178,2.76,0.938834645669291
1994-02-08,1.37287531296412,1.37439448634783,0.391933059391115,3.17,1.07829921259843
1994-02-09,0.875427891810735,1.26507796843847,0.567012594409987,3.63,1.23477165354331
1994-02-10,7.08334581057231,1.01623876641194,0.50956783379495,3.51,1.19395275590551
1994-02-11,0.377475220710039,-0.584221831212441,0.410743256652384,3.22,1.09530708661417
1994-02-12,1.04020322362582,-1.39991787572702,0.393449450186296,3.03,1.03067716535433
1994-02-13,0.154046696300308,-6.19601182142894,0.382119023601904,2.83,0.962645669291339
1994-02-14,0.00696840667903113,-6.34780645370483,0.377381090565412,2.61,0.887811023622047
1994-02-15,1.34470383272856e-05,-4.75629429022471,0.506490091925064,2.52,0.857196850393701
1994-02-16,0.0106073395630422,-6.46758155028025,0.403804903368707,2.37,0.806173228346457
1994-02-17,0.0658826974298184,-6.19329253832499,0.546928354967156,2.36,0.802771653543307
1994-02-18,2.36525423436736e-05,-4.52267742156982,0.487703678157523,2.18,0.741543307086614
1994-02-19,0,-5.72431333859762,0.573828480146957,2.21,0.751748031496063
1994-02-20,2.70185553034147,-2.10907116532326,0.875056301290456,2.19,0.744944881889764
1994-02-21,1.47836933533351,-0.191151080342631,0.561377590318804,2.33,0.792566929133858
1994-02-22,4.34307676553726,2.27145739396413,0.843655712170746,2.58,0.877606299212599
1994-02-23,0.724753292898337,4.73341925938924,1.20871782520124,3.15,1.07149606299213
1994-02-24,2.68190196156502,3.62512542804082,0.812729244790406,3.08,1.04768503937008
1994-02-25,2.07083542148272,3.64212777217229,0.918380925152736,3.49,1.18714960629921
1994-02-26,0.0123686715717971,4.73919721444448,1.27084352793163,3.8,1.29259842519685
1994-02-27,0.00519893123904088,8.09865951538086,1.91509465704466,3.08,1.04768503937008
1994-02-28,0.255837084415058,7.23902042706807,1.21759101148871,2.88,0.979653543307087
1994-03-01,4.30464033285777,6.92485133806864,1.31383644443501,2.74,0.932031496062992
1994-03-02,4.10641572872798,5.08500099182129,0.94701193281519,2.84,0.966047244094488
1994-03-03,4.32138979434967,6.61718678474426,1.23376792918535,3.32,1.12932283464567
1994-03-04,0.0333764979732223,2.94638125101725,1.1083057366279,3.58,1.21776377952756
1994-03-05,2.40747061371803,5.66938948631287,1.81666256729935,3.18,1.08170078740157
1994-03-06,3.77060915033023,6.50830841064453,1.16368615396851,3.04,1.03407874015748
1994-03-07,0.124998742714524,7.16568537553151,1.16016954547314,3.19,1.08510236220472
1994-03-08,1.34303302069505,9.40255641937256,1.29501739026887,2.77,0.942236220472441
1994-03-09,0.123694283398133,11.3893441359202,1.83400681357956,2.61,0.887811023622047
1994-03-10,1.22356005509694,7.87964046001434,1.49157537655085,2.45,0.833385826771654
1994-03-11,0.172064260269205,6.72513544559479,1.28674422880528,2.42,0.823181102362205
1994-03-12,3.12361456950506,7.97878305117289,1.97855758333992,2.38,0.809574803149606
1994-03-13,3.74468485017618,7.60198581218719,1.33989567346111,2.56,0.870803149606299
1994-03-14,0.00711860913725104,8.5242399374644,1.41939552504969,2.63,0.894614173228346
1994-03-15,3.48767787218094,8.95454263687134,1.11707311893131,2.58,0.877606299212599
1994-03-16,2.37496850142876,5.4042200644811,1.26050031666369,2.5,0.850393700787402
1994-03-17,3.35720258951187,2.75412811835607,1.1007059063377,2.51,0.853795275590551
1994-03-18,2.22575506567955,4.2855392297109,1.37347448499935,2.49,0.846992125984252
1994-03-19,6.8221218585968,6.66067743301392,1.22715883729274,2.44,0.829984251968504
1994-03-20,4.12561458349228,3.74796390533447,1.32997365333042,2.64,0.898015748031496
1994-03-21,6.47354302803675,6.61990571022034,1.87504185338638,3.65,1.24157480314961
1994-03-22,1.35906389355659,8.1068518559138,1.51243880611511,3.75,1.2755905511811
1994-03-23,0.012708504878295,11.3991609414419,1.86831709760749,3.05,1.03748031496063
1994-03-24,2.13168247540792,13.0507787068685,1.98147883588519,2.75,0.935433070866142
1994-03-25,10.8556584119797,14.001991669337,2.33229861364344,2.63,0.894614173228346
1994-03-26,0.471572227155169,4.32274075349172,1.87440098019907,3.19,1.08510236220472
1994-03-27,0.00032918432164782,2.88655090332031,1.59712202534798,3.6,1.22456692913386
1994-03-28,1.41393522918224,7.41004991531372,2.62986508279,2.84,0.966047244094488
1994-03-29,0.127128992850582,11.0169452031453,2.11979999170633,2.58,0.877606299212599
1994-03-30,0.00010859856153426,11.5491700967153,2.90398747462325,2.43,0.826582677165354
1994-03-31,0.0356606709441015,10.2643332481384,2.26727394800704,2.41,0.819779527559055
1994-04-01,12.7786605358124,7.84935363133748,2.17463731088529,2.51,0.853795275590551
1994-04-02,2.85207502047221,2.84623881181081,1.31011432624982,3.38,1.14973228346457
1994-04-03,0.717533990740776,1.85579058527946,1.40552740553515,2.97,1.01026771653543
1994-04-04,3.44764908154806,3.9063915014267,1.80923211983366,2.82,0.959244094488189
1994-04-05,0.152077756201228,2.88112966219584,1.54588579902881,2.93,0.996661417322835
1994-04-06,0.153877179448803,2.68225053946177,1.72023105307966,2.72,0.925228346456693
1994-04-07,3.53031818072001,4.90990380446116,1.94397266527641,2.52,0.857196850393701
1994-04-08,3.06525667508443,3.67243687311808,1.56756972132217,2.65,0.901417322834646
1994-04-09,2.86823393901189,2.40836368997892,1.33957624842099,2.79,0.94903937007874
1994-04-10,0.0879332757322118,2.43742853403091,1.62408675944612,2.72,0.925228346456693
1994-04-11,4.99085011084874,1.92518442869186,1.31860867170378,2.61,0.887811023622047
1994-04-12,53.0492159525553,3.19678370157878,1.11715119015369,3.91,1.3300157480315
1994-04-13,23.9034838676453,3.97321891784668,1.05019792952606,24.8,8.43590551181102
1994-04-14,0.0868105065698425,3.74176957209905,1.32040882976207,35.4,12.0415748031496
1994-04-15,0.173285204917192,5.26351992289225,1.8646003095575,8.8,2.99338582677165
1994-04-16,0.511645013621698,9.34713474909464,2.52048617250904,5.27,1.79262992125984
1994-04-17,10.073813756307,7.06103312969208,1.85404550354028,4.51,1.53411023622047
1994-04-18,1.39342698454857,3.88025259971619,1.13701359677827,6.14,2.08856692913386
1994-04-19,0.0155932490015402,5.23534377415975,2.26841122692638,5.31,1.80623622047244
1994-04-20,0.13811696250923,9.03159642219543,3.24905098442407,4.09,1.39124409448819
1994-04-21,5.51387260357539,10.074359814326,2.52552422334594,3.53,1.20075590551181
1994-04-22,0.0461885559294994,11.4278810024261,2.83647894694466,3.49,1.18714960629921
1994-04-23,0.269892456630866,12.8644725481669,3.96134712716438,3.07,1.04428346456693
1994-04-24,0.213035953153546,12.9422643184662,3.33102675483026,2.99,1.01707086614173
1994-04-25,9.85768914222717,11.9729647636414,3.45825903739149,2.86,0.972850393700787
1994-04-26,1.63191246986389,9.4200185139974,2.26084731317347,3.95,1.34362204724409
1994-04-27,0.184241975968083,11.6856609185537,3.62335022795914,3.77,1.2823937007874
1994-04-28,0.0112302924875015,12.6706819534302,3.02561986214892,3.07,1.04428346456693
1994-04-29,4.92486454580406e-06,14.0724023977915,4.04403697241851,2.9,0.986456692913386
1994-04-30,0.769097792605559,16.3223187923431,4.77541652183069,2.68,0.911622047244095
1994-05-01,1.01998527348042,11.0790526866913,3.02679636376349,2.68,0.911622047244095
1994-05-02,2.47637920741302e-05,9.12664612134298,3.29418354384146,2.62,0.891212598425197
1994-05-03,0.000458158633591665,12.1973948478699,4.0405432845115,2.63,0.894614173228346
1994-05-04,8.41572789351145,10.9717648029327,3.51583482912261,2.75,0.935433070866142
1994-05-05,0.20950126927346,7.85954570770264,2.29355240413607,2.76,0.938834645669291
1994-05-06,0.00318491215390774,9.73510011037191,2.7434229822655,2.68,0.911622047244095
1994-05-07,3.60820711951722e-05,12.9299294948578,4.2270987790872,2.57,0.874204724409449
1994-05-08,0.014362346380949,13.437375942866,4.31930436022713,2.48,0.843590551181102
1994-05-09,0.0167145991629998,12.4768567879995,3.38887733171871,2.47,0.840188976377953
1994-05-10,2.90905330578486,11.5513745148977,2.97104918274977,2.4,0.816377952755906
1994-05-11,0.00537369867674897,12.11532330513,2.98492137982408,2.41,0.819779527559055
1994-05-12,0.0684569084163134,13.7586886088053,4.60290967396504,2.41,0.819779527559055
1994-05-13,0.0206075285871824,14.0901834964752,3.78936100908642,2.25,0.765354330708661
1994-05-14,4.61809241771698,15.4946684837341,4.65051908930709,2.34,0.795968503937008
1994-05-15,0.0440816625293034,15.0065965652466,4.09469373300133,2.55,0.86740157480315
1994-05-16,1.54244862000148,17.0885872840881,5.25992770877737,2.3,0.782362204724409
1994-05-17,7.50364647805691,15.0344069004059,3.63914855834484,2.58,0.877606299212599
1994-05-18,1.65422857801119,15.2721175352732,2.9147761349387,2.69,0.915023622047244
1994-05-19,14.0144560337067,10.9573938846588,2.4058547278248,2.71,0.921826771653543
1994-05-20,0.681194926301638,11.5026253859202,2.9248247358442,2.81,0.955842519685039
1994-05-21,9.91975029309591,13.375008503596,3.85621614025344,2.48,0.843590551181102
1994-05-22,0.391233682632446,15.1804940700531,3.82521864629443,2.82,0.959244094488189
1994-05-23,10.7969454129537,14.7125132083893,3.40514408477328,3.24,1.10211023622047
1994-05-24,19.9259972572327,15.96413286527,4.23893440448069,4.02,1.36743307086614
1994-05-25,2.34333685040474,13.9654308954875,3.32866215258359,5.77,1.96270866141732
1994-05-26,10.141664425532,11.8664000829061,3.13250909891573,3.77,1.2823937007874
1994-05-27,9.69025226434072,10.6563080151876,2.97089224937212,5.16,1.7552125984252
1994-05-28,1.83942127724489,12.4825011094411,3.64526244467702,5.49,1.86746456692913
1994-05-29,7.42647286256154,11.9389541149139,2.6146313390578,4.02,1.36743307086614
1994-05-30,0.00347717374097556,10.942867676417,3.02331022221042,4.79,1.62935433070866
1994-05-31,8.02950132007633e-05,13.7754186789195,5.04132579004446,3.46,1.17694488188976
1994-06-01,0.000145850824386192,18.2348977724711,6.21447872731466,2.97,1.01026771653543
1994-06-02,3.79392532507579,19.2491628328959,5.71377353101201,2.7,0.918425196850394
1994-06-03,3.57280850410461,15.5820531050364,4.00170349763862,2.75,0.935433070866142
1994-06-04,3.12118208408356,11.5490205287933,2.98201442064461,2.67,0.908220472440945
1994-06-05,6.45229113101959,8.44516162077586,1.96132435746984,2.59,0.881007874015748
1994-06-06,0.78816827138265,11.2073698043823,3.27325195266287,2.67,0.908220472440945
1994-06-07,0.201639462262392,14.0161452293396,3.76872193563861,2.57,0.874204724409449
1994-06-08,4.71044824520747,17.4915591875712,5.87789237917761,2.46,0.836787401574803
1994-06-09,1.59174782037735,9.447451988856,3.31213450017851,2.48,0.843590551181102
1994-06-10,2.72835481663545,9.78205649058024,3.25076578146589,2.66,0.904818897637795
1994-06-11,4.33904908100764,9.82415556907654,2.92210497779694,2.52,0.857196850393701
1994-06-12,0.0990360217789809,12.3603444894155,2.83834417286823,2.5,0.850393700787402
1994-06-13,0,14.8222280343374,4.23442518790673,2.39,0.812976377952756
1994-06-14,0.00740774471099333,13.7310571670532,3.36682661395919,2.39,0.812976377952756
1994-06-15,5.82385740320509e-05,16.1256985664368,5.07618350862171,2.3,0.782362204724409
1994-06-16,1.01629215416809,16.3012628555298,4.85716176681432,2.36,0.802771653543307
1994-06-17,0.0757305501028895,14.4840041001638,3.85517899627051,2.28,0.77555905511811
1994-06-18,0.00128368865625816,18.6562474568685,6.09019031676283,2.21,0.751748031496063
1994-06-19,5.26219511032104,19.0077446301778,5.07577461687011,2.16,0.734740157480315
1994-06-20,0.812207487722238,16.8754173914591,3.30116378412255,2.29,0.77896062992126
1994-06-21,0.000708023012217988,17.8667454719543,4.68052222128724,2.27,0.772157480314961
1994-06-22,0.00517146904409553,20.0108326276143,5.38615414083258,2.14,0.727937007874016
1994-06-23,0.00744930561389386,18.1670751571655,4.1732722976891,2.1,0.714330708661417
1994-06-24,0.00918503585429183,20.422998269399,5.97010156877605,2.12,0.721133858267717
1994-06-25,0.0636664815247059,22.7796921730042,6.30245314112793,2.04,0.69392125984252
1994-06-26,0,23.2580671310425,6.22434141679768,1.94,0.659905511811024
1994-06-27,0.0154134144734902,23.7632926305135,6.01393283461723,1.96,0.666708661417323
1994-06-28,0.0600901323681076,22.8840750058492,4.98419202057741,1.97,0.670110236220472
1994-06-29,9.61318099498749,20.8695273399353,5.37188047302572,2.01,0.683716535433071
1994-06-30,0.000277798098977655,20.7834625244141,4.96008862738132,3.89,1.3232125984252
1994-07-01,0.0238448927799861,21.5460373560588,5.11420107972994,2.33,0.792566929133858
1994-07-02,4.75217044974367e-05,22.7881598472595,6.03827368457264,2.09,0.710929133858268
1994-07-03,1.26865966952513e-05,24.4739880561829,6.88767659669092,1.88,0.639496062992126
1994-07-04,28.2803276379903,24.8611580530802,7.12936655558938,1.85,0.629291338582677
1994-07-05,8.95074890057246,19.9548672040304,4.52224896124932,3.42,1.16333858267717
1994-07-06,34.5941894849141,19.6679172515869,4.64285351056228,3.02,1.02727559055118
1994-07-07,2.81265772382418,15.8016125361125,2.92550077749118,6.71,2.28245669291339
1994-07-08,0.779641876618067,16.4195543130239,3.90486365807284,3.57,1.21436220472441
1994-07-09,1.19223541518052,16.1973819732666,3.70470330803854,2.72,0.925228346456693
1994-07-10,0.00210185768082738,17.6935596466064,4.784844490671,2.4,0.816377952755906
1994-07-11,3.58798964346837e-05,20.0467168490092,5.19906750827498,2.19,0.744944881889764
1994-07-12,0.0257654969658082,21.2578214009603,5.2952488638979,2.08,0.707527559055118
1994-07-13,0.00481623799229662,21.3997276624044,5.71983750887511,2.01,0.683716535433071
1994-07-14,2.8445911804835,20.5693151156108,5.48090225484658,1.94,0.659905511811024
1994-07-15,0.837358489632607,19.3424762090047,4.36421481581741,2.19,0.744944881889764
1994-07-16,0.00428357339721212,21.2904098828634,5.40478432247678,2.14,0.727937007874016
1994-07-17,1.50194862733285,22.7390151023865,5.8374719306326,1.91,0.649700787401575
1994-07-18,6.29284099737803,20.3987536430359,4.52153296262738,1.94,0.659905511811024
1994-07-19,6.86269448200862,18.6909705797831,3.55720083634526,2.45,0.833385826771654
1994-07-20,12.1870704889297,17.7294878959656,3.23407496792995,2.59,0.881007874015748
1994-07-21,0.0151972143939929,19.9904677073161,4.03007684835774,2.77,0.942236220472441
1994-07-22,0,20.7539129257202,5.31433941573857,2.29,0.77896062992126
1994-07-23,0.00464766647201031,21.6836616198222,5.91143866819327,2,0.680314960629921
1994-07-24,0.00157479420386153,21.9432180722555,5.63545678024137,1.96,0.666708661417323
1994-07-25,0.49713800723354,22.4480230013529,5.9384003904007,1.91,0.649700787401575
1994-07-26,0.869678632045786,22.4254210789998,5.41029342317933,1.86,0.632692913385827
1994-07-27,0.0645039864660551,23.5799112319946,5.82836979350508,1.94,0.659905511811024
1994-07-28,0.0264315173359743,23.1982913017273,5.47902314842716,1.9,0.646299212598425
1994-07-29,0.0797274201177061,23.0892999966939,5.23611958918664,1.88,0.639496062992126
1994-07-30,2.65136053040624,22.224091053009,5.06476386122718,1.9,0.646299212598425
1994-07-31,7.00096968809764,22.5584193865458,5.43788753271275,1.96,0.666708661417323
1994-08-01,9.23427760601044,20.8247858683268,4.68961220150962,2.09,0.710929133858268
1994-08-02,0.00543536299543727,20.9033732414246,4.18794549089989,2.5,0.850393700787402
1994-08-03,0,22.4563557306925,5.41204960399955,2.12,0.721133858267717
1994-08-04,0,24.1340233484904,5.77746584881829,1.86,0.632692913385827
1994-08-05,0.00115763225282232,24.6618245442708,6.11624582526298,1.86,0.632692913385827
1994-08-06,2.20675683952868,24.3071387608846,5.4096362004845,1.84,0.625889763779528
1994-08-07,3.5992281238238,22.37113904953,5.10681360667062,1.92,0.653102362204724
1994-08-08,3.56159686607619,20.2433880170186,4.60291276457647,2.04,0.69392125984252
1994-08-09,0.000111896098436167,20.5997494061788,4.58089560500554,1.86,0.632692913385827
1994-08-10,16.2291674613953,20.8502219518026,4.91260777046001,1.84,0.625889763779528
1994-08-11,2.47927968700727,18.5756446520487,4.03689701846898,2.37,0.806173228346457
1994-08-12,1.8341083029906,16.3014574050903,2.85749481380764,2.17,0.738141732283465
1994-08-13,1.03502700229486,14.952684879303,2.64804752386222,2.01,0.683716535433071
1994-08-14,0.0012994430329248,13.8790255387624,3.396547683702,1.92,0.653102362204724
1994-08-15,1.80739152710885e-05,14.0998176733653,3.86653290919,1.9,0.646299212598425
1994-08-16,0.384177395453056,16.3580063184102,4.65291027374841,1.83,0.622488188976378
1994-08-17,14.8386071523031,16.3725277582804,3.75409909171624,1.92,0.653102362204724
1994-08-18,0.702863665918509,13.9951632817586,3.08583993230632,2.67,0.908220472440945
1994-08-19,10.7357457081477,14.9149641195933,2.80728053022078,2.29,0.77896062992126
1994-08-20,0.430297556643685,17.3243188858032,3.37169634208712,2.34,0.795968503937008
1994-08-21,0.0282778349937871,20.0158802668254,4.72620213629713,2.03,0.69051968503937
1994-08-22,0.0994137804955244,21.1359462738037,4.30808793956389,1.95,0.663307086614173
1994-08-23,6.43865079681079,20.758518854777,4.17913660123499,1.81,0.615685039370079
1994-08-24,14.6072454452515,17.6185444196065,2.78675385913994,2.13,0.724535433070866
1994-08-25,3.81434126694997,13.609589099884,2.13727962850992,3.06,1.04088188976378
1994-08-26,0.610878062744935,16.7055099805196,3.57008388232257,2.88,0.979653543307087
1994-08-27,0.00121765923965237,17.765210946401,3.30676348916411,2.25,0.765354330708661
1994-08-28,2.70377994825443,16.7309695879618,3.6724599893114,1.88,0.639496062992126
1994-08-29,0.045510764180411,14.3531374136607,2.79890756794523,1.89,0.642897637795276
1994-08-30,0.000585923776573812,16.1471957365672,3.41081029163884,1.85,0.629291338582677
1994-08-31,14.8652958075205,18.0301211675008,3.53581930501866,1.86,0.632692913385827
1994-09-01,12.0421284834544,17.0684053103129,2.67840922042327,2.42,0.823181102362205
1994-09-02,0.849014433721701,15.4386539459229,2.07862501816556,2.18,0.741543307086614
1994-09-03,0.0312128749016362,12.8545773824056,2.26974743234364,2.29,0.77896062992126
1994-09-04,1.48886086511387e-06,13.7952484289805,3.29074981273843,2.1,0.714330708661417
1994-09-05,0.548538294310371,15.6376170317332,3.23009502496806,1.95,0.663307086614173
1994-09-06,10.9769179026286,16.8537279764811,2.85355763687144,1.94,0.659905511811024
1994-09-07,3.73069391647975,16.4480341275533,2.73578420950147,2.58,0.877606299212599
1994-09-08,14.664532661438,14.4229938983917,2.35154049508892,2.74,0.932031496062992
1994-09-09,0.686957707007726,12.6526452700297,2.4880849956832,3.75,1.2755905511811
1994-09-10,4.70432372887929,13.4680722554525,2.67643879569657,2.85,0.969448818897638
1994-09-11,8.97871824105581,14.7905746301015,2.31493595988088,2.55,0.86740157480315
1994-09-12,2.36363898714383,16.5591616630554,2.70631237631991,2.49,0.846992125984252
1994-09-13,5.81449335813522,14.2768412431081,1.4480321029035,2.27,0.772157480314961
1994-09-14,5.74446789423625,13.0420494874318,1.77157288187167,2.75,0.935433070866142
1994-09-15,0.930972952395678,10.3122757275899,1.71696953723328,3.02,1.02727559055118
1994-09-16,0.77196737503012,10.4516630172729,1.99364705958525,2.7,0.918425196850394
1994-09-17,0.100918109800356,7.43206842740377,1.5782832753153,2.26,0.768755905511811
1994-09-18,1.4647324581941,7.40994719664256,1.40714429489036,2.16,0.734740157480315
1994-09-19,0.102765591853919,8.56035431226095,1.67213080360145,2.01,0.683716535433071
1994-09-20,0.0090323727078309,9.95346124966939,2.47794402946054,1.98,0.673511811023622
1994-09-21,0.000327550456252842,11.9375561873118,2.04515100300821,1.93,0.656503937007874
1994-09-22,0.00496326066786423,11.6897473335266,2.16408740777245,1.87,0.636094488188976
1994-09-23,0,15.6870580514272,2.7854085124323,1.87,0.636094488188976
1994-09-24,0.000119235389623403,16.7404435475667,2.96898987436928,1.82,0.619086614173228
1994-09-25,2.78144519446262e-06,15.8740494251251,2.39349265644805,1.84,0.625889763779528
1994-09-26,13.3194389343262,15.1071191628774,1.90337496924426,1.9,0.646299212598425
1994-09-27,0.0731614526206007,14.7608973185221,1.72790978975814,2.6,0.884409448818898
1994-09-28,0.0735534991448124,12.6466410160065,1.74689191272476,2.5,0.850393700787402
1994-09-29,0.0242179477778942,12.034485022227,2.05172967826874,2.17,0.738141732283465
1994-09-30,0.324256269882123,13.2797504266103,1.98581331949384,2.07,0.704125984251968
1994-10-01,1.01976676161091,14.0928468704224,1.85923675664213,2.04,0.69392125984252
1994-10-02,4.24474102258682,13.9539862473806,1.90335089845809,2.11,0.717732283464567
1994-10-03,4.70318285624186,12.504700422287,1.37068643143055,2.15,0.731338582677165
1994-10-04,0.0324946317244515,4.62835538387299,1.25030494211894,2.44,0.829984251968504
1994-10-05,0.44823961208264,4.29825333754222,1.43964396086623,2.46,0.836787401574803
1994-10-06,0.000510659378354224,2.7325648466746,1.10058194957107,2.37,0.806173228346457
1994-10-07,0.514870927979549,2.90135987599691,1.23178826149804,2.12,0.721133858267717
1994-10-08,0.0801961476681754,2.35563879211744,0.859724715618701,2.2,0.748346456692914
1994-10-09,0.0138080365189429,4.67469882965088,1.40878545621369,2.19,0.744944881889764
1994-10-10,0.00653870495117796,6.09098331133525,1.65276366489457,2.21,0.751748031496063
1994-10-11,0.0106760848624011,6.31130123138428,1.57679297327126,2.05,0.697322834645669
1994-10-12,0.041200033777083,7.13378087679545,1.64643593099057,1.78,0.60548031496063
1994-10-13,0.01321541668464,7.62113575140635,1.55186108396492,1.82,0.619086614173228
1994-10-14,0.027649937197566,8.5246319770813,1.60906052168877,1.87,0.636094488188976
1994-10-15,0.136320788413286,10.0916172663371,1.88495019915685,1.83,0.622488188976378
1994-10-16,0.00951129590005924,10.426164150238,1.64473187660278,1.84,0.625889763779528
1994-10-17,0,4.94794269402822,1.06966640828614,1.77,0.60207874015748
1994-10-18,8.15582238071026e-05,3.46113284428914,0.942021451297323,1.74,0.591874015748032
1994-10-19,0.00183135605038842,4.65425749619802,1.13893796822591,1.74,0.591874015748032
1994-10-20,0,6.74067191282908,1.32966822147874,1.72,0.585070866141732
1994-10-21,3.38056755329793e-06,6.94824290275574,1.33054278401744,1.73,0.588472440944882
1994-10-22,0.702794872224331,8.52932747205099,1.41750999328144,1.71,0.581669291338583
1994-10-23,7.14662726720174,8.34267624219259,0.89601992112585,1.85,0.629291338582677
1994-10-24,0.422864828258753,7.81135666370392,1.12540956615757,1.99,0.676913385826772
1994-10-25,6.56025524934133,8.18278312683105,1.23917968272144,1.91,0.649700787401575
1994-10-26,0.40811983247598,6.85751442114512,0.830259971493633,2.02,0.687118110236221
1994-10-27,0.00676351828345408,5.96362213293711,0.948739795487092,2.21,0.751748031496063
1994-10-28,4.5591898560524,6.00569041570028,0.834131149648257,1.9,0.646299212598425
1994-10-29,0.777734282116095,6.66463780403137,0.804435969828722,2.03,0.69051968503937
1994-10-30,0.374649415413539,12.1511809825897,1.14525342723419,2.05,0.697322834645669
1994-10-31,0.440825812518597,13.6199340025584,1.21809550819778,1.88,0.639496062992126
1994-11-01,0.656248020629088,8.41870828469594,0.974716437486132,1.73,0.588472440944882
1994-11-02,0.00109880675275538,6.34555180867513,0.951438642781328,1.76,0.598677165354331
1994-11-03,0.00987311503119296,7.36665678024292,0.835392749508536,1.8,0.612283464566929
1994-11-04,0.00716523426429679,8.4595555861791,0.800879858989218,1.78,0.60548031496063
1994-11-05,0.000388983626142666,11.3878599007924,1.15026236762213,1.76,0.598677165354331
1994-11-06,0.190932077355683,9.28641907374064,0.769702132784541,1.74,0.591874015748032
1994-11-07,0.661252049108346,8.02122163772583,0.476477100477861,1.79,0.60888188976378
1994-11-08,0.161119199668368,7.60897382100423,0.696556343031876,1.81,0.615685039370079
1994-11-09,0.0411322440486401,6.79113459587097,0.571974248022123,1.82,0.619086614173228
1994-11-10,33.8475763003031,7.00025924046834,0.48725124783567,2.06,0.700724409448819
1994-11-11,6.49668995539347,6.82162177562714,0.320561547655033,5.56,1.89127559055118
1994-11-12,0.168769570067525,6.14843042691549,0.652669810802122,5.72,1.94570078740157
1994-11-13,1.42699923117956,7.37034940719604,0.681134783365287,3.47,1.18034645669291
1994-11-14,0.0938881294180949,9.9747306505839,0.658210161125007,2.84,0.966047244094488
1994-11-15,1.13176630437374,10.2624293168386,0.569846433542137,2.48,0.843590551181102
1994-11-16,0.617364579190811,7.19989200433095,0.562691799162554,2.37,0.806173228346457
1994-11-17,1.94260670741399,6.29936075210571,0.643415064878463,2.29,0.77896062992126
1994-11-18,6.0522841612498,5.65845330556234,0.360241703082035,2.29,0.77896062992126
1994-11-19,3.39681764443715,7.77304565906525,0.602871792382149,2.54,0.864
1994-11-20,0.0895824135902027,10.4659383296967,0.636459102114549,2.68,0.911622047244095
1994-11-21,0.0561035377128671,9.62824749946594,0.727220253321701,2.58,0.877606299212599
1994-11-22,0.024647923943121,8.21516593297323,0.542421766650589,2.31,0.785763779527559
1994-11-23,0.0147123033530079,6.74509871006012,0.441321880264643,2.12,0.721133858267717
1994-11-24,0.0114383641533398,7.75713769594828,0.610795593822597,2.09,0.710929133858268
1994-11-25,0.00340316405830284,6.77734545866648,0.525341330322235,1.94,0.659905511811024
1994-11-26,4.87665629386902,5.3958173195521,0.379119610870694,2.01,0.683716535433071
1994-11-27,0.238389566851159,6.09029086430867,0.400093498255493,2.02,0.687118110236221
1994-11-28,0.00650455059561258,4.62657030423482,0.435460550884942,1.98,0.673511811023622
1994-11-29,0.0130585052271878,3.5224445660909,0.270134210150389,1.93,0.656503937007874
1994-11-30,0.000333809837078055,1.89393298824628,0.290043973455342,1.93,0.656503937007874
1994-12-01,0.000268032530584605,0.909679919481277,0.308773894979127,1.94,0.659905511811024
1994-12-02,0.000220680233724124,0.79227872689565,0.398580057797252,1.91,0.649700787401575
1994-12-03,2.00952858726184,2.46802243590355,0.563591055172625,1.81,0.615685039370079
1994-12-04,9.27955146630605,7.37581654389699,0.624900275330249,1.87,0.636094488188976
1994-12-05,11.1215960184733,6.52105915546417,0.44203291459729,3.01,1.02387401574803
1994-12-06,0.423562259102861,3.92614271243413,0.491782983223914,3.83,1.3028031496063
1994-12-07,0.323459694162011,0.676305656631788,0.391174439464165,2.91,0.989858267716536
1994-12-08,0.576445303857327,4.98344751199086,0.59346092584978,2.48,0.843590551181102
1994-12-09,10.9429887135824,6.86874516805013,0.400720083074938,2.49,0.846992125984252
1994-12-10,1.20211590329806,7.25900475184123,0.367412109085987,3.52,1.19735433070866
1994-12-11,0.0822925772711945,9.90098150571187,0.469908971505672,3.64,1.23817322834646
1994-12-12,0.00249728308699559,8.52266351381938,0.310491484072187,2.89,0.983055118110236
1994-12-13,3.39449230829875,7.12929503122966,0.440108700313362,2.56,0.870803149606299
1994-12-14,0.919948012878497,1.41167586545149,0.409010326280346,2.56,0.870803149606299
1994-12-15,0.00320685663124702,-2.4723969300588,0.242738929209225,2.57,0.874204724409449
1994-12-16,1.57970189551512,-0.273148102064927,0.351574818782838,2.47,0.840188976377953
1994-12-17,0.00755127328253972,1.16199450194836,0.266269081226853,2.39,0.812976377952756
1994-12-18,0.00353368137439247,0.0703109502792358,0.336872169915884,2.33,0.792566929133858
1994-12-19,6.91708628336589,2.20395347476006,0.379441809274893,2.29,0.77896062992126
1994-12-20,5.89539259672165,1.12628469367822,0.223785598524769,2.68,0.911622047244095
1994-12-21,2.27492814262708,-0.571125840147336,0.218899324269481,3.54,1.20415748031496
1994-12-22,2.63073379794757,-0.764019951224327,0.194359600042335,3.03,1.03067716535433
1994-12-23,0.0423387308255769,-2.11388837297757,0.192101269108661,2.76,0.938834645669291
1994-12-24,0.179182322305375,-3.71636017163595,0.167442103142467,2.56,0.870803149606299
1994-12-25,0.00854766124393791,-3.41434768835704,0.146684609967543,2.44,0.829984251968504
1994-12-26,0.718226060271263,-1.17590157190959,0.279567204762127,2.39,0.812976377952756
1994-12-27,3.39680858453115,5.7485560576121,0.498894924392943,2.37,0.806173228346457
1994-12-28,2.97327344616254,8.61575595537821,0.360007265624013,3.34,1.13612598425197
1994-12-29,2.03491962949435,7.57463713486989,0.494549471442711,4.61,1.56812598425197
1994-12-30,5.3918285270532,4.67296659946442,0.497171703643132,3.42,1.16333858267717
1994-12-31,4.54497689008713,3.43072926998138,0.364620617301817,5.99,2.03754330708661
1995-01-01,2.6092860798041,-0.11814917360122,0.335141377312879,4.08,1.38784251968504
1995-01-02,5.20893224080404,-2.34778926769892,0.206085531381716,3.71,1.2619842519685
1995-01-03,0.770712768038114,-4.03553096453349,0.245093880909281,3.23,1.09870866141732
1995-01-04,0.0211876726049619,-8.41171876589457,0.205356096949171,3.01,1.02387401574803
1995-01-05,0.0173224937728567,-9.94129665692647,0.173191979299416,2.84,0.966047244094488
1995-01-06,3.24625522504599e-05,-10.777228752772,0.124183670579487,2.66,0.904818897637795
1995-01-07,0.093546325340867,-6.33856268723806,0.359730902608431,2.64,0.898015748031496
1995-01-08,0.011816716073857,-6.40390439828237,0.184843528070379,2.62,0.891212598425197
1995-01-09,5.42483496665955,-1.94804233312607,0.398387903289062,2.6,0.884409448818898
1995-01-10,11.1657075087229,1.36427207787832,0.283609601793409,2.58,0.877606299212599
1995-01-11,3.26099819938342,-0.22157063218765,0.326219255721741,2.56,0.870803149606299
1995-01-12,3.46533666054408,-1.98790886998177,0.246751433490826,2.54,0.864
1995-01-13,0.572768521805604,-4.90570171674093,0.277222258857009,2.52,0.857196850393701
1995-01-14,0.00814293697476387,-6.35311222076416,0.278201232065409,2.61,0.887811023622047
1995-01-15,0.0193696369193882,-1.59508740901947,0.431155993594396,2.81,0.955842519685039
1995-01-16,0.0511214958387427,-4.96765828132629,0.313117130763703,2.68,0.911622047244095
1995-01-17,0.0453449916227934,-5.61331260204315,0.312728707467284,2.53,0.86059842519685
1995-01-18,1.30322148899237,-3.81888326009115,0.367305697783181,2.68,0.911622047244095
1995-01-19,0.295433727403482,-0.635780890782674,0.495095164414763,2.47,0.840188976377953
1995-01-20,0.55866244311134,-0.357092693448067,0.486445963440136,2.54,0.864
1995-01-21,2.64762620131175,1.40991766254107,0.525194931527558,2.39,0.812976377952756
1995-01-22,0.0868690954521298,6.8915452559789,0.765451284555185,3.42,1.16333858267717
1995-01-23,7.87251035372416,5.27331475416819,0.70685123733119,9.86,3.35395275590551
1995-01-24,7.76614904403687,2.74790581067403,0.365954777774492,7.57,2.57499212598425
1995-01-25,7.63749595483144,7.24699409802755,0.835683447185797,6.08,2.06815748031496
1995-01-26,2.25649184981982,7.07945656776428,0.761836084706678,6.94,2.36069291338583
1995-01-27,3.24282522996267,-0.238095429648335,0.470894462931756,4.46,1.51710236220472
1995-01-28,0.610327812532584,5.72451094786326,0.80817539474739,3.81,1.296
1995-01-29,2.96752585967382,6.02877926826477,0.506433857117733,3.43,1.16674015748032
1995-01-30,5.5746849278609,2.8274193406105,0.536251853919434,3.51,1.19395275590551
1995-01-31,0,-0.809645228087902,0.582916494055958,4.34,1.47628346456693
1995-02-01,0.010943861620035,3.19344768921534,0.897723469813764,3.52,1.19735433070866
1995-02-02,0.927940465509892,3.09040073553721,0.729769156235151,3.25,1.10551181102362
1995-02-03,0.025087814074747,1.43367872635523,0.570989577530033,2.91,0.989858267716536
1995-02-04,0.69521551579237,3.50380591551463,0.656210755372604,2.83,0.962645669291339
1995-02-05,0.0486996111649205,4.47424574693044,0.564077681925202,2.82,0.959244094488189
1995-02-06,0.0434684983144204,6.54908196131388,0.769674443027877,2.84,0.966047244094488
1995-02-07,0.00645793706644326,7.26433193683624,1.10100361916802,2.8,0.95244094488189
1995-02-08,4.47696603337924,7.14165568351746,0.86407779777327,2.71,0.921826771653543
1995-02-09,4.69786967833837,2.69404776891073,0.681798196380227,2.95,1.00346456692913
1995-02-10,0.488152893881003,3.3759351571401,0.74354223453714,3.54,1.20415748031496
1995-02-11,1.83587336540222,5.76846289634705,0.821486444792456,3.15,1.07149606299213
1995-02-12,1.10099220275879,5.15957510471344,0.975059158341714,2.93,0.996661417322835
1995-02-13,0.59626346702377,6.77009109656016,1.39274430556305,2.85,0.969448818897638
1995-02-14,1.0960984826088,4.79353439807892,0.846155566113324,2.82,0.959244094488189
1995-02-15,5.58380734920502,6.86051217714946,1.20608978020424,2.75,0.935433070866142
1995-02-16,4.57678492863973,5.05631951491038,0.843674552788844,3.39,1.15313385826772
1995-02-17,9.88048593203227,6.66300451755524,1.01306816772133,4.62,1.57152755905512
1995-02-18,1.10114691654841,2.57612882057826,0.678497969714649,4.83,1.64296062992126
1995-02-19,0.762430830548207,4.57481175661087,0.889371648656955,4.65,1.58173228346457
1995-02-20,0.0306660487161328,7.83216166496277,1.01044877834334,3.7,1.25858267716535
1995-02-21,0.437710163493951,8.7334414323171,1.51525080475386,3.12,1.06129133858268
1995-02-22,0.216094068561991,1.95267542203267,0.943396397961554,2.94,1.00006299212598
1995-02-23,0.0964395625827213,1.32684094707171,0.775281803918688,2.87,0.976251968503937
1995-02-24,9.03567337989807,1.87704388300578,0.809866264577673,2.89,0.983055118110236
1995-02-25,8.18629399935404,3.69976379474004,0.80798474284816,3.88,1.31981102362205
1995-02-26,1.75269005695979,0.880120327075323,0.696885575475796,4.65,1.58173228346457
1995-02-27,1.35465076565742,0.113301020115614,0.755617491309344,3.67,1.24837795275591
1995-02-28,0.00435741365436115,3.73610385258993,1.11451422244694,3.32,1.12932283464567
1995-03-01,0.000572806287285251,5.65792683760325,1.56706911801677,2.96,1.00686614173228
1995-03-02,0.0644873443137233,3.82301090161006,1.08700541461735,2.99,1.01707086614173
1995-03-03,5.79829978942871,2.68921015659968,1.13474614525584,2.79,0.94903937007874
1995-03-04,0.258984801980356,-0.0992228916535775,0.595472614355858,2.89,0.983055118110236
1995-03-05,2.64249507586161,0.369949402287602,1.10822401309492,2.86,0.972850393700787
1995-03-06,1.56606909632683,1.58877800901731,0.863753514679838,3.09,1.05108661417323
1995-03-07,0.271911935415119,-0.221981960969667,0.846549055197159,3.17,1.07829921259843
1995-03-08,0.00850151845259006,2.02628898620605,1.40604428918055,3.13,1.06469291338583
1995-03-09,0.0337091645245285,1.31424800554911,1.15736826511017,2.88,0.979653543307087
1995-03-10,7.98915777977527e-08,2.67314292987188,1.45075693031367,2.75,0.935433070866142
1995-03-11,0.000356202964515736,3.50134607156118,1.64540792798663,2.56,0.870803149606299
1995-03-12,0.000396350023947889,4.19432206948598,1.64800945718987,2.53,0.86059842519685
1995-03-13,0.0058281261948044,3.61394127209981,1.38793932098431,2.49,0.846992125984252
1995-03-14,0.42775414014856,0.553634196519852,0.821730534315486,2.54,0.864
1995-03-15,1.43110983570417,2.57894210020701,1.1058990873985,2.57,0.874204724409449
1995-03-16,0.299467450628678,1.66766411066055,1.06784127493819,2.61,0.887811023622047
1995-03-17,5.83412434657415,6.01638964811961,1.79863232768588,2.51,0.853795275590551
1995-03-18,5.24988996982574,6.32769485314687,1.12290282290826,2.64,0.898015748031496
1995-03-19,29.5915050506592,3.83557343482971,1.46392579128956,4.17,1.41845669291339
1995-03-20,2.41726794838905,0.966467541952928,0.84385378553848,8.15,2.77228346456693
1995-03-21,3.52113276720047,0.279483146034181,0.800085036043789,5.97,2.03074015748031
1995-03-22,0.00726843913556271,1.57848537961642,1.38875306961157,4.51,1.53411023622047
1995-03-23,0.00249265383657378,4.17193172375361,1.86425739847285,4.1,1.39464566929134
1995-03-24,0.0058187060385535,7.57086459795634,2.57538528382892,3.71,1.2619842519685
1995-03-25,4.64716398715973,7.78394476572673,2.25609961884504,3.31,1.12592125984252
1995-03-26,1.72070849935214,7.09604104359945,1.4051635757062,3.15,1.07149606299213
1995-03-27,8.63188930352529,1.82973266641299,1.54734667258771,3.28,1.11571653543307
1995-03-28,5.76081778605779,-1.23384302854538,1.12033869280657,3.19,1.08510236220472
1995-03-29,1.03206688165665,-1.39017094175021,0.91120918966564,3.47,1.18034645669291
1995-03-30,0.028934638792028,-1.69806544979413,1.31251059141048,3.42,1.16333858267717
1995-03-31,5.01733311017354,0.574094686967631,1.43284628872488,3.17,1.07829921259843
1995-04-01,6.98285098870595,5.05989348888397,1.40781516103777,3.51,1.19395275590551
1995-04-02,0.00644260918003662,10.1881428559621,2.27330884217751,5.22,1.77562204724409
1995-04-03,0,11.9526179631551,3.25355839829391,3.94,1.34022047244094
1995-04-04,0.000272920282441191,11.5843189557393,2.85194455164372,3.11,1.05788976377953
1995-04-05,0.324173735144238,10.6268767515818,3.07924538909514,2.88,0.979653543307087
1995-04-06,0.0726117044687271,10.7310237089793,2.22257657872746,2.72,0.925228346456693
1995-04-07,0.474579414973656,11.656085173289,2.60078745850186,2.65,0.901417322834646
1995-04-08,0.714045936862628,4.50020752350489,1.89265921712732,2.52,0.857196850393701
1995-04-09,0.0156431096159698,1.86093571782112,1.55392194480343,2.51,0.853795275590551
1995-04-10,0.133896899720033,4.46996474266052,1.86728224597893,2.43,0.826582677165354
1995-04-11,1.79341037074725,6.06629339853923,1.62203215762659,2.39,0.812976377952756
1995-04-12,2.92130408684413,6.11199990908305,1.80942753429824,2.38,0.809574803149606
1995-04-13,0.204827884833018,5.03369339307149,1.7544168894881,2.43,0.826582677165354
1995-04-14,4.80909083286921,3.0938028494517,1.55815117285759,2.47,0.840188976377953
1995-04-15,4.41365347305934,4.28464941183726,1.35775276788582,2.57,0.874204724409449
1995-04-16,1.45814476907253,4.31552730003993,1.64264935822592,2.7,0.918425196850394
1995-04-17,1.09964656829834,6.29239531358083,1.84602929503844,2.65,0.901417322834646
1995-04-18,1.67127230763435,9.06754954655965,1.94506511493868,2.56,0.870803149606299
1995-04-19,3.89376797278722,10.2453654607137,3.17835370545781,2.47,0.840188976377953
1995-04-20,0.883385660747687,4.01711533466975,1.77241300519944,2.41,0.819779527559055
1995-04-21,0.0143728821585682,10.9835727214813,3.34618024294244,2.44,0.829984251968504
1995-04-22,0.000148519986396423,14.0848181247711,3.93890492286218,2.29,0.77896062992126
1995-04-23,3.89141026365299e-07,14.6548488140106,4.01666749015131,2.23,0.758551181102362
1995-04-24,0.0253681666217744,16.3521219889323,4.67895278257108,2.26,0.768755905511811
1995-04-25,6.59148345887661,12.2126670678457,2.78681870025687,2.28,0.77555905511811
1995-04-26,5.03620402018229,8.64400788148244,1.70157749168472,2.86,0.972850393700787
1995-04-27,4.97116365035375,9.11121010780334,1.99522954499617,3.14,1.06809448818898
1995-04-28,1.2327269166708,9.3578995068868,2.35403209452413,3.76,1.27899212598425
1995-04-29,1.56882906953494,11.6078321933746,3.9734914662436,3.29,1.11911811023622
1995-04-30,5.95415608088175,11.6882202625275,2.4597191275148,2.71,0.921826771653543
1995-05-01,1.30592508117358,11.5854748090108,2.70207512093245,2.86,0.972850393700787
1995-05-02,0.00544197625034333,10.8171830177307,2.89378093117209,2.52,0.857196850393701
1995-05-03,0,11.4904520511627,3.8604626468318,2.35,0.799370078740158
1995-05-04,0,13.0948674678802,4.55218861935465,2.22,0.755149606299213
1995-05-05,0,14.6495987574259,4.61560368884773,2.11,0.717732283464567
1995-05-06,2.4507592873609e-06,16.2272992134094,5.08190587290436,2.06,0.700724409448819
1995-05-07,3.21490653666357,16.1626261870066,4.70684665641042,2.03,0.69051968503937
1995-05-08,7.50642649332682,15.7691983381907,4.14859614972977,2.22,0.755149606299213
1995-05-09,0.00296576153292942,10.466566324234,2.69746285437744,2.29,0.77896062992126
1995-05-10,0.0059558318486476,9.10828502972921,2.76749968931741,2.04,0.69392125984252
1995-05-11,0.452423095703125,10.8193790912628,3.41819998988129,1.98,0.673511811023622
1995-05-12,27.0476935704549,10.7608911991119,2.25052266364715,2.02,0.687118110236221
1995-05-13,42.7204440434774,6.74673235416412,1.89204051510798,7.81,2.65662992125984
1995-05-14,0.283695147683223,4.79621732234955,1.87234615191014,19.5,6.63307086614173
1995-05-15,0.0882719341122235,7.98535811901093,3.64211678550495,11.1,3.77574803149606
1995-05-16,1.1990146090587,10.935179233551,3.62966091665006,5.03,1.71099212598425
1995-05-17,2.34307289123535,12.5726787249247,3.24290010457325,4.3,1.46267716535433
1995-05-18,5.68229738871257,9.5908207098643,2.68606543174607,4,1.36062992125984
1995-05-19,5.61250271399816,7.24931681156158,2.56668902843504,4.1,1.39464566929134
1995-05-20,1.96419836084048,7.95070433616638,2.86441142951717,3.96,1.34702362204724
1995-05-21,0.177635192560653,9.34779246648153,2.7642362144465,3.85,1.3096062992126
1995-05-22,1.33010044010007e-05,10.910240093867,4.00940710067936,3.57,1.21436220472441
1995-05-23,7.25282101636064e-06,14.3890423774719,5.41880323728363,3.5,1.19055118110236
1995-05-24,2.4631328865136e-05,17.2610295613607,5.13455836330111,3.3,1.12251968503937
1995-05-25,6.25998679121646e-05,19.1032096544902,5.06501277795731,3.15,1.07149606299213
1995-05-26,4.42944657802582,16.455775419871,3.70517494331099,3.06,1.04088188976378
1995-05-27,0.706240616738796,14.2325841585795,2.8030126050312,3.68,1.25177952755906
1995-05-28,0.00959762238198891,17.0806935628255,5.40236010513003,3.38,1.14973228346457
1995-05-29,12.0140457948049,17.7974400520325,5.08120416910662,3.02,1.02727559055118
1995-05-30,1.0947965135177,14.5428834756215,2.25224071003228,3.95,1.34362204724409
1995-05-31,6.20706327756246,13.1337070465088,2.12344826841058,3.57,1.21436220472441
1995-06-01,28.2716215451558,10.582933028539,2.12816714363188,4.21,1.43206299212598
1995-06-02,3.50558584928513,10.7180199623108,3.00531359045599,12.1,4.11590551181102
1995-06-03,1.56044708192348,12.8267272313436,3.96759664385582,8.31,2.82670866141732
1995-06-04,8.91192519664764,12.3083716233571,3.27401737644423,4.85,1.64976377952756
1995-06-05,16.9689970016479,11.9423449039459,3.07588725361202,5.51,1.87426771653543
1995-06-06,21.5872469743093,11.6296339829763,2.46845606490245,8.94,3.04100787401575
1995-06-07,0.329280447835724,13.5644249916077,3.56196334992085,19.6,6.66708661417323
1995-06-08,13.6317795117696,12.4157970746358,3.4503426708865,8.24,2.80289763779528
1995-06-09,3.19163781404495,9.90657067298889,2.55302631924812,7.01,2.38450393700787
1995-06-10,9.50439095497131,12.9301972389221,4.5780299004269,7.33,2.49335433070866
1995-06-11,5.9970539410909,10.180115143458,1.88082879778598,7.7,2.6192125984252
1995-06-12,1.88654877742132,11.0805594126383,3.00449324624447,8.28,2.81650393700787
1995-06-13,29.682831287384,11.5187567075094,2.89423496568749,5.72,1.94570078740157
1995-06-14,9.62411419550578,10.1351139545441,2.22420927412084,16.9,5.74866141732284
1995-06-15,0.227543371069866,12.2400798797607,3.65715023293614,13.1,4.45606299212599
1995-06-16,2.51465805868308,11.9714524745941,3.31603300962357,5.87,1.99672440944882
1995-06-17,1.66140705347061,15.5147197246552,4.76284549094462,4.7,1.59874015748032
1995-06-18,6.67390278975169,14.3464686870575,3.10900953285535,4.51,1.53411023622047
1995-06-19,0.125371902630225,17.3169577916463,4.6752543425158,4.54,1.54431496062992
1995-06-20,0.000359423817523445,20.5904429753621,5.98297164294403,4.05,1.37763779527559
1995-06-21,1.75784726937612,19.0624953905741,4.12610064341899,3.59,1.22116535433071
1995-06-22,0.399353993435701,13.3977783521016,3.41183235250654,3.45,1.17354330708661
1995-06-23,3.14010843013724,10.0902833938599,2.81643510777302,3.29,1.11911811023622
1995-06-24,3.25900271038214,11.547106107076,3.53621612790798,3.46,1.17694488188976
1995-06-25,1.04062049587568,14.2039848168691,3.13353616562238,3.46,1.17694488188976
1995-06-26,0.00771547097247094,17.4079497655233,4.81841162751293,3.38,1.14973228346457
1995-06-27,7.19154759849516e-05,19.8091820081075,5.34068430451383,3.22,1.09530708661417
1995-06-28,0,18.9906509717305,4.72835885852486,3.06,1.04088188976378
1995-06-29,0,18.9369074503581,5.82590549234585,2.97,1.01026771653543
1995-06-30,5.02216153108748e-06,20.6312769254049,6.29927155669987,2.93,0.996661417322835
1995-07-01,1.42877141137918,21.981782913208,6.51609095216158,2.79,0.94903937007874
1995-07-02,14.2180624008179,20.6487555503845,5.21479278852416,2.98,1.01366929133858
1995-07-03,1.93924884001414,16.1031673749288,2.88983358802189,3.35,1.13952755905512
1995-07-04,0.0227471962304359,16.1367730299632,3.85966059654618,3.17,1.07829921259843
1995-07-05,0.0101493890413925,16.65935754776,4.16381910439863,2.87,0.976251968503937
1995-07-06,0,17.3307878176371,4.62071674756653,2.78,0.945637795275591
1995-07-07,0,19.3879095713298,5.60593589811316,2.75,0.935433070866142
1995-07-08,0,21.4641427993774,6.38273363811331,2.73,0.928629921259843
1995-07-09,7.53863623685902e-05,23.3221111297607,6.45962309582599,2.68,0.911622047244095
1995-07-10,0.630546583794057,23.9642877578735,6.14563868395846,2.63,0.894614173228346
1995-07-11,6.25394034385681,21.9069474538167,6.0545588745063,2.6,0.884409448818898
1995-07-12,1.76096731921037,20.6114362080892,4.8768774949777,2.54,0.864
1995-07-13,2.20523649205764,22.386794090271,5.73822714221987,2.6,0.884409448818898
1995-07-14,35.0694109598796,20.5498828887939,5.23295409377992,2.83,0.962645669291339
1995-07-15,2.30975340803464,18.7452173233032,4.2683282912951,8,2.72125984251969
1995-07-16,9.14508163928986,17.0650420188904,3.45099985201947,3.68,1.25177952755906
1995-07-17,0.0611955175409093,18.2763333320618,4.50488074205695,3.38,1.14973228346457
1995-07-18,0.460949168850978,19.2124614715576,4.14922778570059,2.87,0.976251968503937
1995-07-19,1.80425028399137e-06,21.0620900789897,4.70328199613508,2.74,0.932031496062992
1995-07-20,0,22.9947231610616,6.00008499012411,2.62,0.891212598425197
1995-07-21,0.00787404660756389,25.2244402567546,6.47604791728016,2.54,0.864
1995-07-22,6.54231639703115,22.9742336273193,6.00067797431723,2.45,0.833385826771654
1995-07-23,0.332629553973675,15.0544585386912,2.92185006671728,2.6,0.884409448818898
1995-07-24,0.000510265460131147,17.20387840271,3.33365780699865,2.46,0.836787401574803
1995-07-25,0,19.8965128262838,5.27128471594995,2.51,0.853795275590551
1995-07-26,0.118074680678546,22.7215520540873,6.23123279604925,2.45,0.833385826771654
1995-07-27,8.88445206483205,20.4953532218933,4.45236386266339,2.47,0.840188976377953
1995-07-28,1.13989703170955,18.2840019861857,3.85799746902706,3.14,1.06809448818898
1995-07-29,8.43438222849121e-05,19.0784781773885,4.38849714894264,3,1.02047244094488
1995-07-30,0.0144581122585805,20.2129327456156,4.7280551962126,2.52,0.857196850393701
1995-07-31,0,21.2271499633789,5.434075815473,2.52,0.857196850393701
1995-08-01,9.65036742854863e-05,21.6693795522054,5.56364452359963,2.42,0.823181102362205
1995-08-02,0.000305712800278949,20.2620628674825,4.90646714586195,2.31,0.785763779527559
1995-08-03,2.19903252703565e-06,19.4311747550964,5.21160695952605,2.3,0.782362204724409
1995-08-04,0.00595231386553981,19.7193721135457,5.53402900405349,2.29,0.77896062992126
1995-08-05,0,20.9079923629761,5.49104516435087,2.21,0.751748031496063
1995-08-06,0,21.6524726549784,5.85846519184323,2.2,0.748346456692914
1995-08-07,3.4610419527938,19.131960550944,3.24616722940989,2.4,0.816377952755906
1995-08-08,11.0295398732026,16.0691105524699,2.21923339754862,2.88,0.979653543307087
1995-08-09,1.30127920924375,15.4251087506612,2.30986715290927,3.06,1.04088188976378
1995-08-10,8.79638806357737e-06,17.3434764544169,4.18839743365868,2.56,0.870803149606299
1995-08-11,0.025862264369304,19.6910354296366,5.20137889347452,2.52,0.857196850393701
1995-08-12,0.13599942997098,20.716149965922,4.82447562293538,2.33,0.792566929133858
1995-08-13,10.8871074120204,18.9648240407308,3.63555122679817,2.44,0.829984251968504
1995-08-14,10.285334944725,16.8473440806071,2.71288482164087,2.8,0.95244094488189
1995-08-15,0.00458802032517269,16.2603316307068,3.32383391214409,2.82,0.959244094488189
1995-08-16,1.65924779077371,14.9656698703766,3.0843758068622,2.51,0.853795275590551
1995-08-17,1.34181391331367e-05,15.8479971090953,3.34278713388143,2.42,0.823181102362205
1995-08-18,0.00158476419164799,18.5700677235921,4.09133728722311,2.38,0.809574803149606
1995-08-19,0.945165244241556,19.0715023676554,4.20171177169718,2.3,0.782362204724409
1995-08-20,0.495780282964309,17.896602789561,3.43185695632929,2.51,0.853795275590551
1995-08-21,2.21281792720159,17.7313744227091,2.94019166538773,2.49,0.846992125984252
1995-08-22,0.00187273075183233,19.9040676752726,3.83102074022725,2.35,0.799370078740158
1995-08-23,3.84138381481171,19.5416498184204,4.00594429262262,2.24,0.761952755905512
1995-08-24,4.36177235841751,17.6504836082458,2.33733222963778,2.28,0.77555905511811
1995-08-25,6.438192486763,16.753058274587,2.79529391665922,2.47,0.840188976377953
1995-08-26,0.880983640750249,15.837299823761,2.48297444476136,2.69,0.915023622047244
1995-08-27,21.740069548289,14.7389415899913,2.41850568404018,2.52,0.857196850393701
1995-08-28,6.44908237457275,9.9069599310557,2.21373201543269,4.59,1.56132283464567
1995-08-29,8.21921026706696,9.30242737134298,1.24802109548861,3.94,1.34022047244094
1995-08-30,2.95220300555229,8.89292486508687,1.79888701391181,4.01,1.36403149606299
1995-08-31,5.76052417357763,9.0501401424408,2.19509987368688,3.8,1.29259842519685
1995-09-01,3.65715436140696,10.4681955178579,1.82053691621642,4.32,1.46948031496063
1995-09-02,0.357968584634364,11.6729044914246,2.12161030676125,3.39,1.15313385826772
1995-09-03,3.54870533943176,11.4756936232249,2.4818309377336,2.88,0.979653543307087
1995-09-04,3.2498021821181,9.73411957422892,1.89932591869033,2.92,0.993259842519685
1995-09-05,0.0164035675503934,11.3985447088877,3.12828213493615,3.02,1.02727559055118
1995-09-06,0.0235604089684784,12.7037493387858,2.75347601131743,2.69,0.915023622047244
1995-09-07,0.635841744641463,14.2603080272675,3.59889589466549,2.55,0.86740157480315
1995-09-08,3.27663032213847,14.0006603399913,2.50459631291915,2.33,0.792566929133858
1995-09-09,8.23696206013362,12.0952814420064,2.18702071559002,2.58,0.877606299212599
1995-09-10,0.00393150916958499,12.8046927452087,2.9873015975482,2.53,0.86059842519685
1995-09-11,0.255253665770094,14.8431011041005,2.86321195539476,2.49,0.846992125984252
1995-09-12,2.74835634697229,15.4982620875041,2.69024906172919,2.46,0.836787401574803
1995-09-13,4.13106679916382,13.4895837306976,1.51528806295562,2.55,0.86740157480315
1995-09-14,0.790759099026521,12.1268920898438,1.44851305353496,2.5,0.850393700787402
1995-09-15,0.137754529714584,11.3842116991679,1.85624197893848,2.44,0.829984251968504
1995-09-16,0.727053197411199,12.3111770153046,2.90155730127047,2.31,0.785763779527559
1995-09-17,4.36311959977805e-05,13.1994699637095,2.5030873720493,2.36,0.802771653543307
1995-09-18,0.00724079628162144,13.7552000681559,2.45077394007085,2.31,0.785763779527559
1995-09-19,0.291256371885538,13.5902954737345,1.89610418344923,2.27,0.772157480314961
1995-09-20,14.2711695830027,10.7454717954,1.68446024435831,2.38,0.809574803149606
1995-09-21,2.78113636374474,9.51040085156759,1.33971804681456,2.75,0.935433070866142
1995-09-22,0.0314994363191848,9.92175873120626,1.98141801103539,2.9,0.986456692913386
1995-09-23,0.0119695648221144,11.0403397083282,1.99078622798365,2.55,0.86740157480315
1995-09-24,0.346358097468813,11.5935403505961,2.31706214077528,2.39,0.812976377952756
1995-09-25,0.0124020967632532,10.4324592749278,1.49216869627516,2.39,0.812976377952756
1995-09-26,9.17429849020361e-05,10.8981326421102,1.63498028241591,2.26,0.768755905511811
1995-09-27,9.6790984471639,12.4080979824066,2.01426165592395,2.2,0.748346456692914
1995-09-28,0.207412898230056,7.15787307421366,1.51329365708066,2.61,0.887811023622047
1995-09-29,0.0223906746444603,6.1063570578893,1.51047262514005,2.6,0.884409448818898
1995-09-30,0.00262507039102881,6.94454503059387,1.66041476918786,2.31,0.785763779527559
1995-10-01,2.0425913631916,9.53604888916016,1.43419560635365,2.28,0.77555905511811
1995-10-02,0.00993585778148069,12.7439282735189,2.05358498585148,2.2,0.748346456692914
1995-10-03,0.36487090587616,13.5015397071838,2.25375810481763,2.06,0.700724409448819
1995-10-04,0.0140018884849269,15.9596367677053,2.28047897137477,2.14,0.727937007874016
1995-10-05,1.9805281785472,15.2245965798696,2.30441694989627,2.06,0.700724409448819
1995-10-06,0.00741347861185204,14.3675507704417,1.64831779037229,2.05,0.697322834645669
1995-10-07,0.0214098092789451,14.104860941569,2.02794042315334,2.11,0.717732283464567
1995-10-08,0.0195995630929247,13.9672328631083,2.05284944833239,2.1,0.714330708661417
1995-10-09,0.0809776671230793,13.5347074667613,1.74842873774564,2.19,0.744944881889764
1995-10-10,0.147274592270454,13.1840622425079,1.27204626313045,1.85,0.629291338582677
1995-10-11,0.197783128668865,13.593585173289,1.37253687977668,1.92,0.653102362204724
1995-10-12,0.244555182754993,12.8734434445699,1.09117648484054,1.92,0.653102362204724
1995-10-13,0.00741186002172374,12.7001449267069,1.15155990428885,1.89,0.642897637795276
1995-10-14,0.0268042968430867,12.1784555117289,1.1807614877992,1.91,0.649700787401575
1995-10-15,0.19843111311396,11.5889659722646,1.31554793009069,1.91,0.649700787401575
1995-10-16,0.0332045465086897,10.9192306200663,1.00042634848921,1.99,0.676913385826772
1995-10-17,0.0205143355997279,10.0274431705475,1.07845939042896,1.93,0.656503937007874
1995-10-18,2.16833910346031,12.3836731910706,1.82822311843842,1.99,0.676913385826772
1995-10-19,0.0160554069540619,12.4527004559835,1.39045683982603,2.04,0.69392125984252
1995-10-20,0.755423427869876,9.05598052342733,1.07806965271112,2.06,0.700724409448819
1995-10-21,0.12580511936297,6.24937462806702,0.905407996188258,1.97,0.670110236220472
1995-10-22,0.0287526447355049,4.82126184304555,0.856993041009323,1.93,0.656503937007874
1995-10-23,0.0656514127428333,7.34716626008352,1.42470412928741,2.06,0.700724409448819
1995-10-24,0.0430239884493252,5.77302873134613,0.891087797582003,1.99,0.676913385826772
1995-10-25,0.0787764907193681,9.61864932378133,1.5849703716151,2.07,0.704125984251968
1995-10-26,0.0127283328523239,10.0885008970896,1.36535946372306,2,0.680314960629921
1995-10-27,0.382381408164899,12.5674212773641,1.49678994519466,1.82,0.619086614173228
1995-10-28,1.68041982253393,12.2457338968913,1.25570729413437,1.93,0.656503937007874
1995-10-29,0.606005984048049,12.2077770233154,1.06382809437512,1.9,0.646299212598425
1995-10-30,1.38887260357539,11.8942070802053,1.02822073652894,1.94,0.659905511811024
1995-10-31,0.017431009056357,10.0718197027842,0.70349791951312,1.87,0.636094488188976
1995-11-01,13.3034660816193,7.64218310515086,0.968994864469571,1.92,0.653102362204724
1995-11-02,1.64802165826162,3.79490248362223,0.577663033298602,2.51,0.853795275590551
1995-11-03,9.55854296684265,3.32972019910812,0.625273817048808,2.51,0.853795275590551
1995-11-04,2.68920553227266,-1.12666479001443,0.424631171349974,2.53,0.86059842519685
1995-11-05,0.463280847917,-3.21638739109039,0.414178840899184,2.35,0.799370078740158
1995-11-06,0.0835833669019242,-1.69128246108691,0.55042349211837,2.17,0.738141732283465
1995-11-07,0.520836137235165,0.81339800854524,0.43258864639667,2.19,0.744944881889764
1995-11-08,0.116910502198152,2.78499154249827,0.553806056648881,2.15,0.731338582677165
1995-11-09,0.00686555702244126,4.02052650849024,0.797007005235004,2.16,0.734740157480315
1995-11-10,0.00142346955059717,3.46254392464956,0.604540938671803,2.14,0.727937007874016
1995-11-11,0.0171267844477067,4.60303791364034,0.57650930101214,2.08,0.707527559055118
1995-11-12,0.00941466153138511,3.55330663919449,0.43540012203255,2.04,0.69392125984252
1995-11-13,0.299047763148944,4.43709071477254,0.492257080804082,1.97,0.670110236220472
1995-11-14,0.114091877515117,6.98667709032695,0.574306371091584,1.88,0.639496062992126
1995-11-15,6.00324615836143,7.10311726729075,0.599944497170533,1.96,0.666708661417323
1995-11-16,27.3286039034526,8.91276303927104,0.514028576510762,2.89,0.983055118110236
1995-11-17,9.49278728167216,4.35227354367574,0.625259967991749,8.78,2.98658267716535
1995-11-18,1.0993601034085,-1.19526068369548,0.379473296468029,6.37,2.1668031496063
1995-11-19,5.02063039938609,-0.128268413245678,0.365277191312562,3.49,1.18714960629921
1995-11-20,0.0100487393744212,-2.55630594491959,0.44761237894006,3.05,1.03748031496063
1995-11-21,0.00168804786759817,-4.23235418399175,0.371243460579227,2.72,0.925228346456693
1995-11-22,0.0414032706369956,-1.24958091974258,0.567165425702205,2.58,0.877606299212599
1995-11-23,0.493983646233877,2.17344369490941,0.371072058001188,2.43,0.826582677165354
1995-11-24,0.0896239383146167,2.24663856625557,0.41918338607651,2.58,0.877606299212599
1995-11-25,0.0284995623709013,0.419693412880103,0.359430693206336,2.57,0.874204724409449
1995-11-26,0.00370044709658638,-0.34668364127477,0.309372529268294,2.45,0.833385826771654
1995-11-27,0.0336701945440533,-0.583865612745285,0.291877660387982,2.36,0.802771653543307
1995-11-28,2.55210798233747,1.50132582585017,0.350491678628731,2.26,0.768755905511811
1995-11-29,0.0320104101362328,2.01143351197243,0.281573174143,2.3,0.782362204724409
1995-11-30,0.269642382860184,1.3046092192332,0.244201168553351,2.45,0.833385826771654
1995-12-01,0.0389140958626134,0.155044596487035,0.302701946714158,2.32,0.789165354330709
1995-12-02,3.49126968781153,1.96347784002622,0.455472980103769,2.25,0.765354330708661
1995-12-03,0.535338814059893,-0.187991557177156,0.314745361375154,2.27,0.772157480314961
1995-12-04,0.537912743786971,-1.28913760185242,0.22347690535511,2.23,0.758551181102362
1995-12-05,0.0133907958321894,-3.15862862269084,0.17523749459189,2.22,0.755149606299213
1995-12-06,0.0237236815155484,-3.7962611913681,0.146089128246997,2.05,0.697322834645669
1995-12-07,0.00934239639900625,-3.42987205584844,0.194845079383467,1.98,0.673511811023622
1995-12-08,0.0156710682495032,-1.94189368685087,0.240846860892261,1.99,0.676913385826772
1995-12-09,0.0148764680573853,-1.86332405606906,0.242377400896442,1.96,0.666708661417323
1995-12-10,0.00726135908917058,-2.51425900061925,0.186423668118398,1.92,0.653102362204724
1995-12-11,0.984120100736618,-1.26454904675484,0.27439334383566,1.92,0.653102362204724
1995-12-12,2.01781901220481,-1.2553529292345,0.214920931120339,1.97,0.670110236220472
1995-12-13,2.40956343213717,-2.76929084459941,0.170501037984891,2.05,0.697322834645669
1995-12-14,1.68299248814583,-3.98891508579254,0.158044724587442,2.06,0.700724409448819
1995-12-15,0.0158440643184197,-3.01498178641001,0.198392458153182,2.02,0.687118110236221
1995-12-16,0.00280241884077744,-2.26158581177394,0.163504553269822,2.04,0.69392125984252
1995-12-17,1.43003510932128,-1.60183881719907,0.295214512126443,2.03,0.69051968503937
1995-12-18,2.85657532016436,1.50136877099673,0.338518074017321,2.11,0.717732283464567
1995-12-19,0.207760240106533,1.39869968096415,0.260761086465515,2.67,0.908220472440945
1995-12-20,9.95441095034281,2.39427081743876,0.371344882075711,2.56,0.870803149606299
1995-12-21,8.28473023573557,1.50753488143285,0.306958831262117,4.05,1.37763779527559
1995-12-22,6.89550681908925,6.07976841926575,0.506631924966306,4.75,1.61574803149606
1995-12-23,0.781342710057894,9.02966904640198,0.590861837625663,4.87,1.65656692913386
1995-12-24,17.1827061971029,5.78773991266886,0.417120091525767,4.42,1.50349606299213
1995-12-25,7.09866917133331,3.06939361492793,0.362706104725961,10,3.40157480314961
1995-12-26,2.91521320243677,-1.26390038430691,0.255627235470679,9.43,3.20768503937008
1995-12-27,0.712922455122074,-4.49195474386215,0.228008048971371,4.53,1.54091338582677
1995-12-28,0.000896019705275345,-7.92533163229624,0.208188904815025,3.48,1.18374803149606
1995-12-29,0.021601122522649,-8.61324914296468,0.164495688293228,3,1.02047244094488
1995-12-30,0.0154351101009524,-4.88374265034993,0.246729033412838,2.78,0.945637795275591
1995-12-31,0.0477081873298933,-3.63484464089076,0.203525820503319,2.57,0.874204724409449
1996-01-01,0.0140066804209103,-1.67881650726,0.312898832299322,2.44,0.829984251968504
1996-01-02,0.150703354428212,-1.91332236925761,0.211195997322169,2.37,0.806173228346457
1996-01-03,0.117411166895181,-2.04168399175008,0.187769343433847,2.25,0.765354330708661
1996-01-04,0.00602061042142547,-4.05093787113826,0.245074883031804,2.22,0.755149606299213
1996-01-05,0.00204275749759593,-6.43448066711426,0.208692177667009,2.21,0.751748031496063
1996-01-06,0.575008451938629,-4.86701567967733,0.238178970500575,2.13,0.724535433070866
1996-01-07,2.50853111346563,0.456818620984753,0.443800262901804,2.05,0.697322834645669
1996-01-08,0.328592634449403,1.80950766801834,0.355810127712974,2.17,0.738141732283465
1996-01-09,0.00849919074486631,0.480339412887891,0.258951945982037,2.54,0.864
1996-01-10,0.00236659143896153,0.358881637454033,0.231477942767506,2.37,0.806173228346457
1996-01-11,0.00624088663122772,1.20775258541107,0.336218195793218,2.25,0.765354330708661
1996-01-12,0.0271564282399292,1.25025945901871,0.269594139701175,2.16,0.734740157480315
1996-01-13,0.0388690942587952,0.796135308841864,0.500194726083712,2.06,0.700724409448819
1996-01-14,0.0854462763333383,-0.37639702608188,0.22155896939963,2.03,0.69051968503937
1996-01-15,0.144385681798061,-1.13860096534093,0.227802969606458,2.05,0.697322834645669
1996-01-16,0.0383682570730646,-1.98068734010061,0.224020733176119,2.02,0.687118110236221
1996-01-17,0.028751929407008,-3.38444197177887,0.215752849526991,1.99,0.676913385826772
1996-01-18,0.0025605796132974,-2.47725399335225,0.354715748444778,1.97,0.670110236220472
1996-01-19,7.43524828597704e-05,-3.52434327205022,0.321060546309627,1.92,0.653102362204724
1996-01-20,0.0221740640966649,-3.6501194636027,0.192952501726788,1.9,0.646299212598425
1996-01-21,0.0297649882656212,-4.04015547037125,0.208082987163293,1.85,0.629291338582677
1996-01-22,0.000947487753971169,-4.3080548842748,0.191988122167234,1.9,0.646299212598425
1996-01-23,1.11329067746798,-3.06891544659932,0.276400296459825,1.87,0.636094488188976
1996-01-24,0.29893604790171,-3.67818115154902,0.197520624235874,1.84,0.625889763779528
1996-01-25,0.0425190449750517,-5.85270663102468,0.168829059229539,1.82,0.619086614173228
1996-01-26,0.0299258251907304,-5.33543682098389,0.210320607850118,1.81,0.615685039370079
1996-01-27,0.0135089263591605,-3.75543741385142,0.310273031536064,1.81,0.615685039370079
1996-01-28,0.00283688171960724,-3.53193847338359,0.308189150912519,1.75,0.595275590551181
1996-01-29,0.0334907600966593,-3.40386178096135,0.232993282386287,1.75,0.595275590551181
1996-01-30,0.0043170205935894,-3.35064927736918,0.248347547285917,1.74,0.591874015748032
1996-01-31,2.34256978425644e-05,-4.74770446618398,0.392396066561402,1.73,0.588472440944882
1996-02-01,3.47584752186473e-05,-4.49382317066193,0.569603823426806,1.74,0.591874015748032
1996-02-02,0.870916763941447,-1.32201550404231,0.685398690459397,1.74,0.591874015748032
1996-02-03,0.921143365403016,0.0136167195936044,0.455451016080172,1.74,0.591874015748032
1996-02-04,0.232538229475419,-4.17274208863576,0.387218406521416,1.72,0.585070866141732
1996-02-05,0.0517489657892535,-6.15432826677958,0.341985739586015,1.79,0.60888188976378
1996-02-06,0.00864058454074742,-8.14376417795817,0.289229159811891,1.7,0.578267716535433
1996-02-07,0.00455231917051909,-7.18041141827901,0.488555091425863,1.66,0.564661417322835
1996-02-08,1.14921164015929,-5.89017009735107,0.400547749751631,1.66,0.564661417322835
1996-02-09,0.00323994099259532,-4.35583732525508,0.526558944646857,1.64,0.557858267716535
1996-02-10,0.246273677796125,-1.97652371724447,0.665543858860582,1.65,0.561259842519685
1996-02-11,0.142102421882252,0.751761118570964,0.770359393141781,1.69,0.574866141732283
1996-02-12,1.45720579226812,2.40215707818667,0.724784110773876,1.71,0.581669291338583
1996-02-13,9.20543964703878,0.609919361770153,0.488341369877906,1.77,0.60207874015748
1996-02-14,3.92681362231572,-1.59330743551254,0.40902150773134,1.83,0.622488188976378
1996-02-15,1.79782711466153,-2.41973782579104,0.396329783274275,1.74,0.591874015748032
1996-02-16,4.89372253417969,-0.0452991205578049,0.565580743556352,1.76,0.598677165354331
1996-02-17,2.50418676435947,1.8455859820048,0.42766616197303,2.09,0.710929133858268
1996-02-18,4.66881692409515,1.76849474509557,0.598284612690823,2.47,0.840188976377953
1996-02-19,2.16299616297086,0.300571268890053,0.706691502828196,4.25,1.44566929133858
1996-02-20,0.60027176886797,-0.96396566927433,0.473582940742693,3.27,1.11231496062992
1996-02-21,0.455489662786325,-4.48103777567546,0.462042074075056,2.23,0.758551181102362
1996-02-22,0.301619523515304,-6.33332534631093,0.386111935532132,1.96,0.666708661417323
1996-02-23,0.0129838180061294,-8.75473427772522,0.439509173160053,1.83,0.622488188976378
1996-02-24,0.00142331787431734,-5.03057789802551,0.818243677494664,1.88,0.639496062992126
1996-02-25,6.75860565024777e-05,1.14193989833196,1.19491944960838,1.79,0.60888188976378
1996-02-26,8.49131106406276e-05,1.96045854687691,1.38517464532632,1.87,0.636094488188976
1996-02-27,0,1.73629059394201,1.21344225795447,2.22,0.755149606299213
1996-02-28,4.36671075855581e-05,0.581677922358116,1.05296879004811,2.34,0.795968503937008
1996-02-29,0,1.21099400271972,1.10942701127158,2.24,0.761952755905512
1996-03-01,2.28758091727893,-1.08324101070563,0.607651725060081,2.02,0.687118110236221
1996-03-02,0.112706840503961,-3.32740527391434,0.836102285048145,1.86,0.632692913385827
1996-03-03,0.307031646991769,-3.27613298098246,0.717096087057983,1.82,0.619086614173228
1996-03-04,0.0582580765088399,-4.71111692984899,0.669792603324125,1.76,0.598677165354331
1996-03-05,0.115798976117124,-1.05248902738094,1.22416147756499,1.75,0.595275590551181
1996-03-06,0.123814575374126,0.121865483000875,0.66307358374232,1.73,0.588472440944882
1996-03-07,3.57207425925784e-05,0.775079575677713,0.854399737738734,1.76,0.598677165354331
1996-03-08,0,0.0381464672585328,1.00099061426648,1.77,0.60207874015748
1996-03-09,0,-0.387028012783655,1.09650570753019,1.85,0.629291338582677
1996-03-10,0.118586752253274,-0.772385254502296,0.990221820437726,1.81,0.615685039370079
1996-03-11,1.45093111445506,-4.08403593301773,0.708132763508947,1.87,0.636094488188976
1996-03-12,0.181682117904226,-6.65352940559387,0.527016414189305,1.81,0.615685039370079
1996-03-13,0.00746148481266573,-4.63904631137848,0.92544530514692,1.79,0.60888188976378
1996-03-14,3.16572791803083e-06,-0.572401735931635,1.35719813121425,1.72,0.585070866141732
1996-03-15,0.00257679669933471,0.581300638616085,0.864353382103009,1.76,0.598677165354331
1996-03-16,7.35251549789003e-05,2.23863724867503,1.08055757279185,1.78,0.60548031496063
1996-03-17,0.0139387439994607,3.64703206221263,1.59631650405551,1.71,0.581669291338583
1996-03-18,0.397087660928567,3.81936550140381,1.48315647165932,1.84,0.625889763779528
1996-03-19,0.0332229592604563,3.00236084063848,1.39258300086814,1.93,0.656503937007874
1996-03-20,1.0630828688542,3.19254581133525,1.88233050081159,2.05,0.697322834645669
1996-03-21,5.04318469762802,6.54026210308075,1.95204828138374,2.03,0.69051968503937
1996-03-22,4.24477718273799,6.47861405213674,1.57678537413669,2.91,0.989858267716536
1996-03-23,1.22579603393873,7.13437068462372,1.60619662963033,3.52,1.19735433070866
1996-03-24,0.004417821590323,9.16828552881877,2.50771378257692,3.68,1.25177952755906
1996-03-25,1.89387224117915,7.77970008055369,1.73918498472839,2.84,0.966047244094488
1996-03-26,14.1370390256246,8.13733537991842,2.31386700259264,2.87,0.976251968503937
1996-03-27,1.96360980470975,-0.065064067641894,1.34035538746845,4.5,1.53070866141732
1996-03-28,0.00876495834866849,1.47439544399579,1.42022203536755,3.8,1.29259842519685
1996-03-29,1.12990503013134,1.28955346345901,1.03782803312775,2.84,0.966047244094488
1996-03-30,3.07817550500234,0.0780470333993435,1.0948711272831,2.57,0.874204724409449
1996-03-31,0.211808003485203,-0.366981224001696,1.2475738359519,2.54,0.864
1996-04-01,0.0518828410034378,1.40762967864672,1.70266502152244,2.42,0.823181102362205
1996-04-02,0.778137769084424,0.639407654603322,1.16581349256429,2.18,0.741543307086614
1996-04-03,2.85148022572199,-0.584125721206268,0.797320655605749,2.08,0.707527559055118
1996-04-04,3.87144285440445,-0.0895234586981436,0.860784544897447,2.11,0.717732283464567
1996-04-05,0.0429655568053325,2.22016528248787,1.13592783873849,2.16,0.734740157480315
1996-04-06,0.00326462110873157,5.6212873061498,2.36497842102302,2.19,0.744944881889764
1996-04-07,0.0037196339884152,7.48902841409047,2.79927430183693,2.17,0.738141732283465
1996-04-08,0.136431834524653,8.93885032335917,3.03066245762882,2.05,0.697322834645669
1996-04-09,0.0316291040120025,7.77345490455627,2.36008758937538,1.93,0.656503937007874
1996-04-10,0.0881277644075453,8.01769173145294,2.79670751634246,1.9,0.646299212598425
1996-04-11,1.82948463161786,7.72696224848429,1.61174144464341,1.89,0.642897637795276
1996-04-12,3.14003308614095,2.45508986711502,1.59617450713942,2.01,0.683716535433071
1996-04-13,0.139634087293719,1.88722012440364,1.56246292914045,2.14,0.727937007874016
1996-04-14,0.0138965067162644,3.77337781588236,2.03429937964435,2.15,0.731338582677165
1996-04-15,0.00513509191144597,5.04114623864492,2.34911604895617,2.27,0.772157480314961
1996-04-16,0.000614110937021906,6.7729883591334,2.98799467590245,2.14,0.727937007874016
1996-04-17,1.02184268750231e-06,9.20301715532939,3.43062589858247,2.18,0.741543307086614
1996-04-18,0.0290445738670921,10.3814287185669,3.39927730181111,2.07,0.704125984251968
1996-04-19,2.55154797438687e-07,12.2023833592733,4.02251230602175,1.99,0.676913385826772
1996-04-20,0,14.2489984035492,4.35113705681928,2.02,0.687118110236221
1996-04-21,0,15.0611492792765,4.45410871671772,1.96,0.666708661417323
1996-04-22,0.0142545970932891,17.4376107851664,4.7501869832095,1.82,0.619086614173228
1996-04-23,3.72612139582634,16.6675950686137,4.72037329433246,1.79,0.60888188976378
1996-04-24,1.77147676547368,10.725307782491,1.99462298513609,1.91,0.649700787401575
1996-04-25,0.0134037917208237,10.8532249927521,2.85777813833879,1.91,0.649700787401575
1996-04-26,0.000194860793271801,10.8530706564585,3.13238764949521,1.84,0.625889763779528
1996-04-27,9.74004021069656e-05,14.0753245353699,3.96496895668604,1.83,0.622488188976378
1996-04-28,5.52445425589879,12.9349766572316,3.09836928342645,1.93,0.656503937007874
1996-04-29,0.568210368355115,11.5282769203186,2.06683344229406,2.2,0.748346456692914
1996-04-30,1.44546485692263,9.87663880983988,2.2250734498828,1.99,0.676913385826772
1996-05-01,0.0208484257649009,11.9358927408854,3.25585500693311,1.89,0.642897637795276
1996-05-02,4.81796009838581,12.1029662291209,3.17171531277798,1.85,0.629291338582677
1996-05-03,1.97217479348183,8.21521079540253,2.3973552803448,1.94,0.659905511811024
1996-05-04,1.71947644650936,8.45960346857707,2.64613177901846,1.9,0.646299212598425
1996-05-05,0.0135152971100373,9.84863678614298,3.17112088995408,1.87,0.636094488188976
1996-05-06,0.000645312703757857,13.2923831939697,4.29704168810399,1.86,0.632692913385827
1996-05-07,1.25612884759903,15.2326653003693,4.93577249983252,1.87,0.636094488188976
1996-05-08,0.0394310993821515,11.6792283058167,3.12382412847152,1.82,0.619086614173228
1996-05-09,1.01513539254665,6.06406199932098,2.18121750826946,1.81,0.615685039370079
1996-05-10,0.0805281545811643,6.70326511065165,1.81211781889401,1.8,0.612283464566929
1996-05-11,0.452237449586391,9.79958399136861,2.09172748103213,1.83,0.622488188976378
1996-05-12,9.41919402281443,10.1331813335419,1.92669521825893,1.83,0.622488188976378
1996-05-13,24.8379732767741,9.26101756095886,1.20753435520602,2.29,0.77896062992126
1996-05-14,3.14041751623154,10.8585654099782,2.05636339422019,3.66,1.24497637795276
1996-05-15,0.398740773399671,11.9723434448242,1.93575894008739,2.81,0.955842519685039
1996-05-16,4.27173866828283,13.3292901515961,3.54982694522689,2.3,0.782362204724409
1996-05-17,0.309503608693679,15.0028533140818,3.47752227810537,2.32,0.789165354330709
1996-05-18,0.093142250397553,16.0504076480865,4.44784107143717,2.14,0.727937007874016
1996-05-19,6.37876156965892,13.2277452150981,3.65774861823937,2.06,0.700724409448819
1996-05-20,11.1370135744413,9.44680960973104,2.08392618560518,2.28,0.77555905511811
1996-05-21,4.85329828162988,10.4713815848033,4.0824471717895,2.38,0.809574803149606
1996-05-22,0.514318892111381,10.0231030782064,3.07244539390883,2.35,0.799370078740158
1996-05-23,0.264993450293938,12.0602807203929,3.36579127798198,2.22,0.755149606299213
1996-05-24,2.21036127209663,16.8647928237915,5.3184993629166,2.04,0.69392125984252
1996-05-25,11.1017932891846,13.6447807153066,3.72099037825205,2.04,0.69392125984252
1996-05-26,9.01073217391968,12.4873796304067,2.84299747057208,2.51,0.853795275590551
1996-05-27,9.06403454144796,11.8705139954885,2.62055449658092,3.3,1.12251968503937
1996-05-28,0.0295723135738323,7.21707812945048,2.48947674463592,3.15,1.07149606299213
1996-05-29,0,12.4673941135406,4.83901380061558,2.67,0.908220472440945
1996-05-30,0,16.7240117390951,5.5274287422311,2.25,0.765354330708661
1996-05-31,0.389623574912548,20.6406367619832,6.6583648897019,1.99,0.676913385826772
1996-06-01,4.0523310303688,18.5612370173136,4.6155115176304,1.86,0.632692913385827
1996-06-02,0.0694762174971402,15.0512719154358,3.19988584111356,1.83,0.622488188976378
1996-06-03,0.198253471404314,13.628910223643,2.48054690664393,1.93,0.656503937007874
1996-06-04,0.000107920641312376,15.4143137931824,3.65807054922031,1.97,0.670110236220472
1996-06-05,0,18.3038965861003,5.21378820984314,1.91,0.649700787401575
1996-06-06,0.0137906536304702,21.4686371485392,6.56406609354422,1.88,0.639496062992126
1996-06-07,0.00106141677436729,23.2039492925008,6.45100396972984,1.81,0.615685039370079
1996-06-08,5.4316631257534,22.0623785654704,6.0682926614132,1.81,0.615685039370079
1996-06-09,0.0306530864133189,20.7839058240255,4.91668516208299,1.93,0.656503937007874
1996-06-10,0.129257401451468,20.6697622934977,5.39767097603188,1.82,0.619086614173228
1996-06-11,0.0241735397527615,21.9929269154867,6.31777864156715,1.82,0.619086614173228
1996-06-12,0.440210548307126,21.9813474019368,5.99020529603583,1.81,0.615685039370079
1996-06-13,0.000450160592057121,15.2946979999542,3.84194984481936,1.77,0.60207874015748
1996-06-14,0,14.508979956309,4.82489542051037,1.9,0.646299212598425
1996-06-15,0,15.7379904588064,5.23512073337525,1.86,0.632692913385827
1996-06-16,0,16.6592156092326,5.3032597404225,1.83,0.622488188976378
1996-06-17,0.000198665294495489,18.1203536987305,5.91039858577604,1.77,0.60207874015748
1996-06-18,0.00741943630176441,20.4461212158203,6.18788496643656,1.78,0.60548031496063
1996-06-19,3.97760474394696e-05,16.9590619405111,4.62207540537674,1.76,0.598677165354331
1996-06-20,4.22128335634867,14.2374869982402,4.23720575768461,1.68,0.571464566929134
1996-06-21,23.6838342348735,14.3652234872182,3.62907821461274,1.63,0.554456692913386
1996-06-22,7.67531895637512,9.34711074829102,2.30840695239316,1.12,0.380976377952756
1996-06-23,6.52667390306791,9.98175422350566,2.73013483598132,1.43,0.486425196850394
1996-06-24,0.227777952017883,11.3857536315918,3.38397923135786,1.86,0.632692913385827
1996-06-25,0.0212685627241929,12.2769474188487,3.68583449080917,1.79,0.60888188976378
1996-06-26,1.61288781759019,13.5981545448303,4.06120678771297,1.66,0.564661417322835
1996-06-27,0.615168166657289,16.3810079892476,4.9806095180266,1.64,0.557858267716535
1996-06-28,0.109464981476776,17.3831396102905,4.24013825267511,1.66,0.564661417322835
1996-06-29,5.53691083192825,15.7129343350728,4.52084140688317,1.59,0.540850393700787
1996-06-30,6.98890646298726,12.8825666109721,3.55862937578563,1.62,0.551055118110236
1996-07-01,5.229736328125,13.3079257806142,3.48997589779049,1.77,0.60207874015748
1996-07-02,1.4447947666049,13.3008251190186,3.25695692848628,1.88,0.639496062992126
1996-07-03,0.00439511199753421,15.524009625117,4.81706144857161,1.65,0.561259842519685
1996-07-04,0.314040758113454,18.5407832463582,5.32106819340251,1.57,0.534047244094488
1996-07-05,8.44551010926565,17.7556765874227,4.91623597077398,1.66,0.564661417322835
1996-07-06,4.50997507572174,13.6500392754873,3.09985096606859,1.83,0.622488188976378
1996-07-07,8.84990568955739,13.8440041542053,3.30504914342356,1.76,0.598677165354331
1996-07-08,27.6466393470764,9.61884665489197,2.16588135193592,2.8,0.95244094488189
1996-07-09,9.03125663598379,11.1530803044637,3.2754291983244,5.53,1.88107086614173
1996-07-10,13.6631084283193,12.562126159668,3.12014118082388,3.61,1.22796850393701
1996-07-11,0.327924706041813,15.4333368142446,4.08237697323859,4.46,1.51710236220472
1996-07-12,1.75687425086896,16.7665839195251,4.30873651378898,2.74,0.932031496062992
1996-07-13,8.61699315161483e-07,19.2482622464498,5.20724408479013,2.24,0.761952755905512
1996-07-14,0,20.3950160344442,5.70249177719706,1.84,0.625889763779528
1996-07-15,0.00147245695552556,20.8363706270854,5.31330445633232,1.78,0.60548031496063
1996-07-16,0.00453307697898708,15.2598141034444,3.4959225350608,1.67,0.568062992125984
1996-07-17,0,15.1184104283651,4.57481448594686,1.61,0.547653543307087
1996-07-18,0,15.2466622193654,4.75224358883542,1.5,0.510236220472441
1996-07-19,0,14.3012402852376,4.29312107713759,1.57,0.534047244094488
1996-07-20,0,14.1141917705536,4.40100084313287,1.47,0.500031496062992
1996-07-21,0,14.6933238506317,4.82673129989384,1.47,0.500031496062992
1996-07-22,0,16.4785216649373,5.22555922356629,1.5,0.510236220472441
1996-07-23,7.36607853571574,20.5220414797465,6.7834857882476,1.52,0.51703937007874
1996-07-24,0.318380865617655,18.2861903508504,4.15341217824404,1.71,0.581669291338583
1996-07-25,0.0137355540258189,14.7809658845266,3.64657621482765,1.72,0.585070866141732
1996-07-26,0.000118376384307339,16.4759459495544,4.16979379703415,1.52,0.51703937007874
1996-07-27,7.59524499376615,19.3415479660034,5.62356228168701,1.44,0.489826771653543
1996-07-28,6.8189598719279,18.8101245562236,3.7290639853314,1.83,0.622488188976378
1996-07-29,12.9864634275436,19.6956822077433,4.34229869729883,2.27,0.772157480314961
1996-07-30,2.87740096449852,16.779843489329,3.54874918408703,2.46,0.836787401574803
1996-07-31,0.000191444383138636,18.5918393135071,4.62988339120521,2.25,0.765354330708661
1996-08-01,1.50631766859442,20.9170546531677,5.57736764350238,1.8,0.612283464566929
1996-08-02,23.0257949829102,19.2386879920959,4.27034418466768,1.78,0.60548031496063
1996-08-03,21.2862464586894,14.9124157428741,2.60369976288609,6.02,2.04774803149606
1996-08-04,0.177506443268309,14.5624924500783,3.115445459934,6.17,2.09877165354331
1996-08-05,0.0163556045736186,15.8911588986715,4.15099126178244,2.86,0.972850393700787
1996-08-06,2.81813036402067,16.4696221351624,4.17707906281872,2.05,0.697322834645669
1996-08-07,13.0420914491018,16.7412155469259,3.18949442030111,1.85,0.629291338582677
1996-08-08,0.00459612985044563,17.4258542060852,3.60728980760868,3.11,1.05788976377953
1996-08-09,0,18.8961079915365,4.65179231251817,2.19,0.744944881889764
1996-08-10,2.80577121178309,20.8117030461629,4.92274716019247,1.83,0.622488188976378
1996-08-11,17.0625148614248,16.6073182423909,3.08877417090635,1.77,0.60207874015748
1996-08-12,18.0130263169607,13.762335062027,2.23455947449688,3.65,1.24157480314961
1996-08-13,6.20478653907776,14.4116217295329,3.24196970640872,5.51,1.87426771653543
1996-08-14,2.00798585017522,15.3838443756104,2.84895816923078,3.25,1.10551181102362
1996-08-15,0.814531808098157,15.5617197354635,3.02118745729113,3.05,1.03748031496063
1996-08-16,1.66393197576205,15.6251588662465,3.46863402978639,2.54,0.864
1996-08-17,0,16.1637005011241,3.8247726699118,2.28,0.77555905511811
1996-08-18,9.26912737971482e-06,16.7501969337463,3.91555595817327,2.05,0.697322834645669
1996-08-19,0.000972950258073979,18.6544049580892,4.10941719512035,1.86,0.632692913385827
1996-08-20,2.17214402556419,18.7021032969157,4.49956286462432,1.8,0.612283464566929
1996-08-21,1.61721451456348,18.2953101793925,3.63558436761372,1.83,0.622488188976378
1996-08-22,7.03346113363902,17.9224961598714,3.68723166532313,1.79,0.60888188976378
1996-08-23,0.00519474202944063,18.3566999435425,3.39410027221498,3.19,1.08510236220472
1996-08-24,1.52783950169881,15.2697392304738,2.10545556833507,2.52,0.857196850393701
1996-08-25,0.672525588423014,15.1772267023722,3.12128212568028,2.12,0.721133858267717
1996-08-26,3.51764043172201,15.6409486134847,3.04430134670996,1.98,0.673511811023622
1996-08-27,14.5775802930196,16.3689934412638,2.89729222484442,2,0.680314960629921
1996-08-28,7.09541809558868,12.7749178409576,2.16578508413701,3.84,1.30620472440945
1996-08-29,0.0169782306378086,13.6420125166575,3.29907306752171,3.81,1.296
1996-08-30,0.000164670539864649,13.1612995465597,2.68996677184926,2.49,0.846992125984252
1996-08-31,2.99753154317538,12.6566232045492,2.33603684325217,2.09,0.710929133858268
1996-09-01,0.957341928035021,11.1108731428782,1.6445779521318,1.88,0.639496062992126
1996-09-02,0.0366518647448781,12.2890391349792,2.24197345894023,1.91,0.649700787401575
1996-09-03,2.40922972807311e-05,14.1492857138316,2.32794384338417,1.77,0.60207874015748
1996-09-04,0.44248047900813,15.1006201903025,2.74397211983128,1.72,0.585070866141732
1996-09-05,0.0429350751607368,12.4915936787923,2.59404794273528,1.72,0.585070866141732
1996-09-06,0.853037536144257,10.1576617558797,2.41993480126632,1.58,0.537448818897638
1996-09-07,0.222774097230285,8.35894664128621,2.12736770957807,1.58,0.537448818897638
1996-09-08,0.193246000446379,8.82860867182414,1.90193210105386,1.5,0.510236220472441
1996-09-09,0.000184097979020711,8.61374123891195,2.33795977512756,1.72,0.585070866141732
1996-09-10,1.79887865670025e-06,10.2936962445577,2.56450889666844,1.64,0.557858267716535
1996-09-11,0,11.0620918273926,2.17143055646184,1.51,0.513637795275591
1996-09-12,2.95119973023733,10.5455388228099,2.16491173274538,1.56,0.530645669291339
1996-09-13,12.3610873222351,7.47121620178223,1.65398506813004,1.66,0.564661417322835
1996-09-14,7.99153395493825,9.65953803062439,1.30551512912833,2.22,0.755149606299213
1996-09-15,2.20159447193146,9.70281028747559,1.73644975958251,2.55,0.86740157480315
1996-09-16,0.00537570124773386,8.31649212042491,1.87649236758349,2.43,0.826582677165354
1996-09-17,1.43320236626702e-05,7.30361727873484,2.15587909357822,2,0.680314960629921
1996-09-18,0.0114309087269551,8.02578417460124,1.59646464826304,1.81,0.615685039370079
1996-09-19,0.00795863661915064,11.0347373485565,2.20744761311912,1.78,0.60548031496063
1996-09-20,0.470621321505557,9.34758512179057,1.96459900171868,1.72,0.585070866141732
1996-09-21,1.58916475872199,10.2552924156189,1.68406330656169,1.69,0.574866141732283
1996-09-22,0.424975593962396,11.2277266979218,1.26253318055821,1.74,0.591874015748032
1996-09-23,4.65423647562663,10.3691314856211,0.941569585999709,1.67,0.568062992125984
1996-09-24,0.281499762126866,8.69105633099874,1.31446280722031,1.84,0.625889763779528
1996-09-25,0,8.48499719301859,1.70561221351491,1.81,0.615685039370079
1996-09-26,0.00104444585789073,8.93764098485311,2.07808257039218,1.75,0.595275590551181
1996-09-27,2.29911308487256,10.8782328764598,2.16567748399416,1.65,0.561259842519685
1996-09-28,0.293683891495069,9.91244220733643,1.61599517420864,1.68,0.571464566929134
1996-09-29,0.00203024725487921,11.16961201032,2.03812988485521,1.7,0.578267716535433
1996-09-30,0,14.2090154488881,2.62030875353979,1.76,0.598677165354331
1996-10-01,1.42438771824042,13.9280610879262,2.64017323762027,1.69,0.574866141732283
1996-10-02,3.74268670876821,7.44405059019725,1.24541938334407,1.72,0.585070866141732
1996-10-03,0.172977937695881,6.69972232977549,1.6233884356669,1.86,0.632692913385827
1996-10-04,0.353789779202392,9.37910119692484,2.00793270541612,1.78,0.60548031496063
1996-10-05,1.99364343285561,7.70935134092967,0.903562937576656,1.84,0.625889763779528
1996-10-06,0.451363203426202,8.27441374460856,1.00823731912898,1.78,0.60548031496063
1996-10-07,0.73991351823012,10.2511599063873,0.779397205900065,1.86,0.632692913385827
1996-10-08,0.719655701269706,11.1422453721364,0.77250898268455,1.75,0.595275590551181
1996-10-09,0.311415173190956,11.0714515050252,0.757216948959974,1.81,0.615685039370079
1996-10-10,0.00652048146973054,10.6214366753896,1.03586838765432,1.79,0.60888188976378
1996-10-11,0.000825809586482743,10.5169968605042,1.06064650572445,1.73,0.588472440944882
1996-10-12,0.0209908343337399,9.64844314257304,1.77777930746793,1.66,0.564661417322835
1996-10-13,0.0219626309311328,9.58026925722758,1.6664918915303,1.65,0.561259842519685
1996-10-14,0.00439562050936123,9.48907693227132,1.7476768571883,1.75,0.595275590551181
1996-10-15,3.61835070451101,10.8556481997172,1.56151711088108,1.77,0.60207874015748
1996-10-16,5.07842828830083,9.83183797200521,0.960507995835946,1.78,0.60548031496063
1996-10-17,9.97525946299235,6.32736968994141,0.709680791881729,2.19,0.744944881889764
1996-10-18,4.61245797077815,5.72827871640523,1.04385651222198,3.14,1.06809448818898
1996-10-19,4.57951084772746,8.09573046366374,1.18899705370442,2.72,0.925228346456693
1996-10-20,8.13076460361481,8.7282973130544,0.901083044081861,3.76,1.27899212598425
1996-10-21,6.87702004114787,10.5735765298208,0.88815969197427,3.51,1.19395275590551
1996-10-22,0.0221325858340909,6.38868021965027,1.05928480585392,5.29,1.79943307086614
1996-10-23,0.00918062627048736,5.04313023885091,1.14756776963245,3.29,1.11911811023622
1996-10-24,0.00144119651334525,4.88823525110881,1.06350388730211,2.66,0.904818897637795
1996-10-25,5.60765812794368,4.86636833349864,0.903750220981347,2.4,0.816377952755906
1996-10-26,6.78216506540775,7.7942046324412,1.00898719190608,3.42,1.16333858267717
1996-10-27,0.868719150622686,8.94272708892822,1.25155804668289,4.71,1.60214173228346
1996-10-28,0.237507679189245,12.8622539043427,1.10042416295226,3.11,1.05788976377953
1996-10-29,3.07818009455999,9.33492906888326,1.05157459076762,2.69,0.915023622047244
1996-10-30,0.00302657190089424,5.25067381064097,0.62834553521981,2.51,0.853795275590551
1996-10-31,0.899835517009099,5.70607129732768,1.00132944733401,2.44,0.829984251968504
1996-11-01,4.23941296339035,9.29404417673747,0.765569246492143,2.41,0.819779527559055
1996-11-02,0.000233762966672657,9.00846719741821,0.844842066820203,2.47,0.840188976377953
1996-11-03,0.00535824583251572,8.96868348121643,1.22371476774314,2.29,0.77896062992126
1996-11-04,0.00133684928247627,8.50970586140951,1.31501805310085,2.15,0.731338582677165
1996-11-05,0.260113116974632,7.62321023146311,0.823165285094481,2.06,0.700724409448819
1996-11-06,0.0124134737901234,9.06676824887594,0.959795582578316,2.03,0.69051968503937
1996-11-07,7.9343964656194,9.85443305969238,0.876137163370183,2.09,0.710929133858268
1996-11-08,0.295285906642675,5.3808802763621,0.665850398509296,2.36,0.802771653543307
1996-11-09,0.00563966836004208,4.51908467213313,0.767101603296564,2.22,0.755149606299213
1996-11-10,0.0358793034489887,4.2570147116979,0.710920412412176,2.09,0.710929133858268
1996-11-11,0.00507429324534314,7.79260623455048,0.784254748584373,2.15,0.731338582677165
1996-11-12,0.00199213429489949,9.32711855570475,0.904424784328116,2.1,0.714330708661417
1996-11-13,11.9873893260956,6.10263963540395,0.588907141877547,2.05,0.697322834645669
1996-11-14,6.8361297249794,2.12790856758753,0.445909629749834,3.02,1.02727559055118
1996-11-15,0.362204032018781,2.4850220878919,0.26416065539674,4.42,1.50349606299213
1996-11-16,0.206762850284576,2.37522956728935,0.255500872257582,3.13,1.06469291338583
1996-11-17,0.0826202295720577,2.14463333288829,0.337555880595935,2.79,0.94903937007874
1996-11-18,1.78847523530324,1.93384775519371,0.292796870677744,2.49,0.846992125984252
1996-11-19,0.334162843724092,2.73412877321243,0.490394312927985,2.36,0.802771653543307
1996-11-20,1.91183253129323,4.3326455950737,0.562785297583725,2.23,0.758551181102362
1996-11-21,1.45842286447684,0.970665360490481,0.376139253485061,2.19,0.744944881889764
1996-11-22,0.13853993670394,-1.71004549662272,0.40139248544156,2.21,0.751748031496063
1996-11-23,1.09195185701052,-1.69814883669217,0.43009103461735,2.17,0.738141732283465
1996-11-24,0.112410109645377,-2.15725752711296,0.343120549658474,2.03,0.69051968503937
1996-11-25,7.72712783018748,0.257686544209719,0.44250799893698,2.04,0.69392125984252
1996-11-26,4.48833658297857,2.18279961744944,0.30120523214553,2.87,0.976251968503937
1996-11-27,1.86102124055227,-0.111055123619735,0.298708553404566,4.02,1.36743307086614
1996-11-28,2.66485387086868,-1.08589404821396,0.243578408427538,3.04,1.03407874015748
1996-11-29,11.8605860074361,-0.0360313100197042,0.283126582306285,2.61,0.887811023622047
1996-11-30,2.84641809264819,1.09872565170129,0.260555497813968,3.3,1.12251968503937
1996-12-01,1.61756758888563,-0.144657848402858,0.302076451061223,3.94,1.34022047244094
1996-12-02,2.84757421414057,2.14583829045296,0.416771664730823,3.69,1.2551811023622
1996-12-03,0.00741066104577233,2.27359092235565,0.359587553228423,4.25,1.44566929133858
1996-12-04,0.00152016402413816,1.4060692191124,0.488136843872861,3.36,1.14292913385827
1996-12-05,0.00990057277158485,-0.47297478467226,0.404483373580905,2.85,0.969448818897638
1996-12-06,0.008002106527177,-1.4832349717617,0.211772370572849,2.56,0.870803149606299
1996-12-07,0.0245724519287857,-1.63128188252449,0.229127030505925,2.4,0.816377952755906
1996-12-08,0.0734600613359362,-2.5602379043897,0.156364858552554,2.25,0.765354330708661
1996-12-09,0.0358007070608437,-2.40132840474447,0.166536442859705,2.08,0.707527559055118
1996-12-10,0.0081639253476169,-1.62627587715785,0.244571745916459,2.01,0.683716535433071
1996-12-11,0.0126651684889415,-1.54600918292999,0.22117688314101,1.96,0.666708661417323
1996-12-12,0.259343134239316,-1.42811538775762,0.272529085640718,1.93,0.656503937007874
1996-12-13,5.89175029595693,2.13272323211034,0.415811589961391,1.94,0.659905511811024
1996-12-14,0.133309096670322,-0.0352849803554515,0.287606800291249,2.39,0.812976377952756
1996-12-15,0.0069601412396878,0.32077025466909,0.301225989889586,2.64,0.898015748031496
1996-12-16,0.00299889903787213,0.443755254459878,0.36937128404959,2.23,0.758551181102362
1996-12-17,7.11404387156169,1.57176344593366,0.407867849962061,2.08,0.707527559055118
1996-12-18,0.111689456757934,3.92341806491216,0.458865980361525,2.68,0.911622047244095
1996-12-19,1.38409813245138,3.25686277945836,0.412512914576677,3.54,1.20415748031496
1996-12-20,7.60969777901967,3.21994743744532,0.372247857946344,2.74,0.932031496062992
1996-12-21,0.00461800573005651,-0.138326663679133,0.276315859747701,3.89,1.3232125984252
1996-12-22,2.3181238224109,-2.46825516223907,0.200392005537699,3.03,1.03067716535433
1996-12-23,15.6342050234477,-2.93165953954061,0.216233186235557,2.84,0.966047244094488
1996-12-24,0.0339968495900393,-6.62174197038015,0.169491608435408,3.18,1.08170078740157
1996-12-25,0.0756308524869382,-9.51043764750163,0.17486578660858,2.68,0.911622047244095
1996-12-26,9.47701422167787e-05,-12.169350306193,0.109958418293109,2.58,0.877606299212599
1996-12-27,0.0113263453240506,-13.2749112447103,0.0827608708044339,5.3,1.80283464566929
1996-12-28,0.0430852911279847,-14.4767647584279,0.0347611926448043,7.94,2.70085039370079
1996-12-29,0.559131925304731,-14.5118491649628,0.0491955394062275,7.9,2.68724409448819
1996-12-30,1.85691977540652,-10.4364148775736,0.193291389732675,5.65,1.92188976377953
1996-12-31,0.0862257790674145,-12.3375113010406,0.0870406127591689,2.51,0.853795275590551
1997-01-01,0.054069439570109,-11.0588734944661,0.109625971455487,2.24,0.761952755905512
1997-01-02,0.0211680493327246,-8.58759546279907,0.191981852348257,2.02,0.687118110236221
1997-01-03,0.0179894399868014,-5.70141426722209,0.211869003665045,1.98,0.673511811023622
1997-01-04,0.0263285256999855,-3.94410365819931,0.195569525368153,1.89,0.642897637795276
1997-01-05,0.000177311342364798,-3.07380189498266,0.288412668237015,1.81,0.615685039370079
1997-01-06,0.00240563430755477,-3.74166788657506,0.160298032453605,1.75,0.595275590551181
1997-01-07,0.00635726922579731,-6.46575446923574,0.191567053694966,1.66,0.564661417322835
1997-01-08,0.00636067856794398,-6.25774331887563,0.111256870459092,1.62,0.551055118110236
1997-01-09,0.00133245132747106,-4.81814495722453,0.225551072264575,1.53,0.52044094488189
1997-01-10,0.0970877612708136,-3.87917659680049,0.204432824199618,1.49,0.506834645669291
1997-01-11,0,-3.89719957113266,0.191914427275937,1.45,0.493228346456693
1997-01-12,0.0250088901957497,-5.92321312427521,0.237983898210731,1.46,0.496629921259843
1997-01-13,0.000473233177520645,-7.47295951843262,0.189958627380278,1.34,0.455811023622047
1997-01-14,1.35729460453149e-05,-7.67804451783498,0.241490649712332,1.37,0.466015748031496
1997-01-15,3.86356380962146e-06,-5.93725744883219,0.41644616604619,1.13,0.384377952755905
1997-01-16,3.29023896483704e-05,-5.91497504711151,0.352718469237204,1.13,0.384377952755905
1997-01-17,0.00127847500213344,-6.03333580493927,0.347682944907533,1.14,0.387779527559055
1997-01-18,1.68090094424163e-05,-3.30608737468719,0.499482498179653,1.15,0.391181102362205
1997-01-19,0.532210007309914,-0.673493191599846,0.444328256552365,1.18,0.401385826771654
1997-01-20,0.0677900444716215,1.33918017148972,0.335744645414643,1.4,0.476220472440945
1997-01-21,0.0133765413193032,0.719369071225325,0.217462016421533,1.44,0.489826771653543
1997-01-22,0.00257155722404908,0.981239587068558,0.318291440589434,1.42,0.483023622047244
1997-01-23,0.00846215149310107,2.39903012911479,0.431694190922126,1.54,0.523842519685039
1997-01-24,0.011421120337521,1.74492813150088,0.545015560236568,1.69,0.574866141732283
1997-01-25,0.0488213120649258,1.19974385201931,0.422355690991803,1.85,0.629291338582677
1997-01-26,0.117208404776951,0.0694071678832794,0.201975307045319,1.87,0.636094488188976
1997-01-27,0.00145239070843672,0.650783096750577,0.403439138632126,2,0.680314960629921
1997-01-28,0.000212998399244195,-0.283703505992889,0.431189762583059,2.21,0.751748031496063
1997-01-29,3.87805597104792e-05,-0.870869800448418,0.263817372227348,2.26,0.768755905511811
1997-01-30,0.00144556162801261,-1.68681499361992,0.302428941962014,2.03,0.69051968503937
1997-01-31,0.00262449804480032,-2.08351016044617,0.259379709273142,1.95,0.663307086614173
1997-02-01,0.00114781199620969,-2.09850323200226,0.419540908767554,1.78,0.60548031496063
1997-02-02,1.09152545419988e-05,-3.64208434025447,0.419430052041133,1.77,0.60207874015748
1997-02-03,9.06386374784537e-06,-2.47897905111313,0.3330285804292,1.71,0.581669291338583
1997-02-04,0.120659852089981,0.631434353689353,0.632313183952095,1.62,0.551055118110236
1997-02-05,2.1258305311203,2.84915616114934,0.609787927107741,1.64,0.557858267716535
1997-02-06,0.00110564312490169,-0.120333286021681,0.63088096626409,1.87,0.636094488188976
1997-02-07,8.1491028443755e-07,1.10844060778618,0.959897363889788,1.81,0.615685039370079
1997-02-08,0.00121474559030806,2.14076813062032,0.922444116653805,1.68,0.571464566929134
1997-02-09,0,2.57804330190023,1.01061391446048,1.62,0.551055118110236
1997-02-10,0.124662513379008,4.80588738123576,1.13817541426552,1.64,0.557858267716535
1997-02-11,8.71829891204834,3.84786486625671,0.733983731108737,1.63,0.554456692913386
1997-02-12,1.19463142255942,8.45989767710368,1.0116385705924,2.6,0.884409448818898
1997-02-13,4.30333161354065,3.90523181358973,0.943046577616673,3.44,1.17014173228346
1997-02-14,16.618639866511,2.14819094538689,0.622180598947796,3.35,1.13952755905512
1997-02-15,2.59522302945455,1.05693134168784,0.562122735368665,7.3,2.48314960629921
1997-02-16,0.0906753731348241,-0.102755213156343,0.687194051512223,6.04,2.05455118110236
1997-02-17,0.0495615905771653,1.33105994264285,0.821667026304936,3.67,1.24837795275591
1997-02-18,8.416561683019,3.40214800834656,0.923953069503798,3.14,1.06809448818898
1997-02-19,0.124546063443025,2.17991212010384,0.733718618502408,4.38,1.48988976377953
1997-02-20,0.00828030390160469,6.08415448665619,1.07767973047243,3.82,1.29940157480315
1997-02-21,0.0515894733835012,6.91180376211802,1.05961206368911,2.99,1.01707086614173
1997-02-22,0.0301361165669126,6.0223396619161,1.31599010114843,2.57,0.874204724409449
1997-02-23,0.000459008650068427,6.2926504611969,1.53479776438592,2.28,0.77555905511811
1997-02-24,0.104113204870373,8.98861678441366,1.48105260618276,2.25,0.765354330708661
1997-02-25,2.92151035865148,11.4192751248678,1.41437316907342,2.2,0.748346456692914
1997-02-26,10.4629723230998,7.06372833251953,1.25511834796038,2.37,0.806173228346457
1997-02-27,1.7433112959067,3.48165533939997,0.817807914329518,3.45,1.17354330708661
1997-02-28,0.000171510485264056,4.54979395866394,1.36472874623913,3.58,1.21776377952756
1997-03-01,0.000380033745993084,7.15786226590474,1.68607691476293,2.73,0.928629921259843
1997-03-02,0.00112285667000833,10.162811199824,2.13711128055491,2.36,0.802771653543307
1997-03-03,1.49552289644877,7.32434745629628,1.10631114591488,2.43,0.826582677165354
1997-03-04,0.394881501793861,7.94300703207652,1.31544073367424,2.18,0.741543307086614
1997-03-05,7.5948185523351,8.07571744918823,1.45748798436515,2.19,0.744944881889764
1997-03-06,0.278176788861553,5.79070850213369,0.998942152580956,3.77,1.2823937007874
1997-03-07,0.196131813495109,5.69249467055003,1.15780769182724,3.01,1.02387401574803
1997-03-08,0.0032392238160052,3.80893349647522,1.11398183279389,2.52,0.857196850393701
1997-03-09,0,6.13515913486481,1.80727279259396,2.29,0.77896062992126
1997-03-10,0,6.38000639279683,1.97187675352468,2.08,0.707527559055118
1997-03-11,0,7.02674758434296,1.99458466329137,2.02,0.687118110236221
1997-03-12,0.000712806162482593,7.74003708362579,2.15056673864712,1.98,0.673511811023622
1997-03-13,0.000416105394833721,6.89182257652283,1.60888620891399,1.86,0.632692913385827
1997-03-14,0.931440653900305,6.63675773143768,2.0409178783353,1.86,0.632692913385827
1997-03-15,1.40855818490187,7.51809442043304,1.13264318830213,1.86,0.632692913385827
1997-03-16,1.48764423529307,9.2425549030304,1.44439111236927,1.87,0.636094488188976
1997-03-17,0.533088584740957,8.65349801381429,1.18261349309896,2.01,0.683716535433071
1997-03-18,3.05621262391408,8.78714100519816,2.12029194365321,1.98,0.673511811023622
1997-03-19,6.61950065692266,4.2170531352361,1.34639289827373,2,0.680314960629921
1997-03-20,1.11864574750264,1.15469820300738,0.785571050052987,2.45,0.833385826771654
1997-03-21,1.98914885520935,1.72098266084989,1.16273519634522,2.33,0.792566929133858
1997-03-22,0.0177855412718297,1.5963266591231,1.37181752225762,2.23,0.758551181102362
1997-03-23,4.4506102403005,3.36170128981272,1.75547783479849,2.11,0.717732283464567
1997-03-24,1.22176667799552,4.59272023042043,1.36835777610245,2.42,0.823181102362205
1997-03-25,3.04977152744929,4.76947152614594,1.39316443820788,2.48,0.843590551181102
1997-03-26,1.56066185235977,6.94025119145711,1.74171353544811,2.66,0.904818897637795
1997-03-27,0.805879553159078,9.5968177318573,1.71972891925844,2.46,0.836787401574803
1997-03-28,4.16649530331294,5.26773838202159,1.79267745432818,2.43,0.826582677165354
1997-03-29,2.06501727302869,2.92260430256526,1.19766669932556,2.57,0.874204724409449
1997-03-30,1.7601102044185,3.41948308547338,1.2094279341099,2.32,0.789165354330709
1997-03-31,0,5.29348854223887,1.8610597086783,2.43,0.826582677165354
1997-04-01,0.000406325629834707,8.01768128077189,2.64849750660293,2.36,0.802771653543307
1997-04-02,0,9.47422075271606,2.89366169836146,2.18,0.741543307086614
1997-04-03,2.52130906780561,10.5032413005829,2.85772875449765,2.07,0.704125984251968
1997-04-04,0.331665037820737,3.48111764589945,1.65456292306833,2.1,0.714330708661417
1997-04-05,5.5588903427124,4.54222933451335,1.61061075747864,2.02,0.687118110236221
1997-04-06,0.303474829842647,3.86085466543833,1.64491992350517,2.1,0.714330708661417
1997-04-07,2.44121401919983e-05,1.57892186443011,1.537759155954,2.27,0.772157480314961
1997-04-08,5.52158538387933e-06,3.75043253103892,2.22254122670652,2.09,0.710929133858268
1997-04-09,5.70176527503463e-06,7.62817700703939,3.19104190886707,2.03,0.69051968503937
1997-04-10,3.67096861661291e-05,9.66415739059448,3.29370574301269,1.96,0.666708661417323
1997-04-11,3.89049206177394,6.58319214979808,2.66383388875897,1.9,0.646299212598425
1997-04-12,0.139791798933099,2.70239285628001,1.76249720475479,2.02,0.687118110236221
1997-04-13,0.00328848006514212,4.18985994656881,1.97902950756663,1.92,0.653102362204724
1997-04-14,0.676350298027197,7.83277026812236,3.0340982424082,1.89,0.642897637795276
1997-04-15,0.284346302971244,3.45587180058161,1.66722758221254,1.93,0.656503937007874
1997-04-16,0.0669983748036126,2.46136997143428,1.89489927724687,1.96,0.666708661417323
1997-04-17,0.00136081694169358,2.77871551116308,2.00093572562105,1.91,0.649700787401575
1997-04-18,0.00900827856579175,7.05568397045135,3.06914008781945,1.87,0.636094488188976
1997-04-19,3.43732581535975,5.19627769788106,2.49890716164697,1.83,0.622488188976378
1997-04-20,3.36998583873113,0.959053774674734,1.11581555165397,1.89,0.642897637795276
1997-04-21,0.011854237333561,1.37491108973821,1.58076066560422,2.04,0.69392125984252
1997-04-22,0.0369115949388288,3.95990751187007,2.50264937102112,1.93,0.656503937007874
1997-04-23,0.0467618163190006,4.63050484657288,2.301999477123,1.85,0.629291338582677
1997-04-24,0,8.37436918417613,3.73012987348174,1.81,0.615685039370079
1997-04-25,2.85355716943741,11.5881275335948,3.79765217642336,1.79,0.60888188976378
1997-04-26,4.58841957648595,10.5941857496897,2.60943436143231,1.86,0.632692913385827
1997-04-27,3.90523352225622,9.54550274213155,1.6877827369604,2.05,0.697322834645669
1997-04-28,7.02971432606379,11.7859907944997,2.85061727258223,2.13,0.724535433070866
1997-04-29,6.78191181023916,8.52151143550873,1.92192069673109,2.31,0.785763779527559
1997-04-30,2.56360238790512,8.42519597212473,1.73382505954217,2.63,0.894614173228346
1997-05-01,0.0157217117230175,8.89752610524496,2.53410336558103,2.42,0.823181102362205
1997-05-02,0.000636955094402462,11.684993426005,4.1551192000334,2.13,0.724535433070866
1997-05-03,0.0129280159793173,15.742612918218,4.92017000849677,1.89,0.642897637795276
1997-05-04,2.15850161512693,15.1294213136037,3.78771118053938,1.89,0.642897637795276
1997-05-05,0.340185463428497,12.9766165415446,3.91292908757576,1.97,0.670110236220472
1997-05-06,5.90132637818654,8.82327548662821,3.76658633386249,1.91,0.649700787401575
1997-05-07,0.0832022160369282,5.23189214865367,2.09900521576687,2.12,0.721133858267717
1997-05-08,0.254083638486918,4.53096393744151,2.28873832927056,1.87,0.636094488188976
1997-05-09,0.488206123312314,7.02235122521718,3.29883405612327,1.88,0.639496062992126
1997-05-10,0.0120501426669459,10.8818544546763,3.65808120140078,1.82,0.619086614173228
1997-05-11,0,15.1452075640361,4.92173096237978,1.77,0.60207874015748
1997-05-12,0.0176382177111615,13.6864727338155,4.10993586528536,1.74,0.591874015748032
1997-05-13,0.000240874185692519,15.2811071872711,3.85947693650209,1.72,0.585070866141732
1997-05-14,0.00358790950849652,18.5907266934713,5.7542918016888,1.68,0.571464566929134
1997-05-15,0.00129003027298798,19.7573962211609,5.68386636018572,1.64,0.557858267716535
1997-05-16,0.0548364437030007,19.8480408986409,5.66774001316979,1.6,0.544251968503937
1997-05-17,0.947028637398034,19.9075659116109,5.34717009883072,1.59,0.540850393700787
1997-05-18,5.01928814252218,15.8526648680369,4.41537076413525,1.51,0.513637795275591
1997-05-19,0.405241293211778,16.9587876001994,5.31999047536021,1.72,0.585070866141732
1997-05-20,1.44187705218792,14.6001763343811,3.99727326610542,1.62,0.551055118110236
1997-05-21,0.97239276766777,13.4317724704742,3.84214414653026,1.58,0.537448818897638
1997-05-22,1.71878072122733,11.2799620628357,2.7736262659093,1.54,0.523842519685039
1997-05-23,0.970601466794809,12.1717367172241,3.52773653800766,1.61,0.547653543307087
1997-05-24,0.0208756510740689,11.132803440094,3.2241659549362,1.55,0.527244094488189
1997-05-25,7.08729257894447e-05,11.7973640759786,4.00643634042133,1.5,0.510236220472441
1997-05-26,2.54368122417266e-06,13.8614016373952,5.00939437144008,1.43,0.486425196850394
1997-05-27,0.00442840562876275,12.8498472372691,4.12385416136325,1.41,0.479622047244094
1997-05-28,0.00224704680052431,8.8933269182841,2.96531207705822,1.39,0.472818897637795
1997-05-29,0,11.9720287322998,4.43874450112767,1.41,0.479622047244094
1997-05-30,0,11.8208546638489,4.24978322697408,1.36,0.462614173228347
1997-05-31,0.00269581713170434,10.5868915716807,3.72343305395946,1.37,0.466015748031496
1997-06-01,0.0122299320840587,12.0911449591319,3.74375805846821,1.32,0.449007874015748
1997-06-02,0.29427888803184,14.5393313566844,3.98149272889602,1.42,0.483023622047244
1997-06-03,13.0898867845535,12.7086830933889,3.17804346161474,1.61,0.547653543307087
1997-06-04,0.175680118535335,14.7486316363017,3.966170019836,2.14,0.727937007874016
1997-06-05,0.0104276298855742,18.4971000353495,5.6915159682507,1.88,0.639496062992126
1997-06-06,0.0179792152096828,18.2891227404277,4.23085012722606,1.53,0.52044094488189
1997-06-07,0.237283707285921,19.2043037414551,5.26654034285291,1.47,0.500031496062992
1997-06-08,5.24276469151179,16.8408036231995,4.54186904114055,1.34,0.455811023622047
1997-06-09,0.00706783103911827,17.9893891016642,5.34477508094371,1.85,0.629291338582677
1997-06-10,0.0059742514519409,20.4017130533854,5.70350274788294,1.61,0.547653543307087
1997-06-11,0.71947541522483,21.2988284428914,5.87487286474236,1.49,0.506834645669291
1997-06-12,2.5430195213606,19.46124903361,4.69058449423366,1.42,0.483023622047244
1997-06-13,5.29370774825414,17.2954889933268,4.25015316301781,1.6,0.544251968503937
1997-06-14,8.25676039854685,16.6827465693156,4.2850808058971,1.96,0.666708661417323
1997-06-15,0.00103549368213862,16.0659119288127,4.56114246979663,2,0.680314960629921
1997-06-16,2.78051764766375,16.9164830843608,4.75034820861415,1.49,0.506834645669291
1997-06-17,2.44834133734306,14.7390511035919,3.49327708940088,1.42,0.483023622047244
1997-06-18,1.77221598724524,12.1932085355123,3.34021937438452,1.35,0.459212598425197
1997-06-19,8.78672365347544,12.8525269826253,3.95119114309195,1.79,0.60888188976378
1997-06-20,2.19217287997405,13.0095901489258,3.48087742881141,1.82,0.619086614173228
1997-06-21,14.0578866004944,13.4805452823639,3.47875721483441,1.78,0.60548031496063
1997-06-22,6.78956568241119,10.4295824368795,2.32438079944272,1.99,0.676913385826772
1997-06-23,4.02613999446233,12.5813722610474,3.51872980278536,2.31,0.785763779527559
1997-06-24,6.3144998550415,12.0019750595093,2.64601564905614,2.13,0.724535433070866
1997-06-25,2.28888457020124,14.2165595690409,4.19707159876214,2.59,0.881007874015748
1997-06-26,5.93180545171102,13.2732438246409,2.7477704779289,2.05,0.697322834645669
1997-06-27,8.19185892740885,13.8444412549337,2.84294275727106,2.09,0.710929133858268
1997-06-28,0.328164768715699,16.7847181955973,3.64392998760551,2.35,0.799370078740158
1997-06-29,17.6090825398763,17.7437011400859,4.59936285643985,2.16,0.734740157480315
1997-06-30,0.358671887312084,14.2206727663676,3.87437684846252,3.01,1.02387401574803
1997-07-01,2.51954709986846,14.528965473175,4.21708719888292,3.24,1.10211023622047
1997-07-02,3.42051371311148,18.1551826794942,5.11483295089616,2.12,0.721133858267717
1997-07-03,15.4146351019541,16.663462638855,4.09845270942202,2.09,0.710929133858268
1997-07-04,8.90715591112773,14.509087006251,2.80989535073741,4.3,1.46267716535433
1997-07-05,24.4237823486328,12.9738699595133,1.90544459212221,5.9,2.00692913385827
1997-07-06,6.06023259957631,12.9601748784383,2.7445889392613,8.78,2.98658267716535
1997-07-07,0.453808337450027,14.1631385485331,3.57642703688667,4.86,1.65316535433071
1997-07-08,0.00418540335279734,15.9863653182983,4.39319295340389,3,1.02047244094488
1997-07-09,0.00162657050047225,16.9897182782491,4.9682589682783,2.22,0.755149606299213
1997-07-10,0.235425839976718,17.4344115257263,5.29995929135535,1.91,0.649700787401575
1997-07-11,9.1064447760582,16.6162867546082,4.66659138744591,1.79,0.60888188976378
1997-07-12,0.121674336337795,17.8023734092712,5.15544435143336,1.77,0.60207874015748
1997-07-13,3.80010549227397,18.7349408467611,5.49135706231052,1.65,0.561259842519685
1997-07-14,16.0178567171097,17.245125134786,4.58504541207504,1.75,0.595275590551181
1997-07-15,0.415948136127554,15.9635750452677,3.38739397418718,2.4,0.816377952755906
1997-07-16,0.00371533267510434,18.1915040016174,5.24499577689415,1.97,0.670110236220472
1997-07-17,15.1169078350067,19.2410225868225,5.02500382415296,1.49,0.506834645669291
1997-07-18,14.4075884819031,14.3841078281403,2.8243264305299,2.19,0.744944881889764
1997-07-19,8.00079572200775,13.3940463066101,1.77914398363413,5.19,1.76541732283465
1997-07-20,7.21022313833237,13.8584644794464,3.36339141373778,5.13,1.74500787401575
1997-07-21,0.581404781589905,14.5043762524923,3.36927644921611,3.34,1.13612598425197
1997-07-22,4.48430510004982e-05,17.3066318829854,4.81527173131224,2.43,0.826582677165354
1997-07-23,0.338551204993564,17.2136201858521,4.03826295622157,1.95,0.663307086614173
1997-07-24,3.85685321688652,18.4751456578573,4.75657999815827,1.74,0.591874015748032
1997-07-25,6.19403481483459,15.4952499866486,2.64415108172071,2.21,0.751748031496063
1997-07-26,6.53523857181426e-05,15.3937541643778,3.66386423781042,2.4,0.816377952755906
1997-07-27,0.732498752574126,19.0429530143738,5.17003005276567,1.84,0.625889763779528
1997-07-28,0.0209985884527365,17.5078892707825,3.97015788689895,1.81,0.615685039370079
1997-07-29,0.171076693882545,17.9567448298136,4.92873980246012,1.75,0.595275590551181
1997-07-30,0.000877482919131959,18.8487281799316,5.2900669261092,1.66,0.564661417322835
1997-07-31,3.83135478695234,15.4130088488261,3.81317811620801,1.57,0.534047244094488
1997-08-01,2.84487304091454,13.1426480611165,2.48222675630522,1.85,0.629291338582677
1997-08-02,0.144228744475792,15.4207755724589,3.30982643156133,1.75,0.595275590551181
1997-08-03,0.000296479268096543,17.8824809392293,4.4746491321929,1.67,0.568062992125984
1997-08-04,0.0484634035577377,20.8445301055908,5.51094835860769,1.66,0.564661417322835
1997-08-05,0.466771592851728,21.703166325887,4.84773453556913,1.57,0.534047244094488
1997-08-06,0.000171186499452839,19.7598416010539,4.36802716104161,1.49,0.506834645669291
1997-08-07,0.0194412123722335,19.3885515530904,4.58764403233509,1.46,0.496629921259843
1997-08-08,3.63959188759327,17.5471078554789,3.74082969716458,1.42,0.483023622047244
1997-08-09,3.67031170753762e-05,18.2220780054728,4.31541969173653,1.65,0.561259842519685
1997-08-10,0,19.9037369092305,4.94924128310784,1.33,0.452409448818898
1997-08-11,0,20.621161142985,4.69895164808209,1.23,0.418393700787402
1997-08-12,0,20.0418219566345,5.04570053090159,1.23,0.418393700787402
1997-08-13,0.000358080636942759,19.966277440389,5.18867169639788,1.25,0.425196850393701
1997-08-14,0.146506709357103,20.8285713195801,4.7972861891439,1.22,0.414992125984252
1997-08-15,0.0042355246647882,20.1142594019572,4.3358808282738,1.23,0.418393700787402
1997-08-16,0.000649479153556361,19.281432946523,4.37465675564215,1.21,0.411590551181102
1997-08-17,2.55289928118388,18.2480096817017,3.1284925573657,1.22,0.414992125984252
1997-08-18,0.58440953741471,17.1341320673625,3.59592411922505,1.24,0.421795275590551
1997-08-19,0.000466213513088102,18.2657198905945,4.35076214436558,1.23,0.418393700787402
1997-08-20,1.43671447100739e-05,18.7060834566752,4.53456010334774,1.22,0.414992125984252
1997-08-21,0.00634618408192485,18.9490836461385,4.71848722946545,1.19,0.404787401574803
1997-08-22,3.9344662733735e-06,19.8633117675781,4.78399817052503,1.16,0.394582677165354
1997-08-23,0.0200230790893935,20.7352476119995,4.55890468668423,1.15,0.391181102362205
1997-08-24,0.172281896385054,20.2847442626953,3.76778761181059,1.15,0.391181102362205
1997-08-25,0.000866278637355814,21.2967807451884,4.87594692571733,1.17,0.397984251968504
1997-08-26,0.00730201089754701,19.9545001983643,3.63118937350805,1.27,0.432
1997-08-27,0.000359660868222515,20.2143030166626,3.89468685027573,1.24,0.421795275590551
1997-08-28,21.8552133242289,14.9035857518514,3.51914263345758,1.37,0.466015748031496
1997-08-29,3.81220302979151,12.739870707194,2.79120209663317,2.11,0.717732283464567
1997-08-30,1.0850557188193,14.9126845200857,3.04733133186585,1.72,0.585070866141732
1997-08-31,0.0360968323269238,17.8840781847636,3.57699280564978,1.44,0.489826771653543
1997-09-01,4.24247635540572e-07,19.3246490160624,4.34540219792141,1.51,0.513637795275591
1997-09-02,0.0226286528632045,18.8570884068807,3.65445360488821,1.48,0.503433070866142
1997-09-03,5.64315147736731e-06,18.222691377004,2.49378619493473,1.43,0.486425196850394
1997-09-04,0.00204808246174556,18.6853087743123,3.12012788014299,1.38,0.469417322834646
1997-09-05,0.229418324927489,19.0388185183207,3.83471548549967,1.4,0.476220472440945
1997-09-06,7.41624490420024,17.069072564443,2.47880424661911,1.59,0.540850393700787
1997-09-07,0.00433706750239556,14.4020701249441,2.41123984467883,1.68,0.571464566929134
1997-09-08,7.59105787437875e-05,15.0208627382914,3.37662002891914,1.47,0.500031496062992
1997-09-09,1.00153192761354e-06,15.4043594996134,3.10395930162792,1.36,0.462614173228347
1997-09-10,0.00147968503491332,10.9695846239726,2.42943321564776,1.38,0.469417322834646
1997-09-11,0,13.8454039891561,3.55380788018592,1.35,0.459212598425197
1997-09-12,3.07217176755269,18.2454579671224,3.83230687810518,1.3,0.442204724409449
1997-09-13,6.89596927165985,11.6319938500722,2.08167319547304,1.5,0.510236220472441
1997-09-14,0.000322608119555904,9.31089067459106,2.24812366787614,1.7,0.578267716535433
1997-09-15,0,10.075799703598,2.6719518728496,1.37,0.466015748031496
1997-09-16,5.0138141887146e-06,12.2033170859019,3.14766419293094,1.34,0.455811023622047
1997-09-17,2.815641558603e-05,14.6995508670807,3.32828462766468,1.34,0.455811023622047
1997-09-18,0,14.9902239640554,3.23785890990609,1.28,0.43540157480315
1997-09-19,4.11052161455154,14.9193329811096,3.00660550958624,1.3,0.442204724409449
1997-09-20,0.00071840055731324,10.188715616862,2.00437328279398,1.34,0.455811023622047
1997-09-21,0.000351041118847206,9.57503032684326,2.3048200264529,1.31,0.445606299212598
1997-09-22,1.33621112278585e-06,10.1058306694031,2.48941280312549,1.26,0.42859842519685
1997-09-23,6.29115248784728e-07,10.717888991038,2.56323855258227,1.28,0.43540157480315
1997-09-24,3.01042564387899e-06,11.4816631476084,2.63220921980839,1.28,0.43540157480315
1997-09-25,8.21991307020653e-06,11.5087722937266,2.38342364803223,1.28,0.43540157480315
1997-09-26,8.18253041264446e-06,11.1703515052795,2.51029856233586,1.26,0.42859842519685
1997-09-27,1.08607091533486e-05,11.6396646499634,2.67627504260862,1.28,0.43540157480315
1997-09-28,3.55567750981815e-05,12.0006359418233,2.64039841966595,1.28,0.43540157480315
1997-09-29,9.67634908496014e-07,12.6837602456411,2.63493674315232,1.3,0.442204724409449
1997-09-30,0.000496562322950922,15.0392737388611,2.40037186215069,1.28,0.43540157480315
1997-10-01,0.288603044115007,15.935730377833,1.726970568701,1.3,0.442204724409449
1997-10-02,0.0446112769908117,14.4638790289561,1.89668747794284,1.27,0.432
1997-10-03,0,8.21685421466827,1.63897705564547,1.3,0.442204724409449
1997-10-04,0,8.8437872727712,2.2090687201455,1.27,0.432
1997-10-05,0,10.5445374647776,2.39050726717387,1.33,0.452409448818898
1997-10-06,0.0105262322273726,13.1992109616597,2.61671065423767,1.35,0.459212598425197
1997-10-07,0.0635459925979376,15.8853268623352,2.38858326210235,1.35,0.459212598425197
1997-10-08,0.00686117006019534,16.5427447954814,1.97545333711841,1.3,0.442204724409449
1997-10-09,0.000825079051234449,18.997483253479,1.97257895660555,1.25,0.425196850393701
1997-10-10,19.6920126279195,13.1428221066793,1.62486392107183,1.42,0.483023622047244
1997-10-11,11.739733060201,10.0826978683472,1.29890384316444,2.18,0.741543307086614
1997-10-12,5.68590003252029,8.18644932905833,1.08477021351877,2,0.680314960629921
1997-10-13,7.42624545097351,5.60883263746897,1.12982236520692,2.05,0.697322834645669
1997-10-14,5.75019943714142,4.76626364390055,0.780115509082507,2,0.680314960629921
1997-10-15,4.3725933432579,4.96548744042714,0.703458078141858,1.97,0.670110236220472
1997-10-16,2.03190750877062,6.34438546498617,0.736245063561594,1.96,0.666708661417323
1997-10-17,0.0243826752824437,7.14152443408966,1.06042218915436,1.81,0.615685039370079
1997-10-18,0.0256105048659568,7.68203163146973,0.877067624119196,1.68,0.571464566929134
1997-10-19,0.0325133803805026,7.69363184769948,0.957916932335786,1.49,0.506834645669291
1997-10-20,0.359417705486218,8.66906444231669,1.09331345336817,1.49,0.506834645669291
1997-10-21,0.0451408903172705,4.91242905457815,0.767239959370056,1.48,0.503433070866142
1997-10-22,0.00654773140316441,4.01694369316101,0.719341742050757,1.48,0.503433070866142
1997-10-23,0.000390107716157218,3.53716558218002,1.02183256199808,1.32,0.449007874015748
1997-10-24,0.00152263381793697,3.06007581949234,0.730859660373155,1.31,0.445606299212598
1997-10-25,0.00233109589620047,3.43020029862722,0.99764035906767,1.26,0.42859842519685
1997-10-26,0.0397897571868574,4.49110639095306,0.704278231641316,1.31,0.445606299212598
1997-10-27,0.789359210990369,0.354706336414286,0.645182998228693,1.47,0.500031496062992
1997-10-28,1.20064263076832e-05,-1.05362357695897,0.606196699577028,1.45,0.493228346456693
1997-10-29,0,-0.455585340658824,0.707641549984468,1.55,0.527244094488189
1997-10-30,0,1.47852384050687,0.783897234164597,1.57,0.534047244094488
1997-10-31,0,0.601210460066795,0.765797683077297,1.59,0.540850393700787
1997-11-01,6.38653835001909e-07,0.708781277139982,0.851638852209926,1.56,0.530645669291339
1997-11-02,6.77216909631776e-06,1.4041962325573,0.931960871061709,1.53,0.52044094488189
1997-11-03,0,2.72920660177867,0.963708618318579,1.57,0.534047244094488
1997-11-04,0.000784615288163574,2.08280531565348,0.655162855879708,1.56,0.530645669291339
1997-11-05,2.75328493444249e-05,7.01479895909627,1.14214427875174,1.54,0.523842519685039
1997-11-06,0.000235723435859351,11.1935549577077,1.15717583765681,1.55,0.527244094488189
1997-11-07,0.607600485285123,8.85044209162394,1.04075381268993,1.45,0.493228346456693
1997-11-08,0.226295679807663,7.23452428976695,0.858678989837507,1.48,0.503433070866142
1997-11-09,2.68904126683871,4.73895704746246,0.62314670142768,1.48,0.503433070866142
1997-11-10,0.0330342410015874,6.07852812608083,0.858874924679597,1.66,0.564661417322835
1997-11-11,0.0253814190315704,5.93102693557739,0.822016175232999,1.45,0.493228346456693
1997-11-12,2.38661567370097,4.52386740843455,0.57038062870159,1.45,0.493228346456693
1997-11-13,0.0472044387521843,4.06008396546046,0.616703572751538,1.67,0.568062992125984
1997-11-14,0.0197945745118583,3.46384064356486,0.572681099109065,1.46,0.496629921259843
1997-11-15,1.90901050964991,3.99621067444483,0.642334772522058,1.32,0.449007874015748
1997-11-16,0.265459582209587,5.3546146551768,0.452041948487659,1.48,0.503433070866142
1997-11-17,0.000687132334860507,3.02853926022848,0.348811458442093,1.59,0.540850393700787
1997-11-18,0.000545258014123344,1.69525757431984,0.277380193811873,1.46,0.496629921259843
1997-11-19,0.00470855934690917,-1.97850832343102,0.34387280259503,1.54,0.523842519685039
1997-11-20,0.505086903770765,1.42585578064124,0.595889604014592,1.55,0.527244094488189
1997-11-21,0.0620801616460085,3.04478164513906,0.619276216249653,1.51,0.513637795275591
1997-11-22,0.0286543738135758,1.45266166329384,0.399034524778541,1.45,0.493228346456693
1997-11-23,0.0472194546988855,1.26267757018407,0.193207500798813,1.46,0.496629921259843
1997-11-24,0.00382665456891118,1.09009127318859,0.20700319065779,1.48,0.503433070866142
1997-11-25,0.00298183465201873,0.890852948029836,0.271016387831429,1.5,0.510236220472441
1997-11-26,0.00281764327761872,0.74140257636706,0.295549446524218,1.51,0.513637795275591
1997-11-27,0.385146339734395,0.337189216166735,0.242679176063168,1.53,0.52044094488189
1997-11-28,2.44325884183248,4.61450103918711,0.584823942650802,1.56,0.530645669291339
1997-11-29,0.123160409275442,6.11043953895569,0.580503556839433,1.56,0.530645669291339
1997-11-30,0.728198657433192,4.66255331039429,0.453241512507487,1.59,0.540850393700787
1997-12-01,0.659237618247668,2.61098380883535,0.361893960313393,1.59,0.540850393700787
1997-12-02,7.60178164641062,0.581586631635825,0.256882165249972,1.59,0.540850393700787
1997-12-03,8.83168125152588,-1.48988908529282,0.22682997060451,1.78,0.60548031496063
1997-12-04,0.0398952982698878,-1.26072853803635,0.23907446722218,1.73,0.588472440944882
1997-12-05,0.00734688870337171,-1.57142595450083,0.281336490751033,1.69,0.574866141732283
1997-12-06,0.000686234445311129,-3.21403580904007,0.264193113930103,1.6,0.544251968503937
1997-12-07,0.00295688672728526,-0.56944498916467,0.368315928447391,1.62,0.551055118110236
1997-12-08,0.581302608052889,0.566016425689062,0.409323287387406,1.63,0.554456692913386
1997-12-09,0.232905811319749,2.46329261859258,0.420208850258132,1.68,0.571464566929134
1997-12-10,3.33575719594955,5.84285990397135,0.478437940378588,1.89,0.642897637795276
1997-12-11,19.7384103139242,9.2815584341685,0.460057031408808,2.28,0.77555905511811
1997-12-12,5.19389679034551,5.34869126478831,0.440782642826457,6.1,2.07496062992126
1997-12-13,1.75735546151797,2.70182353258133,0.292162078764919,4.2,1.42866141732283
1997-12-14,7.34717305501302,0.779531372090181,0.22611130572367,3.23,1.09870866141732
1997-12-15,0.412886828184128,-2.40673381090164,0.265385372336448,2.67,0.908220472440945
1997-12-16,0.00013230302890103,-5.47039214769999,0.173964235760071,2.32,0.789165354330709
1997-12-17,0.0623426365976532,-2.1663938164711,0.293679803713708,2.08,0.707527559055118
1997-12-18,0.0104967725928873,0.0151944781343142,0.279170914493879,1.94,0.659905511811024
1997-12-19,0.0327816872353045,0.445825556914012,0.330469115673436,1.82,0.619086614173228
1997-12-20,19.9196778933207,0.802659963568052,0.285674581510005,1.85,0.629291338582677
1997-12-21,13.024321158727,1.80554855863253,0.26837797907108,7.59,2.58179527559055
1997-12-22,1.25745425621669,0.561740823090076,0.177305977540501,13.8,4.69417322834646
1997-12-23,0.887890075643857,1.36424321929614,0.229810074605441,5.24,1.78242519685039
1997-12-24,1.98851211865743,5.19224047660828,0.459041501762104,3.9,1.32661417322835
1997-12-25,1.68808884670337,9.68022346496582,0.63181786360868,3.72,1.26538582677165
1997-12-26,0.632599453131358,5.96113479137421,0.489944029209686,3.29,1.11911811023622
1997-12-27,1.37055863936742,3.27481323480606,0.357670653601999,3.31,1.12592125984252
1997-12-28,1.27217392126719,2.13767998417219,0.275299201490952,2.79,0.94903937007874
1997-12-29,1.46453106403351,0.467615323548671,0.26059406572558,2.92,0.993259842519685
1997-12-30,0.000521617281871537,0.628507018089294,0.356646178153032,2.62,0.891212598425197
1997-12-31,0.0114785772796798,2.81914726893107,0.492605348997696,2.4,0.816377952755906
1998-01-01,1.2283950522542,2.24230079849561,0.454151906885894,2.22,0.755149606299213
1998-01-02,0.98543027912577,5.74211351076762,0.534032356050933,2.2,0.748346456692914
1998-01-03,3.51800335446993,6.66998716195424,0.513664099725899,2.19,0.744944881889764
1998-01-04,2.72416723767916,5.69111422697703,0.503152756569264,2.38,0.809574803149606
1998-01-05,3.16379779577255,5.51900839805603,0.505621313243895,2.6,0.884409448818898
1998-01-06,2.0114483833313,3.79579490423203,0.450284224463461,2.8,0.95244094488189
1998-01-07,0.0286874526840014,7.94558954238892,0.611511430246998,2.89,0.983055118110236
1998-01-08,6.19373107231998e-06,6.18235592047373,0.566934506127658,2.64,0.898015748031496
1998-01-09,4.98442280634966e-07,5.76814965407054,0.637656959830312,2.3,0.782362204724409
1998-01-10,0,2.06420303384463,0.580921446581527,2.09,0.710929133858268
1998-01-11,0.00530191948079543,1.03902584562699,0.569293822503322,1.91,0.649700787401575
1998-01-12,0,0.79687252206107,0.585168758585954,1.91,0.649700787401575
1998-01-13,0.00477417627977654,-0.0181475856030981,0.498979210431122,1.88,0.639496062992126
1998-01-14,0.0894133560359478,2.94717923800151,0.61751197976875,1.84,0.625889763779528
1998-01-15,0.804026637847225,2.88421630859375,0.487636712533946,1.75,0.595275590551181
1998-01-16,5.09789983431498,4.57951390743256,0.424069967541807,1.78,0.60548031496063
1998-01-17,0.497270077311744,1.30397641162078,0.45979092153059,1.93,0.656503937007874
1998-01-18,3.51721922556559,1.53018831213315,0.542154116151429,1.95,0.663307086614173
1998-01-19,3.11047790447871,3.54571551084518,0.451566391383597,2.17,0.738141732283465
1998-01-20,2.67965614795685,0.00103603924314181,0.329903209520311,2.31,0.785763779527559
1998-01-21,0.914174055059751,-0.752646739284197,0.26372828677196,2.23,0.758551181102362
1998-01-22,0.572846514483293,-1.8467457095782,0.247911170374797,2.15,0.731338582677165
1998-01-23,0.183274757582694,-0.777348560591539,0.221487819609439,2.06,0.700724409448819
1998-01-24,2.04390471676985,-2.47787990172704,0.261499104644976,1.98,0.673511811023622
1998-01-25,0.000133439510439833,-2.99183038870494,0.238043949663047,1.93,0.656503937007874
1998-01-26,5.51416218144141e-05,-5.52703221638997,0.268240575809412,1.79,0.60888188976378
1998-01-27,0,-6.79433389504751,0.207247159328521,1.78,0.60548031496063
1998-01-28,0.0202544702236385,-5.39316443602244,0.33579762447143,1.75,0.595275590551181
1998-01-29,0.0811931195979317,-3.70178480943044,0.367847724826133,1.72,0.585070866141732
1998-01-30,0.00130390168760641,-5.28617751598358,0.377202126186585,1.83,0.622488188976378
1998-01-31,0.533543933803836,-5.23632494608561,0.408936744665053,1.9,0.646299212598425
1998-02-01,0.00133922667434187,-8.88732647895813,0.254630898759892,1.88,0.639496062992126
1998-02-02,0.0017301362240687,-6.97549351056417,0.410321398005671,1.84,0.625889763779528
1998-02-03,0.00136054489000041,-5.21137901147207,0.501813848555815,1.79,0.60888188976378
1998-02-04,2.72254586282846e-07,-5.81435334682465,0.445572598737004,1.75,0.595275590551181
1998-02-05,7.7566306420825e-06,-5.26469679673513,0.555131064716147,1.7,0.578267716535433
1998-02-06,0.00123168235465225,-3.60024791955948,0.609477858168808,1.66,0.564661417322835
1998-02-07,0.0844507550355047,-0.164277621234457,0.899876161657415,1.62,0.551055118110236
1998-02-08,0.00118797315008123,-0.583480926851431,0.668127059149712,1.62,0.551055118110236
1998-02-09,0,0.734167732298374,0.926603413576473,1.63,0.554456692913386
1998-02-10,0,2.61297901471456,1.0751367016392,1.67,0.568062992125984
1998-02-11,0,3.77287032206853,1.17465276406541,1.56,0.530645669291339
1998-02-12,0.00012089210861177,5.9626677831014,1.19645427667275,1.56,0.530645669291339
1998-02-13,0.000263027681891496,7.34321220715841,1.30697413450826,1.55,0.527244094488189
1998-02-14,0,6.15580054124196,1.16529250816232,1.58,0.537448818897638
1998-02-15,2.75859808122429e-06,6.14695020516713,1.34117270441952,1.57,0.534047244094488
1998-02-16,0.0687112836167216,8.63372031847636,1.4285114981787,1.62,0.551055118110236
1998-02-17,0.143141953895489,4.33409974972407,0.89680905682254,1.61,0.547653543307087
1998-02-18,7.7566306420825e-06,3.5714554588,1.15753410515972,1.61,0.547653543307087
1998-02-19,6.56493959165042e-06,6.33009739716848,1.42834674144659,1.55,0.527244094488189
1998-02-20,3.83073863000997e-06,5.23743923505147,1.36338541295758,1.56,0.530645669291339
1998-02-21,0.00443731680085572,7.55516910552979,1.7673291171341,1.56,0.530645669291339
1998-02-22,11.0650401910146,6.04506007830302,1.03312339623313,1.48,0.503433070866142
1998-02-23,2.01589175065358,4.84877689679464,0.644908627216644,2.06,0.700724409448819
1998-02-24,3.23839577039083,4.94218405087789,1.03900396538823,2.16,0.734740157480315
1998-02-25,0.758100137114525,6.97059647242228,0.820196388705213,2,0.680314960629921
1998-02-26,0.00832109877713568,5.45353110631307,0.797469420471233,1.85,0.629291338582677
1998-02-27,0.000786573435713459,6.53606100877126,1.32517935214641,1.71,0.581669291338583
1998-02-28,7.29770751794179,4.81904975573222,1.10758745014765,1.66,0.564661417322835
1998-03-01,0.118645245519777,1.60194529096286,0.748413140781017,1.8,0.612283464566929
1998-03-02,3.23549171904839e-05,5.27934153874715,1.20934075653538,1.82,0.619086614173228
1998-03-03,0.00114252980953703,9.50518981615702,1.73302861633934,1.84,0.625889763779528
1998-03-04,4.72951149940491,14.9117013613383,1.96993974201027,1.85,0.629291338582677
1998-03-05,0.692813721795877,4.30058846871058,1.49261120017011,1.74,0.591874015748032
1998-03-06,4.26312100887299,5.85599517822266,1.21230924045503,1.76,0.598677165354331
1998-03-07,6.35729841391246,8.65636571248372,1.41198708801416,1.9,0.646299212598425
1998-03-08,7.65263005097707,5.18847664197286,1.01991578736365,2.88,0.979653543307087
1998-03-09,0.0295656468175973,-1.60796817143758,0.924118044153482,4.36,1.48308661417323
1998-03-10,0.00672558470008274,-1.14699963728587,1.02888744868576,3.11,1.05788976377953
1998-03-11,0.00188672214668865,0.667510424119731,1.26303600171554,2.25,0.765354330708661
1998-03-12,1.70812177658081,1.07053357362747,1.07083456275786,2.02,0.687118110236221
1998-03-13,0.117737762629986,1.30534941454728,0.94992321741153,1.9,0.646299212598425
1998-03-14,1.45681534210841,3.73008372386297,0.887883429678406,1.79,0.60888188976378
1998-03-15,12.3378479083379,4.46835970878601,0.78903163259949,1.79,0.60888188976378
1998-03-16,2.43325832486153,5.84152166048686,1.01908536565469,3.27,1.11231496062992
1998-03-17,0.614750457306703,5.42874073982239,0.793783340427038,4.27,1.45247244094488
1998-03-18,2.22447832425435,6.68190177281698,1.40130291741846,2.82,0.959244094488189
1998-03-19,0.143284528981894,3.33982880910238,1.16763441086764,2.43,0.826582677165354
1998-03-20,2.98941709597905,2.66896818081538,1.06152533676433,2.36,0.802771653543307
1998-03-21,0.0687797972932458,0.0137333913395802,1.09167921274867,2.34,0.795968503937008
1998-03-22,3.54233849048615,1.24549940725168,1.52024568596049,2.15,0.731338582677165
1998-03-23,11.8382740020752,-0.208028633147478,0.73761396901129,2.16,0.734740157480315
1998-03-24,0.0172782787121832,-0.544285113147149,1.07809953404252,2.21,0.751748031496063
1998-03-25,0.00678625205546268,-1.09200682987769,1.37510701704802,2.21,0.751748031496063
1998-03-26,1.16545153332481e-05,1.41472705701987,1.71130751700051,2.19,0.744944881889764
1998-03-27,0,6.15729769070943,2.03580162669059,2.33,0.792566929133858
1998-03-28,0.000438577663317119,8.84636958440145,2.7130481169068,3.38,1.14973228346457
1998-03-29,0,10.717554807663,2.76693190693369,3.35,1.13952755905512
1998-03-30,0,10.4274392127991,2.94500378401316,2.52,0.857196850393701
1998-03-31,8.4779873759544e-05,11.8268052736918,3.26854792112601,2.08,0.707527559055118
1998-04-01,0.0145987409632653,12.450041214625,2.91023195856405,1.82,0.619086614173228
1998-04-02,1.59022517999013,11.0450809796651,2.32861548703189,1.8,0.612283464566929
1998-04-03,1.51163560648759,12.0177841186523,2.5110275733258,1.83,0.622488188976378
1998-04-04,1.85762213667234,7.16363000869751,1.50534397389077,1.68,0.571464566929134
1998-04-05,1.20634980127215,8.17138040065765,1.71194549339144,1.71,0.581669291338583
1998-04-06,0.449640578590333,7.3071950674057,1.97117306330513,1.8,0.612283464566929
1998-04-07,1.45071138938268,7.54972684383392,2.21032889458042,1.76,0.598677165354331
1998-04-08,1.52939717223247,5.77727484703064,1.96423641923869,1.79,0.60888188976378
1998-04-09,0.000352545369726916,6.95890259742737,2.677173749067,1.76,0.598677165354331
1998-04-10,0.0439609888320168,8.45729744434357,3.06834272572321,1.6,0.544251968503937
1998-04-11,6.43867817521095,7.56034123897552,2.29441360145257,1.6,0.544251968503937
1998-04-12,3.65883984168371,3.1757740577062,1.49473106081836,1.79,0.60888188976378
1998-04-13,11.8267066081365,2.12581673264503,1.33937283136379,1.86,0.632692913385827
1998-04-14,0.0780451809987426,2.31190020839373,1.55083367682084,2.36,0.802771653543307
1998-04-15,0.00147808172429601,7.40218261877696,2.86966623779701,2.4,0.816377952755906
1998-04-16,8.07177578584136e-06,5.29416755835215,1.80952734890551,2.05,0.697322834645669
1998-04-17,0.112297231991154,6.61359989643097,2.65539060416949,1.8,0.612283464566929
1998-04-18,0.0908151645368586,5.2182492017746,2.21824822104297,1.72,0.585070866141732
1998-04-19,0.173972911201417,4.15087427695592,1.8303222294333,1.64,0.557858267716535
1998-04-20,2.06081007917722,8.77821326255798,3.591370501412,1.57,0.534047244094488
1998-04-21,1.96442053715388,9.268017689387,2.08222292915394,1.6,0.544251968503937
1998-04-22,0.00200645469400721,11.2853529453278,3.46669166119551,1.62,0.551055118110236
1998-04-23,1.1171065022548,12.8304545879364,4.19621858988828,1.58,0.537448818897638
1998-04-24,0.000537104274068649,10.8886876106262,2.50597359090128,1.54,0.523842519685039
1998-04-25,0.33132886638244,13.8569370905558,4.08819444101747,1.47,0.500031496062992
1998-04-26,0.000352215448704859,15.434065580368,3.88460602094297,1.53,0.52044094488189
1998-04-27,1.61199370026588,13.1661880811056,4.07025571314239,1.51,0.513637795275591
1998-04-28,9.65485898653666,7.47387103239695,1.77841845796338,1.63,0.554456692913386
1998-04-29,0.0506902579994251,8.82086777687073,2.33709972593214,1.83,0.622488188976378
1998-04-30,0.00255754423172524,13.1777275403341,4.32960168938462,1.54,0.523842519685039
1998-05-01,29.9828791618347,11.9861311912537,3.37931194469706,1.6,0.544251968503937
1998-05-02,9.01783420642217,9.82000517845154,1.34584610193991,9.96,3.38796850393701
1998-05-03,1.54129731655121,11.0846203962962,2.73235915212921,11.5,3.91181102362205
1998-05-04,0.460481790980945,7.98621030648549,2.1345922936526,3.73,1.2687874015748
1998-05-05,0.0172735059980672,8.86854116121928,2.76040526120724,2.69,0.915023622047244
1998-05-06,0.653240449726582,10.4439678192139,2.76626877411317,2.22,0.755149606299213
1998-05-07,0,12.7600661913554,3.92845189914755,1.96,0.666708661417323
1998-05-08,0,16.0884496370951,5.17797027237152,1.73,0.588472440944882
1998-05-09,0,17.6041661898295,5.07965264010316,1.64,0.557858267716535
1998-05-10,0,18.7361316680908,5.30276779523394,1.55,0.527244094488189
1998-05-11,5.5829756699192e-05,19.0087642669678,5.55966701993839,1.56,0.530645669291339
1998-05-12,0,19.7823704083761,5.74744460862288,1.59,0.540850393700787
1998-05-13,0,20.5142758687337,5.6523586490468,1.57,0.534047244094488
1998-05-14,7.89193601728281e-07,16.1592093308767,4.04185963387557,1.48,0.503433070866142
1998-05-15,0,15.0476293563843,4.53848254166167,1.44,0.489826771653543
1998-05-16,0.00027467204745335,13.244350194931,3.89382227735406,1.45,0.493228346456693
1998-05-17,1.09554009636243,10.8608464399974,3.03275129569123,1.39,0.472818897637795
1998-05-18,3.0911511083444,11.4665539264679,3.7349070246134,1.43,0.486425196850394
1998-05-19,0.0251338614131479,14.1975531578064,4.43135743798676,1.45,0.493228346456693
1998-05-20,0.0919516024490197,15.3215274810791,4.82146540483773,1.41,0.479622047244094
1998-05-21,4.16762850681941,13.9200200239817,4.32497382641525,1.45,0.493228346456693
1998-05-22,0.0028174569621721,9.08181039492289,2.61565373255977,1.47,0.500031496062992
1998-05-23,1.16610805844797e-07,9.32137664159139,3.48238514728398,1.41,0.479622047244094
1998-05-24,0.00429248251020908,11.2857643763224,3.40511046769181,1.4,0.476220472440945
1998-05-25,0.68278948807468,12.2768495877584,3.8538805357531,1.46,0.496629921259843
1998-05-26,1.79011158148448,13.2927022775014,3.94797992657135,1.45,0.493228346456693
1998-05-27,0.150241559953429,15.5407698949178,4.30561058308148,1.44,0.489826771653543
1998-05-28,0.00493733200710267,18.2445336977641,5.55505669089642,1.43,0.486425196850394
1998-05-29,3.96581647793452,14.4945217768351,3.05611738704299,1.43,0.486425196850394
1998-05-30,0.0488545605912805,15.4520150025686,4.33255070563783,1.44,0.489826771653543
1998-05-31,5.46639855702718,15.7835244337718,5.01719643694731,1.43,0.486425196850394
1998-06-01,0.00149623085841692,14.6151671409607,4.31298537954775,1.49,0.506834645669291
1998-06-02,5.06909682353338,19.455685933431,6.06175924825852,1.46,0.496629921259843
1998-06-03,0.806820290784041,17.076207002004,3.64019036247876,1.81,0.615685039370079
1998-06-04,0.00354710708779749,19.5011224746704,5.37788300152864,1.48,0.503433070866142
1998-06-05,0,22.8808301289876,6.73386252148488,1.47,0.500031496062992
1998-06-06,0.590879862507184,24.1480852762858,7.11580956207701,1.41,0.479622047244094
1998-06-07,21.9880482355754,18.1443138122559,4.74769726119589,2.03,0.69051968503937
1998-06-08,0.430212909045319,14.6174739201864,3.72774571196922,2.17,0.738141732283465
1998-06-09,0.00053728371131001,17.9494078954061,5.74416113623893,1.85,0.629291338582677
1998-06-10,7.29409563541412,15.6035137971242,4.45049923052151,1.46,0.496629921259843
1998-06-11,21.7927265167236,12.3528256416321,2.92207110023695,1.57,0.534047244094488
1998-06-12,18.1219298044841,8.76514744758606,1.87434502171791,2.85,0.969448818897638
1998-06-13,0.575422162034859,9.29452514648438,2.9675268378861,3.4,1.15653543307087
1998-06-14,0.423083074390888,11.544332186381,4.50490091201388,1.98,0.673511811023622
1998-06-15,3.7091990907987,12.1696536540985,3.4685442063431,1.54,0.523842519685039
1998-06-16,5.88827172915141,12.1670630772909,3.40264245771537,1.65,0.561259842519685
1998-06-17,1.00658249109983,12.677891254425,3.4428584649903,1.79,0.60888188976378
1998-06-18,0.73947249352932,13.7775926589966,3.68336068578855,1.51,0.513637795275591
1998-06-19,0.00085178682396266,17.2577788035075,4.50654684298932,1.45,0.493228346456693
1998-06-20,7.6866057497682e-05,20.5474977493286,6.23928516049995,1.37,0.466015748031496
1998-06-21,0.000476887667900883,23.4028406143188,6.82577765577064,1.29,0.438803149606299
1998-06-22,0.398656786729892,19.7129371960958,4.55156679779252,1.32,0.449007874015748
1998-06-23,3.31262102311788e-06,17.3270010948181,4.4360672335883,1.45,0.493228346456693
1998-06-24,1.07542473415378e-05,18.0505820910136,4.86369742571864,1.43,0.486425196850394
1998-06-25,2.04740421691289,21.1380391120911,6.23547950763272,1.42,0.483023622047244
1998-06-26,15.1776166558266,18.6697374979655,4.34197882357558,1.57,0.534047244094488
1998-06-27,4.4782125155131,20.0513402620951,5.24878457309891,4.17,1.41845669291339
1998-06-28,0.443789628644784,16.5519618988037,2.93184024778053,2.27,0.772157480314961
1998-06-29,2.76114982019256e-05,17.6409648259481,4.93791639655478,1.93,0.656503937007874
1998-06-30,1.39834475020568,18.405432065328,5.56034763550317,1.55,0.527244094488189
1998-07-01,5.63953040043513,17.1331508954366,4.87824020429544,1.46,0.496629921259843
1998-07-02,0.945428222417831,15.7391588687897,3.05574968349962,1.53,0.52044094488189
1998-07-03,3.78486659626166,16.2519762516022,3.22647015643777,1.72,0.585070866141732
1998-07-04,0.195687845116481,15.1583011945089,3.82338905903336,1.64,0.557858267716535
1998-07-05,0.396833176414172,15.8422524134318,3.42812366547836,1.46,0.496629921259843
1998-07-06,0.0419848646658162,17.2103142738342,4.36195854207226,1.42,0.483023622047244
1998-07-07,12.1885749101639,13.377549012502,4.13163692129103,1.42,0.483023622047244
1998-07-08,8.53212873140971,10.1930437088013,2.03833284542296,2.18,0.741543307086614
1998-07-09,0.301472517972191,14.1831851800283,3.53102572021748,1.91,0.649700787401575
1998-07-10,3.33889450629552,16.1015309492747,3.31670418160923,1.58,0.537448818897638
1998-07-11,2.78045092523098,16.7747246424357,3.38780161535532,1.56,0.530645669291339
1998-07-12,0.111825887657081,17.3726743062337,4.37929018453782,1.48,0.503433070866142
1998-07-13,8.25237743059794,18.4254253705343,5.37551602200915,1.43,0.486425196850394
1998-07-14,0.378399696201086,14.5165282885234,4.12237935863659,1.65,0.561259842519685
1998-07-15,0.174346207951506,14.4435009161631,4.17010445083409,1.71,0.581669291338583
1998-07-16,4.40481626987457,13.7606149514516,3.22950632630891,1.49,0.506834645669291
1998-07-17,1.16941975150257,17.4049359957377,4.35664141329425,1.62,0.551055118110236
1998-07-18,0.00364012086841588,18.7086777687073,4.54399258670861,1.4,0.476220472440945
1998-07-19,0.0655249223733942,21.2978533109029,6.12733724438554,1.25,0.425196850393701
1998-07-20,0.00241920267581008,25.3265204429626,6.61771518246444,1.23,0.418393700787402
1998-07-21,2.77302398284276,22.7809619903564,6.05624321122788,1.29,0.438803149606299
1998-07-22,0.0146689764223993,19.9412455558777,4.04257686598354,1.69,0.574866141732283
1998-07-23,1.72937408089638,21.2289277712504,5.82804262550116,1.54,0.523842519685039
1998-07-24,0.27826500707306,19.7737072308858,4.42674015572338,1.5,0.510236220472441
1998-07-25,8.44044574101766,17.6329895655314,3.63148410430402,1.99,0.676913385826772
1998-07-26,0.383082854251067,19.6376439730326,5.23726108364733,1.87,0.636094488188976
1998-07-27,11.975075562795,16.9736830393473,2.79678096039348,1.86,0.632692913385827
1998-07-28,1.50853173434734,16.3821723461151,3.337222352946,2.14,0.727937007874016
1998-07-29,0.689542572014034,17.4312295913696,3.7943672992099,1.81,0.615685039370079
1998-07-30,2.26068164904912,18.0575064023336,4.20317040202158,1.67,0.568062992125984
1998-07-31,0.163617794712385,16.4028765360514,3.51139312530744,1.69,0.574866141732283
1998-08-01,13.2087183793386,17.7505874633789,4.52353656719513,1.66,0.564661417322835
1998-08-02,0.0173908713234899,17.82599290212,3.25629092783467,2.9,0.986456692913386
1998-08-03,0.000909460960732152,17.1965438524882,2.70888962018176,1.41,0.479622047244094
1998-08-04,0.173610599789148,19.216356754303,4.1925836214085,1.24,0.421795275590551
1998-08-05,0.00969683278041581,16.7846949895223,3.46188525155927,1.2,0.408188976377953
1998-08-06,1.48655847927633e-06,17.655304590861,4.79678399513791,1.16,0.394582677165354
1998-08-07,0,19.767182191213,5.40688711203041,1.13,0.384377952755905
1998-08-08,0,21.8137138684591,5.79812941732117,1.1,0.374173228346457
1998-08-09,0,23.5429085095723,6.3023703630223,1.11,0.377574803149606
1998-08-10,0,22.9475838343302,5.55249817120487,1.02,0.34696062992126
1998-08-11,0,24.6883290608724,5.89165146673289,1.04,0.353763779527559
1998-08-12,2.7887832224369,24.2541262308757,5.57156983999635,1.03,0.350362204724409
1998-08-13,2.33780845130483,18.4678287506104,3.15065961262396,1.2,0.408188976377953
1998-08-14,3.22090927511454e-05,16.9440484046936,4.11479087255931,1.15,0.391181102362205
1998-08-15,2.72730527891933e-05,20.5199575424194,5.39503086256304,1.13,0.384377952755905
1998-08-16,0.000320904907615234,21.2498180071513,5.01061746514031,1.08,0.367370078740158
1998-08-17,0.0311475095804781,21.8850094477336,5.47470653022252,1.04,0.353763779527559
1998-08-18,2.4204044615229,18.7361407279968,3.1163687916003,1.02,0.34696062992126
1998-08-19,0.000484272250711607,18.9231748580933,4.08354135293461,1.1,0.374173228346457
1998-08-20,7.92989737116538e-05,19.0595639546712,4.34516962179403,1.08,0.367370078740158
1998-08-21,6.57931292057037,15.6557854016622,2.69905769405643,1.09,0.370771653543307
1998-08-22,3.79847147067388,13.9312076568604,2.76279941561655,1.17,0.397984251968504
1998-08-23,0.557578153908253,14.335710366567,3.29070835647257,1.25,0.425196850393701
1998-08-24,11.184859752655,13.9293033281962,2.21136162903461,1.41,0.479622047244094
1998-08-25,0.00294926064574004,12.9229100545247,3.11670225992128,1.5,0.510236220472441
1998-08-26,0.0021122794423718,16.3328927357992,4.06031928620112,1.31,0.445606299212598
1998-08-27,0.363018523707675,10.7014203071594,2.36013314855151,1.24,0.421795275590551
1998-08-28,0.000967327114873721,10.3392252922058,2.70935678076388,1.18,0.401385826771654
1998-08-29,0.00102572594187222,10.8285025755564,1.97237207669732,1.21,0.411590551181102
1998-08-30,1.54955329586907e-05,11.5986486275991,3.00989355783891,1.19,0.404787401574803
1998-08-31,0,13.0094939867655,3.13253921302308,1.22,0.414992125984252
1998-09-01,0.458863663719967,15.2551182905833,3.71901703890574,1.22,0.414992125984252
1998-09-02,1.44588116804759,17.8051528930664,3.86899453937809,1.23,0.418393700787402
1998-09-03,7.34632666905721,16.2739374637604,2.04835712703967,1.29,0.438803149606299
1998-09-04,4.26733994483948,17.2877456347148,3.32596848949609,1.52,0.51703937007874
1998-09-05,19.2879741986593,13.7287441094716,1.76601565778668,1.83,0.622488188976378
1998-09-06,0.569814831018448,13.3827879428864,2.32810430747159,2.25,0.765354330708661
1998-09-07,1.75675180057685,14.7261857191722,2.99614385854664,1.5,0.510236220472441
1998-09-08,0.0601042025179292,15.2802511850993,2.65575732859494,1.34,0.455811023622047
1998-09-09,0.00551368033241791,18.8897851308187,3.63530045517093,1.3,0.442204724409449
1998-09-10,20.9384566942851,17.78617699941,2.75718109339198,1.3,0.442204724409449
1998-09-11,30.5819495519002,13.4267800649007,1.54958643361245,3.02,1.02727559055118
1998-09-12,9.32350206375122,10.2099250157674,1.36061961045677,6.02,2.04774803149606
1998-09-13,1.17201345165571,8.48269502321879,1.60938315677589,4.78,1.62595275590551
1998-09-14,2.86978022257487,8.60427888234456,1.43946038213548,2.53,0.86059842519685
1998-09-15,4.87340952952703,10.0142420927684,1.2293898979382,2.06,0.700724409448819
1998-09-16,3.36712308724721,12.2035213311513,2.02978109433493,1.87,0.636094488188976
1998-09-17,13.2985438505809,9.46832688649496,1.34502934156788,1.91,0.649700787401575
1998-09-18,0.563161848112941,9.51832071940104,1.55896213099435,2.71,0.921826771653543
1998-09-19,0.00328302072981993,9.27868668238322,2.05638161814,2.35,0.799370078740158
1998-09-20,1.28669550273723e-06,10.7509291172028,2.35557746216305,1.86,0.632692913385827
1998-09-21,0,11.0739401181539,1.98477336860744,1.62,0.551055118110236
1998-09-22,4.50161648283635e-05,11.1838364601135,2.01928976505025,1.54,0.523842519685039
1998-09-23,0,10.321257352829,2.04730673872178,1.47,0.500031496062992
1998-09-24,0.00685676494322252,11.4827577273051,2.21227801787436,1.44,0.489826771653543
1998-09-25,0.0097451987239765,12.976091225942,2.36046571512451,1.43,0.486425196850394
1998-09-26,5.46481013298035,13.7705070177714,2.2807790583516,1.36,0.462614173228347
1998-09-27,2.19585530956586,14.3959546883901,2.22358198942265,1.52,0.51703937007874
1998-09-28,0.605237268221875,12.6191064516703,1.86569094919256,1.66,0.564661417322835
1998-09-29,0.70699226607879,11.8480163415273,1.65999400806007,1.52,0.51703937007874
1998-09-30,13.8975429534912,12.3216991424561,1.78634418297719,1.48,0.503433070866142
1998-10-01,15.7732408046722,11.3439082304637,1.16154755304972,2.93,0.996661417322835
1998-10-02,0.394579219787071,9.92813475926717,1.4722331020408,3.17,1.07829921259843
1998-10-03,3.86815051237742,9.45908530553182,1.17802606320955,2.39,0.812976377952756
1998-10-04,4.92088041702906,9.01398189862569,1.21502599593391,2.23,0.758551181102362
1998-10-05,0.0516176791861653,9.53027431170146,1.18140156362131,2.41,0.819779527559055
1998-10-06,2.99994638562202,9.63667233784994,0.858108118414405,2.07,0.704125984251968
1998-10-07,26.5289572079976,8.74043893814087,0.724339028776894,2.23,0.758551181102362
1998-10-08,0.0495665092021227,8.940842628479,1.08941406342287,6.16,2.09537007874016
1998-10-09,0.0210382915198958,9.32287335395813,1.21006640473526,3.55,1.20755905511811
1998-10-10,1.3566508491834,10.60782289505,1.49215724512933,2.45,0.833385826771654
1998-10-11,1.15609089533488,9.90691757202148,0.767530527790349,2.02,0.687118110236221
1998-10-12,2.80058329304059,8.52850317955017,0.992242965205959,1.98,0.673511811023622
1998-10-13,1.0230362812678,7.57011953989665,1.24913456758464,1.86,0.632692913385827
1998-10-14,1.50854268173377,11.0932564735413,1.17092672509528,1.77,0.60207874015748
1998-10-15,3.1086960931619,12.6856460571289,1.15204514636994,1.73,0.588472440944882
1998-10-16,0.0355054287162299,12.090735356013,1.3997326920201,1.73,0.588472440944882
1998-10-17,7.5500130256017,14.0220837593079,1.92226659720332,1.61,0.547653543307087
1998-10-18,0.0171288975980133,8.03503787517548,1.19186394768293,1.87,0.636094488188976
1998-10-19,0.337913370380799,5.39182047049205,0.80202380776716,2.4,0.816377952755906
1998-10-20,0.184163276882221,5.18091221650441,1.01354289645773,1.79,0.60888188976378
1998-10-21,5.8193831743362e-05,7.36874814828237,1.35474666716896,1.65,0.561259842519685
1998-10-22,5.83629249983157e-05,10.1347342332204,1.54576543232559,1.6,0.544251968503937
1998-10-23,6.83055329322815,11.2891942660014,1.5379629476038,1.5,0.510236220472441
1998-10-24,17.0114736557007,10.1735460758209,1.0030830091771,1.65,0.561259842519685
1998-10-25,5.1234618028005,9.11398537953695,0.910290344083044,3.91,1.3300157480315
1998-10-26,4.59868896007538,6.36860791842143,0.790808460490057,4.53,1.54091338582677
1998-10-27,3.55501929918925,7.74840772151947,0.840309386660944,3.42,1.16333858267717
1998-10-28,23.4551997184753,13.8314229647319,1.24451522144142,2.95,1.00346456692913
1998-10-29,25.2827865282695,6.85545841852824,1.1715805483988,11.6,3.94582677165354
1998-10-30,7.3026549021403,4.32101515928904,0.618452183484723,10.1,3.4355905511811
1998-10-31,10.1544919808706,5.37460541725159,0.808617114061721,5.25,1.78582677165354
1998-11-01,1.8867846429348,6.39769319693248,0.819181360667235,5.95,2.02393700787402
1998-11-02,0.864813188711802,4.36751389503479,0.825583762384699,5.57,1.89467716535433
1998-11-03,19.6245597998301,6.72571913401286,0.869559694142784,3.83,1.3028031496063
1998-11-04,4.60940980911255,5.49372275670369,0.415431976713157,8.95,3.0444094488189
1998-11-05,0.185955359910925,2.2823811173439,0.626971677598758,9.47,3.22129133858268
1998-11-06,0.0157460482902631,4.69736162821452,0.762852582295151,4.16,1.41505511811024
1998-11-07,4.98426241316944e-05,3.14623858531316,0.67653128338212,3.2,1.08850393700787
1998-11-08,11.2002819379171,4.5696268081665,0.972861128148697,2.66,0.904818897637795
1998-11-09,6.11438302199046,8.93851256370544,0.668802920341497,4.3,1.46267716535433
1998-11-10,14.7866512139638,8.5686186949412,0.540715297825526,7.74,2.6328188976378
1998-11-11,0.560981267461708,2.41632035374641,0.646728395751703,10.7,3.63968503937008
1998-11-12,0.135354817650902,0.627248980104923,0.531836307188951,5.12,1.7416062992126
1998-11-13,0.30705862416653,3.14024527867635,0.648665549368831,3.64,1.23817322834646
1998-11-14,7.56128013134003,2.37578735748927,0.53328713335099,3.23,1.09870866141732
1998-11-15,9.76076916853587,2.56005392471949,0.362229634031567,3.94,1.34022047244094
1998-11-16,7.93766156832377,1.58951082825661,0.318441176722564,6.25,2.1259842519685
1998-11-17,1.24028502901395,-1.455496519804,0.323109078054379,7.86,2.67363779527559
1998-11-18,0.0205818220662574,-3.46112054586411,0.363462043455625,4.25,1.44566929133858
1998-11-19,1.20934181412061,-2.6744689544042,0.365872362648082,3.29,1.11911811023622
1998-11-20,0.61689322690169,-4.53419536352158,0.258265332179237,2.81,0.955842519685039
1998-11-21,0.23017857906719,-6.46741163730621,0.23603320212791,2.53,0.86059842519685
1998-11-22,0.0718840003246441,-8.32472538948059,0.181011327145796,2.3,0.782362204724409
1998-11-23,0.0321069505686561,-4.53657388687134,0.321008486871434,2.16,0.734740157480315
1998-11-24,0.00359315516349549,-3.73627789815267,0.253041512077178,2.06,0.700724409448819
1998-11-25,0.00239577928247551,-2.73225692907969,0.371263646150158,1.97,0.670110236220472
1998-11-26,2.07963118950526,-0.606272958219051,0.332212801549533,1.88,0.639496062992126
1998-11-27,2.85398791233699,1.02768947680791,0.243988523279228,2.01,0.683716535433071
1998-11-28,0.0887677973078098,0.344684508939584,0.288601286936845,2.43,0.826582677165354
1998-11-29,1.03089193006357,-0.834232750038306,0.261914064956828,2.39,0.812976377952756
1998-11-30,0.00713417776084195,-0.522966789081693,0.169355613423448,2.36,0.802771653543307
1998-12-01,0.00689629205832413,-2.24975672364235,0.238416544381796,2.18,0.741543307086614
1998-12-02,0.0474491323305604,-3.63782934347788,0.134837160145575,2.08,0.707527559055118
1998-12-03,0.187431102967821,-4.13147509098053,0.196234499590135,1.96,0.666708661417323
1998-12-04,1.61281449596087,-3.82543007532756,0.225663392366961,1.9,0.646299212598425
1998-12-05,5.96370768547058,-1.68316184480985,0.199187271328922,1.85,0.629291338582677
1998-12-06,3.58749067783356,-2.23720028996468,0.172040089681787,1.84,0.625889763779528
1998-12-07,3.89575264851252,-3.54396160443624,0.224061970043526,1.84,0.625889763779528
1998-12-08,0.149873433324198,-5.73470755418142,0.27849964718032,1.77,0.60207874015748
1998-12-09,2.11361514528592,-8.06807772318522,0.230500321294086,1.76,0.598677165354331
1998-12-10,6.91170597076416,-2.04938849806786,0.419985353747957,1.87,0.636094488188976
1998-12-11,3.71821945905685,-0.239065240137279,0.2797339649905,1.92,0.653102362204724
1998-12-12,4.76351670424144,2.64453818400701,0.336659529316253,3.46,1.17694488188976
1998-12-13,0.166382653173059,6.57887522379557,0.455107818298941,11.1,3.77574803149606
1998-12-14,0.316801574081182,5.89249161879222,0.419118377851042,8.88,3.02059842519685
1998-12-15,0.00525157306886589,4.3138129512469,0.560883757355101,4.5,1.53070866141732
1998-12-16,0.0146982549449604,3.64626483122508,0.504778261616573,3.42,1.16333858267717
1998-12-17,0.0486939556042974,0.382265335259338,0.423132612584469,2.87,0.976251968503937
1998-12-18,0.208300678059459,1.22595210373402,0.56591220160345,2.61,0.887811023622047
1998-12-19,1.22220434993505,3.93367248773575,0.518554320508609,2.45,0.833385826771654
1998-12-20,1.2218856960535,1.02197953561942,0.253469658221042,2.38,0.809574803149606
1998-12-21,1.12546911090612,-1.73136001825333,0.267807406042805,2.33,0.792566929133858
1998-12-22,0.11072978641217,-1.27549677590529,0.281189766482825,2.17,0.738141732283465
1998-12-23,0.0818331241219615,-3.04496584335963,0.327339149761549,2.11,0.717732283464567
1998-12-24,1.76261591414611,-0.74272158741951,0.403029240004345,1.95,0.663307086614173
1998-12-25,0.0504901502281427,0.526662341008584,0.338444451172216,2,0.680314960629921
1998-12-26,0.600573243495698,4.27735648552577,0.463304821065236,1.96,0.666708661417323
1998-12-27,0.190162049994494,7.97163371245066,0.567366019282659,2,0.680314960629921
1998-12-28,0.000527261204600412,3.67224758863449,0.605825082754338,2.07,0.704125984251968
1998-12-29,0.00802179962192895,1.84528211752574,0.485747616090131,1.95,0.663307086614173
1998-12-30,0.013160248772086,-1.11438709497452,0.267462551380565,1.89,0.642897637795276
1998-12-31,0.00234142419261237,-1.26580137014389,0.254318253555673,1.88,0.639496062992126
1999-01-01,0.00653205585937637,-0.496241321166356,0.263031295463366,1.82,0.619086614173228
1999-01-02,1.46153673529625,0.185343886104723,0.477143005953266,1.78,0.60548031496063
1999-01-03,0.941225349903107,5.22896452744802,0.514723040065205,1.82,0.619086614173228
1999-01-04,0.729157616694768,7.76496756076813,0.537716817113679,1.95,0.663307086614173
1999-01-05,0.0050305356902148,6.85538824399312,0.663195311039715,1.84,0.625889763779528
1999-01-06,0.000202219060156494,4.14136121670405,0.677313261636685,1.76,0.598677165354331
1999-01-07,12.8787829081217,7.17433134714762,0.72813128057264,1.78,0.60548031496063
1999-01-08,2.85638756553332,3.79103281100591,0.438176054454439,2.19,0.744944881889764
1999-01-09,0.706046849489212,2.04921839634577,0.302960857636735,2.64,0.898015748031496
1999-01-10,0.00327511372355123,0.893436496456464,0.297040734702811,2.31,0.785763779527559
1999-01-11,2.40806142489115,-0.0144897624850273,0.242764792737452,2.16,0.734740157480315
1999-01-12,2.5111118555069,-3.85807702938716,0.282694226481105,2.03,0.69051968503937
1999-01-13,0.462087967743476,-0.193563713226467,0.427069169548078,1.95,0.663307086614173
1999-01-14,0.542865964273612,1.89541616042455,0.312031268645616,1.88,0.639496062992126
1999-01-15,0,2.27167775233587,0.467896148729924,1.94,0.659905511811024
1999-01-16,0.00700988313352961,4.45879650115967,0.722201450969573,1.97,0.670110236220472
1999-01-17,5.16259798738853e-05,2.20597791671753,0.632554051389802,1.95,0.663307086614173
1999-01-18,0.00525174794105017,0.648614433904489,0.565724009748496,1.93,0.656503937007874
1999-01-19,0,-0.35068658242623,0.471468337380897,1.81,0.615685039370079
1999-01-20,0.000818758654835013,-0.151327677148705,0.616918630316542,1.72,0.585070866141732
1999-01-21,0.0235731079107306,-0.830905149380366,0.532861776633612,1.69,0.574866141732283
1999-01-22,0.00109312543645501,-1.52158253391584,0.437541713140769,1.71,0.581669291338583
1999-01-23,0.00532646512147039,-1.66658734281858,0.516196107359649,1.7,0.578267716535433
1999-01-24,0.00042109697824344,0.72497329612573,0.663534831715879,1.72,0.585070866141732
1999-01-25,0.0333565002268491,5.34578001499176,0.802882996163196,1.73,0.588472440944882
1999-01-26,10.6224962472916,3.58867885669072,0.647494500488751,1.78,0.60548031496063
1999-01-27,4.32945696512858,1.0335365186135,0.276309605339561,2.85,0.969448818897638
1999-01-28,10.1126730442047,0.893525848786036,0.26440396851314,3.06,1.04088188976378
1999-01-29,0.262698050588369,-4.17081727584203,0.429164155496191,3.28,1.11571653543307
1999-01-30,0.984783470630646,-6.44224580128988,0.212040595487598,2.57,0.874204724409449
1999-01-31,0.184221523193022,-8.65672850608826,0.260333642194219,2.22,0.755149606299213
1999-02-01,0.240730974202355,-6.13729166984558,0.42248805677104,2.09,0.710929133858268
1999-02-02,0.325435482586424,-0.784696519374847,0.500579832362312,1.96,0.666708661417323
1999-02-03,0.240268742665648,1.10075127581755,0.44378913977757,1.92,0.653102362204724
1999-02-04,1.77815191447735,4.1159432331721,0.477209301802588,1.91,0.649700787401575
1999-02-05,7.29174641768138,2.35028206308683,0.560811013154608,3.39,1.15313385826772
1999-02-06,4.48798497517904,-0.028839065382878,0.291951353394615,4.71,1.60214173228346
1999-02-07,2.75598949193954,-0.458260111510754,0.471449837478883,3.31,1.12592125984252
1999-02-08,2.14188854893049,-3.6893986860911,0.390870435705581,2.99,1.01707086614173
1999-02-09,3.82806597153346,-4.62919974327087,0.359419328051458,2.68,0.911622047244095
1999-02-10,1.03218635420005,-6.35717439651489,0.492037955937527,2.36,0.802771653543307
1999-02-11,0.562713188429674,-7.40385524431864,0.360605315755221,2.33,0.792566929133858
1999-02-12,1.45974418520927,-10.6224511464437,0.286949383887784,2.19,0.744944881889764
1999-02-13,4.21680144468943,-6.11674118041992,0.515812293677591,2.07,0.704125984251968
1999-02-14,2.30897930264473,-4.46480143070221,0.377738998574699,1.94,0.659905511811024
1999-02-15,0.0329515167201559,-5.48166577021281,0.551332559972474,1.86,0.632692913385827
1999-02-16,1.89684777458509,0.166371131626268,0.910319924659573,1.82,0.619086614173228
1999-02-17,4.03466429313024,-1.6572877963384,0.540259419474694,1.85,0.629291338582677
1999-02-18,3.73873579502106,-0.454573662330707,0.562800491872032,1.87,0.636094488188976
1999-02-19,14.5230371952057,3.53333093722661,0.631717677548795,2.32,0.789165354330709
1999-02-20,8.93249090512594,4.54310158888499,0.461997116901633,16.6,5.64661417322835
1999-02-21,11.1133389870326,4.0960255463918,0.565209348437558,33.3,11.3272440944882
1999-02-22,3.17043815056483,-0.0411872373272975,0.713998821169495,20.6,7.00724409448819
1999-02-23,3.67611825466156,-0.778225724895795,0.375813727956714,10.1,3.4355905511811
1999-02-24,1.56890305876732,-1.07274293402831,0.539876764326178,5.54,1.88447244094488
1999-02-25,0,-3.04426191250483,0.742342733686186,4.52,1.53751181102362
1999-02-26,0.000207557770446935,1.17543921868006,1.13125766366582,3.94,1.34022047244094
1999-02-27,0.0139138603311343,3.96517688035965,1.46463314224611,3.85,1.3096062992126
1999-02-28,0.188828432622055,3.11438433329264,0.900712762095617,4.18,1.42185826771654
1999-03-01,6.41875928640366,5.23568824927012,1.1712763101998,3.79,1.2891968503937
1999-03-02,2.69446997841199,7.98259460926056,0.919076370998319,5.32,1.80963779527559
1999-03-03,0.25189778006946,7.55535467465719,1.2759691290226,6.29,2.1395905511811
1999-03-04,3.74211609363556,4.35232603549957,1.08496934842102,4.27,1.45247244094488
1999-03-05,0.898764011760553,2.25298583507538,0.870737767605572,3.99,1.35722834645669
1999-03-06,0.546166177839041,1.58439920345942,0.837220518493406,4.12,1.40144881889764
1999-03-07,0.484246241549651,0.249371688192089,0.87878066952983,3.14,1.06809448818898
1999-03-08,15.8304665088654,2.90524433056513,1.281953757596,2.94,1.00006299212598
1999-03-09,2.76408247152964,4.44687847296397,1.26915204377889,5.86,1.99332283464567
1999-03-10,6.38762942949931,6.94991481304169,1.71495525276503,7.12,2.42192125984252
1999-03-11,0.152532312165325,3.81298673152924,1.03390915590256,5.86,1.99332283464567
1999-03-12,0.00816501915687695,6.16651137669881,1.72187293412256,4.92,1.67357480314961
1999-03-13,0.003766569982569,8.15835765997569,2.22359359293633,3.84,1.30620472440945
1999-03-14,0.000722575751448555,8.0703688065211,2.07278946327392,3.4,1.15653543307087
1999-03-15,0.00255485351469057,6.38260761896769,1.44129907312447,3.1,1.05448818897638
1999-03-16,0,3.34588068723679,1.5009176258679,2.95,1.00346456692913
1999-03-17,1.26721608495473e-06,1.33642510573069,1.2282255115496,2.69,0.915023622047244
1999-03-18,0.146739815160496,0.82598631332318,1.31382031828028,2.6,0.884409448818898
1999-03-19,3.20170937975248,1.34021154046059,1.20716729585698,2.62,0.891212598425197
1999-03-20,0.618613384664059,2.28059618671735,1.02722584901658,2.65,0.901417322834646
1999-03-21,1.3668911755085,4.68398265043894,1.59042970928074,2.6,0.884409448818898
1999-03-22,4.42356942097346,3.96537005901337,1.16331544967317,2.64,0.898015748031496
1999-03-23,3.09548119703929,3.04493359724681,0.728224582367858,2.79,0.94903937007874
1999-03-24,0.000295117328126556,7.84520431359609,2.10845963737455,2.88,0.979653543307087
1999-03-25,0.000129018260660511,9.850687901179,2.91323805993198,2.59,0.881007874015748
1999-03-26,0.00213439531823193,9.28919665018717,2.24114639450921,2.46,0.836787401574803
1999-03-27,0.0766741152328905,7.83804722627004,1.77600368055609,2.42,0.823181102362205
1999-03-28,0.0637763107661158,4.58482106526693,1.10559221636889,2.34,0.795968503937008
1999-03-29,0.000457119424633371,5.75907671451569,1.46737440727125,2.26,0.768755905511811
1999-03-30,0.000110374381468622,6.3428985675176,1.83109143942301,2.18,0.741543307086614
1999-03-31,0,7.28275859355927,2.40789856200847,2.2,0.748346456692914
1999-04-01,0,8.97737264633179,2.82084655539266,2.12,0.721133858267717
1999-04-02,0.0106948771281168,8.81682467460632,2.76276104089849,2.12,0.721133858267717
1999-04-03,2.83038719495138,9.78755370775859,2.87587553557552,2.06,0.700724409448819
1999-04-04,7.54446931680044,9.60018754005432,1.81809724809549,2.2,0.748346456692914
1999-04-05,0.0184499627988165,9.32788197199504,2.06321999124115,2.52,0.857196850393701
1999-04-06,11.3485396703084,13.186331987381,3.46180594690435,2.27,0.772157480314961
1999-04-07,5.99991563955943,7.47224116325378,1.99241395090945,3.49,1.18714960629921
1999-04-08,0.354159028579791,6.60646160443624,1.35978968718251,4.89,1.66337007874016
1999-04-09,0.001449142850106,7.09751566251119,2.07187888396527,3.2,1.08850393700787
1999-04-10,0.374475823094447,8.8551820119222,2.95571523582311,2.7,0.918425196850394
1999-04-11,4.66061786810557,7.79505527019501,1.5590737086122,2.51,0.853795275590551
1999-04-12,1.4563073416551,6.62387990951538,1.85691839083167,2.85,0.969448818897638
1999-04-13,6.26760745048523,5.24610781669617,1.73005709436949,2.79,0.94903937007874
1999-04-14,0.217211843701079,7.58878636360168,2.64080957396016,3.46,1.17694488188976
1999-04-15,3.84035482009252,2.7568610906601,1.60339479841528,3.18,1.08170078740157
1999-04-16,12.890678246816,1.74534764885902,0.879912086439324,2.81,0.955842519685039
1999-04-17,2.16413653890292,2.71497581402461,1.56807079991726,4.23,1.43886614173228
1999-04-18,4.40001350641251,3.3373007774353,1.91360646480501,5.1,1.7348031496063
1999-04-19,1.67942089835803,3.1534250775973,1.49337724646671,5.45,1.85385826771654
1999-04-20,1.77377008398374,7.05268963177999,3.0038561924698,4.66,1.58513385826772
1999-04-21,2.63712976376216,8.62022614479065,1.78748482317443,3.85,1.3096062992126
1999-04-22,0.477976995830735,9.5043850739797,2.69838786776733,3.48,1.18374803149606
1999-04-23,0.419646690910061,11.0598724683126,3.42811636207219,2.92,0.993259842519685
1999-04-24,9.38200998306274,9.6277646223704,2.16403264456668,2.67,0.908220472440945
1999-04-25,0.000395113687166789,11.1759475866954,2.84311763160349,2.66,0.904818897637795
1999-04-26,0.13654210876363,12.472177584966,3.70469850433457,2.58,0.877606299212599
1999-04-27,1.28692005574703,12.1312150160472,3.5569342170935,2.49,0.846992125984252
1999-04-28,0,11.9356614748637,3.30522104808774,2.43,0.826582677165354
1999-04-29,0.0353258028626442,14.1189913749695,3.9511514060979,2.33,0.792566929133858
1999-04-30,0.00162406287078435,13.1026142438253,2.930925500902,2.22,0.755149606299213
1999-05-01,0.305617342237383,13.9743974208832,3.66505782309496,2.2,0.748346456692914
1999-05-02,7.9467199005497e-05,13.7547692457835,4.06347179192078,2.16,0.734740157480315
1999-05-03,3.69838144062366e-05,15.3923061688741,4.68440158343913,2.26,0.768755905511811
1999-05-04,0.00710179147669502,13.8548155625661,2.76281238792119,2.22,0.755149606299213
1999-05-05,1.71777581299345,11.8165609836578,1.71863348740513,2.2,0.748346456692914
1999-05-06,4.22127759456635,10.592452843984,2.31623005044458,2.28,0.77555905511811
1999-05-07,2.01939125855764,14.5005184809367,4.09476043693178,2.46,0.836787401574803
1999-05-08,9.35957459608714,12.7709141572316,2.15207170392087,2.7,0.918425196850394
1999-05-09,0.00706235756903576,13.4665946165721,3.71040015227894,2.83,0.962645669291339
1999-05-10,6.8435142437617,16.1254506905874,5.06712699103274,2.47,0.840188976377953
1999-05-11,19.402752717336,12.7357484499613,1.9610983839926,2.77,0.942236220472441
1999-05-12,11.610587755839,12.8311688105265,2.26545379501168,6.53,2.22122834645669
1999-05-13,5.75113010406494,13.2937602996826,3.43709072826735,9.42,3.20428346456693
1999-05-14,5.90050395329793,11.5452535947164,2.09089662891423,6,2.04094488188976
1999-05-15,0.0228915612678975,11.2892143726349,3.11179881250533,6.64,2.25864566929134
1999-05-16,0.000895269001678874,9.31087390581767,2.91190257744734,4.31,1.46607874015748
1999-05-17,0.00378684703415881,13.1089588801066,3.81784713314803,3.43,1.16674015748032
1999-05-18,0.290444760583341,14.6971748669942,4.26511575335439,3.08,1.04768503937008
1999-05-19,3.55753475427628,13.6682427724202,4.32946611889558,2.77,0.942236220472441
1999-05-20,15.0202842553457,12.0957685311635,2.88662846173023,2.76,0.938834645669291
1999-05-21,54.9669761657715,11.5345099767049,1.53928928816242,10.1,3.4355905511811
1999-05-22,7.06262727578481,11.2277366320292,1.91577178538597,30.8,10.4768503937008
1999-05-23,0.00425624324998353,11.8551110426585,3.0006432990758,22.9,7.7896062992126
1999-05-24,1.13289497676305e-05,14.4327886104584,3.99562459894999,6.24,2.12258267716535
1999-05-25,1.10147638991475,16.0250391960144,4.84089915760559,4.45,1.51370078740157
1999-05-26,1.7679566857017e-05,16.7077878316243,4.70479030066827,3.92,1.33341732283465
1999-05-27,0.00185503172785199,19.314236164093,5.62839847887847,3.42,1.16333858267717
1999-05-28,0.185634998759876,19.6112051010132,5.31439222855477,3.1,1.05448818897638
1999-05-29,0.000208801252786846,20.3485941886902,5.71931492082929,2.8,0.95244094488189
1999-05-30,0.550537223617236,21.1856136322021,5.95913570584283,2.68,0.911622047244095
1999-05-31,0.0469279841830333,19.8996841112773,5.1721410120123,2.66,0.904818897637795
1999-06-01,0.534223764824371,20.5182917912801,5.26792614665986,2.73,0.928629921259843
1999-06-02,12.9850849707921,19.3131945927938,5.62680472241706,2.66,0.904818897637795
1999-06-03,7.53816068172455,18.1304936408997,4.70759857327496,3.86,1.31300787401575
1999-06-04,0.239359093829989,13.7778879006704,3.01903315170437,3.37,1.14633070866142
1999-06-05,0.0442364626408865,14.6012459595998,4.77105077196478,3.05,1.03748031496063
1999-06-06,7.75254301230113,11.0865523815155,2.11906754896654,2.71,0.921826771653543
1999-06-07,1.34528774023056,14.0879367192586,3.71695192872952,3.16,1.07489763779528
1999-06-08,8.78786528110504,11.4578633308411,2.49108405690536,3.8,1.29259842519685
1999-06-09,0.000142088225402404,13.8101244767507,4.32218343293047,4.39,1.49329133858268
1999-06-10,16.3982046445211,15.1301483313243,4.53964891392175,3.03,1.03067716535433
1999-06-11,1.79112927118937,13.3495496114095,2.52672957569307,4.79,1.62935433070866
1999-06-12,0.00549353829895457,15.3155639966329,4.03027349091873,3.82,1.29940157480315
1999-06-13,3.82531233628591,15.42023173968,4.23692196666927,3.03,1.03067716535433
1999-06-14,0.666377410292625,15.7125455538432,3.97631697652037,3.18,1.08170078740157
1999-06-15,0.27129232014219,15.9550387859344,3.71920356170913,2.78,0.945637795275591
1999-06-16,0.836872433622678,16.4241031805674,4.50466020456157,2.53,0.86059842519685
1999-06-17,5.86421489715576,16.9011125564575,4.13063304223241,2.4,0.816377952755906
1999-06-18,0.2383363203456,13.4448693593343,3.30045090586927,2.71,0.921826771653543
1999-06-19,0.311208282907804,11.4145137468974,2.99569509284863,2.63,0.894614173228346
1999-06-20,8.32201508680979,15.2155318260193,4.953007056886,2.4,0.816377952755906
1999-06-21,5.09082241356373,10.7698423862457,2.69647884621899,3.02,1.02727559055118
1999-06-22,1.74934454262257,9.62272620201111,2.6191743361938,3.98,1.35382677165354
1999-06-23,0.00526642461879116,12.7093674341838,4.47944662888795,3.28,1.11571653543307
1999-06-24,7.96017957327422e-06,14.7197868029277,4.95428378926111,2.57,0.874204724409449
1999-06-25,0,16.5551082293193,5.42654186707659,2.33,0.792566929133858
1999-06-26,2.82005253434181,17.9174385070801,5.73728372873315,2.25,0.765354330708661
1999-06-27,2.86200038592021,17.1550393104553,4.64336230075852,2.23,0.758551181102362
1999-06-28,1.89903753995895,14.1735447247823,3.04678941375397,2.25,0.765354330708661
1999-06-29,1.46993586421013,17.5812451044718,5.44829085306263,2.14,0.727937007874016
1999-06-30,4.56838436921438,17.1264888445536,3.89874737154245,2.13,0.724535433070866
1999-07-01,0.341237044427544,18.067849000295,4.57220980995052,2.28,0.77555905511811
1999-07-02,1.54235955657593e-05,19.6551146507263,5.21449437925184,2.02,0.687118110236221
1999-07-03,0.0155084831252073,23.2561502456665,6.85663899674545,1.96,0.666708661417323
1999-07-04,0.0482472161141535,24.5373972256978,6.71810009929759,1.93,0.656503937007874
1999-07-05,23.529825925827,23.6467049916585,6.16484727437412,1.99,0.676913385826772
1999-07-06,3.1897867222627,15.8430724143982,2.64631233589567,4.04,1.37423622047244
1999-07-07,3.30060986677806,14.949435710907,2.44808369354127,2.66,0.904818897637795
1999-07-08,3.55618222554525,15.2444356282552,3.23595988054263,2.63,0.894614173228346
1999-07-09,11.1195056041082,15.5108699003855,2.79388835677158,2.62,0.891212598425197
1999-07-10,8.81843864917755,17.8450608253479,2.79417263961687,3.44,1.17014173228346
1999-07-11,25.6806456247966,18.1961353619893,2.76673739800883,4.47,1.52050393700787
1999-07-12,11.3990771770477,18.2765717506409,3.15323108813075,6.18,2.10217322834646
1999-07-13,8.5324768225352,19.1093015670776,4.31058921357015,5.87,1.99672440944882
1999-07-14,4.02335039774577,16.9501525561015,3.47594117244753,4.98,1.6939842519685
1999-07-15,0.502913865275332,15.6445978482564,3.31153420666329,6.97,2.37089763779528
1999-07-16,1.34121220558882,16.4512907663981,4.24945460858103,4.37,1.48648818897638
1999-07-17,3.13816402316055e-05,18.3902678489685,5.04448185389713,4.21,1.43206299212598
1999-07-18,0.000331497754814336,20.5743457476298,5.86484524307595,3.02,1.02727559055118
1999-07-19,8.29078209400177,20.4943186442057,5.5719436202258,2.69,0.915023622047244
1999-07-20,2.00316121180852,20.1563544273376,4.82041780715035,3.06,1.04088188976378
1999-07-21,4.64531883597374,19.8821805318197,4.50217013834907,2.83,0.962645669291339
1999-07-22,5.82548000415166,14.4313423633575,3.31004209891593,2.46,0.836787401574803
1999-07-23,7.81372209390004,12.3415452639262,1.88733993420369,2.94,1.00006299212598
1999-07-24,0,14.2023978233337,3.58538035465676,3.38,1.14973228346457
1999-07-25,0,17.3358136812846,4.86419907856677,2.56,0.870803149606299
1999-07-26,0,19.6215812365214,5.10393283214026,2.4,0.816377952755906
1999-07-27,0.000141549642042567,21.0896202723185,5.41805215901249,2.26,0.768755905511811
1999-07-28,0.0205499595698105,19.5952364603678,3.68924295783411,2.15,0.731338582677165
1999-07-29,0,18.6605696678162,4.53832455582169,2.07,0.704125984251968
1999-07-30,0,18.088924407959,4.65055880921085,2.07,0.704125984251968
1999-07-31,0.00175723771099001,18.6322574615479,5.12983931725009,1.94,0.659905511811024
1999-08-01,2.15869852884983e-05,18.8859589894613,5.16959154089974,1.9,0.646299212598425
1999-08-02,4.7297973651439e-05,18.7187531789144,5.02254313299404,1.87,0.636094488188976
1999-08-03,0.718639935056368,18.2537759145101,4.58084431348284,1.87,0.636094488188976
1999-08-04,0.75777039428552,20.5674935976664,5.15545544249631,1.96,0.666708661417323
1999-08-05,4.70637685060501,20.263196627299,3.88849080385144,1.96,0.666708661417323
1999-08-06,2.9571290910244,21.9947627385457,4.58150338114556,2.58,0.877606299212599
1999-08-07,0.214891921340798,18.9715112050374,3.59067594625989,2.14,0.727937007874016
1999-08-08,1.6545014778773,19.9489073753357,4.46694950449723,1.95,0.663307086614173
1999-08-09,4.00241554466387,21.0596777598063,4.28934134872308,2.16,0.734740157480315
1999-08-10,2.51853410899639,17.5581970214844,3.2545593805395,2.21,0.751748031496063
1999-08-11,12.0619942744573,15.8157910505931,2.71810584102598,2.31,0.785763779527559
1999-08-12,0.110079693001656,15.2127478122711,2.99627039440515,2.78,0.945637795275591
1999-08-13,0.0123572010734279,13.916617790858,3.20710570859267,2.24,0.761952755905512
1999-08-14,3.53999527295431,16.2917366027832,4.10381284488899,2.03,0.69051968503937
1999-08-15,0.989118181169033,15.988476117452,2.9469593300037,2.02,0.687118110236221
1999-08-16,10.0621110995611,14.3601995309194,1.79481968520372,1.97,0.670110236220472
1999-08-17,2.2540448953708,14.7341684500376,2.73967838562266,2.54,0.864
1999-08-18,3.91332864761353,16.4103662172953,3.49261271196118,2.28,0.77555905511811
1999-08-19,0.0937908042299872,16.0636330445607,3.25181244848555,2.2,0.748346456692914
1999-08-20,0.00453854208656897,14.8133351008097,3.03411095902052,1.97,0.670110236220472
1999-08-21,2.39457513089292e-05,14.6040288607279,3.41920294644751,1.9,0.646299212598425
1999-08-22,0,14.2229308287303,3.45398149349102,1.85,0.629291338582677
1999-08-23,0.000229149164321522,15.1705874602,3.89579186738711,1.93,0.656503937007874
1999-08-24,0.155747240176424,16.665847937266,3.10716308215353,1.86,0.632692913385827
1999-08-25,0.000144653337580773,19.859747727712,4.58129615231463,1.85,0.629291338582677
1999-08-26,0.505374200021227,18.9544672966003,3.30269859170621,1.81,0.615685039370079
1999-08-27,1.66748884816964,18.7717308998108,3.12578146974902,1.85,0.629291338582677
1999-08-28,7.6863728761673,16.2150282859802,2.7921064655848,1.93,0.656503937007874
1999-08-29,0.241328414374342,15.6304585933685,2.49813706773188,2.18,0.741543307086614
1999-08-30,0.00113883717616166,14.8297442595164,2.85049734407185,2.07,0.704125984251968
1999-08-31,0.00234582513803616,15.8277979691823,3.52417802006997,1.96,0.666708661417323
1999-09-01,0.180910830778885,15.1638639767965,2.94281908589585,1.82,0.619086614173228
1999-09-02,0.295025904430076,14.1034468809764,3.2357622331722,1.84,0.625889763779528
1999-09-03,0.00109355494108361,15.6632738113403,2.89702602543969,1.8,0.612283464566929
1999-09-04,0.0127578329605361,16.4700463612874,3.13763095645902,1.85,0.629291338582677
1999-09-05,0.0388654561247677,16.1362890402476,3.38402353091451,1.77,0.60207874015748
1999-09-06,2.49143115679423,16.7382445335388,3.49414578306766,1.82,0.619086614173228
1999-09-07,0.281947742216289,16.576779683431,3.07427444956241,1.92,0.653102362204724
1999-09-08,0.00270009313438398,16.7865703900655,3.4292760752447,1.85,0.629291338582677
1999-09-09,0.000368024605795843,17.229395866394,3.61277837680132,1.75,0.595275590551181
1999-09-10,0,17.7314898173014,3.52118395780577,1.68,0.571464566929134
1999-09-11,5.22235538369387e-07,17.4687857627869,3.56168141975171,1.68,0.571464566929134
1999-09-12,7.51147725471431e-06,18.2684526443481,3.82428256800846,1.57,0.534047244094488
1999-09-13,0,18.2274532318115,3.75326223876287,1.66,0.564661417322835
1999-09-14,0,17.9743517239888,3.72502634112086,1.64,0.557858267716535
1999-09-15,0.00158133050717879,17.7281171480815,3.42773771494583,1.61,0.547653543307087
1999-09-16,0.242454141378403,14.816669066747,1.67669892482111,1.6,0.544251968503937
1999-09-17,4.0433323631684,15.8458627065023,2.64881015971652,1.65,0.561259842519685
1999-09-18,0.0176556059159338,15.0647028287252,1.93699292548577,1.76,0.598677165354331
1999-09-19,0,17.3392152786255,3.11666072613596,1.68,0.571464566929134
1999-09-20,10.7742951711019,16.1630650361379,2.53993421977298,1.54,0.523842519685039
1999-09-21,0.175993870943785,13.9824378490448,2.29230350028276,2,0.680314960629921
1999-09-22,0.00113787695590872,17.2705853780111,0,1.73,0.588472440944882
1999-09-23,4.78302562236786,16.5094653765361,0,1.62,0.551055118110236
1999-09-24,0.38922506198287,16.9115805625916,0,1.72,0.585070866141732
1999-09-25,8.88540295759837,15.7062931060791,0,1.6,0.544251968503937
1999-09-26,7.64381901423136,13.3402693271637,0,2.08,0.707527559055118
1999-09-27,1.87181907892227,13.776158730189,0,2.41,0.819779527559055
1999-09-28,3.61544426282247,12.6427004337311,0,1.95,0.663307086614173
1999-09-29,7.36061680316925,13.9645771185557,0,1.9,0.646299212598425
1999-09-30,2.38835248351097,12.8642485141754,0,2.03,0.69051968503937
1999-10-01,0.0461629082759221,11.7259599367778,1.56665628664427,2.07,0.704125984251968
1999-10-02,1.76636095841726,13.7804192701975,2.13946161804549,1.76,0.598677165354331
1999-10-03,16.9441249370575,8.97735047340393,1.31281081818173,1.95,0.663307086614173
1999-10-04,2.05083241313696,8.03202752272288,1.3447879901479,2.68,0.911622047244095
1999-10-05,3.35895603895187,6.63926911354065,1.1314189436489,2.44,0.829984251968504
1999-10-06,0.214060705155134,6.52436578273773,1.21968858954244,2.02,0.687118110236221
1999-10-07,0.0131122797399712,5.71275281906128,1.54036292185818,1.84,0.625889763779528
1999-10-08,2.29186312357585,8.71555932362874,1.70367314619194,1.72,0.585070866141732
1999-10-09,0.738965857153138,11.4065919717153,1.21067907276851,1.83,0.622488188976378
1999-10-10,0.174166773911566,11.5115170478821,1.21546815855855,1.59,0.540850393700787
1999-10-11,0.0211995798496597,11.7839442094167,1.3973168017879,1.72,0.585070866141732
1999-10-12,0.0302390635479242,10.4972178141276,1.52505850397344,1.82,0.619086614173228
1999-10-13,0.00316588214870232,8.48433184623718,1.20342205622724,1.56,0.530645669291339
1999-10-14,5.72072622162523e-06,7.98032569885254,1.35827426213395,1.8,0.612283464566929
1999-10-15,4.39434430366722e-05,6.98539507389069,1.37294646799169,1.63,0.554456692913386
1999-10-16,3.40454486528567e-06,4.61131966114044,1.17889851069248,1.58,0.537448818897638
1999-10-17,3.30421638257879e-06,3.1811846892039,1.10236820003204,1.6,0.544251968503937
1999-10-18,8.67150879457768e-06,2.97767853736877,0.99283931162027,1.58,0.537448818897638
1999-10-19,0.456122605750958,2.95933216810226,1.05491977113855,1.61,0.547653543307087
1999-10-20,0.00114322487812994,5.49845321973165,1.10082107574575,1.51,0.513637795275591
1999-10-21,0.35615353907148,7.0482318798701,0.889650651648251,1.53,0.52044094488189
1999-10-22,0.0547271163280432,9.42668000857035,1.39539666552128,1.54,0.523842519685039
1999-10-23,0.191819047555327,8.75388749440511,1.15568300148101,1.51,0.513637795275591
1999-10-24,0.109259672773381,8.7747376759847,1.12895377952045,1.54,0.523842519685039
1999-10-25,3.60941171646118,9.07379182179769,1.09338946345813,1.68,0.571464566929134
1999-10-26,0.00105320804065438,10.3153651555379,1.26553306870239,1.74,0.591874015748032
1999-10-27,0.00508885769644015,8.05055852731069,1.21932474770004,1.73,0.588472440944882
1999-10-28,14.5830814043681,10.8547281424205,1.68723682675472,1.71,0.581669291338583
1999-10-29,0.686062231659889,11.4039117495219,0.850749461276271,2.43,0.826582677165354
1999-10-30,2.29923949639002,13.209859530131,1.27418471176747,2.24,0.761952755905512
1999-10-31,0.00894742186210351,8.22847604751587,1.1184621065654,1.82,0.619086614173228
1999-11-01,0.0210972997980813,8.4293684164683,1.34609360449497,1.81,0.615685039370079
1999-11-02,4.51717720429103,11.2954058647156,1.25103115055112,1.83,0.622488188976378
1999-11-03,1.31092097237706,6.92826676368713,0.773862336896446,1.93,0.656503937007874
1999-11-04,0.0155814142587284,6.81062650680542,0.420855441023409,2.01,0.683716535433071
1999-11-05,0.132105232526859,8.4011123975118,0.809021580597531,1.89,0.642897637795276
1999-11-06,4.05440308650335,5.58135867118835,0.664534320276757,1.84,0.625889763779528
1999-11-07,1.75076310833295,4.55214242140452,0.649232063924808,2.12,0.721133858267717
1999-11-08,4.78335400422414,5.17112235228221,0.400118199838795,1.96,0.666708661417323
1999-11-09,26.1025567054749,4.49842840433121,0.244521508980835,2.21,0.751748031496063
1999-11-10,16.6237742900848,2.53626375397046,0.41876717010253,9.28,3.15666141732283
1999-11-11,0.117895649008763,2.96258068084717,0.329228736767233,9.22,3.13625196850394
1999-11-12,0.00121268468986576,2.50461214780807,0.287890415900359,4.57,1.55451968503937
1999-11-13,0.00710211020971959,1.15336386859417,0.233505757442865,3.32,1.12932283464567
1999-11-14,3.08381702502569,0.983122701446215,0.252721395133134,2.76,0.938834645669291
1999-11-15,0.029637885997848,-0.750069682796796,0.23613848231667,2.62,0.891212598425197
1999-11-16,0.0188541557096566,-1.00599760313829,0.348295056240071,2.41,0.819779527559055
1999-11-17,2.4444231291612,-0.30662690444539,0.279363979020672,2.25,0.765354330708661
1999-11-18,2.43658557534218,-0.753615587949753,0.228237373703919,2.13,0.724535433070866
1999-11-19,0.34341436624527,-2.20442682504654,0.313911760913997,2.14,0.727937007874016
1999-11-20,0.00570886005880311,-3.99546603361766,0.344545937376453,2.06,0.700724409448819
1999-11-21,0.0133088673076903,-4.7751273115476,0.201207409954293,1.95,0.663307086614173
1999-11-22,6.95250793298086,-3.10050529241562,0.310563236100665,1.97,0.670110236220472
1999-11-23,9.60010699431101,-0.315989129245281,0.302004562592258,1.91,0.649700787401575
1999-11-24,0.0829327000925938,1.07098470131556,0.276226007305409,2.05,0.697322834645669
1999-11-25,0.00306595186702907,0.768798654278119,0.426643955900195,2.13,0.724535433070866
1999-11-26,1.0093209008725e-05,-1.36067798733711,0.327865100111974,2.24,0.761952755905512
1999-11-27,1.47617363002913e-05,0.772460214793682,0.546858418792574,2.17,0.738141732283465
1999-11-28,0,-0.529174049695333,0.454062415637224,2.07,0.704125984251968
1999-11-29,0.000140853226184845,-2.00990911324819,0.468469705007069,1.98,0.673511811023622
1999-11-30,0.00054711416836047,-1.28347769379616,0.497411137243637,1.91,0.649700787401575
1999-12-01,1.1079337199529,4.42306125164032,0.575578578830341,1.87,0.636094488188976
1999-12-02,2.82879340648651,4.86251533031464,0.37344367241457,3.32,1.12932283464567
1999-12-03,0.870918244123459,5.89019072055817,0.535436886252051,5.14,1.7484094488189
1999-12-04,19.1227418581645,2.39105739196142,0.457253981884545,3.7,1.25858267716535
1999-12-05,0.457163525124391,-0.0160719181100527,0.219664513844982,6.7,2.27905511811024
1999-12-06,0.00169991285921848,-0.164335917875481,0.306542439753964,4.36,1.48308661417323
1999-12-07,0.877083424478769,3.45982668797175,0.495110946645664,3.3,1.12251968503937
1999-12-08,0.00139075454111056,4.66954902807872,0.452543299087319,3.1,1.05448818897638
1999-12-09,0.00630429294445397,4.40112640460332,0.497043095678044,3.09,1.05108661417323
1999-12-10,0.282972586651643,3.67258505026499,0.306439447982182,2.74,0.932031496062992
1999-12-11,2.10319016377131,4.29783777395884,0.467310526073317,2.42,0.823181102362205
1999-12-12,1.47967161983252,6.7963707447052,0.514281072312387,2.49,0.846992125984252
1999-12-13,2.3637382487456,2.50022548437119,0.272979226326416,2.45,0.833385826771654
1999-12-14,10.0122426748276,1.46633085608482,0.28037566126883,2.79,0.94903937007874
1999-12-15,5.1548734108607,-1.36787598828475,0.260785288457656,4.17,1.41845669291339
1999-12-16,0.0504479970162114,-3.72976662715276,0.190084303522386,3.14,1.06809448818898
1999-12-17,2.04887209832668,-2.79772583643595,0.374053119111228,2.61,0.887811023622047
1999-12-18,27.9700956344604,3.00894625981649,0.428569274615043,3.56,1.21096062992126
1999-12-19,7.57364165782928,-1.37873818476995,0.393846725426623,14.9,5.06834645669291
1999-12-20,0.809144631028175,-3.46072381734848,0.267428763649246,10.9,3.70771653543307
1999-12-21,0.032980099087581,-5.85354193051656,0.266322724129486,4.73,1.60894488188976
1999-12-22,0.00516128967160512,-8.97720066706339,0.157981982422719,3.64,1.23817322834646
1999-12-23,0.000251108627708163,-4.71001315116882,0.393714053851321,3.04,1.03407874015748
1999-12-24,0.186912097036839,-0.468529937167962,0.364487642123031,2.81,0.955842519685039
1999-12-25,9.55095704396566,3.07543390989304,0.462616994035921,3.26,1.10891338582677
1999-12-26,4.26249353090922,3.72231664260228,0.480994114916723,7.94,2.70085039370079
1999-12-27,5.93874512116114,1.73388528823853,0.314718589930144,7.58,2.5783937007874
1999-12-28,6.08937764167786,0.0160359578828017,0.212604051906371,6.25,2.1259842519685
1999-12-29,0.862219162285328,-0.270124128398796,0.193954086833387,4.38,1.48988976377953
1999-12-30,0.181908406317234,-1.61337540050348,0.279471464566785,3.68,1.25177952755906
1999-12-31,0.47811466952165,-1.55734946330388,0.263342509272719,3.35,1.13952755905512
2000-01-01,1.03335304061572,1.11656026045481,0.312740831954575,3.11,1.05788976377953
2000-01-02,0.0132375408187121,0.787538001934687,0.304259081565369,3.45,1.17354330708661
2000-01-03,1.29219661175739e-05,-0.558305001817644,0.298192330717208,3.91,1.3300157480315
2000-01-04,0.868624185522397,2.54518903295199,0.474393070522469,3.4,1.15653543307087
2000-01-05,0.0752242448118826,3.15203293164571,0.37888902582139,3.63,1.23477165354331
2000-01-06,0.0456530825758819,0.998831190168858,0.393536545722625,4.12,1.40144881889764
2000-01-07,0.000797352600784507,2.30110257863998,0.385036519734572,3.2,1.08850393700787
2000-01-08,0.370763387531042,1.45566080013911,0.454900459840353,2.84,0.966047244094488
2000-01-09,3.81158961852392,1.52804687619209,0.349117550112241,2.81,0.955842519685039
2000-01-10,0.00311511668466361,0.763695312043031,0.239182700517278,3.35,1.13952755905512
2000-01-11,0.0248794304344907,-0.0963117356101672,0.202417914852045,3.15,1.07149606299213
2000-01-12,0.000131277723085077,-2.34327377875646,0.172072026779974,2.84,0.966047244094488
2000-01-13,6.31158767040082e-05,-2.75199823578199,0.313608113312874,2.69,0.915023622047244
2000-01-14,0.0044834337119634,-3.97811730702718,0.318127416602065,2.54,0.864
2000-01-15,0.00794267778595289,-4.59208293755849,0.21566465935154,2.38,0.809574803149606
2000-01-16,0.0246731629158603,-2.81637026866277,0.289376028064927,2.3,0.782362204724409
2000-01-17,2.94466339051723,1.47837337851524,0.488082185135674,2.33,0.792566929133858
2000-01-18,4.06597246726354,2.38862318793933,0.267487385409516,2.45,0.833385826771654
2000-01-19,0.00975820592915018,-1.30684040983518,0.3561917314043,3.13,1.06469291338583
2000-01-20,0.51486324518919,-0.707729255780578,0.380735041594648,2.73,0.928629921259843
2000-01-21,6.08716460069021,0.384858931104342,0.223801252365382,2.57,0.874204724409449
2000-01-22,4.02620820204417,0.208188999133805,0.222668290977753,2.52,0.857196850393701
2000-01-23,1.43217676753799,-2.53353633483251,0.355209173280646,2.56,0.870803149606299
2000-01-24,0.00886586046059771,-11.4567646185557,0.197553548419303,2.47,0.840188976377953
2000-01-25,0,-13.4182921250661,0.0952113716681564,2.34,0.795968503937008
2000-01-26,0,-11.2244826952616,0.173722825506574,2.3,0.782362204724409
2000-01-27,0,-7.90275053183238,0.421257184452935,2.26,0.768755905511811
2000-01-28,0.00191778037212013,-1.00315296649933,0.737412326440795,2.22,0.755149606299213
2000-01-29,4.85671991109848,4.40362668037415,0.546625442870485,2.29,0.77896062992126
2000-01-30,8.26941521962484,7.09779345989227,0.480884856723803,5.48,1.86406299212598
2000-01-31,0.204533752053976,6.65476632118225,0.600156803673261,6.67,2.26885039370079
2000-02-01,3.96711129724281e-06,4.97664364178975,0.985410522387144,4.25,1.44566929133858
2000-02-02,2.33256219824155,5.56525282065074,0.713332015212536,3.4,1.15653543307087
2000-02-03,0.0264339403462751,3.11421332756678,0.587977136335829,3.33,1.13272440944882
2000-02-04,4.30759151776632,2.60927486419678,0.743366716244065,3.09,1.05108661417323
2000-02-05,0.806170051296552,4.79667480786641,0.819802582125146,3.35,1.13952755905512
2000-02-06,0,4.82331299781799,1.02698605642025,3.62,1.23137007874016
2000-02-07,0.367178313434124,5.9414568344752,0.79293600949711,3.12,1.06129133858268
2000-02-08,8.84783967336019,8.72514724731445,0.796291230274279,2.92,0.993259842519685
2000-02-09,1.70402006867031,2.81060129404068,0.788740963842294,4.08,1.38784251968504
2000-02-10,4.88766513268153,4.17820678154628,0.843862297222098,4.45,1.51370078740157
2000-02-11,1.01863319426775,1.13615198433399,0.647530241225324,4.52,1.53751181102362
2000-02-12,1.48468066751957,0.664377860724926,0.538492769552071,5.33,1.81303937007874
2000-02-13,5.68310038248698,2.74992577234904,0.557134576794151,3.84,1.30620472440945
2000-02-14,3.47029819091161,1.95793747901917,0.792346082412572,4.51,1.53411023622047
2000-02-15,4.90187505880992,5.50403678417206,0.813654699298644,4.58,1.55792125984252
2000-02-16,2.05293554067612,1.94292347629865,0.725945813118813,6.63,2.25524409448819
2000-02-17,1.50156415005525,-0.363357099394004,0.541491320975334,5.18,1.7620157480315
2000-02-18,3.8488904039065,1.2387070953846,0.683164225920111,3.89,1.3232125984252
2000-02-19,4.39635235071182,2.56968528032303,0.602680196050438,4.11,1.39804724409449
2000-02-20,3.95258038242658,-0.329874132604649,0.508196428124067,5.44,1.85045669291339
2000-02-21,0.659868293752273,-2.13592419028282,0.636605369513912,4.42,1.50349606299213
2000-02-22,0.0121771569786991,-0.375346804192911,0.820275562765739,3.77,1.2823937007874
2000-02-23,0.046647420929124,1.43143447240194,0.887046133908077,3.47,1.18034645669291
2000-02-24,2.86158320804437,3.48076413075129,0.731586667892866,3.27,1.11231496062992
2000-02-25,3.49965444207191,4.74653204282125,0.875747477044797,3.9,1.32661417322835
2000-02-26,0.000822036400980627,2.89603271087011,1.12507099697599,4.63,1.57492913385827
2000-02-27,1.63422312956148e-06,4.29014144341151,1.41640600465278,3.7,1.25858267716535
2000-02-28,2.88603642582893,8.75728042920431,1.95088907099367,3.35,1.13952755905512
2000-02-29,4.00076538324356,6.2292838493983,1.02062507793323,3.41,1.15993700787402
2000-03-01,5.35383898019791,3.83893346786499,0.933635867255296,3.71,1.2619842519685
2000-03-02,0.609045593688885,1.29360072314739,0.699497662283105,4.51,1.53411023622047
2000-03-03,7.47458966573079,5.25214791297913,1.21014830620547,3.77,1.2823937007874
2000-03-04,1.24592020114263,0.594706717257698,0.891193458928081,4.05,1.37763779527559
2000-03-05,0.0649616347315411,-0.931834583481153,0.782092199740521,3.94,1.34022047244094
2000-03-06,0.00159066190644808,0.860545342167219,1.34401435166651,3.49,1.18714960629921
2000-03-07,0.263796467334032,5.35719704627991,1.70950040267386,3.18,1.08170078740157
2000-03-08,0.771688471237818,7.82318679491679,1.13810807663809,2.93,0.996661417322835
2000-03-09,1.92825714747111,10.4203743934631,1.4880381559184,3.01,1.02387401574803
2000-03-10,0.599972130730748,7.20271329085032,1.0328584843809,2.88,0.979653543307087
2000-03-11,0.155659635551274,7.76227883497874,1.31618452067082,2.9,0.986456692913386
2000-03-12,1.53601613419596e-05,4.3272819519043,1.35883059020828,2.71,0.921826771653543
2000-03-13,0.253899929424127,4.63309073448181,1.79265951958698,3.05,1.03748031496063
2000-03-14,9.87108262379964,7.34279485543569,1.60091071789877,3.13,1.06469291338583
2000-03-15,1.25857512652874,2.47356943289439,1.27647576662385,3.31,1.12592125984252
2000-03-16,10.8396793206533,3.66319145758947,0.819810415416008,3.21,1.09190551181102
2000-03-17,17.4014370441437,5.08274885018667,0.664065861520866,6.01,2.04434645669291
2000-03-18,10.2258621851603,4.07712018489838,0.827097828203449,11.7,3.97984251968504
2000-03-19,0.233426689170301,3.05296691258748,0.907664859262867,14.4,4.89826771653543
2000-03-20,3.79230725684465e-05,3.0737343231837,1.54203898135891,6.54,2.22462992125984
2000-03-21,0,4.80134852727254,1.96149636911592,4.81,1.63615748031496
2000-03-22,0,6.48518757025401,2.3937646134367,4.05,1.37763779527559
2000-03-23,0.00034543419375647,9.46035321553548,2.71010691188186,3.62,1.23137007874016
2000-03-24,2.50682452321053,9.47858556111654,2.21382272868187,3.43,1.16674015748032
2000-03-25,0.12078694246884,7.72200918197632,2.02367242358611,3.37,1.14633070866142
2000-03-26,5.4004054069519,5.02145568529765,1.2046339466341,3.25,1.10551181102362
2000-03-27,8.40318576494853,3.76215102275213,0.77240698131559,4.03,1.37083464566929
2000-03-28,0.0508738876669668,4.11451625823975,1.25452632027806,6.2,2.10897637795276
2000-03-29,12.141250371933,5.27219152450562,1.36483010760073,4.56,1.55111811023622
2000-03-30,16.3456763426463,2.33646464347839,0.846773573895613,9.4,3.19748031496063
2000-03-31,0.00605087327615668,4.45102556546529,1.76462254672333,11.1,3.77574803149606
2000-04-01,1.06055301924547,3.52087752024333,1.69506025922104,5.63,1.91508661417323
2000-04-02,1.10372857307084e-05,6.73060894012451,2.68580575590001,4.45,1.51370078740157
2000-04-03,0.0676823124910394,10.8881706396739,3.15664584124067,4.11,1.39804724409449
2000-04-04,1.68183225890001,9.49677697817484,2.78149989014879,3.76,1.27899212598425
2000-04-05,5.46423051754634,7.27645047505697,2.07348146103355,3.83,1.3028031496063
2000-04-06,0.000213335501030087,1.67744249105453,1.47579649146675,3.98,1.35382677165354
2000-04-07,1.60436134895766e-07,3.94393875201543,2.14419016432202,3.76,1.27899212598425
2000-04-08,5.66698872717097e-06,6.16536732514699,2.60434535636545,3.32,1.12932283464567
2000-04-09,0,7.30433690547943,2.64939272884452,3.15,1.07149606299213
2000-04-10,0.0682584149762988,7.79986401398977,2.48011170452233,3.27,1.11231496062992
2000-04-11,4.99543595314026,7.36782638231913,1.87967506525141,3.17,1.07829921259843
2000-04-12,3.42246238390605,5.03862877686818,1.68894857621007,3.36,1.14292913385827
2000-04-13,4.23987682660421,6.20356742540995,1.75387971403095,3.73,1.2687874015748
2000-04-14,0.0023457945935661,10.0731712182363,3.12821446601236,3.68,1.25177952755906
2000-04-15,0.309973200705523,7.49949097633362,2.47654288602611,3.21,1.09190551181102
2000-04-16,6.26831800521662e-05,10.0442451635996,3.39644467703792,2.99,1.01707086614173
2000-04-17,6.16648483276367,8.54162120819092,2.22162607187178,2.89,0.983055118110236
2000-04-18,0.0334836620216568,8.35243693987528,1.91822724671276,3.11,1.05788976377953
2000-04-19,0.00175246911142798,9.18295892079671,2.41832335459815,2.9,0.986456692913386
2000-04-20,2.82952381288245e-06,11.1123425960541,3.60354714062283,2.86,0.972850393700787
2000-04-21,0,14.6989843845367,4.27094051782338,2.67,0.908220472440945
2000-04-22,8.46986881697376e-06,16.6318333943685,4.79543590715951,2.55,0.86740157480315
2000-04-23,1.10653081567337,16.4664053916931,4.24631880392173,2.54,0.864
2000-04-24,0.647330765922864,8.82710059483846,2.35497742718435,2.58,0.877606299212599
2000-04-25,4.75788286469954e-05,11.2422134081523,3.25963244799696,2.62,0.891212598425197
2000-04-26,0,14.9229540030162,4.44660583859614,2.59,0.881007874015748
2000-04-27,2.81467582681216e-05,15.2022240956624,3.70460595309228,2.47,0.840188976377953
2000-04-28,0.00806140431571597,17.0251185099284,4.72355809335644,2.46,0.836787401574803
2000-04-29,5.197984735171,14.7986150582631,3.30379480798178,2.44,0.829984251968504
2000-04-30,0.093112719982552,14.2625067234039,2.71178166874489,2.59,0.881007874015748
2000-05-01,10.0722482403119,14.3986521561941,3.54894757024423,2.8,0.95244094488189
2000-05-02,0.0307242712782075,15.5724898974101,3.89333606602203,4.98,1.6939842519685
2000-05-03,7.07666165630023,15.2777330080668,4.16129441293299,2.9,0.986456692913386
2000-05-04,2.80021037658056,14.4617699782054,3.48457203808552,3.07,1.04428346456693
2000-05-05,0.002244199354512,14.8072106043498,4.12088505014845,2.84,0.966047244094488
2000-05-06,4.45603091518084,15.6252856254578,4.27316291442891,2.5,0.850393700787402
2000-05-07,0.189089779693556,16.6127740542094,4.94677333500052,2.39,0.812976377952756
2000-05-08,16.045477549235,16.2175299326579,4.46770739627755,2.41,0.819779527559055
2000-05-09,2.37938055155003e-05,17.8055140177409,4.82953666190144,2.36,0.802771653543307
2000-05-10,4.35664242104394e-06,19.4731723467509,5.38835763485489,2.15,0.731338582677165
2000-05-11,0.868860850731532,20.4762167930603,5.51253969603668,2.09,0.710929133858268
2000-05-12,19.8543515205383,15.0907905101776,2.84449908070062,2.92,0.993259842519685
2000-05-13,0.014792619011132,14.8992201487223,3.39546393156838,4.75,1.61574803149606
2000-05-14,1.77945761000349e-06,15.9203046957652,4.70636011363424,3.26,1.10891338582677
2000-05-15,4.96223606205604e-06,17.4480450948079,5.41723549027916,2.55,0.86740157480315
2000-05-16,0.0467430413312589,19.0521912574768,5.50763921838048,2.24,0.761952755905512
2000-05-17,9.12862722078959,17.6455965042114,5.01450259301544,2.14,0.727937007874016
2000-05-18,6.26886606216431,11.2899172306061,2.34743716954552,2.51,0.853795275590551
2000-05-19,1.15393166740735,10.1013702551524,2.81662661828141,2.52,0.857196850393701
2000-05-20,0.880947704116503,8.35103909174601,2.73780580331347,2.23,0.758551181102362
2000-05-21,5.61037862300873,11.4483904838562,4.32048659029455,1.98,0.673511811023622
2000-05-22,0.862562326093515,9.63452426592509,2.53715427496942,2.42,0.823181102362205
2000-05-23,0.00162287709423718,12.5731819470723,4.06952484560877,2.39,0.812976377952756
2000-05-24,4.84052407045965e-06,15.5396939118703,5.08367012853093,2.18,0.741543307086614
2000-05-25,0.0105963750199104,16.0362649758657,4.4933326277075,2.04,0.69392125984252
2000-05-26,0.908516816484431,17.3490880330404,4.20882913920232,2.04,0.69392125984252
2000-05-27,0.384711711357037,11.3683269818624,3.50724677245914,2.06,0.700724409448819
2000-05-28,1.81554503242175,12.0478548208872,4.2509648850401,2.02,0.687118110236221
2000-05-29,4.35736829042435,9.63129909833272,3.04532219135067,2.15,0.731338582677165
2000-05-30,28.3098398844401,10.8653909365336,3.59488253183132,2.23,0.758551181102362
2000-05-31,4.79074174165726,10.3183774153392,2.76708797767925,5.73,1.94910236220472
2000-06-01,0.00191875876885206,14.8805198669434,5.10972985565454,5.65,1.92188976377953
2000-06-02,0.000623581559769567,19.4046012560527,5.99027578414816,3.09,1.05108661417323
2000-06-03,0.2106059648407,21.52166112264,6.26826517365923,2.55,0.86740157480315
2000-06-04,1.93544146915277,20.2280864715576,4.94883544328073,2.33,0.792566929133858
2000-06-05,14.8995631933212,20.1175026893616,5.91768730319029,2.31,0.785763779527559
2000-06-06,6.43825161457062,12.7668397426605,2.73006543495341,3.45,1.17354330708661
2000-06-07,0.0427392651132929,12.904639005661,3.57693734995761,3.38,1.14973228346457
2000-06-08,7.03898084945346e-06,16.3089134693146,5.40252376086282,2.58,0.877606299212599
2000-06-09,3.28945728445736e-05,21.0867732365926,6.46927844690559,2.32,0.789165354330709
2000-06-10,0.00696664202647905,22.1213788986206,6.07847116833849,2.21,0.751748031496063
2000-06-11,1.12695027919835,20.5331942240397,5.78492617120277,2.07,0.704125984251968
2000-06-12,0.00112272793194279,18.6264212926229,4.3278905591054,2.15,0.731338582677165
2000-06-13,15.8879082202911,21.5534504254659,5.9046177950952,2.05,0.697322834645669
2000-06-14,3.26294162869453,19.8134988149007,4.91702116930146,3.7,1.25858267716535
2000-06-15,0.199725799039394,17.0541400909424,3.37565889908762,3.46,1.17694488188976
2000-06-16,0.00167788100043254,13.7272279262543,3.56963539904229,2.95,1.00346456692913
2000-06-17,0,13.9665488402049,4.74166084020926,2.4,0.816377952755906
2000-06-18,0,18.0215018590291,5.94099865743989,2.16,0.734740157480315
2000-06-19,3.99023823168439e-06,21.4207693735758,6.80723105558433,2.11,0.717732283464567
2000-06-20,0.000539268832653761,23.0487071673075,6.7869226918845,2.01,0.683716535433071
2000-06-21,0.00848181049029032,23.6583800315857,6.36262230377776,1.96,0.666708661417323
2000-06-22,10.1989045143127,21.1053600311279,5.3060897472785,1.92,0.653102362204724
2000-06-23,2.77612425883611,15.8922156492869,2.95573486172231,2.15,0.731338582677165
2000-06-24,5.69758921861649,12.589639266332,3.02331959515736,2.24,0.761952755905512
2000-06-25,1.59783930579821,11.5225400924683,2.5766321616863,2.29,0.77896062992126
2000-06-26,0.167999137348185,11.983333269755,3.34474549030521,2.11,0.717732283464567
2000-06-27,4.58535942016169e-05,13.2972264289856,4.74783622442736,1.96,0.666708661417323
2000-06-28,0.0205191640028109,15.3081760406494,5.15137734841627,1.91,0.649700787401575
2000-06-29,0.00860899170705428,15.0315237840017,4.4389490448896,1.81,0.615685039370079
2000-06-30,2.77387783474599e-05,16.733623345693,5.22689608076888,1.76,0.598677165354331
2000-07-01,2.56531589229902,19.7394165992737,5.98428360187224,1.71,0.581669291338583
2000-07-02,9.20299343268077,21.7918480237325,5.49346107653949,1.87,0.636094488188976
2000-07-03,7.1534655491511,18.6613696416219,3.57342557812946,2.23,0.758551181102362
2000-07-04,4.24793962637583,17.0743198394775,3.51445990191371,2.7,0.918425196850394
2000-07-05,0.172364960735043,17.4830772082011,4.28617773416855,2.47,0.840188976377953
2000-07-06,2.4283101161321,18.8221955299377,4.89649541169594,2.02,0.687118110236221
2000-07-07,19.8799409866333,17.2342314720154,4.62963187410857,2.18,0.741543307086614
2000-07-08,0.689007294674714,12.0290884971619,2.55619627264058,3.1,1.05448818897638
2000-07-09,6.18944235642751,12.5682254632314,2.93671584015349,2.34,0.795968503937008
2000-07-10,4.05775425831477,14.284759759903,2.87894850232822,2.63,0.894614173228346
2000-07-11,7.18556308746338,12.7793177763621,3.21729810718568,2.5,0.850393700787402
2000-07-12,1.54134700695674,11.4798075358073,2.83937485673688,2.97,1.01026771653543
2000-07-13,2.78160760800044,12.0779620806376,3.22267566800867,2.37,0.806173228346457
2000-07-14,22.445955435435,11.3482081095378,1.89237353767396,2.92,0.993259842519685
2000-07-15,6.57711168130239,10.1424358685811,2.1601725342675,3.86,1.31300787401575
2000-07-16,4.8253645102183,10.7681146462758,2.71251889223776,4.22,1.43546456692913
2000-07-17,0.142293207036952,13.3172907829285,4.42728145806789,3.44,1.17014173228346
2000-07-18,0.0612562898701678,14.750476360321,4.41933578089579,2.66,0.904818897637795
2000-07-19,0.689348623156548,14.0586816469828,3.50526858008985,2.37,0.806173228346457
2000-07-20,8.19591756832475e-06,14.4955499172211,3.80617706070803,2.17,0.738141732283465
2000-07-21,1.94495866405002e-06,15.6803673108419,4.47244171480671,2.03,0.69051968503937
2000-07-22,0.000157359516985404,16.6244320869446,5.12297079249575,2.03,0.69051968503937
2000-07-23,3.95391011238098,17.1449235280355,4.3289924661066,1.96,0.666708661417323
2000-07-24,6.66107205549876,18.1005522410075,3.98017334976952,2.09,0.710929133858268
2000-07-25,0.65582278991739,18.2097953160604,4.42707835653917,2.11,0.717732283464567
2000-07-26,1.40326151251793,16.7082484563192,3.89006996133445,2,0.680314960629921
2000-07-27,5.7811104853948,18.4305583635966,4.96471399924473,1.88,0.639496062992126
2000-07-28,11.7346158822378,14.2595967451731,2.69407767010887,2.35,0.799370078740158
2000-07-29,15.4809594551722,14.1023480892181,2.86942313393037,4.94,1.68037795275591
2000-07-30,5.23602209488551,14.7126932938894,3.0196975793234,5.41,1.84025196850394
2000-07-31,0.00480644496080155,16.8686134020487,4.5429206860471,6.26,2.12938582677165
2000-08-01,0.000334451634747287,19.7094820340474,5.54332903182675,3.61,1.22796850393701
2000-08-02,4.48741573095322,18.0933980941772,4.55172644346249,2.54,0.864
2000-08-03,5.51579187313716,15.3377904891968,3.14553614958943,2.47,0.840188976377953
2000-08-04,3.07488894462585,15.0957554181417,3.21625976377529,2.64,0.898015748031496
2000-08-05,17.4049918651581,15.0739324887594,1.94710470759038,2.44,0.829984251968504
2000-08-06,25.3169901371002,14.9998576641083,1.64653779368063,6.59,2.24163779527559
2000-08-07,3.13196672995885,15.1966761747996,3.09170550729693,19.5,6.63307086614173
2000-08-08,8.87385276953379,16.3717651367188,3.65748834959253,8.41,2.86072440944882
2000-08-09,0.000783612312564704,17.3482389450073,3.80767323413397,6.58,2.23823622047244
2000-08-10,6.73743185567825e-05,19.5216455459595,4.62824450598912,3.82,1.29940157480315
2000-08-11,0.000185267266715528,19.7521085739136,4.71772742464094,2.95,1.00346456692913
2000-08-12,0.061706001831529,20.3567039171855,5.09658273900409,2.64,0.898015748031496
2000-08-13,0,20.6789398193359,4.8963762816981,2.45,0.833385826771654
2000-08-14,0.000368219377075244,21.1890535354614,5.16509435286563,2.3,0.782362204724409
2000-08-15,1.56492891907692,21.2089355786641,4.76404583814492,2.25,0.765354330708661
2000-08-16,0.000327412543507914,20.6362012227376,4.30561918460067,2.15,0.731338582677165
2000-08-17,7.7784202893575,20.7487215995789,4.64936302945353,2.06,0.700724409448819
2000-08-18,6.5965313911438,18.9082463582357,2.97468405042801,2.82,0.959244094488189
2000-08-19,0.00126057979196048,22.0233294169108,4.85039808312524,2.53,0.86059842519685
2000-08-20,5.9835958480835,23.8377795219421,5.37849823162048,2.15,0.731338582677165
2000-08-21,19.2107310295105,18.3069063822428,3.26487527213383,2.4,0.816377952755906
2000-08-22,0.027445727486338,16.2230939865112,2.98055244689078,3.95,1.34362204724409
2000-08-23,1.94007316167699e-06,17.2343923250834,4.04649378357578,2.81,0.955842519685039
2000-08-24,1.94007316167699e-06,18.6201868057251,4.49891857263174,2.29,0.77896062992126
2000-08-25,1.94007316167699e-06,17.5027669270833,4.15474392417067,2.1,0.714330708661417
2000-08-26,0.0187162940322499,18.0653295516968,4.17434258206987,1.99,0.676913385826772
2000-08-27,2.9759329756101,15.8949699401855,3.17235270221464,1.9,0.646299212598425
2000-08-28,0.0204547290535023,14.9436082839966,2.67858779764744,2.12,0.721133858267717
2000-08-29,4.90930542582646e-05,15.442499478658,3.57735413589557,2.05,0.697322834645669
2000-08-30,7.17845429976781,16.888933022817,3.62566791220834,1.99,0.676913385826772
2000-08-31,16.1811291873455,15.6287180582682,2.34698415447774,3.52,1.19735433070866
2000-09-01,3.09277828534444,16.2076647281647,2.59746669302293,5.8,1.97291338582677
2000-09-02,2.37910614411036,13.1272916793823,2.42895490301147,3.78,1.28579527559055
2000-09-03,3.73838046193123,12.0302293300629,2.01058324749978,2.79,0.94903937007874
2000-09-04,7.9499089717865,11.022242307663,1.87137514258312,3.93,1.3368188976378
2000-09-05,0.0609180963753412,11.5258750915527,2.05806952782786,4.81,1.63615748031496
2000-09-06,11.011455933253,12.1517467498779,2.36973469880264,3.41,1.15993700787402
2000-09-07,1.01686776677767,11.6687340736389,1.54848038424336,4.88,1.65996850393701
2000-09-08,0.00556395819330646,13.0333438714345,2.92619943934844,4.34,1.47628346456693
2000-09-09,0,14.8665096759796,3.40391153755874,2.93,0.996661417322835
2000-09-10,2.02594992515515e-06,16.1653326352437,3.42466341708802,2.54,0.864
2000-09-11,0.000134597672513337,16.4086571534475,3.38832573006751,2.32,0.789165354330709
2000-09-12,0.0355233104589085,16.9032845497131,3.5508888829842,2.27,0.772157480314961
2000-09-13,9.68908349672953,15.4365797837575,2.09956735485898,2.94,1.00006299212598
2000-09-14,0.000382896449688512,15.6630875269572,2.55457171100494,3.37,1.14633070866142
2000-09-15,0.000255343463019623,17.6891579627991,2.98661434537174,2.52,0.857196850393701
2000-09-16,13.5096837679545,13.3351323604584,1.89209599409861,2.25,0.765354330708661
2000-09-17,1.49411469201247,11.9293807347616,1.00380274041089,3.88,1.31981102362205
2000-09-18,0.0290957133038319,12.3467793464661,2.09204194058792,3.78,1.28579527559055
2000-09-19,7.53675267333165e-05,11.9744351704915,1.94424983230411,2.82,0.959244094488189
2000-09-20,22.8383002281189,12.9809783299764,1.75301334021984,2.52,0.857196850393701
2000-09-21,63.5415391921997,10.6033353010813,0.986174944902498,14.6,4.96629921259843
2000-09-22,0.203421300277114,11.2056769529978,1.61154120306957,43,14.6267716535433
2000-09-23,0.00953698796608175,10.3861714998881,1.68493855506935,18.4,6.25889763779528
2000-09-24,0.0348749879437188,10.1267906824748,1.85383005764601,6.08,2.06815748031496
2000-09-25,0.414415905872981,13.3931967417399,2.43180290791105,4.83,1.64296062992126
2000-09-26,0.0940677655938392,14.2744872570038,2.07314273891671,4.04,1.37423622047244
2000-09-27,0.0969587412061325,15.1614119211833,2.49368007028891,3.73,1.2687874015748
2000-09-28,0.0089154579861012,15.918496131897,2.55285117228341,3.55,1.20755905511811
2000-09-29,4.41556912846863e-05,15.2755935986837,2.40631444366859,3.25,1.10551181102362
2000-09-30,0.582066712280115,14.588169336319,1.83856883411187,2.91,0.989858267716536
2000-10-01,3.58238826195399,13.2163432439168,1.15867041152534,2.96,1.00686614173228
2000-10-02,8.07479242483775,11.365615049998,1.18843371617848,3.12,1.06129133858268
2000-10-03,0.237013986955086,10.866886138916,1.04001365194972,4.08,1.38784251968504
2000-10-04,0.00790820830540421,11.4475503762563,1.04960327372211,3.21,1.09190551181102
2000-10-05,7.29338518778483,11.4262332121531,0.810374118207002,2.94,1.00006299212598
2000-10-06,7.51417303085327,7.76628295580546,0.991968673212395,3.52,1.19735433070866
2000-10-07,5.76932974656423,5.52139035860697,0.733934361779002,4.96,1.6871811023622
2000-10-08,1.23357415695985,6.46272488435109,1.35913061806141,5.47,1.86066141732283
2000-10-09,1.03949360797803,7.05623229344686,1.18604365639886,3.89,1.3232125984252
2000-10-10,0.274700661189854,6.94807350635529,1.25682394612431,3.37,1.14633070866142
2000-10-11,21.2449981371562,8.36748540401459,1.31726626825253,3.15,1.07149606299213
2000-10-12,0.515592227379481,10.0496437549591,0.959508623895052,9.44,3.21108661417323
2000-10-13,0.00857286314324786,11.2638379732768,1.35873424132923,6.97,2.37089763779528
2000-10-14,0.0382362740347162,11.0265992482503,1.05406067219229,4.09,1.39124409448819
2000-10-15,0.00805239730592196,14.3317206700643,1.70078605383546,3.39,1.15313385826772
2000-10-16,0.0416196713534494,11.3490629196167,1.44096950230515,3.18,1.08170078740157
2000-10-17,0.552234979967276,10.0479673544566,0.934632544656547,2.94,1.00006299212598
2000-10-18,1.03358074525992,8.96215907732646,0.830040457017419,2.81,0.955842519685039
2000-10-19,3.14495795965195,9.93709214528402,0.928548672504282,2.78,0.945637795275591
2000-10-20,0.094134356516103,9.86824488639832,1.02874982745797,2.84,0.966047244094488
2000-10-21,0.0322147455687324,9.52869701385498,0.94357491400535,2.72,0.925228346456693
2000-10-22,0.0225086769787595,8.73772589365641,0.725167358818311,2.57,0.874204724409449
2000-10-23,0.0842782719691968,9.36737791697184,1.20423820439921,2.61,0.887811023622047
2000-10-24,0.782611240943273,11.335675239563,1.21984527016648,2.5,0.850393700787402
2000-10-25,0.161614735300342,12.7486252784729,1.18488906867296,2.46,0.836787401574803
2000-10-26,3.97806791464488,9.65848120053609,0.860324136541454,2.32,0.789165354330709
2000-10-27,0.0206795644383722,8.90700125694275,0.952798308454051,2.6,0.884409448818898
2000-10-28,0.000138364150188863,9.37600088119507,1.11913477839382,2.51,0.853795275590551
2000-10-29,0.00104167121207865,8.41787846883138,0.869067047243664,2.4,0.816377952755906
2000-10-30,3.68343249956767,9.76727390289307,1.10690643472202,2.29,0.77896062992126
2000-10-31,7.8562186161677,7.15355181694031,0.606389134907885,2.88,0.979653543307087
2000-11-01,2.83274951774122e-05,6.8115535179774,0.856674848108941,3.35,1.13952755905512
2000-11-02,0.377066658809781,8.96190929412842,1.08806249351111,2.74,0.932031496062992
2000-11-03,1.71740558743477,7.98490043481191,0.921680424966613,2.55,0.86740157480315
2000-11-04,0.515884436046084,4.54600356022517,0.634363727324828,2.62,0.891212598425197
2000-11-05,0.00310356552229981,4.29996518294017,0.72822819915738,2.46,0.836787401574803
2000-11-06,3.96022681395213,6.24740028381348,0.868139894099703,2.51,0.853795275590551
2000-11-07,0.298002538581689,6.34698903560638,0.898612634642243,2.98,1.01366929133858
2000-11-08,0.0125193855298373,5.8763192097346,0.75035186720148,2.71,0.921826771653543
2000-11-09,0.0500430445342014,6.16294507185618,0.754091370284705,2.47,0.840188976377953
2000-11-10,0.0700185208988842,3.98467955986659,0.743256078195269,2.38,0.809574803149606
2000-11-11,0.00540992478575693,2.85471451282501,0.690605515894938,2.26,0.768755905511811
2000-11-12,0.000514152881654203,5.83465627829234,0.915171458961339,2.27,0.772157480314961
2000-11-13,0.106708628280709,7.32863759994507,0.773610025415005,2.27,0.772157480314961
2000-11-14,12.690303961436,5.87743691603343,0.505218456607363,2.6,0.884409448818898
2000-11-15,0.674171571542198,5.21100358168284,0.545728387053487,4.04,1.37423622047244
2000-11-16,4.6710955897967,3.87452797094981,0.519633497724082,3.24,1.10211023622047
2000-11-17,3.05868957440058,3.01847835381826,0.307440525769102,3.42,1.16333858267717
2000-11-18,0.189075658097863,1.52765757838885,0.474815808607633,4.09,1.39124409448819
2000-11-19,2.86680973569552,1.84074453512828,0.665660915458257,3.35,1.13952755905512
2000-11-20,6.93727000554403,3.86412650346756,0.423858716204682,3.32,1.12932283464567
2000-11-21,1.58100733160973,2.4283642967542,0.456388856027753,4.02,1.36743307086614
2000-11-22,0.0764727106628319,5.71821351846059,0.766011134013629,3.88,1.31981102362205
2000-11-23,0.712673450509707,4.64691297213237,0.466795571765364,3.24,1.10211023622047
2000-11-24,6.41424254576365,4.69454423586528,0.458385062406646,2.97,1.01026771653543
2000-11-25,2.1601812740167,2.536747554938,0.324983940190113,3.33,1.13272440944882
2000-11-26,1.4676765302817,4.24514691034953,0.532041081820588,4.04,1.37423622047244
2000-11-27,2.56689004103343,3.24251806735992,0.441441471866021,3.37,1.14633070866142
2000-11-28,1.04907854894797,6.17372894287109,0.680156608012279,3.36,1.14292913385827
2000-11-29,0.0911543183028698,4.62113523483276,0.495823820550685,3.25,1.10551181102362
2000-11-30,0.0507833539353063,4.99932730197906,0.567602412733199,2.86,0.972850393700787
2000-12-01,0.00333386888087261,2.87513554096222,0.343606943375017,2.66,0.904818897637795
2000-12-02,0.028790305465615,4.3940102259318,0.461688934146001,2.42,0.823181102362205
2000-12-03,0.0395695441402495,5.2462633450826,0.49492028022425,2.43,0.826582677165354
2000-12-04,0.455092546840509,4.57842767238617,0.367456374129511,2.65,0.901417322834646
2000-12-05,0.0205453669962784,4.28266898790995,0.576261976383888,2.38,0.809574803149606
2000-12-06,0.0148057641248064,3.0530486702919,0.376679631101116,2.27,0.772157480314961
2000-12-07,0.348731306691964,4.58290934562683,0.428279955413848,2.26,0.768755905511811
2000-12-08,0.33340726668636,7.41313902537028,0.476496099133996,2.23,0.758551181102362
2000-12-09,1.50475709140301,6.38008896509806,0.470384197915838,2.26,0.768755905511811
2000-12-10,2.13535433014234,7.22578700383504,0.480888392908293,2.36,0.802771653543307
2000-12-11,0.0359526757965796,8.64633893966675,0.634739002188375,2.3,0.782362204724409
2000-12-12,0.033566006536906,9.20540086428324,0.594135260751294,2.2,0.748346456692914
2000-12-13,3.11688278316069e-05,9.46454628308614,0.57982869482762,2.17,0.738141732283465
2000-12-14,1.00528663396835,6.51168950398763,0.378143971889413,2.22,0.755149606299213
2000-12-15,3.38035368919373,3.4845615029335,0.35755811938514,2.26,0.768755905511811
2000-12-16,2.35181939601898,1.38696253299713,0.222607515625619,2.38,0.809574803149606
2000-12-17,1.04843490819136,1.99735169609388,0.302867958739045,2.4,0.816377952755906
2000-12-18,9.01278913021088,1.88440243403117,0.36077675761216,2.29,0.77896062992126
2000-12-19,2.93981079260508,3.08154308795929,0.323339654592928,2.96,1.00686614173228
2000-12-20,0.000150028469458145,-0.665236301720142,0.268373190307869,2.77,0.942236220472441
2000-12-21,0.00208694722581034,-3.48476451635361,0.208091636217919,2.34,0.795968503937008
2000-12-22,0.000312408662769788,-4.90458981196086,0.162297158248608,2.22,0.755149606299213
2000-12-23,0.00716091036641349,-3.63306355476379,0.371639320223828,2.26,0.768755905511811
2000-12-24,0.439494671920935,-2.50354784727097,0.366377385407877,2.17,0.738141732283465
2000-12-25,2.561174929142,0.770378602047761,0.378733114866008,2.32,0.789165354330709
2000-12-26,0.0598182033669824,1.90706860025724,0.441818700302538,2.3,0.782362204724409
2000-12-27,0.0319575005754208,0.783050552010536,0.36846672434117,2.29,0.77896062992126
2000-12-28,2.23249424497286,-0.458019886165857,0.304777572968181,2.29,0.77896062992126
2000-12-29,2.03246943155924,-0.984734639525414,0.293700310709813,2.26,0.768755905511811
2000-12-30,0.921637818217278,-1.81109513839086,0.282934685076155,2.18,0.741543307086614
2000-12-31,0.0625456333509646,-4.04435908794403,0.327719751809655,2.12,0.721133858267717
2001-01-01,1.04627128193776,-1.69338848193487,0.453752410548763,2.36,0.802771653543307
2001-01-02,5.13614034156005,2.74105823040009,0.425260952117456,2.89,0.983055118110236
2001-01-03,0.210104248137213,2.42928250630697,0.454266837639359,2.87,0.976251968503937
2001-01-04,0.573542108138402,2.700244029363,0.447185549548168,2.62,0.891212598425197
2001-01-05,7.96779511372248,4.52353727817535,0.375500299893038,2.62,0.891212598425197
2001-01-06,19.5806701978048,4.83083673318227,0.455531208700687,3.89,1.3232125984252
2001-01-07,13.2621701955795,1.65611877044042,0.243770270190789,8.49,2.88793700787402
2001-01-08,3.60991950829824,1.55249253412088,0.239980482337236,9.35,3.18047244094488
2001-01-09,0.0496665294437359,-0.661679732302825,0.349580613991724,7.96,2.70765354330709
2001-01-10,2.94658160209656,0.681750081479549,0.420335598115476,5,1.7007874015748
2001-01-11,2.27734665075938,2.50473936398824,0.361574755858893,4.47,1.52050393700787
2001-01-12,0.00122708552589756,-0.972181305289268,0.325470180457186,5.23,1.77902362204724
2001-01-13,0.000218080747496667,-4.03614836931229,0.222746552574864,3.89,1.3232125984252
2001-01-14,2.0698009999857e-05,-4.57712499300639,0.237691512141204,3.07,1.04428346456693
2001-01-15,0.000105681725168931,-6.50978155930837,0.230485223907188,2.74,0.932031496062992
2001-01-16,0.000106851813749624,-6.10975142319997,0.337839606583917,2.54,0.864
2001-01-17,0.00252198639706573,-3.63043944040934,0.439878276813371,2.42,0.823181102362205
2001-01-18,0.00133492757837909,-3.40420345465342,0.33277423063981,2.32,0.789165354330709
2001-01-19,0.61427420626084,-2.56082999706268,0.448501249576185,2.32,0.789165354330709
2001-01-20,0.490873957673709,-0.596400779982408,0.336494921086599,2.2,0.748346456692914
2001-01-21,1.88464876015981,-1.63799196481705,0.318209930046001,2.21,0.751748031496063
2001-01-22,1.76858825484912,1.20363642772039,0.63133873305132,2.41,0.819779527559055
2001-01-23,1.2044715632995,3.79410795370738,0.667420030183303,2.74,0.932031496062992
2001-01-24,3.42681572834651,4.4036826690038,0.558361324568713,2.64,0.898015748031496
2001-01-25,1.68483948210875,3.34949566920598,0.687076166970847,3.14,1.06809448818898
2001-01-26,0.18675356109937,1.48992855350177,0.561299937419276,3.18,1.08170078740157
2001-01-27,0.494366113096476,1.75648797551791,0.588581043183902,2.83,0.962645669291339
2001-01-28,0.0250155090955862,0.10934319657584,0.568447534931396,2.49,0.846992125984252
2001-01-29,0.00275452768740555,-1.00784874955813,0.532795221376991,2.41,0.819779527559055
2001-01-30,0.0157847713659673,-0.212397909878443,0.42556970153384,2.29,0.77896062992126
2001-01-31,0.23575463766853,-0.942871980369091,0.423963486723969,2.22,0.755149606299213
2001-02-01,1.8124985297521,-2.20193963249524,0.30050750964969,2.25,0.765354330708661
2001-02-02,8.31791146596273,-2.4867304166158,0.456094781274296,2.14,0.727937007874016
2001-02-03,12.8052288691203,1.79182912906011,0.578166542099393,2.49,0.846992125984252
2001-02-04,1.7839215695858,4.97650523980459,0.770925361525215,8.42,2.86412598425197
2001-02-05,1.1337982416153,7.31127961476644,0.772391481977784,8.07,2.74507086614173
2001-02-06,0.000642920305229685,8.09442687034607,1.06127897077254,4.51,1.53411023622047
2001-02-07,0.00132418786233757,7.71381771564484,1.23589071444425,3.52,1.19735433070866
2001-02-08,0.00978698620262245,6.21108615398407,0.9323438469003,3.11,1.05788976377953
2001-02-09,1.50281987587611,4.29100147883097,0.671560643679379,2.84,0.966047244094488
2001-02-10,0.00185394378301377,1.32916471362114,0.750894763741918,2.68,0.911622047244095
2001-02-11,0.00024707358534215,3.2938219110171,1.09080627374799,2.52,0.857196850393701
2001-02-12,0.164711817633361,5.54936913649241,1.27238078386484,2.29,0.77896062992126
2001-02-13,1.05332729717096,3.9718865553538,0.671067312772857,2.25,0.765354330708661
2001-02-14,2.63691969545713e-05,1.92991786201795,0.774403022673074,2.14,0.727937007874016
2001-02-15,0.0154680643657533,2.22209990024567,0.952993097883703,2.12,0.721133858267717
2001-02-16,0.30343970656395,3.40741819143295,1.15060322530033,2.03,0.69051968503937
2001-02-17,0.0128260934725404,2.31045238176982,0.487406080149082,2.01,0.683716535433071
2001-02-18,0.0239267813716045,1.6806508799394,0.701056485147199,2.09,0.710929133858268
2001-02-19,1.80076302091281,1.94588519136111,0.86218432750906,2.09,0.710929133858268
2001-02-20,0.456106420606375,1.72748404741287,0.525098606823819,2.1,0.714330708661417
2001-02-21,2.61259392897288,2.90922047694524,0.793848430532428,2.1,0.714330708661417
2001-02-22,5.72664209206899,2.81225788593292,0.549510615160037,2.3,0.782362204724409
2001-02-23,4.63401424884796,0.0839187825719516,0.613878998922677,2.89,0.983055118110236
2001-02-24,1.78583336869876,-2.66908625761668,0.586836140098657,3.6,1.22456692913386
2001-02-25,0.215154286396379,-4.27496653795242,0.488599848699607,2.82,0.959244094488189
2001-02-26,0.418963671972354,-4.34234939018885,0.656617319981194,2.69,0.915023622047244
2001-02-27,4.70664135718835e-05,-1.84836389621099,0.993291893995932,2.53,0.86059842519685
2001-02-28,0.000437087283595853,-1.01985032359759,0.880996112667413,2.48,0.843590551181102
2001-03-01,1.68471654132009,0.49147049151361,0.935950697915661,2.26,0.768755905511811
2001-03-02,6.89381937185923,1.71473171313604,1.00715999913123,2.35,0.799370078740158
2001-03-03,9.77786183357239,1.27204947670301,0.56058065125206,3.18,1.08170078740157
2001-03-04,17.2397429943085,3.85285596052806,0.834705196042276,6.94,2.36069291338583
2001-03-05,0.031944853408883,2.4604096810023,0.851333531799234,14.9,5.06834645669291
2001-03-06,0.00143827232144152,1.05610206226508,0.894026230751238,8.91,3.0308031496063
2001-03-07,1.34508688251177,3.73021113872528,1.23472855559837,4.49,1.52730708661417
2001-03-08,12.6661098798116,7.51246074835459,1.46556232210031,3.9,1.32661417322835
2001-03-09,1.4196568330129,7.44806297620138,1.02230425647688,6.75,2.29606299212598
2001-03-10,2.85175494352976,7.41404453913371,1.21971661136773,5.77,1.96270866141732
2001-03-11,5.81396385033925,9.41822417577108,1.23964412997885,4.55,1.54771653543307
2001-03-12,9.61253841718038,9.70018442471822,1.6004325862575,5.57,1.89467716535433
2001-03-13,2.48028125365575,6.36011711756388,1.14161807929294,7.24,2.46274015748032
2001-03-14,7.02221262454987,3.96518774827321,0.998539391626194,5.31,1.80623622047244
2001-03-15,0.458393653233846,8.26502052942912,1.61451318627988,5.7,1.93889763779528
2001-03-16,0.981844656169415,9.51837396621704,2.17747682267301,4.37,1.48648818897638
2001-03-17,5.6972749431928,8.372549811999,1.40009725024014,3.97,1.35042519685039
2001-03-18,3.28241165479024,8.6324671904246,1.52515274629962,4.19,1.42525984251969
2001-03-19,0.366067844132582,4.04947451750437,1.16526457557492,4.02,1.36743307086614
2001-03-20,19.4219816525777,1.61483098069827,1.16732948642412,3.47,1.18034645669291
2001-03-21,11.7940399646759,6.83285947640737,1.79917231577984,9.82,3.34034645669291
2001-03-22,5.20204915603002,8.75040419896444,1.56401647925736,9.31,3.16686614173228
2001-03-23,13.7962079048157,9.79597345987956,2.33543690242108,7.02,2.38790551181102
2001-03-24,13.7132001717885,10.8587308724721,1.87385491668566,8.58,2.91855118110236
2001-03-25,6.65711120764414,8.84729552268982,1.27634473674709,12.8,4.3540157480315
2001-03-26,0.0215060486613462,2.24321438868841,1.30667348770699,10.5,3.57165354330709
2001-03-27,0.0795203044569159,1.85234627127647,1.21971217280106,5.84,1.98651968503937
2001-03-28,1.16471387942632,5.82094554106394,2.13200918076175,4.62,1.57152755905512
2001-03-29,2.20356253782908,6.80838143825531,1.81438553301317,4.07,1.38444094488189
2001-03-30,1.6852222631375,5.35346078872681,1.37155180749449,3.88,1.31981102362205
2001-03-31,2.35150203783026e-06,6.25417272249858,2.21529219757157,3.94,1.34022047244094
2001-04-01,0,8.51226619879405,2.70921198256342,3.5,1.19055118110236
2001-04-02,0,10.2897485097249,3.12336947048159,3.38,1.14973228346457
2001-04-03,2.44908709040222e-05,10.4439186255137,2.68159738258526,3.16,1.07489763779528
2001-04-04,4.6249874830246,9.07172044118246,2.7412988822103,2.97,1.01026771653543
2001-04-05,0.62115749468406,5.99206328392029,1.72009110025893,3.34,1.13612598425197
2001-04-06,6.77054889996846,8.92689871788025,2.18657677166794,3.12,1.06129133858268
2001-04-07,7.35395834843318,6.15443738301595,1.52718610461318,4.15,1.41165354330709
2001-04-08,2.02559303243955,5.85426219304403,2.05562578174574,5.07,1.72459842519685
2001-04-09,2.24433426062266,6.45525459448497,1.5448246260544,3.7,1.25858267716535
2001-04-10,7.47263350089391,7.03187211354574,1.59211860735354,3.59,1.22116535433071
2001-04-11,0.66556212430199,6.77482795715332,1.54704782023259,4.36,1.48308661417323
2001-04-12,0.139293974575897,6.0374896923701,1.568171508917,3.87,1.3164094488189
2001-04-13,0.259287286549807,0.967065736651421,1.39622144190139,3.32,1.12932283464567
2001-04-14,1.88099963466326,0.642695629348358,1.34781713126141,3.12,1.06129133858268
2001-04-15,5.70831976334254,2.46462025245031,1.29721022958514,3.18,1.08170078740157
2001-04-16,4.65676674246788,4.07087055842082,1.54655951708328,4.72,1.60554330708661
2001-04-17,0.919580083340406,3.99377119541168,1.70053372139137,5.7,1.93889763779528
2001-04-18,4.14327363173167,4.87096452713013,2.01016028812227,4.55,1.54771653543307
2001-04-19,0.708007608850797,3.00940116246541,1.54685422718247,3.99,1.35722834645669
2001-04-20,7.66125802199046,1.71273132165273,1.01635025411971,4.08,1.38784251968504
2001-04-21,10.7380251089732,1.42726918061574,0.956166550862421,4.07,1.38444094488189
2001-04-22,2.08964488903681,2.56399171551069,1.25216820132253,6.03,2.05114960629921
2001-04-23,0.00170631419556836,5.24341599146525,2.6584998849115,6.9,2.34708661417323
2001-04-24,0.00922887310540924,9.85357968012492,3.49628000213256,5.88,2.00012598425197
2001-04-25,0.333342722927531,9.48890233039856,3.34340811422506,4.2,1.42866141732283
2001-04-26,0.280406430674096,7.74113992849986,2.52963037070014,3.62,1.23137007874016
2001-04-27,1.87141746282578,9.69658652941386,3.63007287283932,3.31,1.12592125984252
2001-04-28,0.126849307057758,10.5498592853546,2.68851871217991,3.18,1.08170078740157
2001-04-29,0.0115651073283516,13.2364985942841,3.71021675999714,3.12,1.06129133858268
2001-04-30,2.92858749162406e-06,16.0234212080638,4.81787507640398,2.66,0.904818897637795
2001-05-01,0,17.0729471842448,4.94212401807034,2.65,0.901417322834646
2001-05-02,7.67735537010594e-05,18.1871938705444,5.15566241014746,2.57,0.874204724409449
2001-05-03,0.320904983207583,16.9188758532206,4.65117910059299,2.67,0.908220472440945
2001-05-04,0.0712958820319424,15.3065142631531,3.88034806733404,2.6,0.884409448818898
2001-05-05,4.91283186276754,11.0190910498301,2.60544253897769,2.69,0.915023622047244
2001-05-06,1.57746114333471,7.89884249369303,1.27674717520562,3.09,1.05108661417323
2001-05-07,0.0201665742012362,9.60696236292521,2.16706104291018,2.87,0.976251968503937
2001-05-08,0.000355446742711744,10.8604603608449,2.21682355780219,2.74,0.932031496062992
2001-05-09,0.000292415180107734,14.0127553145091,4.10789700752999,2.67,0.908220472440945
2001-05-10,0.00342110864585266,15.0616311232249,4.26844380097352,2.68,0.911622047244095
2001-05-11,0.00715916608290475,14.7689227263133,4.55360219392966,2.54,0.864
2001-05-12,0,14.6555282274882,4.46892308203671,2.57,0.874204724409449
2001-05-13,0.0243925381764711,15.377844731013,4.95984874977883,2.41,0.819779527559055
2001-05-14,13.1024255355199,15.7809798717499,4.56927255362346,2.85,0.969448818897638
2001-05-15,1.36856457591057,13.1384127140045,3.3956218365204,2.87,0.976251968503937
2001-05-16,2.59660963217417,15.2339262167613,4.6670259938455,2.53,0.86059842519685
2001-05-17,6.2811580101649,14.1438831488291,3.26927245648127,2.55,0.86740157480315
2001-05-18,18.8959771792094,9.30255834261576,2.44240399944941,4.22,1.43546456692913
2001-05-19,0,10.6655502319336,3.70057426908936,4.1,1.39464566929134
2001-05-20,0,13.4075748125712,4.49949427490545,2.91,0.989858267716536
2001-05-21,0,15.4620520273844,4.64234407377334,2.59,0.881007874015748
2001-05-22,0,14.7269372145335,4.13525351037252,2.38,0.809574803149606
2001-05-23,0.00118010019832582,15.9246433575948,4.42545711049583,2.4,0.816377952755906
2001-05-24,0.0748086017168437,17.6623118718465,5.3514343771689,2.26,0.768755905511811
2001-05-25,0.0196519354358315,16.9659787813822,4.57987074989694,2.23,0.758551181102362
2001-05-26,3.74148759381872e-07,17.3151701291402,5.24205399964826,2.1,0.714330708661417
2001-05-27,0,19.939189751943,5.24112176126608,2.04,0.69392125984252
2001-05-28,0.000314333971346059,20.6850301424662,4.79680165641579,2.12,0.721133858267717
2001-05-29,0,21.2794631322225,5.39971881213914,2.11,0.717732283464567
2001-05-30,1.26682697733243,19.2792393366496,5.36297371703981,2,0.680314960629921
2001-05-31,9.00766559441884,15.992040793101,3.79326632135066,2.58,0.877606299212599
2001-06-01,0.653647800286611,11.7942701180776,2.77522007457362,2.73,0.928629921259843
2001-06-02,5.92342456181844,11.0485263665517,2.37787070274818,2.33,0.792566929133858
2001-06-03,2.50616602102915,7.11737910906474,2.43857857047019,2.52,0.857196850393701
2001-06-04,0.0654135365427161,9.12331883112589,3.07077892802204,2.63,0.894614173228346
2001-06-05,1.70500157897671,13.3172352313995,5.13834668165691,2.28,0.77555905511811
2001-06-06,11.6760947902997,12.7626330852509,3.06700738506512,3.22,1.09530708661417
2001-06-07,0.272575053075949,15.1053053538005,4.19977920364019,4.06,1.38103937007874
2001-06-08,16.4192140102386,13.0191757678986,2.70130877895989,2.62,0.891212598425197
2001-06-09,11.7778689463933,11.6221299171448,2.01467277966182,4.5,1.53070866141732
2001-06-10,12.1282471815745,11.8159790039062,2.13008196744252,5.16,1.7552125984252
2001-06-11,3.1169299085935,9.17840639750163,2.65431610310303,8.45,2.87433070866142
2001-06-12,0.139483591929699,13.058806180954,4.78252925532483,5.01,1.70418897637795
2001-06-13,2.70094591379166,15.8584728240967,5.5054802472593,3.15,1.07149606299213
2001-06-14,0.0265177462715656,14.9846013387044,4.12141727227417,2.56,0.870803149606299
2001-06-15,6.27321306864421,17.8165464401245,5.71535236698617,2.26,0.768755905511811
2001-06-16,8.76310877005259,13.7949868043264,3.61439641182922,2.48,0.843590551181102
2001-06-17,5.68440401554108,13.7406202157338,3.4906776295598,2.63,0.894614173228346
2001-06-18,2.01144283016523,11.9579440752665,2.32167658953288,3.82,1.29940157480315
2001-06-19,0.122629986144602,11.2547188599904,2.61274599729872,3.29,1.11911811023622
2001-06-20,0.000223261545518956,13.6416008472443,4.71984747202768,2.72,0.925228346456693
2001-06-21,9.34649970076862e-05,17.6505656242371,5.58659692942493,2.3,0.782362204724409
2001-06-22,0,14.4016573429108,3.85503126308302,2.08,0.707527559055118
2001-06-23,0,15.1417933305105,5.12110629557772,1.99,0.676913385826772
2001-06-24,1.90294622370857e-06,17.748684724172,5.83857428446263,1.94,0.659905511811024
2001-06-25,0,19.2229104042053,5.79776342496587,1.92,0.653102362204724
2001-06-26,0.0502607152642061,20.1879105567932,6.05866814169618,1.9,0.646299212598425
2001-06-27,1.25202726200223,21.2451928456624,6.51474502962931,1.79,0.60888188976378
2001-06-28,2.40039273103078,17.2436591784159,2.62049555020442,1.87,0.636094488188976
2001-06-29,0.00394709635899441,18.7358380953471,4.94584076156954,2.06,0.700724409448819
2001-06-30,4.77959652245045,19.7654528617859,5.82514891124548,1.76,0.598677165354331
2001-07-01,0.150019316002727,17.1213731765747,4.15427891094969,1.89,0.642897637795276
2001-07-02,0.000234309599060604,17.7507788340251,4.72863794937991,1.95,0.663307086614173
2001-07-03,0.00023759343760806,16.984281539917,5.01734051918638,1.81,0.615685039370079
2001-07-04,2.0296185236172e-06,18.5784026781718,5.54146287903618,1.75,0.595275590551181
2001-07-05,0,20.7595655123393,6.10011371717701,1.68,0.571464566929134
2001-07-06,1.61427924467716e-05,23.8113098144531,6.67624380135114,1.63,0.554456692913386
2001-07-07,16.238017876943,16.9701549212138,4.55368633984319,1.91,0.649700787401575
2001-07-08,2.39817384568354,16.8302892049154,4.26593529538407,2.8,0.95244094488189
2001-07-09,0.0763710795048003,16.7468016942342,4.20282413589106,1.89,0.642897637795276
2001-07-10,0.0857042900267212,20.0091361999512,5.84730827793913,1.72,0.585070866141732
2001-07-11,0.872751074532668,16.4551312128703,3.18230443175735,1.65,0.561259842519685
2001-07-12,9.79300753275553,17.0418300628662,4.89916780334105,1.62,0.551055118110236
2001-07-13,4.19824151198069,16.1590980688731,3.4498858297996,2.22,0.755149606299213
2001-07-14,0.678652395377867,19.890221118927,5.22550793154945,1.92,0.653102362204724
2001-07-15,22.7211616834005,14.506113131841,3.65401078484817,1.92,0.653102362204724
2001-07-16,0.572352061669032,12.3257450262705,2.68047779053535,4.69,1.59533858267717
2001-07-17,0.141013220670478,13.7520889441172,3.38920838421501,2.63,0.894614173228346
2001-07-18,3.44065103928248,13.2862060864766,2.73309429424981,2.04,0.69392125984252
2001-07-19,0.260780116543174,14.3377752304077,3.53470636571461,2.05,0.697322834645669
2001-07-20,0.550602604945501,14.0580813884735,3.04289043159633,1.93,0.656503937007874
2001-07-21,0.00455884469556622,15.1013979117076,3.69587322341088,1.87,0.636094488188976
2001-07-22,7.47873317171373e-06,18.5637812614441,5.58407627609634,1.75,0.595275590551181
2001-07-23,2.12848957469684e-05,19.9531302452087,5.51931234856561,1.82,0.619086614173228
2001-07-24,1.56410961349805,19.899284362793,5.08080590713072,1.8,0.612283464566929
2001-07-25,0.395725876869013,20.3864254951477,5.11533601867933,1.76,0.598677165354331
2001-07-26,1.7616096859759e-06,20.9875815709432,5.44107246749154,1.92,0.653102362204724
2001-07-27,0,21.416378180186,5.63717521873837,1.71,0.581669291338583
2001-07-28,0.00249283046772083,22.0991373062134,5.83339715995776,1.71,0.581669291338583
2001-07-29,0.705877751888086,21.5936547915141,5.12066387836084,1.67,0.568062992125984
2001-07-30,0.00112689358259862,21.1420892079671,5.13215119981342,1.73,0.588472440944882
2001-07-31,0,23.4091658592224,6.23865302034712,1.68,0.571464566929134
2001-08-01,2.02483806788223e-06,21.8322849273682,4.95234506356542,1.65,0.561259842519685
2001-08-02,4.99801620841026,23.9770266215007,6.37613676299755,1.67,0.568062992125984
2001-08-03,21.7557088534037,19.4693075815837,3.17949652918187,2.07,0.704125984251968
2001-08-04,16.2793967723846,16.7962166468302,3.26494270481873,3.02,1.02727559055118
2001-08-05,0.956405139217774,16.2192003726959,3.17562837968039,3.61,1.22796850393701
2001-08-06,0.498067452261845,17.475949605306,4.46154417448137,2.36,0.802771653543307
2001-08-07,1.43412882863777,17.7673597335815,3.66278555690152,1.86,0.632692913385827
2001-08-08,0.752026410152515,17.5663431485494,3.40401761823936,1.73,0.588472440944882
2001-08-09,9.83268157641093,17.8885984420776,3.686237247281,1.63,0.554456692913386
2001-08-10,1.6174218794331,14.2942092418671,3.21326795673319,2.05,0.697322834645669
2001-08-11,0.000167749414686114,13.2354849179586,3.4947163248522,2.4,0.816377952755906
2001-08-12,7.80478239903459e-06,15.5025748411814,4.40400704107856,1.91,0.649700787401575
2001-08-13,5.3065057651717e-07,18.3263384501139,4.82509480174982,1.81,0.615685039370079
2001-08-14,2.11381029657787e-06,21.7149653434753,5.4970878000936,1.74,0.591874015748032
2001-08-15,0.014210564957466,23.5740005175273,5.5006009031202,1.74,0.591874015748032
2001-08-16,5.42349767684937,22.9464089075724,4.99690744419409,1.68,0.571464566929134
2001-08-17,1.05099010467529,19.2321720123291,3.2123521584406,1.97,0.670110236220472
2001-08-18,0.0621886619677146,20.2137883504232,4.0964189463422,2,0.680314960629921
2001-08-19,0.142800827782291,20.1758958498637,4.10286259673825,1.78,0.60548031496063
2001-08-20,2.70117328564326,16.6685487429301,2.5693824854714,1.71,0.581669291338583
2001-08-21,0.00368332985090092,17.3237408002218,3.42702765444018,1.84,0.625889763779528
2001-08-22,8.57534972359038e-05,18.1087223688761,3.84437976336375,1.8,0.612283464566929
2001-08-23,1.98179441213142e-06,19.269250869751,4.08900112660022,1.69,0.574866141732283
2001-08-24,0.00594937410399628,20.1483586629232,4.44733264907802,1.6,0.544251968503937
2001-08-25,0,20.9535279273987,4.65410422392841,1.59,0.540850393700787
2001-08-26,0,21.3918814659119,4.81231145910991,1.56,0.530645669291339
2001-08-27,7.02063832183679,20.8813185691833,4.78562163462615,1.53,0.52044094488189
2001-08-28,3.99356031266507e-06,15.5386826992035,3.05092185478511,3.04,1.03407874015748
2001-08-29,8.20655871696848e-05,15.4886259237925,3.82118905359648,1.81,0.615685039370079
2001-08-30,1.10682271296779,16.1475862661997,3.56784135299456,1.74,0.591874015748032
2001-08-31,9.30292534828186,14.520572980245,2.3509612243816,1.76,0.598677165354331
2001-09-01,0.782367693881194,12.8433357079824,1.81385880487453,2.02,0.687118110236221
2001-09-02,0.0181249453453347,13.3820993900299,2.40152734835121,1.85,0.629291338582677
2001-09-03,0.356318176413576,15.6268448829651,3.45266032962482,1.92,0.653102362204724
2001-09-04,14.640065908432,12.2540027300517,1.8784718464237,2.14,0.727937007874016
2001-09-05,8.18456089496613,11.0286995569865,1.56788356369838,3.02,1.02727559055118
2001-09-06,2.25720209876696,11.901317358017,2.24779165755992,2.62,0.891212598425197
2001-09-07,1.99256200591723,12.4449249903361,1.88433645261554,2.32,0.789165354330709
2001-09-08,32.8538091977437,11.9455506801605,1.56369032093955,2.79,0.94903937007874
2001-09-09,1.81287429730097,8.52020621299744,1.72711213627106,8.7,2.95937007874016
2001-09-10,1.57660475373268,8.80221748352051,1.49464730717169,4.53,1.54091338582677
2001-09-11,0.538385396202405,9.14919686317444,1.62219208560199,2.98,1.01366929133858
2001-09-12,3.38602255781492,10.9684185187022,1.72786077189742,2.49,0.846992125984252
2001-09-13,11.2551279067993,12.5237565040588,2.12438936436976,3.01,1.02387401574803
2001-09-14,4.02595330278079,9.61626696586609,1.38470733875828,3.92,1.33341732283465
2001-09-15,8.26683680216471,10.7056318918864,1.86726059510264,4.48,1.52390551181102
2001-09-16,10.4186987082163,8.1954315106074,1.30916489968125,3.98,1.35382677165354
2001-09-17,6.54177053769429,7.82763270537059,1.310266008847,5.66,1.92529133858268
2001-09-18,0.0553691621559362,7.6840299765269,1.79790565570446,5.7,1.93889763779528
2001-09-19,1.0815426632762,9.62814823786418,2.43110760097786,3.44,1.17014173228346
2001-09-20,9.66680781046549,12.110510746638,2.04842015607561,2.86,0.972850393700787
2001-09-21,4.94582867622375,10.6335659821828,1.42039361097159,4.21,1.43206299212598
2001-09-22,0.262196257710457,9.43064387639364,1.80008915711508,5.41,1.84025196850394
2001-09-23,6.57940868536631,10.1422142187754,1.34459953630605,3.77,1.2823937007874
2001-09-24,0.847131011386712,11.1749628384908,1.49538266944149,3.79,1.2891968503937
2001-09-25,0.242800338504215,10.0433847904205,1.60223756366651,3.48,1.18374803149606
2001-09-26,0.534692102422317,9.22380272547404,1.63407470082052,2.97,1.01026771653543
2001-09-27,0.0609074829456707,11.359696149826,2.29000304497464,2.74,0.932031496062992
2001-09-28,0.00150777965124386,11.5464272499084,2.3966423490129,2.54,0.864
2001-09-29,2.81719569365183,12.9371043046316,2.29053205603933,2.42,0.823181102362205
2001-09-30,1.54867439468702,12.3518862724304,1.62358573967433,2.41,0.819779527559055
2001-10-01,0.937023895482222,14.6452469031016,2.25957035734237,2.26,0.768755905511811
2001-10-02,8.66597383719636e-05,17.8100056648254,2.52559801033714,2.21,0.751748031496063
2001-10-03,3.11167884866397,15.8244073390961,2.43818929834062,2.08,0.707527559055118
2001-10-04,0.193970384697119,11.0835070610046,1.65924892395992,2.25,0.765354330708661
2001-10-05,0.670328964789708,10.5327061017354,1.90061225713173,2.1,0.714330708661417
2001-10-06,0.0264345615869388,14.3510636488597,2.21998143344232,2.17,0.738141732283465
2001-10-07,2.39674554268519,12.7120421727498,1.40755185130939,2.14,0.727937007874016
2001-10-08,0.33454508582751,12.7957805792491,2.00050072431713,2.02,0.687118110236221
2001-10-09,0.000231857957260218,12.198660214742,1.48657705186311,1.93,0.656503937007874
2001-10-10,0.00147325990110403,11.8574166297913,1.70013608227304,1.93,0.656503937007874
2001-10-11,0.0288080106644581,11.070528904597,1.8189467432307,1.89,0.642897637795276
2001-10-12,0.0598381625798841,11.2706646124522,1.96069313669595,1.91,0.649700787401575
2001-10-13,0.050254599598702,12.7699537277222,2.00192262830152,1.93,0.656503937007874
2001-10-14,0.0511283646386194,13.2218673229218,2.01268584661074,1.86,0.632692913385827
2001-10-15,0.0148999381247753,12.9603320757548,1.84580992701387,1.9,0.646299212598425
2001-10-16,0.00094067783599409,13.4814615249634,1.57701959770693,1.81,0.615685039370079
2001-10-17,0.0509602584255238,11.8460429509481,1.48104145835121,1.81,0.615685039370079
2001-10-18,0.0794980926439166,11.0165071487427,1.5150749419732,1.85,0.629291338582677
2001-10-19,0.00694774983700578,10.2803870836894,1.04626117659673,1.86,0.632692913385827
2001-10-20,6.49676124254862,10.5653946399689,1.10324168684718,1.79,0.60888188976378
2001-10-21,7.64936117331187,10.9414058526357,1.00455814391871,2.44,0.829984251968504
2001-10-22,0.268959926441312,9.8962500890096,1.22299688673642,2.31,0.785763779527559
2001-10-23,9.72780847549438,9.91427516937256,1.35358816119807,1.89,0.642897637795276
2001-10-24,7.27926099300385,10.3827668825785,0.961167734479302,2.29,0.77896062992126
2001-10-25,2.46331359942754,9.83846092224121,0.851061791663014,3.3,1.12251968503937
2001-10-26,0.0397342820172829,8.77772911389669,1.22889179074874,3.05,1.03748031496063
2001-10-27,2.96229627565481e-05,10.3922493457794,1.34725620183576,2.48,0.843590551181102
2001-10-28,0.00110728769989995,11.4783484141032,1.20174225165644,2.28,0.77555905511811
2001-10-29,0.00728916475782171,12.6588701407115,1.22686160869783,2.07,0.704125984251968
2001-10-30,0.000103122604476387,12.0630186398824,1.30104533833806,1.98,0.673511811023622
2001-10-31,8.44273753960927,10.9975096384684,1.44212414457815,2.13,0.724535433070866
2001-11-01,0.000196867253786574,4.57336326440175,0.813475590438403,2.64,0.898015748031496
2001-11-02,0,4.03268271684647,0.88585747720222,2.45,0.833385826771654
2001-11-03,0.0346755096931399,4.47323596477509,0.938137030889192,2.22,0.755149606299213
2001-11-04,0.00590581309127932,4.44104925791423,0.937999251476472,2.09,0.710929133858268
2001-11-05,0.000474055651769352,5.61028742790222,0.818343048419488,1.99,0.676913385826772
2001-11-06,4.4716651837031,5.38261556625366,0.662942791614111,1.95,0.663307086614173
2001-11-07,17.1268763542175,7.88737650712331,0.646701948716287,2.42,0.823181102362205
2001-11-08,3.13093815247218,6.73792545000712,0.738890884282071,4.96,1.6871811023622
2001-11-09,0.582977923254172,0.0484544970095158,0.457491280256369,3.68,1.25177952755906
2001-11-10,4.89459711729978e-05,-1.52611921230952,0.481155841969958,2.77,0.942236220472441
2001-11-11,2.73430820622404e-06,-1.77608156204224,0.5340264234463,2.46,0.836787401574803
2001-11-12,2.1584862669309,0.200271789372588,0.571343205004868,2.42,0.823181102362205
2001-11-13,6.21670234203339,0.85754568874836,0.333791015083379,2.49,0.846992125984252
2001-11-14,0.0573808189171056,-1.74002895752589,0.331032962718921,2.73,0.928629921259843
2001-11-15,0.0186069602301965,-2.30945199728012,0.387809912081637,2.66,0.904818897637795
2001-11-16,9.05984012812648e-05,-0.554443816343943,0.49934444012543,2.43,0.826582677165354
2001-11-17,0.000113194171717623,-0.115146355393032,0.251037779430209,2.41,0.819779527559055
2001-11-18,0.00652275180618744,-0.401977445930243,0.323638820070983,2.32,0.789165354330709
2001-11-19,0.175301288254559,-0.601444662859043,0.254139978272337,2.29,0.77896062992126
2001-11-20,0.000465668216444707,1.29527006795009,0.431775946501487,2.19,0.744944881889764
2001-11-21,0.0111029087226295,1.2873272250096,0.499144333208971,2.1,0.714330708661417
2001-11-22,13.3950111071269,1.63232149680456,0.482709520854224,2.19,0.744944881889764
2001-11-23,1.45601863662402,-0.493032016170522,0.292173554575248,3.6,1.22456692913386
2001-11-24,3.21051408847173,0.282971737130235,0.263902169120069,3.22,1.09530708661417
2001-11-25,10.2594106197357,2.4808140595754,0.324740324049044,3.22,1.09530708661417
2001-11-26,1.88823518281182,5.10008124510447,0.376232560491824,8.08,2.74847244094488
2001-11-27,2.59518653154373,4.298413058122,0.388146285685653,5.88,2.00012598425197
2001-11-28,5.64103031158447,1.98521136244138,0.345019185319952,4.24,1.44226771653543
2001-11-29,7.88104399045308,3.2515011827151,0.388580899991589,4.67,1.58853543307087
2001-11-30,7.69602986176809,5.66716794172923,0.453632781475646,5.83,1.98311811023622
2001-12-01,11.4792700608571,5.88177227973938,0.382380459794353,8.72,2.96617322834646
2001-12-02,0.482140990595023,5.13376013437907,0.382695381761045,9.82,3.34034645669291
2001-12-03,0.642479139069716,2.91259517272313,0.308928574961831,6.38,2.17020472440945
2001-12-04,3.79680824279785,5.90697022279104,0.40442439509465,4.47,1.52050393700787
2001-12-05,1.44771280884743,5.90741427739461,0.4094688838922,4,1.36062992125984
2001-12-06,1.80533455312252,5.18551560242971,0.467434832909902,3.83,1.3028031496063
2001-12-07,0.0746425107742349,1.27732170124849,0.2516857742449,3.49,1.18714960629921
2001-12-08,0.000206858105229912,-1.01554485658805,0.278204679987939,3.07,1.04428346456693
2001-12-09,0.00040551376575119,-3.09390542904536,0.241090740739583,2.88,0.979653543307087
2001-12-10,0.0463001192547381,-2.97695318857829,0.286865220202488,2.69,0.915023622047244
2001-12-11,1.62043874959151,-0.282154348834107,0.285024366573317,2.54,0.864
2001-12-12,1.10864729185899,0.719925753151377,0.191971913826194,2.58,0.877606299212599
2001-12-13,1.47633676727613,-7.53266799449921,0.285503444761244,2.58,0.877606299212599
2001-12-14,0.011102820688393,-11.6629657745361,0.0938746312771906,2.35,0.799370078740158
2001-12-15,0.00100197378196754,-8.35925789674123,0.188830743450413,2.86,0.972850393700787
2001-12-16,0.121409908189283,-5.4413077433904,0.230583374264579,2.21,0.751748031496063
2001-12-17,0.0154109593580264,-3.50869695345561,0.275150117632001,2.11,0.717732283464567
2001-12-18,0.00373962489538826,-2.6879703104496,0.200058768259134,2.23,0.758551181102362
2001-12-19,0.167604749711851,-2.43015378713608,0.211158527857312,2.27,0.772157480314961
2001-12-20,1.14539458354314,-4.12214756011963,0.30501032804102,2.23,0.758551181102362
2001-12-21,4.18801645437876,-3.92978765567144,0.337490964536403,2.18,0.741543307086614
2001-12-22,1.76440033316612,-1.34181552131971,0.248249355311404,2.2,0.748346456692914
2001-12-23,0.903016418218613,-8.44944032033285,0.258562453731566,2.25,0.765354330708661
2001-12-24,0.627814774711927,-8.31815973917643,0.308176066105533,2.5,0.850393700787402
2001-12-25,6.59655570983887,1.58093222975731,0.404565011841057,2.09,0.710929133858268
2001-12-26,3.56459353367488,-1.45723721385002,0.312133141388606,2.38,0.809574803149606
2001-12-27,3.00261813402176,-2.771941502889,0.241961016918376,2.35,0.799370078740158
2001-12-28,3.66728180646896,3.95099890232086,0.484876114214542,2.46,0.836787401574803
2001-12-29,12.9813265800476,3.52138274908066,0.332063910581355,6.02,2.04774803149606
2001-12-30,2.10097302993139,-2.10255108277003,0.372911031847671,9.18,3.12264566929134
2001-12-31,0.188160334403316,-5.00966640313466,0.224685304250778,4.8,1.63275590551181
2002-01-01,0.0141986713958128,-7.22047436237335,0.237070602915908,3.34,1.13612598425197
2002-01-02,0.000420383534219582,-4.92806613445282,0.36049614970441,2.91,0.989858267716536
2002-01-03,0.000292778786388226,-7.50806415081024,0.237965376356921,2.67,0.908220472440945
2002-01-04,0.00354832095035817,-11.0638548533122,0.165144511972007,2.54,0.864
2002-01-05,7.17826757560639e-06,-10.4497032960256,0.210091291989992,3.31,1.12592125984252
2002-01-06,0.794046550989151,-7.92795324325562,0.311709211782972,3.9,1.32661417322835
2002-01-07,0.000127832783315777,-2.96718992789586,0.323992114910385,2.5,0.850393700787402
2002-01-08,0.0337902664517363,-4.80173416932424,0.220594737718963,2.3,0.782362204724409
2002-01-09,0.000362088760387754,-5.9266738096873,0.242077832357397,2.22,0.755149606299213
2002-01-10,0.00172970859178652,-6.62840255101522,0.239265828175997,2.16,0.734740157480315
2002-01-11,0.205941945624848,-5.64240864912669,0.337035747058853,2.08,0.707527559055118
2002-01-12,0.0192243933755284,-0.966965342561404,0.483194532553314,2.03,0.69051968503937
2002-01-13,1.82092926479527e-05,-1.78196786840757,0.354112739125738,2,0.680314960629921
2002-01-14,4.30851059718407e-07,-3.72322716315587,0.231445573907365,2,0.680314960629921
2002-01-15,0.00876752696543311,-5.50370077292124,0.258969208301185,1.91,0.649700787401575
2002-01-16,0.000218272320732164,-3.83142371972402,0.379621261144005,1.91,0.649700787401575
2002-01-17,0.00204787912358976,-2.05450090765953,0.407863034717918,1.92,0.653102362204724
2002-01-18,0.000347566936397925,-1.6253329316775,0.358636888789407,1.94,0.659905511811024
2002-01-19,2.41731484731038,1.22717468937238,0.529756803044571,1.99,0.676913385826772
2002-01-20,1.4837518632412,4.23913043737411,0.465791068908514,2.15,0.731338582677165
2002-01-21,0.0836565572147568,3.67316993077596,0.546671239610686,3.15,1.07149606299213
2002-01-22,0.00738707309998669,3.87928293148677,0.767912409998241,3.37,1.14633070866142
2002-01-23,0.953164582451185,3.41894527276357,0.602537389677617,2.73,0.928629921259843
2002-01-24,2.82105320692062,6.34570368131002,0.627266131632379,2.57,0.874204724409449
2002-01-25,2.6461905837059,3.47776689132055,0.513709737849301,2.81,0.955842519685039
2002-01-26,0.177925342693925,7.98896233240763,0.83967746693139,2.99,1.01707086614173
2002-01-27,3.21250889698664,8.98796780904134,0.538697132625086,2.8,0.95244094488189
2002-01-28,0.0109588311558279,10.09690062205,0.686271899574152,3.02,1.02727559055118
2002-01-29,1.30168506681609e-05,5.88715000947316,0.80378553570438,2.8,0.95244094488189
2002-01-30,1.51337826537201e-06,5.54363413651784,1.06399066513243,2.58,0.877606299212599
2002-01-31,0.0343715967804504,5.83670969804128,0.836613967255601,2.43,0.826582677165354
2002-02-01,0.00814768295701166,6.45348143577576,0.848613348783783,2.38,0.809574803149606
2002-02-02,8.74515770495539e-06,5.71037658055623,1.07183472670396,2.27,0.772157480314961
2002-02-03,0,5.14416404565175,1.13131093842481,2.2,0.748346456692914
2002-02-04,3.80521851184312e-06,5.36146175861359,0.980434693093603,2.13,0.724535433070866
2002-02-05,0.586382396519184,8.04653294881185,1.14371222694589,2.05,0.697322834645669
2002-02-06,11.7222416400909,4.99343009789785,0.652334896804901,2.21,0.751748031496063
2002-02-07,1.74523650606473,2.97200630108515,0.593152638478773,3.09,1.05108661417323
2002-02-08,2.62712326645851,4.46278238296509,0.661644166885975,3.06,1.04088188976378
2002-02-09,3.15359425544739,8.56740601857503,0.875269367911118,3.31,1.12592125984252
2002-02-10,2.58553224802017,4.99189058939616,0.746644418204486,3.47,1.18034645669291
2002-02-11,0.125294500806679,8.86168917020162,0.914216415078335,3.22,1.09530708661417
2002-02-12,0.00525114466048156,10.421817223231,0.783342290873042,2.83,0.962645669291339
2002-02-13,4.25028598308563,7.83604999383291,0.87368223547497,2.46,0.836787401574803
2002-02-14,0.00930220945156179,2.97770933310191,0.683642021360115,2.41,0.819779527559055
2002-02-15,0.000379071779510317,1.82683851321538,0.761401911531909,2.22,0.755149606299213
2002-02-16,3.3615189977354e-05,1.52495864033699,0.764313577295221,2.17,0.738141732283465
2002-02-17,0.00232449366982716,0.697153354684512,0.953293785919044,2.17,0.738141732283465
2002-02-18,0.767924785614014,2.66187260548274,1.09828783622074,2.15,0.731338582677165
2002-02-19,1.44620878001054,2.68603185812632,0.597211065179474,2.2,0.748346456692914
2002-02-20,4.70992783705394,4.4910937945048,0.568360052217418,2.2,0.748346456692914
2002-02-21,1.53586850563685,-1.46760388215383,0.72157154659061,2.41,0.819779527559055
2002-02-22,2.48435529073079,0.741262602309386,0.942923954116016,2.4,0.816377952755906
2002-02-23,9.82345740000407,3.24226607879003,0.880699725918607,2.49,0.846992125984252
2002-02-24,3.5624592701594,-0.0197588776548703,0.608680891851828,3.06,1.04088188976378
2002-02-25,2.74423122406006,4.81887984275818,0.970739913819592,3.95,1.34362204724409
2002-02-26,0.963753595948219,8.9526994228363,1.1606693948096,6.09,2.07155905511811
2002-02-27,11.4366066058477,5.35828518867493,1.09455833549631,3.87,1.3164094488189
2002-02-28,0.171029002539096,3.87011702855428,1.03423286370002,7.69,2.61581102362205
2002-03-01,4.99849249919256,4.99263719717662,1.2782207990982,4.63,1.57492913385827
2002-03-02,4.15790883700053,1.68247095743815,0.766495276886707,4.57,1.55451968503937
2002-03-03,0.0078760307126989,0.315015263855457,0.930409830103412,5.75,1.95590551181102
2002-03-04,0.0558848247552911,1.43378735582034,1.25106846586937,3.91,1.3300157480315
2002-03-05,0.0474554576988642,2.12855551640193,1.34803006548059,3.21,1.09190551181102
2002-03-06,0.165890750824474,5.8294141292572,1.7717863920768,2.88,0.979653543307087
2002-03-07,0.86174717793862,8.35277120272318,1.16156193008101,2.68,0.911622047244095
2002-03-08,2.48604895508227e-05,5.05740471680959,1.49113311890925,2.49,0.846992125984252
2002-03-09,0.0229125860484298,7.16764704386393,1.97338841899857,2.4,0.816377952755906
2002-03-10,2.14875732732859e-05,4.59769908587138,1.4689082022077,2.29,0.77896062992126
2002-03-11,0,6.39289871851603,2.23985863231093,2.1,0.714330708661417
2002-03-12,1.63566158638181e-05,8.18366992473602,2.29956395516157,2.26,0.768755905511811
2002-03-13,0,8.91138180096944,2.24531588217544,2.08,0.707527559055118
2002-03-14,0,6.53629088401794,1.63658424926598,1.88,0.639496062992126
2002-03-15,0.000244638785564651,6.97209684054057,1.86732640813389,1.98,0.673511811023622
2002-03-16,1.71841929841321e-06,7.50159227848053,1.98729039441177,1.89,0.642897637795276
2002-03-17,2.65656035480788e-06,7.28414817651113,1.93002626522216,1.9,0.646299212598425
2002-03-18,1.74868476390839,10.3823891480764,2.49176649860716,2.03,0.69051968503937
2002-03-19,30.3527377446493,7.72953848044078,1.32424696245298,2.54,0.864
2002-03-20,15.8817857106527,10.5624389648438,1.65149614331493,8.43,2.86752755905512
2002-03-21,14.0913351376851,10.1096511681875,1.34286094088966,7.78,2.64642519685039
2002-03-22,14.802007595698,5.4403217236201,1.31960381369737,7.02,2.38790551181102
2002-03-23,1.20048680404822,1.4356007874012,1.01242349172334,5.96,2.02733858267717
2002-03-24,0.381947192673882,0.735972367847959,0.894996372302059,4.4,1.49669291338583
2002-03-25,0.000470340145208562,-0.0477044383684794,0.948461088828165,3.7,1.25858267716535
2002-03-26,0.000115991946283126,-0.243993546192845,1.19956950092669,3.25,1.10551181102362
2002-03-27,5.37931915308339e-07,0.68852699175477,1.52592081638048,3.01,1.02387401574803
2002-03-28,5.37931915308339e-07,3.55324735244115,2.00377476395311,2.83,0.962645669291339
2002-03-29,0,6.18231284618378,2.43816721816148,2.66,0.904818897637795
2002-03-30,0,7.09953685601552,2.81395429933857,2.59,0.881007874015748
2002-03-31,0.0248244828932608,7.69586753845215,2.36488099645003,2.49,0.846992125984252
2002-04-01,0,8.16969776153564,2.74148550327115,2.4,0.816377952755906
2002-04-02,0,10.2599226633708,3.09075730308726,2.31,0.785763779527559
2002-04-03,0,11.5032027562459,2.86246980076525,2.18,0.741543307086614
2002-04-04,0.00592198075416187,8.94935782750448,2.50622277675348,2.09,0.710929133858268
2002-04-05,0,5.68016052246094,2.37296244305819,2.1,0.714330708661417
2002-04-06,0,2.67475618918737,1.89102060849327,2.05,0.697322834645669
2002-04-07,0.00096940403454937,3.89012638727824,2.2415901419648,2.08,0.707527559055118
2002-04-08,0.0101679934382446,3.99791264533997,2.03573266126122,2.11,0.717732283464567
2002-04-09,0.0393388727679849,5.56726654370626,2.44682803749936,2.11,0.717732283464567
2002-04-10,0.00170234206764993,5.03970853487651,2.10551688270188,2.04,0.69392125984252
2002-04-11,0,8.15634616216024,2.76977219411496,2.11,0.717732283464567
2002-04-12,2.88627582788467,10.7919308344523,2.96337373417804,2.08,0.707527559055118
2002-04-13,2.51573040088018,7.95560856660207,1.52535876408641,2.18,0.741543307086614
2002-04-14,1.33973820010821,4.93453411261241,1.38304047289742,2.28,0.77555905511811
2002-04-15,1.23504534115394,3.68429704507192,1.52534169433294,2.22,0.755149606299213
2002-04-16,0.112994786972801,4.97945813337962,2.42407888130053,2.36,0.802771653543307
2002-04-17,0.0701422680867836,6.21593538920085,1.76536996791562,2.18,0.741543307086614
2002-04-18,0.0912372214564433,7.72684089342753,2.83356994799592,2.1,0.714330708661417
2002-04-19,3.48650401830673,7.23508723576864,2.41708572977803,2.01,0.683716535433071
2002-04-20,0.852170194188754,6.4967896938324,1.98148711465858,2.01,0.683716535433071
2002-04-21,0.0250505676231114,9.17948810259501,2.34275960267191,1.97,0.670110236220472
2002-04-22,5.63808037744214e-05,9.80287377039591,3.25300319398721,1.85,0.629291338582677
2002-04-23,3.03573169310888,12.6361718972524,3.95630932205119,1.81,0.615685039370079
2002-04-24,10.0124287605286,9.66923650105794,1.60111445441892,2.14,0.727937007874016
2002-04-25,0.479057199011246,11.3609686692556,2.41092043637419,2.85,0.969448818897638
2002-04-26,11.4528121948242,11.1277084350586,3.27211846716713,2.41,0.819779527559055
2002-04-27,0.155928111091877,7.33721586068471,2.16978533014226,2.95,1.00346456692913
2002-04-28,0.00298458225249002,11.1491599877675,3.90945516701716,2.51,0.853795275590551
2002-04-29,1.98356715838114,9.15164033571879,2.55038565873422,2.24,0.761952755905512
2002-04-30,0.000632431962003466,11.7374979654948,3.73989651055029,2.15,0.731338582677165
2002-05-01,0.000123353483407603,12.6251916090647,3.26849773032098,2.06,0.700724409448819
2002-05-02,0.00513072904141154,10.7106690406799,2.20932490662159,2.03,0.69051968503937
2002-05-03,1.44790634016196,9.73973512649536,1.48533471178769,2,0.680314960629921
2002-05-04,7.5569322903951,7.49649397532145,1.64391558419462,2.34,0.795968503937008
2002-05-05,0.276424993140002,7.76680131753286,2.34523614172406,2.43,0.826582677165354
2002-05-06,0.000452196118809904,8.12939520676931,2.51372075788162,2.27,0.772157480314961
2002-05-07,4.10076245316304e-06,13.0476189454397,4.26073078508241,2.14,0.727937007874016
2002-05-08,0.000243198804563841,16.013267437617,4.31251503421301,2.07,0.704125984251968
2002-05-09,3.56485583384832,18.2737290064494,4.94866138195894,2.06,0.700724409448819
2002-05-10,1.15043800572554,14.5099201202393,3.61164258659381,2.4,0.816377952755906
2002-05-11,8.16416573524475,13.1248664061228,3.78272847108346,2.19,0.744944881889764
2002-05-12,0.65269590759029,12.0843076705933,2.75376877516553,3.04,1.03407874015748
2002-05-13,1.243815065672,14.1670518716176,4.30487716331703,2.41,0.819779527559055
2002-05-14,0.0122968026989838,13.7963928381602,3.75403028717136,2.1,0.714330708661417
2002-05-15,0,14.2705529530843,4.58456455017508,1.94,0.659905511811024
2002-05-16,0,17.4820833206177,5.65510211612854,1.85,0.629291338582677
2002-05-17,7.63723255658988e-06,19.4075746536255,5.82779943301584,1.83,0.622488188976378
2002-05-18,53.6024602254232,17.0712504386902,4.81610107713003,2.01,0.683716535433071
2002-05-19,1.03044262528419,11.986457268397,2.14868668397653,9.06,3.08182677165354
2002-05-20,0.0210156315006316,13.0448226928711,3.23860776921553,5.46,1.85725984251969
2002-05-21,0.000361805185093544,15.4043757120768,4.65861254895481,3,1.02047244094488
2002-05-22,0.832372439714769,18.9532910982768,5.74023437160159,2.41,0.819779527559055
2002-05-23,11.5730644861857,13.9559791882833,3.57838293831585,2.29,0.77896062992126
2002-05-24,0.149811486713588,12.0019844373067,2.89489615139566,2.79,0.94903937007874
2002-05-25,8.38319857915243,10.6408663590749,3.50776750464998,2.49,0.846992125984252
2002-05-26,3.10545668999354,11.8915366331736,3.87570849423937,3.23,1.09870866141732
2002-05-27,11.609340429306,10.0392542680105,1.79181850256039,2.88,0.979653543307087
2002-05-28,0.240001467367013,10.4726107120514,2.75211794871893,6.42,2.18381102362205
2002-05-29,1.66978496313095,12.1517023245494,3.79691121881854,4.08,1.38784251968504
2002-05-30,8.77761029490406e-06,13.8201912244161,4.44995766647805,2.91,0.989858267716536
2002-05-31,8.77761029490406e-06,15.1435245672862,4.59540204573481,2.39,0.812976377952756
2002-06-01,0,15.8086501757304,5.13028058642717,2.12,0.721133858267717
2002-06-02,0.00120039261431278,15.2557773590088,4.80560262599812,1.94,0.659905511811024
2002-06-03,0.00602810500034442,17.0073310534159,5.48577004087106,1.93,0.656503937007874
2002-06-04,0.000290741460048594,19.1949009895325,5.19551324184572,1.96,0.666708661417323
2002-06-05,38.1371868451436,17.5602561632792,4.94944044274844,2.22,0.755149606299213
2002-06-06,32.1378256703416,15.9075311819712,3.91667780388107,7.71,2.62261417322835
2002-06-07,2.61908693114916,13.3526975313822,2.30925455019965,7.67,2.60900787401575
2002-06-08,1.16601380923142,15.1929311752319,4.57900906804436,29.4,10.0006299212598
2002-06-09,3.84213409821192,14.2882944742839,3.08398190720385,5.75,1.95590551181102
2002-06-10,5.34772175550461,12.5227933724721,2.81954975545092,5.25,1.78582677165354
2002-06-11,0.00124035159872922,14.1712888081868,4.40772317374001,5.42,1.84365354330709
2002-06-12,0.000233618867544768,17.6964197158813,5.80853855272809,3.55,1.20755905511811
2002-06-13,0.0520617551301257,19.5893762906392,5.30639860158066,3.16,1.07489763779528
2002-06-14,0.00188009877456352,20.5322608947754,6.01415431760496,2.74,0.932031496062992
2002-06-15,4.63170961538951,21.9298849105835,6.20989054691134,2.61,0.887811023622047
2002-06-16,2.09089891302089,20.4463820457458,4.76374308227509,2.46,0.836787401574803
2002-06-17,8.78034135591103e-06,23.7408819198608,6.84736841839318,2.79,0.94903937007874
2002-06-18,9.33221023539469e-06,25.9106486638387,7.34367724573593,2.42,0.823181102362205
2002-06-19,0.476909191037218,24.7334570884705,6.00571353264853,2.04,0.69392125984252
2002-06-20,4.02662584682306,23.1316005388896,6.01015842323652,1.99,0.676913385826772
2002-06-21,3.86164305607478,21.4453803698222,5.83881404629297,2.03,0.69051968503937
2002-06-22,3.13850226424014e-05,22.5622665087382,5.92513702036318,2.73,0.928629921259843
2002-06-23,24.2978288332621,23.9442041714986,6.11296001672199,2.18,0.741543307086614
2002-06-24,7.07495017846425,17.4812140464783,3.34820482101293,5.12,1.7416062992126
2002-06-25,2.91188043775037e-05,17.3644115130107,4.33725202851401,4.53,1.54091338582677
2002-06-26,8.86714098366307e-05,18.8224506378174,5.4376760786947,2.77,0.942236220472441
2002-06-27,1.54269973436991,19.6423613230387,5.47403334849342,2.26,0.768755905511811
2002-06-28,0.0971521291260918,14.025502761205,3.24359575494877,2.17,0.738141732283465
2002-06-29,0.0118133811435352,12.747696240743,3.75433945463027,1.97,0.670110236220472
2002-06-30,8.78034135591103e-06,15.8901007970174,5.42740145415331,1.97,0.670110236220472
2002-07-01,1.61092201868693,19.2522830963135,5.52577544703751,2.04,0.69392125984252
2002-07-02,5.7411559621493,14.7828831672668,2.95902358669724,2.07,0.704125984251968
2002-07-03,4.08931803703308,17.9661037127177,4.66625159144298,2.15,0.731338582677165
2002-07-04,0.287388760596514,13.4257310231527,3.29162679880482,2.06,0.700724409448819
2002-07-05,0.565512762094537,17.1369514465332,5.64605719385614,2.03,0.69051968503937
2002-07-06,16.8862326939901,15.1543641885122,2.78825170398041,2.3,0.782362204724409
2002-07-07,0.0592140917045375,17.142281850179,4.21838658470125,3.58,1.21776377952756
2002-07-08,0,21.2977759043376,6.43224855910161,2.57,0.874204724409449
2002-07-09,8.53872961799304,21.4979901313782,5.98589413993276,2.16,0.734740157480315
2002-07-10,2.61427451173464,16.8895891507467,4.88484042836757,3.05,1.03748031496063
2002-07-11,0.659541403253873,16.2995948791504,3.90636185241345,2.16,0.734740157480315
2002-07-12,4.54995387792587,19.0543077786763,5.1101694354771,1.97,0.670110236220472
2002-07-13,11.3236116568247,15.9391365845998,2.99917572224119,2.06,0.700724409448819
2002-07-14,1.26737389465173,17.2720212936401,4.03578044111182,2.98,1.01366929133858
2002-07-15,9.90829205513,18.3170307477315,2.88049197455996,2.51,0.853795275590551
2002-07-16,4.4514351139466,17.871563911438,3.09452084239425,2.63,0.894614173228346
2002-07-17,16.0093750953674,16.0643763542175,2.88988891581445,3.68,1.25177952755906
2002-07-18,1.54989043374856,13.5689510504405,2.62066599642255,5.63,1.91508661417323
2002-07-19,2.22926527537008e-05,15.4586106141408,4.43195386938781,4.42,1.50349606299213
2002-07-20,0,18.2519135475159,5.49224801058137,2.69,0.915023622047244
2002-07-21,6.52616949876149,17.7753899892171,4.93812739460195,2.3,0.782362204724409
2002-07-22,3.12354580576842e-05,15.9890923500061,4.16634749202758,2.49,0.846992125984252
2002-07-23,0.0536721372821679,17.9677766164144,5.35571408368499,2.13,0.724535433070866
2002-07-24,10.0796450376511,16.7519351641337,3.85514905692374,2.01,0.683716535433071
2002-07-25,3.29830795526505,14.8959585030874,3.0212373276955,2.31,0.785763779527559
2002-07-26,1.55431597431501,15.1638563474019,2.72383298396202,2.41,0.819779527559055
2002-07-27,0.0640657427720726,17.6556938489278,3.63764559586739,2.21,0.751748031496063
2002-07-28,6.29675694957162e-05,19.7121303876241,4.99758261754099,2.03,0.69051968503937
2002-07-29,0.0138722305461367,21.7089675267537,5.54238985728493,2.06,0.700724409448819
2002-07-30,0.0070447352870057,22.1706199645996,5.57865603806674,1.99,0.676913385826772
2002-07-31,54.0756864547729,20.5023196538289,4.3802132324484,2.24,0.761952755905512
2002-08-01,17.5661204655965,17.8708138465881,3.43758723840469,14,4.76220472440945
2002-08-02,0.000249785623357942,17.1742704709371,4.31318858447551,7.79,2.64982677165354
2002-08-03,3.19699480136236,18.9635494550069,4.64802284620416,3.71,1.2619842519685
2002-08-04,7.93031024932861,17.7122872670492,3.65882004236241,2.92,0.993259842519685
2002-08-05,3.58765681367368,17.4431794484456,4.04637082625581,5.41,1.84025196850394
2002-08-06,9.87565710147222,15.3411194483439,2.58108691085204,2.9,0.986456692913386
2002-08-07,1.80910828212897,15.157429933548,2.89318658578487,3.07,1.04428346456693
2002-08-08,0.117262470225493,15.7390333811442,3.17668565576144,3.7,1.25858267716535
2002-08-09,14.6462252934774,16.8579258918762,4.13156627284283,2.7,0.918425196850394
2002-08-10,34.2380013465881,16.0948863824209,2.93245266637922,4.9,1.66677165354331
2002-08-11,37.2043409347534,14.8324372768402,1.89928603784614,19.2,6.53102362204724
2002-08-12,4.36234770218531,14.9356695810954,2.24276211664431,41.7,14.1845669291339
2002-08-13,0.00786140437897605,15.3740893999736,2.68576587462041,25.7,8.74204724409449
2002-08-14,0,16.6048665046692,3.71930906924487,6.46,2.19741732283465
2002-08-15,0,17.4747001330058,4.11560140214417,4.7,1.59874015748032
2002-08-16,0,18.5851612091064,4.43781282841357,3.91,1.3300157480315
2002-08-17,0.00555247701655996,19.1750915845235,4.45979592830721,3.66,1.24497637795276
2002-08-18,0.0400489045617481,19.5262427330017,4.46496609263755,3.27,1.11231496062992
2002-08-19,0,20.3988431294759,4.84187196101924,2.99,1.01707086614173
2002-08-20,21.1771380106608,20.3129296302795,4.67222435409025,2.73,0.928629921259843
2002-08-21,10.0151798526446,15.7442936102549,2.90789049757494,10.4,3.53763779527559
2002-08-22,0.0198177912485941,15.9975702762604,3.59996880165952,6.04,2.05455118110236
2002-08-23,0.0303983453971644,17.4309027989705,3.96879833907398,3.67,1.24837795275591
2002-08-24,0.0203659345861524,18.9378984769185,4.12080500195789,3.37,1.14633070866142
2002-08-25,0.112535182960831,19.7173816363017,3.83487563203339,2.81,0.955842519685039
2002-08-26,1.55489218172928,20.4023070335388,4.22178169715442,2.62,0.891212598425197
2002-08-27,16.718118429184,17.1926797231038,1.93793685026985,8.24,2.80289763779528
2002-08-28,0.0279229556714805,17.5462574958801,3.44038981834854,7.74,2.6328188976378
2002-08-29,0.887552410364151,18.2035153706868,3.46560807339733,3.63,1.23477165354331
2002-08-30,0.00410821685121239,18.577884833018,3.40300756993209,3.02,1.02727559055118
2002-08-31,2.401332706213,18.859933535258,3.77115105371299,2.58,0.877606299212599
2002-09-01,5.26446481545766,14.3723116715749,2.01855697393851,2.91,0.989858267716536
2002-09-02,0.0278550571141144,15.3619542916616,2.52448970990998,3.48,1.18374803149606
2002-09-03,0.283939696227511,13.7556130886078,2.57591152446301,2.91,0.989858267716536
2002-09-04,9.7525102297465,16.7668538093567,3.46406987625468,2.39,0.812976377952756
2002-09-05,0.0210822658846155,15.6024440924327,2.82243018556209,5.33,1.81303937007874
2002-09-06,0.0294003297846454,15.2291300296783,2.88896210447795,3.41,1.15993700787402
2002-09-07,0.304684127744016,16.071138938268,3.2083582048427,2.62,0.891212598425197
2002-09-08,0.133464286666519,17.3348630269368,3.45592746950143,2.38,0.809574803149606
2002-09-09,13.8003273010254,18.2015900611877,3.68837320823521,2.33,0.792566929133858
2002-09-10,4.01794666051865,12.7862391471863,1.77465854359968,2.67,0.908220472440945
2002-09-11,0.0012344118974094,12.6368076006571,1.9365718487774,2.95,1.00346456692913
2002-09-12,3.6247380800584e-07,13.7445447444916,2.2979135985382,2.39,0.812976377952756
2002-09-13,0,10.656054019928,2.46323109404072,2.18,0.741543307086614
2002-09-14,1.1416623344024,12.5220801035563,2.90195352081321,1.98,0.673511811023622
2002-09-15,0.398908441886306,11.258204460144,2.08136940405403,1.94,0.659905511811024
2002-09-16,0.0129912541015074,10.0935078461965,2.34598641082775,2.05,0.697322834645669
2002-09-17,6.00933526584413e-06,10.2134317557017,2.57466773938188,1.99,0.676913385826772
2002-09-18,0.0144023433482895,12.5482661724091,3.12841823541958,1.94,0.659905511811024
2002-09-19,5.31556252638499,14.5922368367513,2.40211332725929,1.95,0.663307086614173
2002-09-20,8.19042189915975,14.7708295981089,1.66002631261606,2.63,0.894614173228346
2002-09-21,0.470273742529874,12.8093983332316,1.69329743845556,4.69,1.59533858267717
2002-09-22,13.4440139134725,10.6470013459524,1.7201198361248,2.69,0.915023622047244
2002-09-23,21.7938612302144,8.31652271747589,1.01786698075899,5.04,1.7143937007874
2002-09-24,37.2490332921346,4.29821475346883,1.23825358690086,11.8,4.01385826771654
2002-09-25,4.9919220606486,4.37979370355606,0.952874792249408,24.8,8.43590551181102
2002-09-26,5.38382232189178,7.30056627591451,0.998654689463762,14.4,4.89826771653543
2002-09-27,5.76400115092595,8.12313544750214,1.14203882447009,9.05,3.07842519685039
2002-09-28,0.000677386185392,5.41441893577576,1.56259341652739,7.68,2.6124094488189
2002-09-29,0.0259177251323308,6.25122570991516,1.79920724625153,5.47,1.86066141732283
2002-09-30,0.00556811065083214,7.26135849952698,2.00893174737642,4.32,1.46948031496063
2002-10-01,7.90580816101283e-06,8.17330074310303,2.09715450888486,3.84,1.30620472440945
2002-10-02,5.12005559964261e-06,9.24819930394491,2.11731996262894,3.5,1.19055118110236
2002-10-03,1.40976539254189,11.886381705602,1.94269579211229,3.29,1.11911811023622
2002-10-04,4.52592279513677,9.75195089975993,1.3701609052691,3.25,1.10551181102362
2002-10-05,12.9606300989787,9.44989124933879,1.53953006492606,4.16,1.41505511811024
2002-10-06,10.2286021709442,9.22047567367554,0.912764249662121,7.77,2.64302362204724
2002-10-07,0.0177024660321573,5.69839723904928,1.20125224358496,14.5,4.93228346456693
2002-10-08,0.000170487078984631,5.36465970675151,1.53326414474665,7.01,2.38450393700787
2002-10-09,0.003636984959788,6.69882337252299,1.46222235035624,4.73,1.60894488188976
2002-10-10,0.319929035380483,7.2275911172231,0.856113313355172,4.18,1.42185826771654
2002-10-11,0.79722802589337,7.00449315706889,0.622167438355007,3.52,1.19735433070866
2002-10-12,1.63807158172131,6.54978998502096,0.732531776667663,3.45,1.17354330708661
2002-10-13,1.72623897592227,6.9599217971166,1.20527146142776,3.45,1.17354330708661
2002-10-14,3.97466611862183,9.71790226300558,1.23487145828269,3.35,1.13952755905512
2002-10-15,5.03616487979889,11.4933447043101,1.42331632621346,3.85,1.3096062992126
2002-10-16,4.96186077594757,14.2028331756592,1.70304574177284,4.59,1.56132283464567
2002-10-17,12.4163026014964,9.54056795438131,1.01745200449466,5.6,1.90488188976378
2002-10-18,2.60212024052938,6.78467404842377,0.934973893520263,6.56,2.23143307086614
2002-10-19,1.56478421390057,4.39337881406148,0.871511630019229,5.02,1.7075905511811
2002-10-20,0.000408015019881229,4.49163794517517,1.04264691254326,4.44,1.51029921259843
2002-10-21,0.896315370996793,8.67407774925232,1.27873091389786,3.91,1.3300157480315
2002-10-22,0.341104331115882,12.3380010128021,1.5085651017676,3.47,1.18034645669291
2002-10-23,1.88720246156057,9.79336524009705,1.14172786050774,3.3,1.12251968503937
2002-10-24,15.4979768594106,6.99696175257365,0.936915360370182,3.18,1.08170078740157
2002-10-25,12.0436062415441,10.5856208006541,1.10658435021882,6.26,2.12938582677165
2002-10-26,0.194150486650566,10.680771112442,0.930138149850278,7.56,2.5715905511811
2002-10-27,0.388994959493478,11.8098196983337,1.58242407609658,4.29,1.45927559055118
2002-10-28,7.79036890889984e-05,6.19899690151215,0.94911552482158,3.43,1.16674015748032
2002-10-29,6.46312352425108e-05,6.23465653260549,1.12513404866851,3.05,1.03748031496063
2002-10-30,0.936975319559375,10.1848755677541,1.21008566618161,2.96,1.00686614173228
2002-10-31,12.3729469378789,9.63171585400899,0.713265509674092,3.66,1.24497637795276
2002-11-01,8.53445299466451,10.5916602611542,1.02549096729952,3.27,1.11231496062992
2002-11-02,11.0234559377035,9.96399315198263,0.538347768182062,4.56,1.55111811023622
2002-11-03,20.0612839857737,9.46519819895426,0.799850460954382,9.55,3.24850393700787
2002-11-04,11.7364859580994,6.44417428970337,0.569888323306502,15.2,5.1703937007874
2002-11-05,0.967899161080519,3.41761551300685,0.463784379938142,10.6,3.60566929133858
2002-11-06,1.67694827268861e-05,1.69817133744558,0.625751829631208,6.32,2.14979527559055
2002-11-07,5.12722426652908,2.31876989205678,0.535199391692972,5.16,1.7552125984252
2002-11-08,1.92138479153315,3.13987082242966,0.499733432366423,6.19,2.10557480314961
2002-11-09,6.03492899735769,5.36318381627401,0.626800710423043,5.35,1.81984251968504
2002-11-10,5.85810391108195,4.46905291080475,0.587700383230623,5.64,1.91848818897638
2002-11-11,7.24486955006917,8.42334953943888,0.777738473482695,6.21,2.11237795275591
2002-11-12,0.0140030380571261,5.79168442885081,0.764187174152711,6.8,2.31307086614173
2002-11-13,0.132148715929361,5.11369736989339,0.793662341257285,4.83,1.64296062992126
2002-11-14,3.44061736265818,5.82373015085856,0.734540173263303,4.19,1.42525984251969
2002-11-15,1.52384485304356,6.97394597530365,0.482572714327986,4.46,1.51710236220472
2002-11-16,1.88594140609105,7.93683520952861,0.649304672221524,3.97,1.35042519685039
2002-11-17,0.166168252627055,5.95417308807373,0.711870134477465,4.04,1.37423622047244
2002-11-18,9.69903604189555,4.61568868160248,0.493571566101267,3.77,1.2823937007874
2002-11-19,9.2017404238383,5.57595157623291,0.308400372957944,6.39,2.1736062992126
2002-11-20,0.01852791205359,4.62940887610118,0.531569506538249,7.36,2.50355905511811
2002-11-21,0.0908447488521536,5.27562383810679,0.603413706950442,4.8,1.63275590551181
2002-11-22,8.2750840584437,5.00601947307587,0.387414167909443,4.51,1.53411023622047
2002-11-23,0.0539573849043033,5.79898639520009,0.690149341870156,5.03,1.71099212598425
2002-11-24,0.0192601263794738,5.09830013910929,0.498672171533807,4.23,1.43886614173228
2002-11-25,0.338969332476457,6.42753489812215,0.607543913719945,3.78,1.28579527559055
2002-11-26,9.54690829912821,6.6370587348938,0.358281199097975,3.95,1.34362204724409
2002-11-27,0.252597723777095,6.98528337478638,0.290586926403592,5.38,1.83004724409449
2002-11-28,2.81778782606125,5.95943419138591,0.372197335826727,4.45,1.51370078740157
2002-11-29,15.4833735624949,5.78481570879618,0.334442539380898,6.62,2.25184251968504
2002-11-30,1.05470958041648,5.34534033139547,0.362413707816996,11.3,3.84377952755906
2002-12-01,2.79245579242706,3.11210819085439,0.469907736372863,6.03,2.05114960629921
2002-12-02,1.434225872159,3.3301237821579,0.476063422900061,5.25,1.78582677165354
2002-12-03,1.98717871308327,2.16623224814733,0.256478495698041,5.01,1.70418897637795
2002-12-04,1.23851234217485,2.57583101590474,0.227508663092183,4.73,1.60894488188976
2002-12-05,2.76507304112116,3.43607529004415,0.308681418174646,4.45,1.51370078740157
2002-12-06,0.573756836354733,1.35445133845011,0.308173526802953,4.18,1.42185826771654
2002-12-07,0.0401907547687491,0.444796784470479,0.162927291166693,3.9,1.32661417322835
2002-12-08,0.000403089799874579,-1.00942267477512,0.240550500613589,3.62,1.23137007874016
2002-12-09,0.000974799518492849,-4.73330402374268,0.207217646885457,3.39,1.15313385826772
2002-12-10,0.000302349256041149,-5.8946046034495,0.179439424013371,3.35,1.13952755905512
2002-12-11,0.0311435592472359,-6.69214936097463,0.148988165783836,3.33,1.13272440944882
2002-12-12,0,-4.49952546755473,0.238201832804674,3.31,1.12592125984252
2002-12-13,0.00462325289845467,-1.90708149472872,0.376454184821472,3.28,1.11571653543307
2002-12-14,0.00159021758130014,-1.37941923737526,0.22556795794899,3.26,1.10891338582677
2002-12-15,1.07442632317543,-0.291956396152576,0.254762226556968,3.24,1.10211023622047
2002-12-16,12.0645993550618,3.621690928936,0.440888262358557,4.48,1.52390551181102
2002-12-17,0.0834903985572358,2.84071620305379,0.30946837054553,9.39,3.19407874015748
2002-12-18,0.00745612636577183,-0.496647504468759,0.250672991555337,10.6,3.60566929133858
2002-12-19,0.000168633584507916,-1.8124602039655,0.241500614948586,10.9,3.70771653543307
2002-12-20,9.59927388032277,1.05603681504726,0.38370186603145,11.8,4.01385826771654
2002-12-21,2.67792252699534,5.35861996809642,0.364040237853243,15.9,5.40850393700787
2002-12-22,12.7492704391479,7.28385519981384,0.432765097064965,20.5,6.97322834645669
2002-12-23,0.248012584944566,6.76222558816274,0.45050127467165,13.7,4.66015748031496
2002-12-24,0.0343359330048164,4.86180440584819,0.446173556102999,9.4,3.19748031496063
2002-12-25,0.0282008304639021,2.76617054144541,0.34235838454382,9.65,3.28251968503937
2002-12-26,2.23140209913254,3.48381960391998,0.382752759026387,10.1,3.4355905511811
2002-12-27,0.0421950519472981,3.39719607432683,0.388623514721629,10.6,3.60566929133858
2002-12-28,9.61192337671916,4.45474870999654,0.446170315672399,11.1,3.77574803149606
2002-12-29,4.58055979013443,6.1653683980306,0.385565728075539,11.3,3.84377952755906
2002-12-30,0.145035173123082,9.94386307398478,0.468952093438522,8.51,2.89474015748032
2002-12-31,4.53593349456787,4.60408246517181,0.46939240128921,8.2,2.78929133858268
2003-01-01,2.43602575858434,4.75824177265167,0.479453296681281,8.47,2.88113385826772
2003-01-02,8.14862632751465,9.98989017804464,0.575494614356177,8.75,2.97637795275591
2003-01-03,4.40675381819407,6.70821857452393,0.493280983884542,8.24,2.80289763779528
2003-01-04,8.9642383257548,3.30994351704915,0.375467104418882,6.07,2.06475590551181
2003-01-05,0.654466591775417,-3.67472283045451,0.317481064997525,6.28,2.13618897637795
2003-01-06,0.592298010985057,-4.9459054072698,0.201950473146288,5.53,1.88107086614173
2003-01-07,2.30102848013242,-7.06260454654694,0.190251380967385,4.44,1.51029921259843
2003-01-08,0.00403782032738794,-9.12621569633484,0.16104170245546,4.02,1.36743307086614
2003-01-09,0.00749688589712605,-10.3377543290456,0.103468939599529,3.67,1.24837795275591
2003-01-10,0.120226114988327,-8.92814985911051,0.150982795071865,3.37,1.14633070866142
2003-01-11,0.00577623144393632,-8.51183625062307,0.188167873931709,3.17,1.07829921259843
2003-01-12,0,-10.6942195097605,0.16846154579971,2.98,1.01366929133858
2003-01-13,8.73195437590281,-4.40062280495961,0.447125884108442,2.98,1.01366929133858
2003-01-14,0.0493146256776527,1.68027862906456,0.366402766002903,3.08,1.04768503937008
2003-01-15,0.0272496926093784,0.652266723414262,0.377722797680414,3.14,1.06809448818898
2003-01-16,0.198029245560368,1.10882386068503,0.442855103274167,3.08,1.04768503937008
2003-01-17,0.00537510875104393,-1.94631486137708,0.349426964720046,3.21,1.09190551181102
2003-01-18,0.00626974052768977,-1.11041824022929,0.486792393385616,3.09,1.05108661417323
2003-01-19,0.0171649450045758,-0.247114945203066,0.571409587662168,3.04,1.03407874015748
2003-01-20,0.0112407683924782,1.42450788617134,0.544176915520185,2.89,0.983055118110236
2003-01-21,0.0700241863572349,-0.171386170666665,0.474748845462349,2.76,0.938834645669291
2003-01-22,1.20776292681694,2.8211225271225,0.573719347042232,2.81,0.955842519685039
2003-01-23,6.22653694947561,2.49929177761078,0.423281343007173,3.51,1.19395275590551
2003-01-24,0.28567377726237,0.793972273667653,0.284108388301564,5.41,1.84025196850394
2003-01-25,2.03273331125577,-0.175387354878088,0.23041430222157,4.76,1.61914960629921
2003-01-26,0.947907159725825,0.065492710719506,0.334609451837527,3.78,1.28579527559055
2003-01-27,1.73991789420446,3.18428174654643,0.468822396928395,4.05,1.37763779527559
2003-01-28,3.92852328221003,3.85122811794281,0.576793147320138,7.19,2.44573228346457
2003-01-29,4.15600933631261,0.315924663271289,0.342637253237986,6.28,2.13618897637795
2003-01-30,12.0524975061417,-1.49815306067467,0.308533721839466,4.68,1.59193700787402
2003-01-31,0.477547830591599,-5.1349766254425,0.31474145284045,4.19,1.42525984251969
2003-02-01,0.546783996125062,-8.50279545783997,0.25118386018173,3.66,1.24497637795276
2003-02-02,0.733297740419706,-1.98147941629092,0.768671624722232,3.57,1.21436220472441
2003-02-03,5.67095156510671,1.65254335602125,0.42591044657955,3.78,1.28579527559055
2003-02-04,1.85435278713703,-1.28818674882253,0.45316816725696,5.41,1.84025196850394
2003-02-05,4.56695594390233,-1.84085058172544,0.444017045868168,4.68,1.59193700787402
2003-02-06,1.58141790827115,-2.67117148637772,0.36573203142075,3.93,1.3368188976378
2003-02-07,2.46421200037003,-2.61629126469294,0.547594058077637,3.55,1.20755905511811
2003-02-08,4.44358859459559,0.239541509266322,0.435508068151667,3.5,1.19055118110236
2003-02-09,0.00454842067604962,-2.57571975390116,0.435679142288196,3.54,1.20415748031496
2003-02-10,0.00586421937494682,-4.18072251478831,0.267046077492028,3.41,1.15993700787402
2003-02-11,0.0370749809468786,-4.81044447422028,0.26296950388124,3.45,1.17354330708661
2003-02-12,0.0375410448759794,-6.14190260569255,0.333473346294981,3.24,1.10211023622047
2003-02-13,5.82158221125913e-06,-7.33771212895711,0.335812910759611,3.15,1.07149606299213
2003-02-14,0.000228326423894032,-7.99537603060404,0.355930147527852,3.08,1.04768503937008
2003-02-15,0.168222261903187,-6.43220011393229,0.54327077634922,3.01,1.02387401574803
2003-02-16,0.021725846764942,-4.29622032245,0.422539023427528,3.01,1.02387401574803
2003-02-17,2.67107225226937e-06,-5.81002648671468,0.401819395684295,2.89,0.983055118110236
2003-02-18,2.3715963000844e-07,-6.89111085732778,0.424017091997851,2.8,0.95244094488189
2003-02-19,7.19506836806734e-06,-5.4296228090922,0.641001225292919,2.71,0.921826771653543
2003-02-20,0,-4.60169527928034,0.620017859346093,2.78,0.945637795275591
2003-02-21,0,-4.27714093526204,0.606743117056291,2.64,0.898015748031496
2003-02-22,0,-4.03218823671341,0.522762505744824,2.58,0.877606299212599
2003-02-23,0,-3.6666366259257,0.688497701253312,2.6,0.884409448818898
2003-02-24,0.00586316764868873,-3.17720800638199,0.737306277890861,2.57,0.874204724409449
2003-02-25,0,-2.02849639455477,0.90922277978408,2.62,0.891212598425197
2003-02-26,0,0.514821680883567,1.24306871248393,2.55,0.86740157480315
2003-02-27,0.00477960585400676,0.981728514035543,1.36354504077675,2.67,0.908220472440945
2003-02-28,0.101923010467241,3.23341582218806,1.44916809060254,2.88,0.979653543307087
2003-03-01,0.399490665644407,4.35513444741567,1.37450359781591,3.29,1.11911811023622
2003-03-02,2.75494122505188,4.75111575921377,1.29325551982125,4.62,1.57152755905512
2003-03-03,0.414197654773792,2.83408663670222,0.642996701129904,7.6,2.5851968503937
2003-03-04,7.9952339585058e-05,1.91170946756999,1.15090516959818,5.23,1.77902362204724
2003-03-05,0,4.96964514255524,1.63857828196463,4.14,1.40825196850394
2003-03-06,4.31281135479609,3.47605333725611,1.25515532318651,3.94,1.34022047244094
2003-03-07,0.00381957034187508,3.10806435346603,1.09809890084096,4.31,1.46607874015748
2003-03-08,0.0443601590814069,3.43032143513362,1.30500572727034,3.87,1.3164094488189
2003-03-09,0.00181687514123041,6.93483070532481,1.72655994208974,3.44,1.17014173228346
2003-03-10,3.36156820897789e-06,8.37111790974935,2.05702991979152,3.3,1.12251968503937
2003-03-11,0.00137440166630161,11.4977366129557,2.24960539346571,3.11,1.05788976377953
2003-03-12,4.04268143574397,6.58411264419556,1.64775387562774,3.02,1.02727559055118
2003-03-13,0.0305173362527664,2.9774715701739,1.13807437886598,3.21,1.09190551181102
2003-03-14,0.00133253953875586,0.409109519794583,1.00792921929225,3.04,1.03407874015748
2003-03-15,1.8090901752051e-05,0.440813701910277,0.845020782496534,2.81,0.955842519685039
2003-03-16,7.4742693262427e-05,1.55801795919736,1.26626348425556,2.74,0.932031496062992
2003-03-17,5.63967887501349e-06,2.33652380108833,1.62507464143163,2.84,0.966047244094488
2003-03-18,1.86464040628683e-05,2.33238129814466,1.58611971971187,2.76,0.938834645669291
2003-03-19,1.25729998217139e-05,3.83381466070811,1.94569027752292,2.68,0.911622047244095
2003-03-20,5.75213137684235e-05,3.6982480486234,1.97346635549366,2.62,0.891212598425197
2003-03-21,0.000118665242553107,2.33796348174413,1.66723057767048,2.75,0.935433070866142
2003-03-22,0.00010611494811504,2.39144923289617,1.65445753901187,2.63,0.894614173228346
2003-03-23,0,4.08012183507283,2.15458543634976,2.57,0.874204724409449
2003-03-24,1.94374543601346e-05,6.88186772664388,2.66739591682284,2.51,0.853795275590551
2003-03-25,1.11100998765323e-05,8.5430748462677,2.6781390925855,2.35,0.799370078740158
2003-03-26,0,8.96482332547506,2.65412626124627,2.39,0.812976377952756
2003-03-27,0,9.11593866348267,2.73814685916044,2.45,0.833385826771654
2003-03-28,0.00360180097050034,11.3739898204803,3.16165677576495,2.48,0.843590551181102
2003-03-29,0.048914132018884,11.4603092670441,2.53495991536916,2.44,0.829984251968504
2003-03-30,0.902204647660255,11.4364860057831,2.72612717239089,2.42,0.823181102362205
2003-03-31,0.0295137714905043,7.22447160879771,2.01241670045348,2.67,0.908220472440945
2003-04-01,5.15379975239436,9.93795943260193,3.09103366028857,2.53,0.86059842519685
2003-04-02,4.37664643923442,3.79870593547821,1.84061293724563,2.88,0.979653543307087
2003-04-03,0.364400302991271,2.73613073428472,1.09983535446365,3.04,1.03407874015748
2003-04-04,0.0324489722800839,2.49365563193957,1.53995707443021,2.71,0.921826771653543
2003-04-05,0.167193841472908,5.1127245426178,2.04535299810172,2.52,0.857196850393701
2003-04-06,0.336596915187935,0.617585082150375,1.42373183531747,2.46,0.836787401574803
2003-04-07,0.0835846284559617,-2.24331520994504,1.03488255381238,2.7,0.918425196850394
2003-04-08,0.891879488403598,0.301869065723925,1.91947418115848,2.61,0.887811023622047
2003-04-09,0.275113204649339,1.34741585453351,1.69094179490011,2.53,0.86059842519685
2003-04-10,6.43377280235291,1.52848624189695,1.35593318056084,2.64,0.898015748031496
2003-04-11,0.496336119249463,2.47514891624451,1.99050960406363,2.82,0.959244094488189
2003-04-12,0.193680373951793,6.82049445311228,2.60709554133331,2.58,0.877606299212599
2003-04-13,5.74095489961716e-07,9.49208203951518,3.12453715286925,2.42,0.823181102362205
2003-04-14,6.63302456208233e-05,11.4990287621816,3.22914048407129,2.3,0.782362204724409
2003-04-15,0,13.5146069526672,3.8448670976211,2.21,0.751748031496063
2003-04-16,0.000178060531955756,13.7571781476339,3.72977475660287,2.15,0.731338582677165
2003-04-17,2.83017610248256e-05,11.6740673383077,3.18519930884991,2.2,0.748346456692914
2003-04-18,0.000157418338403659,8.29275806744893,3.0451398752104,2.19,0.744944881889764
2003-04-19,0.00142816253666448,5.07804373900096,2.0524760163161,2.09,0.710929133858268
2003-04-20,0.000358407169793888,11.5697189966838,3.91075176164586,2.15,0.731338582677165
2003-04-21,2.60987345625957,11.5397369066874,3.5083065519676,2.11,0.717732283464567
2003-04-22,4.90160299340884,10.5852011839549,3.12840093778821,2.14,0.727937007874016
2003-04-23,0.00502395400205084,10.9724299112956,3.50728013420031,2.29,0.77896062992126
2003-04-24,1.85840084062268e-06,11.5597074826558,3.85521893506521,2.26,0.768755905511811
2003-04-25,2.93212066632501e-05,14.3190583388011,4.46253952856073,2.25,0.765354330708661
2003-04-26,0.88153816262881,14.1004813512166,4.16674348737124,2.17,0.738141732283465
2003-04-27,0.0734561135371526,11.1686704158783,2.54784000343903,2.31,0.785763779527559
2003-04-28,0.193794069734092,15.3778839111328,4.57334424627192,2.22,0.755149606299213
2003-04-29,0.0355123911382786,14.8395464420319,3.42826336023985,2.1,0.714330708661417
2003-04-30,3.57399390141169,13.9988512992859,3.74719335281328,2.13,0.724535433070866
2003-05-01,0.00173725122779918,12.9318959712982,3.49925559434019,2.44,0.829984251968504
2003-05-02,8.41501665115356,13.9874132474264,4.23962313677009,2.18,0.741543307086614
2003-05-03,0.000566402260422668,10.8691627979279,3.00783805859354,2.76,0.938834645669291
2003-05-04,6.75783678616426e-06,15.1239895025889,5.29265379943973,2.29,0.77896062992126
2003-05-05,5.22193786309799e-05,20.5774847666423,6.34643178729792,2.12,0.721133858267717
2003-05-06,8.35510072647594e-05,20.8636198043823,5.25714530440889,2.09,0.710929133858268
2003-05-07,0.000260880209680181,18.6811919212341,4.99787483786543,1.98,0.673511811023622
2003-05-08,8.98826338847478,19.7070199648539,5.25360879581081,2.01,0.683716535433071
2003-05-09,4.14735094706217,14.2876595656077,3.04682035004535,2.81,0.955842519685039
2003-05-10,10.248996257782,14.8760908444722,3.75212801429664,2.47,0.840188976377953
2003-05-11,2.7714950243632,14.8914505640666,3.19117666901106,2.57,0.874204724409449
2003-05-12,0.305206686879198,14.1693840026855,3.18962181912578,2.55,0.86740157480315
2003-05-13,6.83874114354451,9.51172908147176,2.48915557731348,2.12,0.721133858267717
2003-05-14,2.38962296644847,6.60563067595164,2.73386676511204,2.35,0.799370078740158
2003-05-15,0.699822718898455,7.34514605998993,3.15541366215512,2.39,0.812976377952756
2003-05-16,0.0126231721272537,10.3054308891296,4.21825143046308,2.17,0.738141732283465
2003-05-17,0.32154960061113,12.2912680308024,3.96072370218701,2.02,0.687118110236221
2003-05-18,1.11319235215584,14.011042992274,3.66953848041012,1.97,0.670110236220472
2003-05-19,8.97581652800242,15.953341960907,4.80066188463042,2.09,0.710929133858268
2003-05-20,4.93074232339859,10.2404361565908,2.74646079852468,2.6,0.884409448818898
2003-05-21,1.91690850257874,9.60194063186646,2.67878492563056,2.87,0.976251968503937
2003-05-22,0.48873749251167,11.0403731664022,2.90898225345824,2.74,0.932031496062992
2003-05-23,0.00567912428959971,15.9901884396871,4.49606522593671,2.49,0.846992125984252
2003-05-24,0,19.0548620223999,6.02818730435853,2.16,0.734740157480315
2003-05-25,0.10084843247508,14.6223407586416,3.27755370423584,2.09,0.710929133858268
2003-05-26,0.441988288114468,13.6968148549398,2.68465664672857,2.56,0.870803149606299
2003-05-27,2.77943150699139,16.6170110702515,3.75827149839958,2.47,0.840188976377953
2003-05-28,8.46702440579732,16.9973085721334,3.59763439949028,2.63,0.894614173228346
2003-05-29,0.366672743111849,18.6583566665649,4.37487031822515,3.3,1.12251968503937
2003-05-30,0.000285678989409159,19.5024234453837,5.28585079398275,2.65,0.901417322834646
2003-05-31,1.39209999144077,17.9613302548726,5.04629788361336,2.52,0.857196850393701
2003-06-01,0.000101100984466029,19.2759160995483,5.39659700520997,2.4,0.816377952755906
2003-06-02,0.0261266338638961,19.8942971229553,5.87596301217022,2.2,0.748346456692914
2003-06-03,0.00850448003742107,20.7849559783936,5.85280697868173,2.18,0.741543307086614
2003-06-04,0.0629269362737735,22.3659022649129,6.1816282647328,2.05,0.697322834645669
2003-06-05,26.972690820694,21.8725565274556,6.09752690664628,2.03,0.69051968503937
2003-06-06,0.0324273859150708,20.551242351532,4.85341323803562,3.59,1.22116535433071
2003-06-07,0.316137956144909,21.3826363881429,5.39810201357487,2.31,0.785763779527559
2003-06-08,0.138576790671019,21.8330982526143,5.57796030293242,2.23,0.758551181102362
2003-06-09,0.00184503318935943,20.16725842158,4.44770649336498,1.88,0.639496062992126
2003-06-10,9.4790596904204e-05,23.0404046376546,6.46830924972773,1.72,0.585070866141732
2003-06-11,0.0512935112540921,23.1217427253723,5.72589727830685,1.73,0.588472440944882
2003-06-12,0.869547278309862,24.1261213620504,6.90470962091495,1.73,0.588472440944882
2003-06-13,4.96069391568502,21.2223904927572,4.31805342677178,2.21,0.751748031496063
2003-06-14,9.40965779622396,20.8636120160421,5.80680053999044,2.47,0.840188976377953
2003-06-15,0.0229452133680752,20.3312265078227,4.89484472734819,2.5,0.850393700787402
2003-06-16,0,19.7493025461833,4.83492736911905,2.11,0.717732283464567
2003-06-17,8.46689347426097,20.8773798942566,6.00477691478815,1.73,0.588472440944882
2003-06-18,1.40596397469441,18.0244717597961,3.82050987849625,2.27,0.772157480314961
2003-06-19,2.35106175144513e-05,18.3786759376526,4.44967545674102,1.85,0.629291338582677
2003-06-20,0.899066890279452,18.8499194780986,4.34539912607096,1.85,0.629291338582677
2003-06-21,6.71203582290521e-05,16.760724067688,4.80021582572139,1.69,0.574866141732283
2003-06-22,0,20.3484692573547,6.63941911152943,1.66,0.564661417322835
2003-06-23,1.95097413659096,24.6563297907511,7.67202428932667,1.64,0.557858267716535
2003-06-24,9.48135447502136,21.0021934509277,4.43441853749488,2.25,0.765354330708661
2003-06-25,0.550769673039516,20.5228856404622,5.2136836561865,2.22,0.755149606299213
2003-06-26,0.330647980794311,20.4972448348999,5.62556763748842,1.77,0.60207874015748
2003-06-27,0.913347135453174,19.1843446095784,4.99066801736975,1.87,0.636094488188976
2003-06-28,0.0869744851564368,20.0459144910177,5.21199971399242,1.77,0.60207874015748
2003-06-29,0.000125399907119572,21.7163454691569,5.87149192702641,1.66,0.564661417322835
2003-06-30,11.8228724002838,24.5793169339498,7.33007677061507,1.54,0.523842519685039
2003-07-01,8.43492003281911,14.3287312189738,3.94649747736258,2.36,0.802771653543307
2003-07-02,1.78208270668983,16.1009362538656,4.18165367961272,2.13,0.724535433070866
2003-07-03,9.44467759132385,14.5075476169586,3.47946045381617,2.17,0.738141732283465
2003-07-04,5.50776892900467,14.1208574771881,3.13746867125423,2.17,0.738141732283465
2003-07-05,0.547903849626891,14.8235488732656,3.36256898542872,1.93,0.656503937007874
2003-07-06,0.000688463719901241,16.5102925300598,4.64760044084526,1.76,0.598677165354331
2003-07-07,7.38198383866499e-05,18.2961427370707,5.4381937172557,1.8,0.612283464566929
2003-07-08,1.06655180237188e-05,18.8101706504822,4.96957245684265,1.76,0.598677165354331
2003-07-09,0.000751189155077251,19.4200399716695,5.35772546104854,1.64,0.557858267716535
2003-07-10,0.000106655178266616,19.3786520957947,5.40839790510852,1.62,0.551055118110236
2003-07-11,7.26225456067671e-06,20.3908613522847,5.78872607903182,1.57,0.534047244094488
2003-07-12,0.00395462751960925,19.9577322006226,5.1581222262799,1.55,0.527244094488189
2003-07-13,0,19.0937779744466,5.48729033688565,1.52,0.51703937007874
2003-07-14,7.36156759254906e-07,19.6619327863057,5.43195790055015,1.73,0.588472440944882
2003-07-15,0,21.8925283749898,6.68904158721665,1.79,0.60888188976378
2003-07-16,11.8390571276347,22.6169751485189,6.68262969446115,1.74,0.591874015748032
2003-07-17,23.3351923624674,17.3481313387553,2.6558259725384,3.42,1.16333858267717
2003-07-18,7.61493914372598e-05,18.451117515564,4.80653057067302,3.43,1.16674015748032
2003-07-19,0,21.0682582855225,5.99368915812431,2.01,0.683716535433071
2003-07-20,0.0380423317740982,23.9415313402812,6.8527999273257,1.83,0.622488188976378
2003-07-21,0.876468059917291,21.45529905955,4.17109220070131,1.71,0.581669291338583
2003-07-22,3.89351154367129,22.2802753448486,5.36916665707323,1.67,0.568062992125984
2003-07-23,1.3710439746889,20.5963487625122,5.09576656024048,1.84,0.625889763779528
2003-07-24,17.8364627361298,17.7312167485555,4.44465204203371,2.25,0.765354330708661
2003-07-25,0.323704973755715,19.1798473993937,4.78140687157123,5.02,1.7075905511811
2003-07-26,0.000466353413988448,21.6040967305501,4.92251851393996,2.44,0.829984251968504
2003-07-27,16.0693960189819,21.0209992726644,5.27450454901601,2.31,0.785763779527559
2003-07-28,0.207132910688718,17.2058086395264,3.38765618362933,2.25,0.765354330708661
2003-07-29,2.25790451319578e-05,17.2299769719442,4.36225291531307,1.93,0.656503937007874
2003-07-30,0.00550295255986081,18.7949544588725,5.23975022525592,1.74,0.591874015748032
2003-07-31,1.99692020239308,18.335231145223,4.06706362987744,1.6,0.544251968503937
2003-08-01,5.17819953529397e-05,20.494340578715,4.8309329369231,1.65,0.561259842519685
2003-08-02,0,22.8764100074768,5.52993629709736,1.63,0.554456692913386
2003-08-03,0,24.6502291361491,5.96376409750849,1.52,0.51703937007874
2003-08-04,0,25.7947662671407,6.23035505275558,1.49,0.506834645669291
2003-08-05,0.00043322509736754,26.1456389427185,6.10124026608325,1.33,0.452409448818898
2003-08-06,0.000310215938346422,25.1546360651652,5.61184297037685,1.22,0.414992125984252
2003-08-07,0,24.3709127108256,5.82792005731614,1.25,0.425196850393701
2003-08-08,0.393031622438381,25.1653590202332,6.21691877790842,1.2,0.408188976377953
2003-08-09,0.38796797922502,24.6658676465352,5.88189757902971,1.2,0.408188976377953
2003-08-10,0.000179634424966935,25.3435791333516,6.05724517004298,1.2,0.408188976377953
2003-08-11,0,24.4444821675618,6.02900762778628,1.36,0.462614173228347
2003-08-12,5.27969139814862e-07,24.9431039492289,5.98689525642052,1.33,0.452409448818898
2003-08-13,5.33002410332362,26.1246412595113,6.34209502863831,1.46,0.496629921259843
2003-08-14,8.79722917079926,22.4987255732218,4.5037700030675,1.44,0.489826771653543
2003-08-15,0.295732522383332,18.3824413617452,3.24531685505737,1.8,0.612283464566929
2003-08-16,0.124986536800861,20.3260507583618,4.54724311510302,1.68,0.571464566929134
2003-08-17,0.922564188639323,22.8119249343872,4.7514561548955,1.57,0.534047244094488
2003-08-18,0.199318835046142,20.033162911733,3.70825249065105,1.64,0.557858267716535
2003-08-19,0.00178497774080218,19.6514312426249,3.87187883294795,1.46,0.496629921259843
2003-08-20,0.0858127775136381,20.1532050768534,4.64800114922402,1.51,0.513637795275591
2003-08-21,0.0515992953442037,20.914465268453,4.47290299014579,1.43,0.486425196850394
2003-08-22,5.66617321358838e-06,20.4806043306987,4.41492673172023,1.39,0.472818897637795
2003-08-23,5.73545681466688e-07,20.1187124252319,4.96431451480702,1.28,0.43540157480315
2003-08-24,5.73545681466688e-07,20.4190524419149,4.79661931211474,1.35,0.459212598425197
2003-08-25,5.73545681466688e-07,18.4869324366252,4.03170399433135,1.42,0.483023622047244
2003-08-26,0.00662516739005999,19.2530786196391,4.66624433052209,1.45,0.493228346456693
2003-08-27,0.00676695665060834,18.7724370956421,4.38567986104982,1.43,0.486425196850394
2003-08-28,2.43574476242065,19.9776123364766,4.64329989557423,1.34,0.455811023622047
2003-08-29,5.78625150521596,16.975170135498,2.53599942148797,1.58,0.537448818897638
2003-08-30,11.4885884920756,14.7953800360362,2.08358357246507,1.58,0.537448818897638
2003-08-31,6.2336395184199,11.8968826135,2.26364212840126,2.27,0.772157480314961
2003-09-01,0.665345351832608,10.8489430745443,2.73580652128917,1.99,0.676913385826772
2003-09-02,0.0140022158642144,10.3474102814992,2.25016526100174,1.52,0.51703937007874
2003-09-03,1.39321006524066e-06,10.4558436870575,2.89980137291575,1.46,0.496629921259843
2003-09-04,0,12.7325985431671,3.54906560816361,1.46,0.496629921259843
2003-09-05,0.000758988909600096,14.835871219635,3.77787359877712,1.57,0.534047244094488
2003-09-06,0.00402038164126376,15.2765872478485,2.88144068314518,1.41,0.479622047244094
2003-09-07,2.93964537978172,15.7945833206177,2.87866113565555,1.52,0.51703937007874
2003-09-08,0.778074602286021,13.6578804651896,1.83199026813635,1.65,0.561259842519685
2003-09-09,0.0772789032198489,14.2365849812826,2.68841380276772,1.51,0.513637795275591
2003-09-10,4.87150943279266,13.414383093516,2.48417001267599,1.53,0.52044094488189
2003-09-11,2.92859988411268,11.8260297775269,1.81343373934025,1.67,0.568062992125984
2003-09-12,0.832428636650244,12.2405778566996,1.67928168772984,1.74,0.591874015748032
2003-09-13,1.23167438308398,11.4906497001648,2.40212110745329,1.65,0.561259842519685
2003-09-14,9.38996619576453e-05,11.9132311344147,2.66854155813832,1.59,0.540850393700787
2003-09-15,0,12.5262225468953,2.86196654904167,1.5,0.510236220472441
2003-09-16,3.37885679376389e-06,12.9210041364034,3.05014182592668,1.54,0.523842519685039
2003-09-17,2.76817778891806e-06,14.2823199431101,3.17744797228046,1.57,0.534047244094488
2003-09-18,3.38330331336086e-06,15.6334677537282,3.44688559584886,1.44,0.489826771653543
2003-09-19,2.64202185462636e-07,17.1117846171061,3.6828495329176,1.48,0.503433070866142
2003-09-20,0,17.769584496816,3.58616261797982,1.47,0.500031496062992
2003-09-21,0,17.6293438275655,3.323650965994,1.41,0.479622047244094
2003-09-22,0.0499198445371197,17.7248225212097,3.27859884895812,1.49,0.506834645669291
2003-09-23,1.99708981066942,13.1229056517283,1.84326424444511,1.54,0.523842519685039
2003-09-24,0.00437001826261015,8.94808030128479,1.71881064114454,1.64,0.557858267716535
2003-09-25,3.25547747100548e-06,9.81716267267863,2.22229483593105,1.51,0.513637795275591
2003-09-26,3.38978916640068e-07,13.1920060316722,3.06183990413295,1.53,0.52044094488189
2003-09-27,0.420492938409249,13.5424365997314,2.49407087325236,1.52,0.51703937007874
2003-09-28,3.41662542025248,13.8807915051778,2.23290009014413,1.6,0.544251968503937
2003-09-29,0.0077313104023536,10.0873210430145,1.74245643867575,1.61,0.547653543307087
2003-09-30,7.9852787176075e-05,8.79905645052592,2.10219857228622,1.48,0.503433070866142
2003-10-01,2.18876708547274,10.8117206891378,1.86737135822163,1.59,0.540850393700787
2003-10-02,0.381126642227173,15.0859824021657,2.31461576728434,1.66,0.564661417322835
2003-10-03,6.76642866929372,14.0054326852163,1.69207075356358,1.71,0.581669291338583
2003-10-04,10.5371830463409,11.3246817588806,1.26141916304594,1.98,0.673511811023622
2003-10-05,28.3535284996033,6.4790606101354,1.00983110764025,3.01,1.02387401574803
2003-10-06,2.5979095697403,7.83384879430135,1.27792945608083,4.79,1.62935433070866
2003-10-07,17.479950428009,5.69569536050161,1.19286478635789,2.55,0.86740157480315
2003-10-08,13.9795018831889,5.73163962364197,0.995179369041772,3.78,1.28579527559055
2003-10-09,3.61660651365916,9.56522822380066,1.18608455857613,4.58,1.55792125984252
2003-10-10,0.0529981965955812,11.4825085004171,1.11096983712201,3.93,1.3368188976378
2003-10-11,0.0160596503701527,11.6261782646179,1.48594340409137,2.51,0.853795275590551
2003-10-12,0.000384804975813798,8.66546114285787,1.23172393267644,2.01,0.683716535433071
2003-10-13,0,6.6769212881724,1.28592961363621,1.76,0.598677165354331
2003-10-14,2.29058341005839e-06,5.45033701260885,1.18225526499381,1.74,0.591874015748032
2003-10-15,5.38635243666855e-07,4.85611848036448,1.21535847956737,1.66,0.564661417322835
2003-10-16,0,4.1842232743899,1.06962741596597,1.5,0.510236220472441
2003-10-17,7.05770462445798e-05,3.88472296794256,1.08051885452228,1.55,0.527244094488189
2003-10-18,1.36290903659149e-06,2.46026792128881,1.06560596502507,1.4,0.476220472440945
2003-10-19,0.244482742932936,2.94924118121465,0.959424976995056,1.49,0.506834645669291
2003-10-20,6.44620156288147,5.42290159066518,1.07654648890123,1.38,0.469417322834646
2003-10-21,1.42860228319963,3.58489453792572,0.658487879255338,1.73,0.588472440944882
2003-10-22,0.0149321102071553,2.40020829439163,0.662373853393378,1.65,0.561259842519685
2003-10-23,0.649071957916021,1.39921654264132,0.509348558720362,1.55,0.527244094488189
2003-10-24,0.000221511834145834,-1.93126511573792,0.55159059877097,1.5,0.510236220472441
2003-10-25,1.73070453968194e-05,0.625159914847851,0.799606668207408,1.51,0.513637795275591
2003-10-26,0.000308285274513764,0.911086683471998,0.77053356829107,1.48,0.503433070866142
2003-10-27,0,0.0248089917004108,0.847854476289103,1.59,0.540850393700787
2003-10-28,0.000161585828512519,0.787226105729739,0.964302152927516,1.6,0.544251968503937
2003-10-29,4.67281818389893,5.24275096257528,1.15820197300178,1.59,0.540850393700787
2003-10-30,0.712791509926319,2.81966656446457,0.741078998673549,1.9,0.646299212598425
2003-10-31,0.845125896235307,7.76528382301331,1.28524980073227,1.6,0.544251968503937
2003-11-01,2.74906380971273,6.17183550198873,0.832942577276818,1.84,0.625889763779528
2003-11-02,0.225309235354265,6.10284447669983,0.837178858037664,2.07,0.704125984251968
2003-11-03,0.232999878935516,8.22071941693624,0.886010898071658,1.91,0.649700787401575
2003-11-04,7.39543344631481e-05,6.17481859525045,0.994040250145608,1.74,0.591874015748032
2003-11-05,0.000304998458886985,4.60256652037303,0.967598558487068,1.73,0.588472440944882
2003-11-06,0,3.2251803278923,0.643889912128859,1.74,0.591874015748032
2003-11-07,2.35664128922508e-06,4.2397233247757,0.700089825453369,1.72,0.585070866141732
2003-11-08,0.000107272471420098,4.62935690085093,0.713290230458986,1.74,0.591874015748032
2003-11-09,0.0120856500676988,3.56682060162226,0.861368162576897,1.74,0.591874015748032
2003-11-10,0.263400447865327,2.18847648302714,0.50998962217839,1.65,0.561259842519685
2003-11-11,0.075135855935514,1.67947953939438,0.337633404295586,1.69,0.574866141732283
2003-11-12,0.717560770610968,1.8435396750768,0.500389055038488,1.64,0.557858267716535
2003-11-13,3.16033269961675,4.03625609477361,0.4738882244356,1.69,0.574866141732283
2003-11-14,0.191855845972896,4.28459612528483,0.552432003517737,1.81,0.615685039370079
2003-11-15,0.0439742766320705,4.6774757305781,0.7232242555825,1.84,0.625889763779528
2003-11-16,3.37650075554848,4.07761587699254,0.578857549414472,1.71,0.581669291338583
2003-11-17,0.605261991421382,3.8603346546491,0.525579931239037,1.82,0.619086614173228
2003-11-18,0.0261702356947353,6.37215240796407,0.699627239316502,1.85,0.629291338582677
2003-11-19,0.0134799089670802,6.45990816752116,0.730644866417151,1.79,0.60888188976378
2003-11-20,0.00484503985838577,4.92505594094594,0.663838011184319,1.73,0.588472440944882
2003-11-21,8.05147319624666e-05,4.20811327298482,0.704791454449824,1.74,0.591874015748032
2003-11-22,0.000366621932092433,4.50400984287262,0.583553567209363,1.69,0.574866141732283
2003-11-23,0.00625880838682254,4.94627734025319,0.622492548265807,1.7,0.578267716535433
2003-11-24,0.0519459075488461,4.93296285470327,0.602330113914667,1.67,0.568062992125984
2003-11-25,1.39877925316493,6.45175572236379,0.799192080152126,1.65,0.561259842519685
2003-11-26,0.0853913333266973,4.75955887635549,0.442098194516026,1.72,0.585070866141732
2003-11-27,1.5462887485822,4.22429704666138,0.323228329640687,1.7,0.578267716535433
2003-11-28,24.0087569554647,3.12384454409281,0.335016599666704,2.13,0.724535433070866
2003-11-29,2.55111813545227,2.31231051683426,0.258635137063501,4.62,1.57152755905512
2003-11-30,0.0100036281534509,2.59463395675023,0.388080019073167,4.27,1.45247244094488
2003-12-01,9.57875199674163e-05,3.28836502631505,0.316329452011882,3.35,1.13952755905512
2003-12-02,0.000302446031128056,4.61019396781921,0.405981256722571,2.88,0.979653543307087
2003-12-03,0.0256820280677251,3.14592405160268,0.359231192015025,2.55,0.86740157480315
2003-12-04,0.00130557279044297,2.46112938721975,0.240183632278861,2.38,0.809574803149606
2003-12-05,0.00300640215330835,1.93488693237305,0.270492061720036,2.27,0.772157480314961
2003-12-06,1.34900773068269,0.557441954811414,0.339277422694021,2.16,0.734740157480315
2003-12-07,0.000606234206012838,-2.43435029188792,0.282685343887839,2.07,0.704125984251968
2003-12-08,0,-4.18616851170858,0.312000198673289,2,0.680314960629921
2003-12-09,0.00185376626359357,-2.66058252255122,0.330460114217647,1.91,0.649700787401575
2003-12-10,0.000306152237802356,-1.55483260750771,0.387332842838442,1.86,0.632692913385827
2003-12-11,1.10305360456308,0.39080881451567,0.544718028425909,1.84,0.625889763779528
2003-12-12,0.208192351895074,2.85230731964111,0.444320803438934,1.86,0.632692913385827
2003-12-13,8.83869222799937,6.3015691836675,0.642873376431017,1.93,0.656503937007874
2003-12-14,8.91866119702657,5.09315733114878,0.44452539133625,2.53,0.86059842519685
2003-12-15,1.98572358489037,0.127714520941178,0.298137314033369,3.16,1.07489763779528
2003-12-16,0.861795301238696,-0.146318967609356,0.232579825097271,2.78,0.945637795275591
2003-12-17,0.0015703217140981,-0.93498978142937,0.320431535747059,2.4,0.816377952755906
2003-12-18,0.00237656172248535,-2.64321883519491,0.224019091015045,2.23,0.758551181102362
2003-12-19,0.0824656992529829,-0.22886421578005,0.422761543464192,2.15,0.731338582677165
2003-12-20,3.22912969191869,4.49984578291575,0.510471331898103,2.11,0.717732283464567
2003-12-21,2.78372645378113,4.14701557159424,0.43010185834462,2.71,0.921826771653543
2003-12-22,1.64426013827324,-1.23851740856965,0.304834586863523,3.21,1.09190551181102
2003-12-23,0.000225340152004113,-6.49790684382121,0.227449325254759,2.76,0.938834645669291
2003-12-24,0.000188638638064731,-8.85140442848206,0.196595629750274,2.38,0.809574803149606
2003-12-25,0.00171149727733185,-4.18647662798564,0.369511625078891,2.03,0.69051968503937
2003-12-26,0.000104589195871085,-1.96665286024412,0.385285189331258,2.03,0.69051968503937
2003-12-27,0.000115688446082155,1.13465895255407,0.467699981094678,2.01,0.683716535433071
2003-12-28,2.21300866206487,2.28693834940592,0.43665647190394,1.95,0.663307086614173
2003-12-29,0.0129933797676737,0.139804303646088,0.294793820119043,1.97,0.670110236220472
2003-12-30,3.38779095808665,-0.511217592284083,0.16442679907405,1.89,0.642897637795276
2003-12-31,5.91564687093099,-0.819487373034159,0.19715746335789,1.85,0.629291338582677
2004-01-01,1.74245428045591,-1.85381140311559,0.175428800147568,1.82,0.619086614173228
2004-01-02,0.0340461833402514,-4.62091716130575,0.205755810403274,1.77,0.60207874015748
2004-01-03,0.00485426107843523,-7.19926512241364,0.244625781359694,1.73,0.588472440944882
2004-01-04,1.64762663841248,-4.77923468748728,0.247448261013331,1.7,0.578267716535433
2004-01-05,3.34478364388148,-0.641266189515591,0.276562951341014,1.66,0.564661417322835
2004-01-06,4.91625674565633,-0.0113486402357618,0.332964103826566,1.69,0.574866141732283
2004-01-07,0.139014492432276,1.48507321874301,0.280069920354948,2.06,0.700724409448819
2004-01-08,6.14693164825439,-0.153716720330218,0.23590998817928,3.24,1.10211023622047
2004-01-09,12.3305201927821,3.06420524915059,0.464356435535402,4.71,1.60214173228346
2004-01-10,0.100252907878409,1.86453141768773,0.342207297697162,7.11,2.41851968503937
2004-01-11,14.5431616306305,5.64814778168996,0.604449004906283,4.64,1.57833070866142
2004-01-12,8.85774858792623,5.87622841199239,0.5154718801044,6.69,2.27565354330709
2004-01-13,30.489089012146,6.74207810560862,0.54870759878925,8.2,2.78929133858268
2004-01-14,0.770452956358592,3.88380038738251,0.497546271689902,14.4,4.89826771653543
2004-01-15,0.879729732871056,1.42883828779062,0.344251620915216,6.62,2.25184251968504
2004-01-16,17.7999610900879,2.93797751267751,0.489115076056062,4.26,1.44907086614173
2004-01-17,1.63020152350267,1.71333023905754,0.37611787485368,7.46,2.53757480314961
2004-01-18,0.0900226595501105,-0.251056740060449,0.23332534692741,8.18,2.78248818897638
2004-01-19,7.22579809029897,-0.758811836441358,0.305672499851429,4.71,1.60214173228346
2004-01-20,3.81030240654945,0.145084058865905,0.296615402771033,4.09,1.39124409448819
2004-01-21,0.0938549591228366,-3.11560042699178,0.30422463754606,4.01,1.36403149606299
2004-01-22,0.000606937969375091,-5.49587806065877,0.347517853606379,3.29,1.11911811023622
2004-01-23,0.000143053709810677,-6.90586284796397,0.311737206157425,2.85,0.969448818897638
2004-01-24,7.30010751883189,-5.41123406092326,0.454500324071982,2.63,0.894614173228346
2004-01-25,1.02743305017551,-0.630284567674001,0.376208588641111,2.52,0.857196850393701
2004-01-26,2.21176234881083,-2.93735752503077,0.377493739202454,2.37,0.806173228346457
2004-01-27,3.88336884975433,-1.81351469953855,0.418000102212899,2.27,0.772157480314961
2004-01-28,0.437289549658696,-2.56230462590853,0.318699434439512,2.21,0.751748031496063
2004-01-29,0.736125829319159,-2.5988756219546,0.276976772888486,2.15,0.731338582677165
2004-01-30,0.0255893183057196,-3.54112150271734,0.460069390995175,2.05,0.697322834645669
2004-01-31,0.0211799143483707,2.7939561009407,1.01314275895404,2.07,0.704125984251968
2004-02-01,0.000151165898690427,7.0913686354955,0.67817262520287,3.12,1.06129133858268
2004-02-02,0.00438394519248201,8.30344545841217,0.789194121584018,6.66,2.26544881889764
2004-02-03,2.62782878053258e-05,6.57534297307332,0.877726198218167,5.92,2.01373228346457
2004-02-04,2.50171797233634e-06,5.7167827685674,0.999304731789548,3.74,1.27218897637795
2004-02-05,8.39645799715072e-05,8.40548261006673,1.19626427644487,3.02,1.02727559055118
2004-02-06,0.119271581294015,10.2621773878733,1.14582928248244,2.68,0.911622047244095
2004-02-07,1.28417613108953,6.72968916098277,0.922610550009723,2.53,0.86059842519685
2004-02-08,7.18179861704508,2.1731187303861,0.518046002805987,2.61,0.887811023622047
2004-02-09,0.343543197959661,-0.0132653874655565,0.419469801237738,2.85,0.969448818897638
2004-02-10,5.92594865957896,0.53387865719075,0.625589407613175,2.49,0.846992125984252
2004-02-11,2.28904300928116,0.332570585849074,0.383344383516551,2.4,0.816377952755906
2004-02-12,0.0382264984194383,-1.32646333177884,0.453837285961169,2.62,0.891212598425197
2004-02-13,0.0989618778694421,1.4477730691433,0.729148664763064,2.49,0.846992125984252
2004-02-14,0.0722197834790374,2.49708604812622,0.607456075193017,2.47,0.840188976377953
2004-02-15,0,2.71518548329671,0.585012581284089,2.57,0.874204724409449
2004-02-16,7.73181933861148e-05,1.64489161968231,0.775602987777789,2.49,0.846992125984252
2004-02-17,0.00204311936734788,-0.33791221305728,0.702388258821619,2.41,0.819779527559055
2004-02-18,1.04202628135681,0.028519744053483,0.490403060013448,2.28,0.77555905511811
2004-02-19,0.000627205457324938,-0.687998707095782,0.467335344353905,2.11,0.717732283464567
2004-02-20,0,-0.184729924755326,0.749901680599827,1.99,0.676913385826772
2004-02-21,0,1.28277318676313,0.749503247862704,1.95,0.663307086614173
2004-02-22,9.50460902849833,3.1680999994278,1.115189927289,1.96,0.666708661417323
2004-02-23,3.53881633281708,-2.20767219861348,0.593670323692204,2.25,0.765354330708661
2004-02-24,0.0323118437703063,-4.81986320018768,0.595863631890672,2.06,0.700724409448819
2004-02-25,0.245461214023332,-3.18282260497411,0.855878387031044,1.9,0.646299212598425
2004-02-26,0.132776314082245,-2.33573556939761,0.687063334522103,1.89,0.642897637795276
2004-02-27,0.891343504190445,-4.35383186737696,0.578297596316387,1.85,0.629291338582677
2004-02-28,0.0034321919180608,-5.0181348323822,0.758640483633734,1.78,0.60548031496063
2004-02-29,0.204598708078265,-3.10608941316605,0.836545716595485,1.75,0.595275590551181
2004-03-01,0.661212682723999,-4.34267916282018,0.587820731891728,1.92,0.653102362204724
2004-03-02,1.6079016427199,-2.44421249628067,0.857995706486538,1.88,0.639496062992126
2004-03-03,0.0289476775409033,-0.0465345189440995,0.892003731555113,1.92,0.653102362204724
2004-03-04,6.09561830060557e-05,-0.945784928898017,1.13787051069242,1.95,0.663307086614173
2004-03-05,1.09387377897898,-2.07192246119181,0.905994960470518,1.95,0.663307086614173
2004-03-06,1.3520346780618,-0.502765171229839,0.923372898906692,1.99,0.676913385826772
2004-03-07,0.0699719122300545,0.819702317317327,1.07799652071925,2.1,0.714330708661417
2004-03-08,0.887567361195882,-0.0956036646384746,0.765292981887517,2.44,0.829984251968504
2004-03-09,0.0425796481431462,-1.85971969366074,0.869790075063323,2.45,0.833385826771654
2004-03-10,0.00250934532959945,-1.85307701428731,1.05814707789327,2.29,0.77896062992126
2004-03-11,0.00671441604693731,-1.39013758301735,0.688191668114853,2.26,0.768755905511811
2004-03-12,0.150194193042504,2.20728423198064,1.69409374482177,2.14,0.727937007874016
2004-03-13,0.415030141671499,6.27318640549978,1.87247591691198,2.17,0.738141732283465
2004-03-14,0.465131675203641,5.15539995829264,1.31783428954308,2.39,0.812976377952756
2004-03-15,0.000147556233666061,6.94703733921051,2.1323418514553,2.36,0.802771653543307
2004-03-16,1.80093396314381e-06,8.3896849155426,2.47007561292748,2.21,0.751748031496063
2004-03-17,8.01884164805718e-05,9.89285635948181,2.80764636533078,2.09,0.710929133858268
2004-03-18,0.000193803981346719,11.611029624939,2.96670252399513,2.02,0.687118110236221
2004-03-19,0.325464100887378,11.6282736460368,2.1138650605841,1.99,0.676913385826772
2004-03-20,0.0330474242412796,12.0957067012787,1.68769846986928,1.97,0.670110236220472
2004-03-21,4.40552206834157,8.50758655865987,1.73349676270894,1.96,0.666708661417323
2004-03-22,1.61151228348414,4.63988025983175,1.35166076198489,2.04,0.69392125984252
2004-03-23,12.8580218156179,2.46245112021764,1.08300888821025,2.04,0.69392125984252
2004-03-24,18.0323090553284,1.45661454399427,0.582155008688717,3.57,1.21436220472441
2004-03-25,0.156350963438551,1.0934669872125,0.773082709380564,5.78,1.96611023622047
2004-03-26,0.0536354489934941,-0.684483903149764,0.75692413587802,4.17,1.41845669291339
2004-03-27,4.24474128521979e-05,-0.771447765330474,1.24791692689868,3.31,1.12592125984252
2004-03-28,9.38633359813442e-05,1.28580675522486,1.73037035551474,2.94,1.00006299212598
2004-03-29,0.000109024204599943,3.85281411806742,2.21889817905456,2.75,0.935433070866142
2004-03-30,0,6.84538273016612,2.4064635040362,2.56,0.870803149606299
2004-03-31,0,7.93227346738179,2.85163836467534,2.37,0.806173228346457
2004-04-01,0,9.82164065043131,3.03695374816111,2.24,0.761952755905512
2004-04-02,0.000227866119227353,11.1014304161072,3.22401613171261,2.09,0.710929133858268
2004-04-03,0.00161313332622133,9.02062487602234,1.97278682926911,1.96,0.666708661417323
2004-04-04,5.38811326026917,7.90603689352671,2.54477950779542,1.92,0.653102362204724
2004-04-05,10.4169342120488,6.41013395786285,1.60023215055644,2.34,0.795968503937008
2004-04-06,8.41386047999064,3.88612749179204,1.48733708951147,2.71,0.921826771653543
2004-04-07,3.25967250267665,3.18776998917262,1.47738435030486,3.22,1.09530708661417
2004-04-08,1.90045383324226,3.21997215350469,1.57694909590598,3.01,1.02387401574803
2004-04-09,0.0860447158726553,4.46232342720032,2.2466893316051,3.06,1.04088188976378
2004-04-10,3.00299060344696,4.98862234751383,1.62751914716785,2.55,0.86740157480315
2004-04-11,0.281269543649008,4.51694496472677,1.56512447073746,2.4,0.816377952755906
2004-04-12,0.0186428110658502,5.65539340178172,2.30897197778728,2.35,0.799370078740158
2004-04-13,0.00993799262748022,6.25042283535004,2.05038619651826,2.23,0.758551181102362
2004-04-14,1.37624700945101e-05,7.09132246176402,2.41445325810315,2.11,0.717732283464567
2004-04-15,0.00391898584045218,9.25426944096883,3.31586911338645,2.02,0.687118110236221
2004-04-16,0.00237249865313061,11.3322130044301,3.63441792496483,1.93,0.656503937007874
2004-04-17,0.00580899440683424,12.2820316155752,3.85325355531145,1.88,0.639496062992126
2004-04-18,8.24451065063477,11.7458183765411,2.82994199310099,1.87,0.636094488188976
2004-04-19,3.31679219007492,5.54996375242869,1.95492274180532,2.26,0.768755905511811
2004-04-20,0.0400971238850616,9.1794327100118,3.36817234119208,2.38,0.809574803149606
2004-04-21,0,12.4048235416412,3.6170063692273,2.01,0.683716535433071
2004-04-22,0.0020596337611399,14.1138545672099,4.20901104513547,1.86,0.632692913385827
2004-04-23,7.08562849958738,12.2725335756938,3.53314163812591,1.83,0.622488188976378
2004-04-24,0.0509570827583161,8.88813726107279,2.41032220606775,1.8,0.612283464566929
2004-04-25,0.0160833480185829,7.8996144135793,2.36656314950565,1.77,0.60207874015748
2004-04-26,1.7346901510488e-05,10.3435812791189,3.1827480112189,1.8,0.612283464566929
2004-04-27,0.00186498645537843,12.2551230589549,4.00367787185983,1.81,0.615685039370079
2004-04-28,0.000559134807796606,14.3586563269297,4.27672387339562,1.66,0.564661417322835
2004-04-29,2.17592969420366e-05,15.4521244366964,4.53754040741703,1.73,0.588472440944882
2004-04-30,0.696242117633422,15.8789590994517,4.54044125061421,1.71,0.581669291338583
2004-05-01,3.97824410566439,11.9826240539551,2.39019876677767,1.86,0.632692913385827
2004-05-02,5.71492997805278,11.5832289059957,3.27421563377673,1.74,0.591874015748032
2004-05-03,1.06190135578314,12.6850867271423,4.03432921982701,2.09,0.710929133858268
2004-05-04,0.968268170952797,13.4149329662323,3.31684192280978,1.92,0.653102362204724
2004-05-05,13.4174404144287,7.76017069816589,2.20102208020448,1.91,0.649700787401575
2004-05-06,17.1406640211741,5.8673232793808,1.26523586870949,2.79,0.94903937007874
2004-05-07,2.20272059241931,6.6909460624059,2.14071967730862,3.62,1.23137007874016
2004-05-08,1.19293884436289,8.19471458594004,2.71446936530644,3.27,1.11231496062992
2004-05-09,1.57640341917674,6.56279273827871,1.31647235778945,2.45,0.833385826771654
2004-05-10,0.117489918135107,8.33222925662994,2.42204170712154,2.3,0.782362204724409
2004-05-11,0.551995499059558,11.0991578102112,4.20652455012322,2.12,0.721133858267717
2004-05-12,4.5059720998009,11.7256968021393,4.22380688896521,2.03,0.69051968503937
2004-05-13,0.111788518105944,8.78647192319234,1.89878996642848,2.34,0.795968503937008
2004-05-14,0.0041979741557346,10.7831945419312,3.20255684203067,2.38,0.809574803149606
2004-05-15,0.0619220020404706,12.7850390275319,4.06050859733387,1.97,0.670110236220472
2004-05-16,0.109950339111189,11.5575600465139,3.19263804148706,1.85,0.629291338582677
2004-05-17,8.32263519138602e-06,13.5503601233164,4.80934270926158,1.83,0.622488188976378
2004-05-18,3.77580994002832e-05,16.5270137786865,5.52531844195792,1.74,0.591874015748032
2004-05-19,6.50138654236798e-05,16.3661309878031,4.50716004100774,1.69,0.574866141732283
2004-05-20,0.168166454105328,17.7400457064311,5.58952323297433,1.64,0.557858267716535
2004-05-21,18.6275143623352,12.704298098882,3.70557210952247,1.79,0.60888188976378
2004-05-22,0.831286837657293,7.22546482086182,2.51548566042216,3.13,1.06469291338583
2004-05-23,0.0818934640847147,6.78877989451091,3.06003632457425,2.55,0.86740157480315
2004-05-24,1.97942593634555e-06,8.97040851910909,4.0630469044631,1.91,0.649700787401575
2004-05-25,7.91721618043084e-07,11.5141758124034,4.59359277530875,1.63,0.554456692913386
2004-05-26,0.438455518335104,13.7618242104848,5.05891731338046,1.51,0.513637795275591
2004-05-27,5.81682187318802,11.7253437836965,2.82616879959851,1.5,0.510236220472441
2004-05-28,0.0805172263644636,11.1323617299398,3.55878605933366,1.78,0.60548031496063
2004-05-29,3.64783167204526e-05,12.4136055310567,4.4938987787662,1.57,0.534047244094488
2004-05-30,0.0639424244873226,14.7679057916005,5.3948375189937,1.49,0.506834645669291
2004-05-31,6.16110022862752,12.336533387502,3.18478206977948,1.63,0.554456692913386
2004-06-01,8.57401502132416,12.5282360712687,4.01700856691091,1.88,0.639496062992126
2004-06-02,2.42920051018397,12.6217251618703,3.86688139683881,1.98,0.673511811023622
2004-06-03,6.22834153970083,12.0670228004456,1.7961427871754,1.93,0.656503937007874
2004-06-04,3.04573903481166,13.34872174263,3.81238610391784,2.17,0.738141732283465
2004-06-05,6.26065258185069,11.3016932010651,2.39950309775282,2.18,0.741543307086614
2004-06-06,0.00083953867094048,12.8787515163422,3.58725842247989,2.19,0.744944881889764
2004-06-07,9.49184163800965e-06,16.336682955424,5.65689644251135,1.96,0.666708661417323
2004-06-08,0,20.1305294036865,6.47679285329758,1.64,0.557858267716535
2004-06-09,0.0217463254472629,22.0303915341695,6.56833994158891,1.55,0.527244094488189
2004-06-10,2.83266798655192,21.5932588577271,6.0286044568419,1.48,0.503433070866142
2004-06-11,12.6369800567627,16.5874848365784,3.22103911158994,1.86,0.632692913385827
2004-06-12,2.78936358230809,13.9324787457784,3.64921978812877,2.27,0.772157480314961
2004-06-13,2.84449024995168,11.9518928527832,3.60703840094833,2.96,1.00686614173228
2004-06-14,0.0128421163341651,15.0843445460002,4.6728610106122,2.26,0.768755905511811
2004-06-15,3.3545402487119,16.7902805010478,4.6499835746628,1.81,0.615685039370079
2004-06-16,0.0270882372084695,13.8914380868276,3.57543383642125,1.75,0.595275590551181
2004-06-17,0.469820931553841,17.1305650075277,5.60106279733134,1.54,0.523842519685039
2004-06-18,0.906269561809798,15.3918927510579,3.83900329534789,1.5,0.510236220472441
2004-06-19,5.75442536671956,12.9251108964284,3.40341148641936,1.47,0.500031496062992
2004-06-20,4.79697334766388,10.8900577227275,2.6136325128979,1.77,0.60207874015748
2004-06-21,0.975173979997635,13.3586757977804,4.24424076762126,1.84,0.625889763779528
2004-06-22,0.809347833196322,15.3482782046,4.04346002733361,1.81,0.615685039370079
2004-06-23,3.52861703932285,17.1287754376729,4.77219932933221,1.8,0.612283464566929
2004-06-24,0.00184336801369985,16.6592979431152,4.14811081358659,1.93,0.656503937007874
2004-06-25,0.925917752164726,14.6557518641154,3.84842601212929,1.69,0.574866141732283
2004-06-26,0.000258843278667579,16.6050484975179,5.56242382776893,1.62,0.551055118110236
2004-06-27,2.39950577418009,20.1364874839783,5.66130086232286,1.57,0.534047244094488
2004-06-28,0.0183564201773455,18.4501183827718,4.18728408859012,1.63,0.554456692913386
2004-06-29,0.0160121903948796,16.3871340751648,4.52553486897308,1.5,0.510236220472441
2004-06-30,7.43285539404799e-05,18.4769268035889,5.82057664371644,1.53,0.52044094488189
2004-07-01,1.72212873399258,16.3333961963654,4.02630552608555,1.55,0.527244094488189
2004-07-02,5.422037144502,13.8843722343445,3.34177302570337,1.76,0.598677165354331
2004-07-03,0.971418942014376,14.7787628968557,4.00032473658927,1.99,0.676913385826772
2004-07-04,0.835170667618513,17.5900201797485,5.29096511045173,1.66,0.564661417322835
2004-07-05,8.71009997526805,18.3631332715352,4.74149157745145,1.6,0.544251968503937
2004-07-06,1.51163816452026,16.5057802995046,3.51254604181346,1.9,0.646299212598425
2004-07-07,0.314275356164823,18.1376365025838,4.12333222956042,1.68,0.571464566929134
2004-07-08,26.2034468650818,18.0177076657613,4.46663639281043,1.53,0.52044094488189
2004-07-09,0.268534013380607,14.2066072622935,3.51499057710969,5.65,1.92188976377953
2004-07-10,2.05274020632108,12.1351591746012,3.27792959640354,3.13,1.06469291338583
2004-07-11,2.99885117014249,12.0224370161692,3.527767092974,2.09,0.710929133858268
2004-07-12,8.6349923213323,12.3620518843333,2.89221155664546,1.92,0.653102362204724
2004-07-13,3.78521052002907,12.3851201534271,2.70240891014118,2.68,0.911622047244095
2004-07-14,1.80719005068143,15.2917222181956,3.88963251221535,2.72,0.925228346456693
2004-07-15,0.100568953746309,16.8284066518148,3.65977532093132,2.27,0.772157480314961
2004-07-16,0.00403391097582547,19.6218756039937,5.00234293776532,1.84,0.625889763779528
2004-07-17,3.11074736714363,21.1665404637655,5.90519718099473,1.66,0.564661417322835
2004-07-18,2.91353168090185,21.7683680852254,5.61654326256399,1.69,0.574866141732283
2004-07-19,0.00936648003213728,20.530740737915,4.38958612714521,1.64,0.557858267716535
2004-07-20,1.83473975211382,20.6192981402079,5.25336401346376,1.59,0.540850393700787
2004-07-21,5.35542104641597,21.600075562795,5.4807729460286,1.5,0.510236220472441
2004-07-22,0.142794801232715,21.8235301971436,5.00830823204655,1.68,0.571464566929134
2004-07-23,5.42669802904129,21.7791304588318,5.47019449758888,1.77,0.60207874015748
2004-07-24,6.54391666253408,18.1843881607056,2.53457706023302,2.12,0.721133858267717
2004-07-25,0.00490861834259704,18.4069687525431,4.0987456603202,2.41,0.819779527559055
2004-07-26,2.61080335577329,14.676292181015,3.09479491071219,1.91,0.649700787401575
2004-07-27,0.000218700326513499,14.4823392232259,3.7738963565175,1.86,0.632692913385827
2004-07-28,2.20313515152763e-05,15.6659944852193,4.57850978704775,1.74,0.591874015748032
2004-07-29,2.20313515152763e-05,17.2798296610514,5.00632488111936,1.69,0.574866141732283
2004-07-30,1.10156757576381e-05,19.5595547358195,5.6280661273944,1.63,0.554456692913386
2004-07-31,0,21.3865753809611,5.51210342750042,1.57,0.534047244094488
2004-08-01,0.223690791676442,21.6320039431254,5.25742885407519,1.48,0.503433070866142
2004-08-02,0,20.8585340181987,5.05402986744022,1.44,0.489826771653543
2004-08-03,0.00550709585968434,20.5756460825602,5.17070632816123,1.48,0.503433070866142
2004-08-04,0.00112930642717401,21.2065184911092,5.19909323641166,1.51,0.513637795275591
2004-08-05,0.0656215469740952,21.9082608222961,5.36814400203893,1.46,0.496629921259843
2004-08-06,0.01151029431882,21.323538462321,4.76442131322871,1.44,0.489826771653543
2004-08-07,8.84382140636444,20.2767624855042,4.88524619718597,1.52,0.51703937007874
2004-08-08,0.00690272028289958,20.6400135358175,4.79478029390368,2.68,0.911622047244095
2004-08-09,0.00066216548657394,21.5893260637919,5.24343997018429,1.75,0.595275590551181
2004-08-10,0.537079505622387,21.9013525644938,4.86819491604134,1.51,0.513637795275591
2004-08-11,0.0519391997562101,20.9562834103902,3.95035112722106,1.46,0.496629921259843
2004-08-12,14.928449789683,19.9813516934713,4.96343377651262,1.67,0.568062992125984
2004-08-13,3.77337574958801,16.3845933278402,3.33699891598412,2.22,0.755149606299213
2004-08-14,6.48646676540375,14.6020429134369,2.0807917488952,1.94,0.659905511811024
2004-08-15,0.00218787087821208,17.1895387967428,3.48844016980482,1.75,0.595275590551181
2004-08-16,2.17602088054021,17.94482533137,4.56287168762343,1.65,0.561259842519685
2004-08-17,0.104016817349475,18.2110662460327,3.39238130412558,1.71,0.581669291338583
2004-08-18,0.00803989917039871,21.3469764391581,4.5748454245525,1.62,0.551055118110236
2004-08-19,9.09254384040833,18.6405030886332,3.32824313555886,1.56,0.530645669291339
2004-08-20,1.52670875191689,16.3536597887675,2.78999487103551,1.93,0.656503937007874
2004-08-21,5.52916701634725,13.7788123289744,2.14152322544363,1.87,0.636094488188976
2004-08-22,0.140808233098748,13.7466863791148,3.01313044957701,1.83,0.622488188976378
2004-08-23,1.35140657673279,17.3603274027507,4.39744154255218,1.7,0.578267716535433
2004-08-24,2.16017410159111,16.0481385389964,2.90322959788945,1.65,0.561259842519685
2004-08-25,1.2249409109354,15.9899639288584,2.94544533508722,1.64,0.557858267716535
2004-08-26,3.47406343619029,13.4159468809764,2.06787294533278,1.56,0.530645669291339
2004-08-27,0.000582500875680125,14.9161868890127,3.02959455788365,1.64,0.557858267716535
2004-08-28,0.00669006588092695,16.9964283307393,3.87065738564282,1.61,0.547653543307087
2004-08-29,1.52567561296746,16.4423387845357,3.16117761545135,1.58,0.537448818897638
2004-08-30,4.61496317386627,14.7988295555115,2.70687763332734,1.54,0.523842519685039
2004-08-31,0.00450268412896548,13.5969843069712,2.56567011623873,1.66,0.564661417322835
2004-09-01,0.000160300899551657,13.6029800573985,3.23809777496851,1.55,0.527244094488189
2004-09-02,0,15.8047851721446,4.05251506407363,1.51,0.513637795275591
2004-09-03,1.33815223692606,18.638391494751,4.19487834961289,1.49,0.506834645669291
2004-09-04,0.0108144703687382,18.827267964681,3.49834329836401,1.44,0.489826771653543
2004-09-05,3.43687976661992e-05,18.0539703369141,3.84717950026474,1.47,0.500031496062992
2004-09-06,4.20155847299005e-07,17.1547096570333,3.68643865203277,1.41,0.479622047244094
2004-09-07,0,16.836880048116,3.68238229209875,1.5,0.510236220472441
2004-09-08,0,16.0649055639903,3.61620513926674,1.58,0.537448818897638
2004-09-09,0.000438380504723076,14.6489400863647,3.06290709218396,1.64,0.557858267716535
2004-09-10,0.302782970791062,16.0735816160838,4.01160468593081,1.39,0.472818897637795
2004-09-11,3.0337265431881,18.4394977887472,3.32479016839913,1.42,0.483023622047244
2004-09-12,5.0179961125056,14.5001554489136,2.33476293548235,1.63,0.554456692913386
2004-09-13,0.539843935519457,14.4928021430969,2.9995566462954,1.71,0.581669291338583
2004-09-14,1.45898176232974,16.1727408568064,2.45010185879791,1.55,0.527244094488189
2004-09-15,2.69339895248413,13.0277082125346,1.67212079235192,1.56,0.530645669291339
2004-09-16,0.0099523314468873,10.8229556083679,1.92832258756424,1.57,0.534047244094488
2004-09-17,8.27889285043663e-05,11.066167751948,2.5864153133387,1.5,0.510236220472441
2004-09-18,7.75287783956931e-06,13.0503342151642,3.08835585026805,1.46,0.496629921259843
2004-09-19,2.67476584513982,13.9688492616018,2.7536939953328,1.45,0.493228346456693
2004-09-20,0.00135448705016946,14.3077989419301,1.93798232236988,1.57,0.534047244094488
2004-09-21,0.0774440002084399,13.0841128826141,1.76890500384691,1.53,0.52044094488189
2004-09-22,4.42526249090831,11.2715922196706,1.35960463803259,1.42,0.483023622047244
2004-09-23,13.0360469818115,12.1313925584157,1.59992956972658,1.68,0.571464566929134
2004-09-24,5.84873779614766,8.24672011534373,1.2637056070109,2.15,0.731338582677165
2004-09-25,7.35872010389964,8.15197380383809,1.08048591747853,2.57,0.874204724409449
2004-09-26,2.14254325628281,8.14782186349233,1.06197520904954,2.39,0.812976377952756
2004-09-27,0.623315917948882,10.8413887023926,1.65862221565852,1.94,0.659905511811024
2004-09-28,0.0201956569653703,12.8620622158051,1.51348826053344,1.78,0.60548031496063
2004-09-29,4.88614493608475,12.2863171100616,1.43837928687676,1.7,0.578267716535433
2004-09-30,1.53333155810833,12.1760682264964,1.69163404546693,2.03,0.69051968503937
2004-10-01,5.50029971202215,11.9768644968669,1.6462891595624,2.07,0.704125984251968
2004-10-02,0.100978816820619,12.4291120370229,1.82214635179609,1.94,0.659905511811024
2004-10-03,0.00662518205839054,11.6861191590627,2.08447615668146,1.72,0.585070866141732
2004-10-04,3.94396314125818e-06,13.8601120313009,2.47562982636271,1.68,0.571464566929134
2004-10-05,0.0549733799416572,16.2606856028239,2.71210911718307,1.65,0.561259842519685
2004-10-06,0.950195262829463,15.5990836620331,2.01037550003664,1.47,0.500031496062992
2004-10-07,2.20246747136116,12.6631259123484,1.27265581100921,1.65,0.561259842519685
2004-10-08,7.45782236258189,13.0907481511434,1.61578105424576,1.78,0.60548031496063
2004-10-09,19.9897988637288,9.26007167498271,0.999328248579297,2.38,0.809574803149606
2004-10-10,0.16142921995682,8.04198737939199,0.716691478064696,4.9,1.66677165354331
2004-10-11,0.00018632689777102,6.58240322271983,0.901485708334746,3.85,1.3096062992126
2004-10-12,0.00856287482505043,4.51897883415222,0.779745400642168,2.47,0.840188976377953
2004-10-13,0.0173569929029327,6.30244155724843,1.12080522598188,1.95,0.663307086614173
2004-10-14,0.962515023847421,8.08083442846934,1.38079492852169,1.85,0.629291338582677
2004-10-15,9.4514049688975,8.06089452902476,1.13562425829635,1.88,0.639496062992126
2004-10-16,0.161477531616886,5.33411848545074,1.00440599820484,2.87,0.976251968503937
2004-10-17,4.83729668458303,6.0879381497701,1.13816901237376,2.89,0.983055118110236
2004-10-18,0.802639943857988,7.32878418763479,1.05483372162512,2.79,0.94903937007874
2004-10-19,0.838396747907003,7.0764745871226,1.18936798064688,2.5,0.850393700787402
2004-10-20,2.55737482508024,12.1811877091726,1.39939614004724,2.15,0.731338582677165
2004-10-21,1.93474983175596,13.1126293341319,1.32177292723269,2.15,0.731338582677165
2004-10-22,0.0313098397067127,10.7869880199432,1.56050755052774,3.01,1.02387401574803
2004-10-23,0.00126801260921638,12.3616509437561,1.46550392230007,1.89,0.642897637795276
2004-10-24,0.000657981203706489,12.7023944854736,1.73457772160442,1.79,0.60888188976378
2004-10-25,4.31003739436467,12.9515682061513,1.5431786147509,1.84,0.625889763779528
2004-10-26,6.68801101048787,9.09433205922445,0.816957142303461,1.9,0.646299212598425
2004-10-27,0.0496702070813626,8.84618894259135,0.607840170222558,2.23,0.758551181102362
2004-10-28,0.39684796333313,10.0602462291718,0.82806394180906,2.15,0.731338582677165
2004-10-29,0.109014469664544,10.1471998691559,0.879314332085779,2.02,0.687118110236221
2004-10-30,0.210770786681678,9.07120180130005,1.02786496344282,1.84,0.625889763779528
2004-10-31,0.316791440360248,7.9173196554184,0.935039457632886,1.67,0.568062992125984
2004-11-01,0.40521531055371,9.41871698697408,0.416057616637947,1.67,0.568062992125984
2004-11-02,0.0336612423416227,10.0404870510101,0.502088721012226,1.74,0.591874015748032
2004-11-03,0.0179433127244314,10.3635734717051,0.577000964569217,1.75,0.595275590551181
2004-11-04,0.361044722764442,10.2475947539012,0.819885564997016,1.68,0.571464566929134
2004-11-05,4.08665345112483,7.77645321687063,0.742339561249973,1.85,0.629291338582677
2004-11-06,2.23683936397235,5.31821783383687,0.628471795163221,1.92,0.653102362204724
2004-11-07,3.38072935740153,3.37832484642665,0.464715084507813,1.84,0.625889763779528
2004-11-08,0.247511951252818,1.51832765340805,0.540084098475792,1.94,0.659905511811024
2004-11-09,4.83831238746643,-0.132886219071224,0.318016487873907,1.99,0.676913385826772
2004-11-10,0.451557903240124,0.249142269914349,0.458718158500191,2,0.680314960629921
2004-11-11,0.0117928678713118,1.45119245847066,0.319636380942329,1.89,0.642897637795276
2004-11-12,2.48327603936195,1.81743684411049,0.296525843257109,1.84,0.625889763779528
2004-11-13,2.56804696718852,1.59115038315455,0.339253150794738,1.92,0.653102362204724
2004-11-14,0.308950245380402,-0.208454638486728,0.390122170302448,2.23,0.758551181102362
2004-11-15,0.00106565510547322,-2.48855513334274,0.425114640920333,2.08,0.707527559055118
2004-11-16,0.00870298266575749,0.844110264753302,0.536167378851908,1.86,0.632692913385827
2004-11-17,0.0183204816227468,4.71399370829264,0.555155312885061,1.77,0.60207874015748
2004-11-18,1.70856503148874,6.82722997665405,0.349596872221382,1.72,0.585070866141732
2004-11-19,2.30665519833565,2.35335562626521,0.522203296991963,1.83,0.622488188976378
2004-11-20,0.156194431862483,-0.765842852493127,0.346299355742803,1.75,0.595275590551181
2004-11-21,2.63917708396912,-0.752168516318003,0.460745927415919,1.7,0.578267716535433
2004-11-22,1.76899005969365,6.50636819998423,0.68257098682088,1.83,0.622488188976378
2004-11-23,5.2642951409022,5.96749484539032,0.466945782471879,1.9,0.646299212598425
2004-11-24,0.00908472029186669,-0.464875866969426,0.42901419785846,2.18,0.741543307086614
2004-11-25,0.00482025850214995,-1.39960845311483,0.301935196183754,2.08,0.707527559055118
2004-11-26,0.695793700714906,2.74719846248627,0.613396071777581,1.91,0.649700787401575
2004-11-27,0.464124143744508,4.92752587795258,0.425557273284616,1.87,0.636094488188976
2004-11-28,2.42379676053921,2.59545850753784,0.455237882059836,1.82,0.619086614173228
2004-11-29,0.254334791873892,3.2599670290947,0.353733648797965,1.94,0.659905511811024
2004-11-30,0.00334182714383739,2.32117686669032,0.193960078130107,1.83,0.622488188976378
2004-12-01,0.00197863415814936,1.64450411001841,0.331997585699264,1.7,0.578267716535433
2004-12-02,0.919803795715173,0.611356697976589,0.367501760544228,1.69,0.574866141732283
2004-12-03,0.165605507325381,2.80023179451625,0.463058114696001,1.75,0.595275590551181
2004-12-04,0.00374635815872656,2.5611986319224,0.334583140777551,1.71,0.581669291338583
2004-12-05,0.0189409177013052,1.19179430107276,0.302237986305443,1.63,0.554456692913386
2004-12-06,4.87163509509022e-05,0.769114683071772,0.369225302806751,1.7,0.578267716535433
2004-12-07,0.000294670876125262,-0.661530410250028,0.228668774149563,1.61,0.547653543307087
2004-12-08,0.00279126894505074,-1.13554418087006,0.165295679700543,1.68,0.571464566929134
2004-12-09,0.00575830310117453,-1.52508700887362,0.226815408582238,1.68,0.571464566929134
2004-12-10,0.00265184368375534,-2.75611267487208,0.215869341407687,1.67,0.568062992125984
2004-12-11,0.0124266129763176,-3.19168301423391,0.200435984797806,1.64,0.557858267716535
2004-12-12,0.00768129608089415,-3.34314560890198,0.208725368317228,1.63,0.554456692913386
2004-12-13,2.42214443157233e-05,-3.07667495807012,0.266059398293944,1.62,0.551055118110236
2004-12-14,0.00160328626467769,-2.97384526332219,0.37378267410823,1.62,0.551055118110236
2004-12-15,0.00266486382073102,-3.43923270702362,0.323962146641343,1.61,0.547653543307087
2004-12-16,0.210345851878325,-2.15758041540782,0.427396739771899,1.56,0.530645669291339
2004-12-17,6.71132310231527,3.64944328864416,0.464241239650756,1.62,0.551055118110236
2004-12-18,2.3638383547465,1.0291365981102,0.326964553693748,2.17,0.738141732283465
2004-12-19,7.74730455875397,-0.95035395026207,0.267955224945831,2.1,0.714330708661417
2004-12-20,0.0014500094257528,-7.41178278128306,0.248393099873852,1.83,0.622488188976378
2004-12-21,4.60573713401876e-05,-6.97318494319916,0.303165965473123,2.07,0.704125984251968
2004-12-22,0.0713742805334429,-4.03360078732173,0.270820704445997,1.84,0.625889763779528
2004-12-23,1.80067174136639,3.30024359623591,0.44012908586274,1.92,0.653102362204724
2004-12-24,0.314503700550025,5.72374709447225,0.323290654711484,2.38,0.809574803149606
2004-12-25,5.8724106947581,3.87250582377116,0.46592793817265,2.89,0.983055118110236
2004-12-26,11.4262928962708,0.771954692900181,0.218311108046791,3.05,1.03748031496063
2004-12-27,3.05037047465642,-0.0254300367087126,0.152407173038683,3.14,1.06809448818898
2004-12-28,2.2672304213047,-0.264901417346361,0.178044781929993,3.01,1.02387401574803
2004-12-29,0.380883189539115,-0.410506168069939,0.257454373365146,2.74,0.932031496062992
2004-12-30,0.0194113550387556,-3.09548672040304,0.271859914991648,2.5,0.850393700787402
2004-12-31,1.07090809444586,0.442603973749404,0.427888729205839,2.35,0.799370078740158
2005-01-01,0.588913604617119,3.4087877869606,0.318913190521684,2.69,0.915023622047244
2005-01-02,2.78699378172557,3.40192230542501,0.388057740502934,4.63,1.57492913385827
2005-01-03,0.0686405772915653,2.27733611067136,0.277585130545527,4.53,1.54091338582677
2005-01-04,0.000714046009610077,3.07942787806193,0.39956333557265,3.14,1.06809448818898
2005-01-05,2.75403348604838,3.60333359241486,0.498585200454005,2.6,0.884409448818898
2005-01-06,1.44890523950259,4.91831441720327,0.413242339393678,2.47,0.840188976377953
2005-01-07,0.0128421007369373,3.85474141438802,0.529566480413278,2.79,0.94903937007874
2005-01-08,0.524792398015658,6.16731484731038,0.801774858396953,2.45,0.833385826771654
2005-01-09,0.427105154842138,5.41157209873199,0.50016451052997,2.21,0.751748031496063
2005-01-10,0.0012593126448337,3.41100291411082,0.662834435866352,2.04,0.69392125984252
2005-01-11,0.0563740545573334,2.84045386314392,0.571667883911662,1.97,0.670110236220472
2005-01-12,4.13713669776917,4.47489921251933,0.649496160377877,2.02,0.687118110236221
2005-01-13,0.0680991218735774,2.9297122557958,0.394293235474256,2.45,0.833385826771654
2005-01-14,0.000637785193627375,-0.733757813771566,0.428777874462571,2.42,0.823181102362205
2005-01-15,0.000906438057427295,-2.72098443905512,0.414899956180624,2.11,0.717732283464567
2005-01-16,0.000615846566991725,-3.38003142674764,0.401697463647395,2.02,0.687118110236221
2005-01-17,0.000169069253994773,-2.24267556269964,0.469938969662667,1.91,0.649700787401575
2005-01-18,4.62430278460185,1.09215724468231,0.555149957294382,2.1,0.714330708661417
2005-01-19,0.446926367779573,0.505680434405804,0.319271266990276,2.18,0.741543307086614
2005-01-20,13.8433865706126,4.50379687547684,0.572743128808574,2.08,0.707527559055118
2005-01-21,2.21347863475482,2.99979573488235,0.514892438397444,3.45,1.17354330708661
2005-01-22,0.490279443562031,0.566131055044631,0.334779220514238,4.18,1.42185826771654
2005-01-23,3.62865304946899,-1.68553507328033,0.398740658948145,2.98,1.01366929133858
2005-01-24,3.6571456293265,-3.23261030515035,0.245296022541597,2.5,0.850393700787402
2005-01-25,1.88148271044095,-4.98263510068258,0.257881723457214,2.28,0.77555905511811
2005-01-26,1.73929768800735,-6.38243118921916,0.256643343051474,2.14,0.727937007874016
2005-01-27,0.376128022869428,-8.61760520935059,0.210342412614264,2.07,0.704125984251968
2005-01-28,0.0311511817465847,-9.86594216028849,0.18071307127321,1.93,0.656503937007874
2005-01-29,0.0313741612092902,-10.0487571557363,0.244046773014617,1.9,0.646299212598425
2005-01-30,0.283375136554241,-7.87867673238118,0.3302285829186,1.87,0.636094488188976
2005-01-31,10.6130531628927,-1.54831616580486,0.496807609565438,1.83,0.622488188976378
2005-02-01,1.93007139364878,-0.983961919943492,0.422179764759191,1.81,0.615685039370079
2005-02-02,5.30186039209366,-0.0461622551083565,0.374081810516513,1.97,0.670110236220472
2005-02-03,0.322389983882507,1.11634444693724,0.317546066580656,2.05,0.697322834645669
2005-02-04,0.00205211856352131,-1.26658618450165,0.489181085816246,2.17,0.738141732283465
2005-02-05,0.00630988449362728,-5.74855399131775,0.366651821150977,1.95,0.663307086614173
2005-02-06,0.00327049976908711,-5.45198353131612,0.45252757665006,1.93,0.656503937007874
2005-02-07,4.79660238094463e-05,-6.43616350491842,0.405643295905102,1.82,0.619086614173228
2005-02-08,0.00130666200008515,-2.60963267087936,0.822996983262803,1.87,0.636094488188976
2005-02-09,0.00132846583452798,0.0211982259061188,0.846211144462593,1.68,0.571464566929134
2005-02-10,1.88933098316193,1.60612839460373,0.83281585074763,1.65,0.561259842519685
2005-02-11,2.37284769614538,3.74027903874715,0.451345841761176,2.17,0.738141732283465
2005-02-12,11.8933000564575,6.7053777774175,0.861167501979485,10.2,3.4696062992126
2005-02-13,4.30562494198481,0.936061213413874,0.695008539619762,17.1,5.81669291338583
2005-02-14,4.08233451843262,-0.77373759696881,0.44528794366262,6.67,2.26885039370079
2005-02-15,3.25008187691371,-2.66034338871638,0.396992771291756,3.93,1.3368188976378
2005-02-16,9.83808879057566,-3.22580482562383,0.256606624876981,3.25,1.10551181102362
2005-02-17,0.734718203544617,-2.91472321748734,0.451321078324588,2.83,0.962645669291339
2005-02-18,0.313790583362182,-3.17855616410573,0.469738514980721,2.62,0.891212598425197
2005-02-19,3.16370536883672,-2.46367487311363,0.604287585255729,2.55,0.86740157480315
2005-02-20,0.373945464690526,-2.60171765089035,0.653304092941123,2.52,0.857196850393701
2005-02-21,7.06692906220754,-3.22123589118322,0.536934581918152,2.47,0.840188976377953
2005-02-22,3.03550956646601,-3.6944918235143,0.448356212177232,2.36,0.802771653543307
2005-02-23,0.0552883052732795,-5.68147933483124,0.538159619636462,2.21,0.751748031496063
2005-02-24,0.00186528967848669,-7.79167703787486,0.57298176553649,1.96,0.666708661417323
2005-02-25,0.00860623159678653,-5.75439314047496,0.606891275881961,1.93,0.656503937007874
2005-02-26,3.29979852835337,-4.56678513685862,0.550984469678634,1.88,0.639496062992126
2005-02-27,1.84267733494441,-6.8767823378245,0.409132252143824,1.82,0.619086614173228
2005-02-28,0.010970926368221,-12.6447984377543,0.202940536535649,1.79,0.60888188976378
2005-03-01,9.94395433432752e-05,-12.6751068433126,0.29510991616487,1.81,0.615685039370079
2005-03-02,0,-9.32409429550171,0.610574887843966,1.83,0.622488188976378
2005-03-03,0.0161865147444284,-6.06518646081289,0.755971664274752,1.85,0.629291338582677
2005-03-04,0.0886010476533556,-6.06350453694661,0.768314843264156,1.87,0.636094488188976
2005-03-05,3.70209300518036,-3.36163371801376,0.846540740971636,1.94,0.659905511811024
2005-03-06,0.295784821112951,-5.89589850107829,0.56863095120378,1.85,0.629291338582677
2005-03-07,2.12965793410937,-5.43637390931447,0.770075752599698,1.82,0.619086614173228
2005-03-08,3.2917134364446,-0.314260243079237,0.793507084813029,2.05,0.697322834645669
2005-03-09,3.52110999822617,0.882297478616238,0.494704916137377,2.15,0.731338582677165
2005-03-10,0.0638902643695474,-1.69497794906298,0.913087349846187,2.01,0.683716535433071
2005-03-11,0.0426335063530132,-0.582893612484137,1.45357436732659,1.77,0.60207874015748
2005-03-12,5.11192989349365,0.545116471747557,0.842284973957465,2.02,0.687118110236221
2005-03-13,0.17584884801181,-0.483596201054752,1.06595501858607,2.2,0.748346456692914
2005-03-14,0.180554997680398,0.732806784411271,1.56429052172218,2.26,0.768755905511811
2005-03-15,0,4.77518705526988,1.7247932906629,2.74,0.932031496062992
2005-03-16,6.56794075742558e-05,7.16019721825918,2.05386339647442,5.81,1.97631496062992
2005-03-17,7.63629941502586e-05,10.8173978328705,2.60506002077226,11.6,3.94582677165354
2005-03-18,0.089709041484942,12.3517932097117,2.49853288419936,11.2,3.80976377952756
2005-03-19,0.925644109646479,9.68904908498128,1.64457714157407,5.53,1.88107086614173
2005-03-20,0.00106091486062117,4.66731246312459,1.24283159811791,4.13,1.40485039370079
2005-03-21,0.00057916478090192,5.12671176592509,1.86726198201344,3.34,1.13612598425197
2005-03-22,2.27373922864596,7.74268591403961,2.53046225821593,2.81,0.955842519685039
2005-03-23,0.002922003302956,10.4122575918833,1.81205560085362,2.7,0.918425196850394
2005-03-24,7.59830236434937,8.94063067436218,1.72861343076557,2.44,0.829984251968504
2005-03-25,1.10650141537189,8.30539790789286,1.64566353448069,3.07,1.04428346456693
2005-03-26,0.276718305288038,7.52365533510844,2.13429677100469,3.01,1.02387401574803
2005-03-27,8.17293993631999,9.4852549235026,2.03969728101365,2.66,0.904818897637795
2005-03-28,0.0285781322357555,9.7781875928243,1.92466447016773,9.32,3.17026771653543
2005-03-29,12.2929431597392,9.93834074338277,2.16337549811797,5.48,1.86406299212598
2005-03-30,13.1203405062358,8.46826736132304,1.47513442185946,4.98,1.6939842519685
2005-03-31,0.0280050554235155,8.00234627723694,1.93154739719044,5.07,1.72459842519685
2005-04-01,2.30506414785244e-06,5.97365963459015,2.18625306325492,3.63,1.23477165354331
2005-04-02,8.43776644406565e-07,7.61729792753855,2.70178674771827,2.97,1.01026771653543
2005-04-03,3.91323093632915e-05,8.80089632670085,2.99905084501843,2.59,0.881007874015748
2005-04-04,1.20747104877713e-06,9.67557422320048,3.02959063346949,2.31,0.785763779527559
2005-04-05,0.76056661705176,9.9782567024231,2.75432273595815,2.1,0.714330708661417
2005-04-06,0.220386601363619,11.8712660471598,2.9495948317783,2.04,0.69392125984252
2005-04-07,1.75132668515046,11.0469272931417,1.90411939462415,2,0.680314960629921
2005-04-08,9.99405932426453,6.17999907334646,1.69500824653895,2.09,0.710929133858268
2005-04-09,3.48303333918254,3.41973580916723,1.12674190690083,2.46,0.836787401574803
2005-04-10,0.00282371887806221,3.61874580383301,1.91649945153357,2.72,0.925228346456693
2005-04-11,0.000589731891523115,6.10339486598969,1.97695949378901,2.32,0.789165354330709
2005-04-12,0.0880805375927594,8.90647196769714,2.32524009926094,2.08,0.707527559055118
2005-04-13,0.424366798562308,9.65738407770793,2.20662225188734,2.03,0.69051968503937
2005-04-14,1.04278560479482,10.8058047294617,3.20655108540011,1.98,0.673511811023622
2005-04-15,0.0755900824442506,12.7812557220459,3.86458573812336,1.92,0.653102362204724
2005-04-16,0.428765612343947,12.9007066090902,3.32071760757791,2.14,0.727937007874016
2005-04-17,1.13798114905755,8.81794937451681,2.42674598379141,2.02,0.687118110236221
2005-04-18,13.1057173411051,8.12699965635935,1.416400033852,2,0.680314960629921
2005-04-19,21.173512617747,7.77396146456401,1.06253029139585,3.21,1.09190551181102
2005-04-20,12.5782386461894,5.70072821776072,1.23011164910953,8.58,2.91855118110236
2005-04-21,0.0348866215499584,4.21137680610021,1.97798407669474,8.95,3.0444094488189
2005-04-22,4.02909669598254e-05,5.94449579715729,2.97780574231569,4.34,1.47628346456693
2005-04-23,2.29341548929612,9.20506890614828,3.50461224980613,3.24,1.10211023622047
2005-04-24,2.58593680461248,11.1757360299428,2.77089189599481,2.93,0.996661417322835
2005-04-25,20.0577683448792,9.46330730120341,1.62119517264489,3.66,1.24497637795276
2005-04-26,0.984832485516866,10.0668103694916,2.6085257651959,7.38,2.51036220472441
2005-04-27,7.97896500428518,9.49329805374146,2.22609799595351,4.62,1.57152755905512
2005-04-28,0.0113853768658979,11.4703214963277,3.57458022091952,5.55,1.88787401574803
2005-04-29,0.027757166341568,13.9148893356323,3.37910997801816,3.87,1.3164094488189
2005-04-30,4.48915071350105e-05,16.4753533999125,4.51075683148027,3.09,1.05108661417323
2005-05-01,2.1763211407233e-05,18.4777193069458,5.06208728158463,2.61,0.887811023622047
2005-05-02,0.0254169549007202,19.7812070846558,5.41853734020112,2.36,0.802771653543307
2005-05-03,4.23372717698415,14.7832214832306,3.48722447019279,2.18,0.741543307086614
2005-05-04,3.83638685941696,11.6518427530924,2.78284584893431,2.32,0.789165354330709
2005-05-05,6.76916388670603,9.85417318344116,2.65751941857213,2.54,0.864
2005-05-06,9.42117408911387,7.39857157071431,1.92468620563169,3.01,1.02387401574803
2005-05-07,10.5662724971771,7.4169135093689,2.21210455471928,4.34,1.47628346456693
2005-05-08,2.65434187650681,6.36560575167338,2.42146295702125,5.44,1.85045669291339
2005-05-09,0.826737642288208,6.3012011051178,2.6343768858774,3.94,1.34022047244094
2005-05-10,0.0694509498619785,6.25272981325785,2.83551162437418,3.06,1.04088188976378
2005-05-11,0.000181562016526489,6.9055278301239,3.21915149635069,2.64,0.898015748031496
2005-05-12,6.0579396479928e-05,9.18547789255778,3.80054856386868,2.37,0.806173228346457
2005-05-13,0.00101819801784586,12.0505838394165,4.11231231549363,2.19,0.744944881889764
2005-05-14,4.45275394121806,12.9965782960256,3.95933919896683,2.2,0.748346456692914
2005-05-15,2.75740284721057,11.1733825206757,3.14342781979268,2.18,0.741543307086614
2005-05-16,7.98741471767426,10.015055735906,3.09215106425418,2.19,0.744944881889764
2005-05-17,0.152700865330795,10.8891090552012,3.20949841631311,2.66,0.904818897637795
2005-05-18,0.149037928320467,8.288671930631,1.75852120907273,2.27,0.772157480314961
2005-05-19,0.0164282353968398,10.0356195767721,3.48574712645456,2.1,0.714330708661417
2005-05-20,0.090305698569864,14.5002668698629,5.28984976649123,2,0.680314960629921
2005-05-21,10.2864868839582,16.593029499054,4.47204957389817,1.95,0.663307086614173
2005-05-22,0.935771482686202,15.3955040772756,3.34019803865473,3.19,1.08510236220472
2005-05-23,7.74229264259338,11.2851318518321,2.3884157868483,2.64,0.898015748031496
2005-05-24,0.000225151175982319,12.9325903256734,3.90279417498674,3.18,1.08170078740157
2005-05-25,2.27113778237253e-05,16.1522373358409,5.21988371634315,2.58,0.877606299212599
2005-05-26,4.0873943362385e-05,18.698254108429,5.79847409018847,2.25,0.765354330708661
2005-05-27,1.42884391607367e-06,20.501202583313,6.11338952127574,2.03,0.69051968503937
2005-05-28,2.5719190792491e-05,21.913982073466,6.55633473163553,1.94,0.659905511811024
2005-05-29,0.0526815311362346,22.853861172994,6.44174007287937,1.82,0.619086614173228
2005-05-30,6.84380606810252,17.7646287282308,5.37344206369402,1.77,0.60207874015748
2005-05-31,8.11922998214717e-05,12.1357936859131,3.59348978207022,1.98,0.673511811023622
2005-06-01,6.14350707716464e-05,12.856426636378,4.1619223898794,1.84,0.625889763779528
2005-06-02,2.9505020089952e-05,15.3821965853373,5.02604545029418,1.76,0.598677165354331
2005-06-03,9.63157999515533,19.2706863085429,6.22739321665633,1.81,0.615685039370079
2005-06-04,3.94051223993301,15.3194007873535,3.76673543782757,2.45,0.833385826771654
2005-06-05,0.177461964621519,13.8271043300629,3.36674105568436,2.32,0.789165354330709
2005-06-06,4.14344595869382,12.7264122962952,3.1685656196253,1.96,0.666708661417323
2005-06-07,0.056849798556262,9.05189919471741,2.79458474965551,2.18,0.741543307086614
2005-06-08,0.032273112796247,9.8773246606191,3.39853130057736,2.03,0.69051968503937
2005-06-09,0.0743027709443898,10.043646812439,3.37223833097204,1.92,0.653102362204724
2005-06-10,0.000415269130220016,11.4038621584574,4.22953878192371,1.92,0.653102362204724
2005-06-11,0.712264104435841,12.2588485081991,3.73367986509779,1.92,0.653102362204724
2005-06-12,1.34869514405727,12.8399058977763,3.87048171038582,1.94,0.659905511811024
2005-06-13,8.24056816101074,15.9080244700114,4.81042018528648,2.19,0.744944881889764
2005-06-14,36.7118067741394,16.69669008255,4.39666240706214,2.1,0.714330708661417
2005-06-15,0.250797646430631,16.7347877820333,4.08993088836056,6.82,2.31987401574803
2005-06-16,0.0012366455157462,18.4208866755168,5.29141385904959,3.57,1.21436220472441
2005-06-17,0.0632884841567526,18.7654190063477,4.69436406752354,2.47,0.840188976377953
2005-06-18,0.000480268819956109,19.0984020233154,4.77251557197086,2.08,0.707527559055118
2005-06-19,8.30649206307044e-07,18.7941145896912,5.48173063536701,2.01,0.683716535433071
2005-06-20,0,20.4875078201294,6.22444904309259,1.77,0.60207874015748
2005-06-21,6.95164198987186e-05,22.2643483479818,6.58840701477091,1.73,0.588472440944882
2005-06-22,0.00314488769132974,21.8241413434347,5.70733910334873,1.73,0.588472440944882
2005-06-23,0.000389326950122874,21.4958453178406,6.11696372978633,1.59,0.540850393700787
2005-06-24,0.276039592921734,24.0356065432231,6.73539267061665,1.62,0.551055118110236
2005-06-25,3.15180572867393,22.2669862111409,5.44494397099701,1.52,0.51703937007874
2005-06-26,0.00333568138012197,21.4480945269267,5.00048433897312,1.65,0.561259842519685
2005-06-27,0.612670128233731,22.5353837013245,5.78795687377425,1.52,0.51703937007874
2005-06-28,1.42113431791464,23.3271323839823,5.94866063405773,1.51,0.513637795275591
2005-06-29,10.1945234735807,20.1914923985799,5.0363739975332,1.73,0.588472440944882
2005-06-30,12.37457883358,18.4322503407796,3.79686398000053,2.67,0.908220472440945
2005-07-01,8.44011282920837,14.8028572400411,3.06911092975849,2.87,0.976251968503937
2005-07-02,3.57547517617544,16.0510851542155,3.86433116757272,2.73,0.928629921259843
2005-07-03,0.0016695228550816,19.462811311086,5.15591376928076,2.13,0.724535433070866
2005-07-04,14.1590847969055,18.5915284156799,5.74643457858719,1.96,0.666708661417323
2005-07-05,9.59391299883525,12.2999650637309,3.18701048753207,2.46,0.836787401574803
2005-07-06,2.08273196220398,13.7385872999827,4.23183099647333,2.61,0.887811023622047
2005-07-07,2.13877293467522,12.5621641476949,2.90787269132465,2.12,0.721133858267717
2005-07-08,1.21484778573116,12.6468633015951,3.65907608147763,1.96,0.666708661417323
2005-07-09,0.116628245537868,15.2000353336334,4.73007210644338,1.84,0.625889763779528
2005-07-10,25.2250261306763,14.9467944304148,3.6928346291998,2.09,0.710929133858268
2005-07-11,6.16553495327632,16.6596151192983,3.9131277747795,5.76,1.95930708661417
2005-07-12,2.32939893007278,18.0778152147929,4.29257456049773,4.35,1.47968503937008
2005-07-13,1.73699635297453e-06,19.2117681503296,5.20677971846494,3.44,1.17014173228346
2005-07-14,3.55330848833546e-06,20.4182114601135,5.71811573137643,2.49,0.846992125984252
2005-07-15,0.253157935415705,21.4985049565633,6.12906193777324,2.06,0.700724409448819
2005-07-16,8.62087734540304,20.9745747248332,5.08044536960275,2.1,0.714330708661417
2005-07-17,1.31812800342838e-05,21.2887765566508,5.51536753790408,2.7,0.918425196850394
2005-07-18,7.95428264141083,19.8870929082235,5.3538230569095,2.11,0.717732283464567
2005-07-19,3.45537373920282,16.9608588218689,3.59923365466626,2.8,0.95244094488189
2005-07-20,5.17779103914897,16.8469346364339,4.11944829768828,2.89,0.983055118110236
2005-07-21,0.00769991955409447,16.1591288248698,4.11326295591555,2.34,0.795968503937008
2005-07-22,0.901566481838624,15.1537610689799,3.5831699193273,2.15,0.731338582677165
2005-07-23,0.523128690818946,15.6927858988444,3.51156605944989,1.92,0.653102362204724
2005-07-24,5.61295374234517,17.1068112055461,4.02169233359036,1.91,0.649700787401575
2005-07-25,18.0449527899424,17.3819206555684,3.02395345408809,2.73,0.928629921259843
2005-07-26,0.00451051931365024,18.9574138323466,4.15536201350333,3.62,1.23137007874016
2005-07-27,0.0202376584347803,22.6111741065979,6.1075299166205,2.4,0.816377952755906
2005-07-28,0.00247938591443623,25.1239420572917,6.22473778533855,2.03,0.69051968503937
2005-07-29,6.34870896736781,23.0983657836914,5.40212198445125,1.85,0.629291338582677
2005-07-30,0.736779404183229,17.9755592346191,2.69571327229192,2.05,0.697322834645669
2005-07-31,0.0096594801483055,17.3911836942037,3.41942614800891,1.82,0.619086614173228
2005-08-01,1.40850100914637,18.106214205424,4.64205284268994,1.78,0.60548031496063
2005-08-02,10.3722946643829,16.1215136051178,2.78706966228168,1.59,0.540850393700787
2005-08-03,0.37505034605662,14.868860801061,2.44716333467043,1.63,0.554456692913386
2005-08-04,0.00954265990003478,15.0183402697245,3.58001108011727,1.55,0.527244094488189
2005-08-05,11.5082426071167,16.376588900884,4.5514264306641,1.43,0.486425196850394
2005-08-06,0.488933051625888,14.4345989227295,2.90738710986242,1.82,0.619086614173228
2005-08-07,2.6768418053786,11.1624050140381,3.01438786457412,1.81,0.615685039370079
2005-08-08,2.09125141302745,11.6458127498627,3.24782566148375,1.76,0.598677165354331
2005-08-09,0.00234565538509438,13.3432463804881,4.12276137577465,1.73,0.588472440944882
2005-08-10,0.00555908421908195,13.9089996814728,4.18711500493663,1.68,0.571464566929134
2005-08-11,0.00264058017637581,14.7544242540995,4.01745442639016,1.67,0.568062992125984
2005-08-12,0.384401386370882,16.4550751050313,4.62077605427496,1.65,0.561259842519685
2005-08-13,0.0159732273459667,15.5197087128957,3.26933201232869,1.63,0.554456692913386
2005-08-14,6.8745475212733,13.6816310882568,3.13567874079745,1.67,0.568062992125984
2005-08-15,7.03925653298696,12.7426289717356,2.62087780444716,1.9,0.646299212598425
2005-08-16,0.340759376063943,14.0353215535482,2.46935532184895,1.97,0.670110236220472
2005-08-17,0.000453501760299938,15.8320264021556,3.77744321606764,1.84,0.625889763779528
2005-08-18,0.000364040887992208,17.8683565457662,3.83412761210561,1.58,0.537448818897638
2005-08-19,11.3344432512919,18.5061949094137,4.34499967771024,1.55,0.527244094488189
2005-08-20,4.84503600994746,15.3418433666229,1.85376570529266,2.87,0.976251968503937
2005-08-21,24.9439007441203,15.9683193365733,2.35896361135268,3.11,1.05788976377953
2005-08-22,53.1015578905741,16.0923989613851,1.62785767228221,5.5,1.87086614173228
2005-08-23,15.582738161087,14.7837911446889,1.9566583833128,17.8,6.0548031496063
2005-08-24,0.424284553776185,16.0088575681051,3.34004758094488,22.8,7.7555905511811
2005-08-25,1.59535926580429,16.409374554952,2.98433752278391,5.21,1.77222047244094
2005-08-26,0.00393163744107975,14.875130256017,3.06316589629611,3.62,1.23137007874016
2005-08-27,0.0148200546779359,15.3071064949036,3.63059398346655,2.99,1.01707086614173
2005-08-28,0.0116630283009727,16.0929777622223,3.42366342062419,2.59,0.881007874015748
2005-08-29,9.5529125246685e-05,17.6666680971781,4.11884853351061,2.34,0.795968503937008
2005-08-30,9.11229611422944e-05,19.1077332496643,4.06750785158451,2.19,0.744944881889764
2005-08-31,0.000500748584007245,19.3237153689067,3.98894826726152,2.1,0.714330708661417
2005-09-01,2.75246870517731,20.4939673741659,4.20268994289736,2.04,0.69392125984252
2005-09-02,4.32347845037778,19.6401151021322,3.35044079678759,2.5,0.850393700787402
2005-09-03,0.0517003868396083,18.5285976727804,3.21596807074368,2.1,0.714330708661417
2005-09-04,0.000768107430000479,17.0231855710347,3.25329817178604,1.95,0.663307086614173
2005-09-05,0.000116681272629648,16.8629899024963,3.81017111681444,1.9,0.646299212598425
2005-09-06,9.36194943885009e-05,17.7678291002909,3.66438795879486,1.74,0.591874015748032
2005-09-07,0.000333982558610539,18.2299334208171,3.96843666008089,1.65,0.561259842519685
2005-09-08,0.0103223330903954,19.2063789367676,3.83455844855706,1.56,0.530645669291339
2005-09-09,23.0863746007284,19.3630878130595,3.55538872048555,1.64,0.557858267716535
2005-09-10,2.37447083741426,16.8333263397217,1.79354862018973,4.16,1.41505511811024
2005-09-11,0.342938066770633,16.3901896476746,2.3901904576748,2.64,0.898015748031496
2005-09-12,5.66307497024536,15.6800413131714,2.29957260853157,2.59,0.881007874015748
2005-09-13,1.38648258149624,15.2460351785024,1.76081998809914,3.35,1.13952755905512
2005-09-14,0.452471445314586,15.0130613644918,2.17841663742614,2.4,0.816377952755906
2005-09-15,0.30820814279529,16.2122297286987,2.55892273784869,2.25,0.765354330708661
2005-09-16,16.5305564403534,14.8201781113942,2.77161323487231,2.29,0.77896062992126
2005-09-17,0.243759453607102,8.5175031820933,1.55899817109695,4.07,1.38444094488189
2005-09-18,0.0019577043155247,8.78361717859904,1.83492644888347,3.04,1.03407874015748
2005-09-19,4.29348391056313e-05,9.09331099192301,1.91102633461661,2.45,0.833385826771654
2005-09-20,0.000154089959323755,9.54765168825785,2.17814817353592,2.19,0.744944881889764
2005-09-21,7.28261056792689e-07,9.92499057451884,2.2788189914218,2.03,0.69051968503937
2005-09-22,7.31213707088803e-05,11.2015631993612,2.41401553354501,2,0.680314960629921
2005-09-23,0.000422289678075079,12.8215125401815,2.68876499453212,1.94,0.659905511811024
2005-09-24,9.21716949354353e-05,13.2768882115682,2.63381034968141,1.89,0.642897637795276
2005-09-25,2.01001287981247e-05,13.518120209376,2.68213381167547,1.84,0.625889763779528
2005-09-26,0.432335677789524,14.0980472564697,2.31331113288362,1.78,0.60548031496063
2005-09-27,1.68816165626049,13.4771690368652,1.49160043126447,1.85,0.629291338582677
2005-09-28,0.721773713827133,13.116312901179,1.92493285374814,1.8,0.612283464566929
2005-09-29,2.30265062053998,10.7070599397024,1.6235534775562,1.78,0.60548031496063
2005-09-30,0.0113106241721349,8.96156120300293,1.61934627197026,1.82,0.619086614173228
2005-10-01,19.1349832216899,10.3855295976003,1.18951089793085,1.96,0.666708661417323
2005-10-02,14.6285086472829,9.00311899185181,1.05582399085077,3.5,1.19055118110236
2005-10-03,3.49349438150724,9.4884831905365,0.91087662133302,7.61,2.58859842519685
2005-10-04,0.217659484692073,13.4311698277791,1.38010809541538,5.27,1.79262992125984
2005-10-05,0.00231133094833543,13.7139166196187,1.43002976464577,3.73,1.2687874015748
2005-10-06,9.26070269997581e-05,13.1908207734426,1.59025607708867,2.91,0.989858267716536
2005-10-07,0.021493307625254,11.5164993604024,1.46270232469506,2.6,0.884409448818898
2005-10-08,0.0123365914526706,11.3315062522888,1.49324282234228,2.4,0.816377952755906
2005-10-09,0.055925618003433,11.1652257442474,1.64387589721507,2.24,0.761952755905512
2005-10-10,0.0454027991121014,10.2434333165487,1.51466174031864,2.1,0.714330708661417
2005-10-11,0.023782545865591,9.34652217229207,1.53839612447799,2.07,0.704125984251968
2005-10-12,0.0141654344673346,8.92438157399496,1.55500331927657,2.01,0.683716535433071
2005-10-13,0.0249637758145885,7.64497685432434,1.48417332879953,1.94,0.659905511811024
2005-10-14,0.0130163306118144,7.58755993843079,1.51632046709656,1.93,0.656503937007874
2005-10-15,0,7.88607128461202,1.5055569206866,1.85,0.629291338582677
2005-10-16,4.26027913817961e-05,7.31189604600271,1.45502406318191,1.85,0.629291338582677
2005-10-17,7.51041504069387e-06,5.82231938838959,1.2283198516812,1.83,0.622488188976378
2005-10-18,3.84984329381647e-05,4.9154444138209,1.21216435849411,1.77,0.60207874015748
2005-10-19,0.132420469075441,5.12054133415222,0.995774501074112,1.65,0.561259842519685
2005-10-20,0.0135024678505336,8.38398845990499,1.45716136456492,1.73,0.588472440944882
2005-10-21,0.231701516235868,10.5647044976552,1.51257218113147,1.75,0.595275590551181
2005-10-22,2.43498756488164,13.485452969869,1.50230844594067,1.76,0.598677165354331
2005-10-23,0.35128248979648,11.8229419390361,1.1801388575205,1.79,0.60888188976378
2005-10-24,0.0266435423206228,10.2961065769196,1.31984994656592,1.79,0.60888188976378
2005-10-25,0.0124357876678308,12.6624705791473,1.42602988539887,1.73,0.588472440944882
2005-10-26,0.0155626361326237,13.2481779257456,1.49260868579488,1.65,0.561259842519685
2005-10-27,0.0283089284979117,10.8737305005391,1.42101180690466,1.69,0.574866141732283
2005-10-28,0.0466767200268805,9.75103799502055,1.18009123641253,1.68,0.571464566929134
2005-10-29,0.0544039078134423,9.77217666308085,1.24534452992032,1.69,0.574866141732283
2005-10-30,0.0281822990315656,8.44149629275004,0.911144458032156,1.75,0.595275590551181
2005-10-31,0.00685835807720044,7.28247364362081,0.93541428410013,1.74,0.591874015748032
2005-11-01,0.769035361707211,8.45593206087748,0.917080412828415,1.73,0.588472440944882
2005-11-02,4.16028819481532,9.03737711906433,1.02477184490964,1.68,0.571464566929134
2005-11-03,0.162332495674491,11.233538945516,1.20659417890995,1.83,0.622488188976378
2005-11-04,6.68055196603139,9.53495939572652,0.983515851636863,1.69,0.574866141732283
2005-11-05,2.50744741161664,7.72103214263916,0.886349274335815,2.04,0.69392125984252
2005-11-06,0.0112254838653219,5.70299466451009,0.645394665973871,2.02,0.687118110236221
2005-11-07,0.0193120941015271,6.33918575445811,0.886374163639093,1.8,0.612283464566929
2005-11-08,0.0325674465226863,4.58762466907501,0.803863133638558,1.72,0.585070866141732
2005-11-09,0.0343808212201111,4.71585222085317,0.93552835483242,1.73,0.588472440944882
2005-11-10,0.0156776001676917,5.30978107452393,0.724556004564358,1.72,0.585070866141732
2005-11-11,0.000412684404485238,6.39866030216217,0.643773949259053,1.71,0.581669291338583
2005-11-12,0.0264720502309501,5.45116559664408,0.852825684002094,1.72,0.585070866141732
2005-11-13,0.00143006911487949,3.3052636384964,0.416215760729369,1.7,0.578267716535433
2005-11-14,0.00209281091520097,2.59336405992508,0.269468812317297,1.68,0.571464566929134
2005-11-15,0.551074067751567,3.58241605758667,0.665582879802851,1.66,0.564661417322835
2005-11-16,1.95988400777181,4.37352923552195,0.581328614711018,1.73,0.588472440944882
2005-11-17,2.88091984391212,1.73212732871373,0.45792909100921,1.66,0.564661417322835
2005-11-18,2.7252056101958,0.528361837069193,0.309249584269361,1.57,0.534047244094488
2005-11-19,0.0149723738819982,-2.00116949280103,0.394785811699663,1.62,0.551055118110236
2005-11-20,1.46317062278589,-1.15879718462626,0.437953986154075,1.66,0.564661417322835
2005-11-21,7.37162180741628,0.350810990358392,0.302000059233268,1.75,0.595275590551181
2005-11-22,1.58930278321107,-1.23338358600934,0.242159565090651,1.76,0.598677165354331
2005-11-23,0.300750160589814,-2.12162522474925,0.326600924828371,1.64,0.557858267716535
2005-11-24,1.66500013073285,-4.76581180095673,0.240097052211632,1.63,0.554456692913386
2005-11-25,0.56527575229605,-2.6984366774559,0.38431593562649,1.64,0.557858267716535
2005-11-26,0.0057802565121771,-4.31652212142944,0.369153355404777,1.7,0.578267716535433
2005-11-27,0.00411291860897715,-3.09622627496719,0.423671080328436,1.67,0.568062992125984
2005-11-28,2.60812336206436,-0.0551279156158368,0.298080017753105,1.66,0.564661417322835
2005-11-29,0.606972195208073,-0.277099087213476,0.320395339564514,1.57,0.534047244094488
2005-11-30,0.00250285488133765,-0.884850273529688,0.308047251442152,1.64,0.557858267716535
2005-12-01,0.00856262059339012,-3.62262113889058,0.325954464276518,1.59,0.540850393700787
2005-12-02,3.30723941326141,-3.44493373235067,0.317021607644403,1.57,0.534047244094488
2005-12-03,6.91762928167979,0.79122826953729,0.335849674064529,1.81,0.615685039370079
2005-12-04,0.788976131627957,3.54854430754979,0.42598437032146,2.84,0.966047244094488
2005-12-05,0.691894518832366,2.83671273787816,0.464914303187379,3.67,1.24837795275591
2005-12-06,0.714657254517078,1.29014926155408,0.334066565863359,2.97,1.01026771653543
2005-12-07,1.22257818033298,1.52110601464907,0.278037873013317,2.51,0.853795275590551
2005-12-08,1.15515011052291,1.06308354437351,0.365464049303488,2.18,0.741543307086614
2005-12-09,0.136872191447765,0.496977039302389,0.205345090431803,2.09,0.710929133858268
2005-12-10,4.84851064660082e-05,-1.9040746986866,0.283152057789455,1.99,0.676913385826772
2005-12-11,3.10325582783359e-05,-3.77933843930562,0.27750897907617,2.05,0.697322834645669
2005-12-12,0.224069563671947,-2.75381822387377,0.322805233059463,2.08,0.707527559055118
2005-12-13,0.613854810595512,-0.58707202381144,0.243974340206836,2.03,0.69051968503937
2005-12-14,0.172970165498555,-0.147966004093178,0.179452380281523,2.03,0.69051968503937
2005-12-15,1.20527405043443,1.13647468388081,0.278848712949414,2.04,0.69392125984252
2005-12-16,13.818896373113,2.10439602533976,0.261225704148889,2.4,0.816377952755906
2005-12-17,2.50617276628812,-1.25569018721581,0.249289513782489,3.08,1.04768503937008
2005-12-18,1.03959959248702,-2.55806531508764,0.246456659075678,2.62,0.891212598425197
2005-12-19,1.96355678637822,-1.9077141781648,0.221023393565664,2.31,0.785763779527559
2005-12-20,0.0355937227141112,-0.71192305535078,0.277996547373938,2.17,0.738141732283465
2005-12-21,0.02313696887965,-1.39841527243455,0.254490573379184,2.1,0.714330708661417
2005-12-22,4.45023985703786,-1.14239752292633,0.234819335118777,2.04,0.69392125984252
2005-12-23,1.42193922400475,0.747336452205976,0.307532430398248,2.06,0.700724409448819
2005-12-24,0.515424499909083,1.2147336602211,0.285719644438996,2.28,0.77555905511811
2005-12-25,0.502816655983528,1.17512057721615,0.235504231785291,2.5,0.850393700787402
2005-12-26,1.32572711010774,-1.10580469667912,0.252542303665126,2.69,0.915023622047244
2005-12-27,4.32977193593979,-2.8784508506457,0.26230536749343,2.54,0.864
2005-12-28,4.81434909502665,-4.89184069633484,0.179535186939276,2.34,0.795968503937008
2005-12-29,0.0877224754270477,-7.26312708854675,0.247488459554825,2.21,0.751748031496063
2005-12-30,9.12945405642192,-9.80637502670288,0.136718405638905,2.18,0.741543307086614
2005-12-31,2.83270809054375,1.33807204167048,0.619082673670441,2.7,0.918425196850394
2006-01-01,2.00321641067664,1.10625527302424,0.385057057313144,5.06,1.7211968503937
2006-01-02,0.859469636032979,-0.0987922710676988,0.24599048363817,4.21,1.43206299212598
2006-01-03,0.147958802680175,-0.150039225661506,0.248864169430115,2.95,1.00346456692913
2006-01-04,0.00685205568637078,-0.868972723682721,0.17630909891851,2.58,0.877606299212599
2006-01-05,3.67749318381054e-05,-1.24820769329866,0.182292696223619,2.36,0.802771653543307
2006-01-06,0.0125512181916747,-1.64758167167505,0.197500624782425,2.2,0.748346456692914
2006-01-07,0.0164989943926533,-2.29472770293554,0.227722042197368,2.07,0.704125984251968
2006-01-08,0.0404833308421075,-3.32272507747014,0.20426662047274,2.03,0.69051968503937
2006-01-09,0.0155009908291201,-5.37931315104167,0.228264893433698,1.98,0.673511811023622
2006-01-10,0.00727470970499174,-6.48793431123098,0.232647124475611,1.89,0.642897637795276
2006-01-11,0.00570604084835698,-6.77201771736145,0.287750328151335,1.79,0.60888188976378
2006-01-12,0.000502443868754199,-4.97576495011648,0.323609109130073,2,0.680314960629921
2006-01-13,0.0223871797594863,-6.364217877388,0.248091163472186,1.99,0.676913385826772
2006-01-14,0.100624026653046,-7.59343067804972,0.188962224986895,1.8,0.612283464566929
2006-01-15,0.00350109154715028,-8.33620548248291,0.215632542769826,1.87,0.636094488188976
2006-01-16,0.933021108309428,-8.50739606221517,0.280280291462179,1.93,0.656503937007874
2006-01-17,15.2650934060415,-1.58243348201116,0.575055239854203,2.04,0.69392125984252
2006-01-18,2.56040080388387,1.41725039482117,0.342119736443712,3.88,1.31981102362205
2006-01-19,0.0131156702409498,-0.633253566920757,0.365110973308838,4.38,1.48988976377953
2006-01-20,1.09895770748456,0.490475049863259,0.437024704143275,2.78,0.945637795275591
2006-01-21,1.21545683840911,1.95176391800245,0.361434866271898,2.63,0.894614173228346
2006-01-22,0.073632404829065,-1.58010671536128,0.465531435964066,2.67,0.908220472440945
2006-01-23,2.23546836271756e-05,-8.07631202538808,0.268839996632868,2.27,0.772157480314961
2006-01-24,4.84335851069773e-06,-9.12693492571513,0.239622478878044,1.95,0.663307086614173
2006-01-25,0.0044642896852262,-5.60730886459351,0.485186687225404,1.85,0.629291338582677
2006-01-26,0.000559334916033549,-4.62350237369537,0.425959386826917,1.8,0.612283464566929
2006-01-27,0,-7.33819456895192,0.268331718242105,1.75,0.595275590551181
2006-01-28,0,-4.12208928664525,0.454159390062769,1.7,0.578267716535433
2006-01-29,0,-3.79798851410548,0.487303433786487,1.68,0.571464566929134
2006-01-30,0,-4.67331584294637,0.477224081397859,1.66,0.564661417322835
2006-01-31,1.29435672230708e-05,-4.75625944137573,0.526046461807399,1.81,0.615685039370079
2006-02-01,0.0038149309924241,-5.16709824403127,0.548120889461265,1.85,0.629291338582677
2006-02-02,0.0110294422174775,-5.12803113460541,0.582781358503289,1.97,0.670110236220472
2006-02-03,0.0146108546371882,-6.84603651364644,0.49710491869893,1.83,0.622488188976378
2006-02-04,0.19115549325943,-5.88141286373138,0.299783693885819,1.77,0.60207874015748
2006-02-05,0.251391681532065,-4.56462848186493,0.2999110701471,1.73,0.588472440944882
2006-02-06,1.42746224999428,-2.05488427480062,0.415255735684252,1.74,0.591874015748032
2006-02-07,0.721453055739403,0.793784238398075,0.383640907302265,1.8,0.612283464566929
2006-02-08,2.22783319155375,1.06784869730473,0.322899393428433,1.85,0.629291338582677
2006-02-09,1.87033291657766,-0.571124789615472,0.470059453790123,1.9,0.646299212598425
2006-02-10,4.49923874934514,-1.50058728456497,0.387852675579002,1.87,0.636094488188976
2006-02-11,0.211468409746885,-3.68611601988475,0.630767882246095,1.9,0.646299212598425
2006-02-12,0.00438417839662482,-6.03518919150035,0.445894250706937,1.93,0.656503937007874
2006-02-13,5.39627740560415e-05,-6.55341601371765,0.466568202663738,1.7,0.578267716535433
2006-02-14,0.423858553171158,-2.54060097535451,0.854356599698373,1.89,0.642897637795276
2006-02-15,13.0266478061676,1.91905231277148,0.791131398169308,2.04,0.69392125984252
2006-02-16,2.13145919640859,4.11155211925507,0.767393854073328,13.9,4.72818897637795
2006-02-17,0.971607928474744,3.41281720002492,0.67397934837902,13.9,4.72818897637795
2006-02-18,0.649640887975693,3.46888719002406,0.742783065881763,6.65,2.26204724409449
2006-02-19,0.00667511112017867,3.79814936717351,1.08832843255896,4.35,1.47968503937008
2006-02-20,0.00415870809229091,3.07914505402247,0.850438913074257,3.67,1.24837795275591
2006-02-21,0.000507749695922636,2.61249613761902,0.947363724287968,3.26,1.10891338582677
2006-02-22,0.0804298851483812,1.0139226069053,0.473074560004308,3.04,1.03407874015748
2006-02-23,0.126699773594737,-0.426678419113159,0.336894646176322,2.49,0.846992125984252
2006-02-24,0.000554691427775348,0.290804421684394,0.599190943483689,2.18,0.741543307086614
2006-02-25,2.24829455216726,-0.959371484816074,0.439217685345754,2.01,0.683716535433071
2006-02-26,1.07952610154947,-3.41769254207611,0.511769892321012,2.02,0.687118110236221
2006-02-27,0.00755679892608896,-4.97225534915924,0.684845333090435,1.96,0.666708661417323
2006-02-28,0.433801904320717,-3.01092620690664,0.743394577715821,1.88,0.639496062992126
2006-03-01,1.91982514659564,-2.81983594099681,0.759726356385795,1.81,0.615685039370079
2006-03-02,1.68351119259993,-3.89417352279027,0.759799092656763,2,0.680314960629921
2006-03-03,25.0354032516479,0.264246283099055,1.16352918174732,2.25,0.765354330708661
2006-03-04,19.7530078887939,-1.65266327063243,0.651471580551178,7.03,2.39130708661417
2006-03-05,2.6089693804582,-3.17075864473979,0.711761921089925,3.84,1.30620472440945
2006-03-06,0.765866053601106,-2.42416787147522,0.838488093099081,2.72,0.925228346456693
2006-03-07,1.06495383878549,-2.91063278913498,0.951936979066702,2.42,0.823181102362205
2006-03-08,14.5649590492249,-3.38838704427083,1.15272181075589,2.07,0.704125984251968
2006-03-09,5.01696167389552,4.91946883996328,1.01029972344003,10.7,3.63968503937008
2006-03-10,1.25794862707456,2.84985379378001,0.962235645084315,30.3,10.3067716535433
2006-03-11,3.42101460695267,0.572773192077875,1.18457890911174,15.3,5.2044094488189
2006-03-12,0.373614373306433,-5.79602944850922,0.602099897548857,6.73,2.28925984251969
2006-03-13,0.0919663552194834,-5.2438147465388,0.719394336619011,4.06,1.38103937007874
2006-03-14,0.00305646608891645,-4.06918046871821,0.989260454466685,3.39,1.15313385826772
2006-03-15,0.000152010511859165,-2.50473950306574,0.920721842779596,3.13,1.06469291338583
2006-03-16,0.0158553270545478,-1.63615359862645,0.453633096465628,2.75,0.935433070866142
2006-03-17,0.00140340016999592,-0.435223845764995,0.823476177050717,2.51,0.853795275590551
2006-03-18,0.00186033172455306,0.283232230227441,1.01472557035562,2.48,0.843590551181102
2006-03-19,0.0032529188611079,0.746581433961789,1.39778848813755,2.79,0.94903937007874
2006-03-20,0.00313369605767851,2.74635704358419,1.86217805313469,3.24,1.10211023622047
2006-03-21,3.2076872587204,5.2257772286733,2.03006636238342,4.3,1.46267716535433
2006-03-22,0.285989581917723,3.09088285764058,1.13576049929741,6.22,2.11577952755905
2006-03-23,0.123426975061496,1.01163445413113,0.73706493783159,4.97,1.69058267716535
2006-03-24,0.59822745124499,3.23428551355998,1.42244749617002,3.5,1.19055118110236
2006-03-25,4.17993783950806,8.84859251976013,2.02164760604811,3.94,1.34022047244094
2006-03-26,1.20492293685675,10.4953499635061,2.06072731580211,6.68,2.27225196850394
2006-03-27,6.38331007957458,12.5458741188049,2.93503303540276,6.06,2.06135433070866
2006-03-28,11.1521632671356,7.41037567456563,1.39570299150405,6.78,2.30626771653543
2006-03-29,0.924918942153454,6.21388876438141,1.57718044948697,8.61,2.92875590551181
2006-03-30,6.04286921024323,7.67392814159393,1.85516203113161,4.74,1.61234645669291
2006-03-31,1.43075975775719,11.1921699047089,2.28714607720087,4.55,1.54771653543307
2006-04-01,0.678182085355123,10.5285554726919,2.64751332265424,4.15,1.41165354330709
2006-04-02,4.38949350516001,9.81134764353434,2.17798104299282,3.33,1.13272440944882
2006-04-03,8.18630840380987,6.54027001063029,1.68845890249506,3.58,1.21776377952756
2006-04-04,1.6524475812912,5.81739886601766,2.04470912190238,4.98,1.6939842519685
2006-04-05,16.8018165429433,1.7797344426314,1.21936594521575,4.91,1.67017322834646
2006-04-06,0.00361539120785892,1.45567208528519,1.51470471006657,6.58,2.23823622047244
2006-04-07,0.00389617508941834,3.13802735010783,2.10286038493933,6.64,2.25864566929134
2006-04-08,1.75471025208632,7.50121533870697,2.90374694459469,5.15,1.75181102362205
2006-04-09,12.6256994406382,6.41405236721039,1.47934266766635,4.34,1.47628346456693
2006-04-10,18.7488490740458,2.651964366436,1.11279067574397,9.21,3.13285039370079
2006-04-11,0.580175243318081,2.03562654058139,1.32399339640102,9.85,3.35055118110236
2006-04-12,0.554412245750427,2.53092402219772,1.33463024866149,8.52,2.89814173228346
2006-04-13,1.05511309206486,5.35218620300293,1.80646185106997,6.02,2.04774803149606
2006-04-14,0.0346656782785431,8.90878844261169,2.30173845890172,5.06,1.7211968503937
2006-04-15,4.59516553084056,9.40865874290466,3.14553503465798,4.01,1.36403149606299
2006-04-16,1.12893328567346,10.3924235502879,2.15394451600302,4.2,1.42866141732283
2006-04-17,0.463241286575794,9.90441735585531,2.54739543983437,4.05,1.37763779527559
2006-04-18,0.0380867795514253,9.75992830594381,2.42526977457522,3.42,1.16333858267717
2006-04-19,0.14794858576109,10.1252398490906,2.78393353694232,3.03,1.03067716535433
2006-04-20,0.0029525641774247,10.7696359952291,3.44056904768103,2.85,0.969448818897638
2006-04-21,0.000205657971188581,12.6704475084941,3.97609333513866,2.6,0.884409448818898
2006-04-22,1.57843024532,12.0108218193054,3.63245917685564,2.52,0.857196850393701
2006-04-23,1.72847427427769,11.6943782965342,3.28907671518038,2.48,0.843590551181102
2006-04-24,0.0132988632170357,12.7644058068593,4.07892755019504,2.44,0.829984251968504
2006-04-25,3.29887769619624,14.3497082392375,3.6937096334185,2.29,0.77896062992126
2006-04-26,6.40166918436686,12.551874478658,2.49972983923034,2.73,0.928629921259843
2006-04-27,6.48614531755447,11.7478817303975,1.94416771482408,2.99,1.01707086614173
2006-04-28,4.97559708356857,9.44149009386698,1.6434169762188,3.48,1.18374803149606
2006-04-29,1.07429584860802,4.98588200410207,2.15005819580987,4.16,1.41505511811024
2006-04-30,0.0220901356078684,5.62830630938212,2.7800184067015,3.26,1.10891338582677
2006-05-01,0.0170103625047583,9.67795459429423,3.36337649321775,2.68,0.911622047244095
2006-05-02,0.00120558345224708,12.9884196917216,3.83361869425768,2.51,0.853795275590551
2006-05-03,0,15.3450356324514,4.72478599084136,2.29,0.77896062992126
2006-05-04,0,15.6520402431488,4.40489801967303,2.23,0.758551181102362
2006-05-05,0.000374772607756313,14.1991353829702,4.22515351304255,2.12,0.721133858267717
2006-05-06,0.00799774506109922,13.6277716954549,4.07523398089508,2.12,0.721133858267717
2006-05-07,5.79806085928188e-05,13.4381392796834,4.10167092433808,2.06,0.700724409448819
2006-05-08,0.954058056076368,14.3610192934672,4.19341358084354,2,0.680314960629921
2006-05-09,1.10213987156749,9.54340672492981,2.51882108964776,2.05,0.697322834645669
2006-05-10,0.140934472282728,11.1611733436584,3.05314140429163,2.16,0.734740157480315
2006-05-11,0.000561588756681886,12.9276457627614,4.30629908650638,2.3,0.782362204724409
2006-05-12,2.23274057110151,14.7266866366069,5.06872003176581,2.41,0.819779527559055
2006-05-13,13.6490306854248,13.9953999519348,3.34828864069368,2.48,0.843590551181102
2006-05-14,6.65437936782837,11.8773750464121,3.16148418509262,3.58,1.21776377952756
2006-05-15,1.75909488896529,14.7019418080648,4.77265241103323,3.6,1.22456692913386
2006-05-16,16.0269577503204,15.5229509671529,3.49753865612281,3.07,1.04428346456693
2006-05-17,0.226522518942753,16.0824975172679,4.17213646653361,6.03,2.05114960629921
2006-05-18,9.04203106959661,15.2009279727936,3.55151798369669,4.35,1.47968503937008
2006-05-19,0.535256176566084,13.8357388178507,3.64783402317747,3.93,1.3368188976378
2006-05-20,1.05103681981564,12.3327176570892,3.08206321140438,3.08,1.04768503937008
2006-05-21,0.0953239959975084,12.6158033212026,3.49071755981789,2.66,0.904818897637795
2006-05-22,1.61921540896098,15.8893231550852,5.7003726986376,2.42,0.823181102362205
2006-05-23,1.15669697398941,11.7677083015442,2.62695577727902,2.3,0.782362204724409
2006-05-24,0.0351343503862154,11.3850172360738,3.36422247781594,2.2,0.748346456692914
2006-05-25,3.23826202750206,11.3158653577169,3.59528429901601,2.06,0.700724409448819
2006-05-26,11.3256672223409,13.7774802049001,3.10544513308928,2.11,0.717732283464567
2006-05-27,6.46837373574575,16.2620200316111,3.42652490517035,2.54,0.864
2006-05-28,9.62496455510457,14.794945081075,3.2918214724706,3.26,1.10891338582677
2006-05-29,12.758219798406,9.37922930717468,2.4000328454937,4.92,1.67357480314961
2006-05-30,5.93343424797058,6.01835707823435,2.38155500011893,5.66,1.92529133858268
2006-05-31,1.01209131379922,6.91389083862305,2.43414594340696,4.52,1.53751181102362
2006-06-01,3.21173006296158,6.40380648771922,2.15881930935729,3.47,1.18034645669291
2006-06-02,0.413643458237251,8.02779734134674,2.92164553520925,3.49,1.18714960629921
2006-06-03,2.68686846892039,10.6707624594371,4.07509164907434,3.08,1.04768503937008
2006-06-04,2.28061510125796,10.4240678946177,3.11796733174525,2.74,0.932031496062992
2006-06-05,0.481517892020444,10.2760050296783,3.42440417765772,2.6,0.884409448818898
2006-06-06,0.120816056927045,9.51263960202535,3.45134009446526,2.59,0.881007874015748
2006-06-07,0.000139989211068799,10.6581448713938,4.26742756762078,2.4,0.816377952755906
2006-06-08,0,12.433026711146,4.55605648513904,2.24,0.761952755905512
2006-06-09,0,14.47603058815,5.08615550976933,1.98,0.673511811023622
2006-06-10,0,16.5594485600789,5.41499614604094,1.87,0.636094488188976
2006-06-11,0,16.6516870657603,4.49760583833152,1.87,0.636094488188976
2006-06-12,2.388491125771e-05,18.3374166488647,5.75911527021627,1.81,0.615685039370079
2006-06-13,0,19.7548602422078,6.21044571967484,1.74,0.591874015748032
2006-06-14,0.00790424043043458,20.9182980855306,6.41866128601943,1.72,0.585070866141732
2006-06-15,0.120077931943039,21.9339202245076,6.57812951704071,1.78,0.60548031496063
2006-06-16,3.05925889809926,21.7267603874207,5.84880099529446,1.68,0.571464566929134
2006-06-17,2.5602798362573,19.2740546862284,4.50355530459489,1.77,0.60207874015748
2006-06-18,9.1055060227712,21.4695334434509,5.92463815941718,1.99,0.676913385826772
2006-06-19,1.28610702852408,21.6589233080546,5.50393023718319,2.19,0.744944881889764
2006-06-20,0.00690125433417658,22.1192943255107,6.34521171059983,1.88,0.639496062992126
2006-06-21,25.5598659515381,21.7713929812113,5.40409099118102,2.59,0.881007874015748
2006-06-22,0.784362927079201,18.3711080551147,3.94615066535651,3.49,1.18714960629921
2006-06-23,2.28388046252803e-06,17.7061354319255,3.83812935481427,2.12,0.721133858267717
2006-06-24,0.00108473824608761,21.0360733668009,5.98944708953604,1.99,0.676913385826772
2006-06-25,5.7887734969457,22.6298049290975,5.8385707828918,1.77,0.60207874015748
2006-06-26,0.00153680335885535,21.2371686299642,5.00315631000111,1.77,0.60207874015748
2006-06-27,5.8486700852712,21.1677982012431,5.67367127359869,1.72,0.585070866141732
2006-06-28,1.28119669978817,19.2129797935486,4.23172337162746,2.05,0.697322834645669
2006-06-29,4.17557304600875,17.9222900072734,4.23801046616125,1.96,0.666708661417323
2006-06-30,0.000164823158039932,17.9947924613953,4.69140460582653,1.95,0.663307086614173
2006-07-01,0,18.1220451990763,4.79472687171809,1.91,0.649700787401575
2006-07-02,0,18.7989206314087,4.85587608962243,1.79,0.60888188976378
2006-07-03,0,20.2118023236593,5.55081455687268,1.84,0.625889763779528
2006-07-04,0,22.160343170166,5.98161903741923,1.7,0.578267716535433
2006-07-05,1.28474621723096,22.9845666885376,6.03350989012865,1.67,0.568062992125984
2006-07-06,4.61444175243378,19.9940576553345,5.26971395898536,1.73,0.588472440944882
2006-07-07,5.12251488367717,17.7222806612651,2.93536141898219,3.15,1.07149606299213
2006-07-08,1.17783115059137,18.6686058044434,3.81621968129667,2.29,0.77896062992126
2006-07-09,0.0725626439477007,20.4478637377421,5.51906523219973,2.11,0.717732283464567
2006-07-10,0.00342340903201451,21.5243730545044,5.33454197192001,1.87,0.636094488188976
2006-07-11,0.0104718565902052,23.1746238072713,6.21115045217438,1.79,0.60888188976378
2006-07-12,7.48141504327456,22.5862108866374,5.86720084786564,1.74,0.591874015748032
2006-07-13,0.00135591083865923,22.5982594490051,5.8655359509222,1.75,0.595275590551181
2006-07-14,2.18443327272932,21.3971540133158,5.47633357469435,1.65,0.561259842519685
2006-07-15,1.07743571788887e-05,19.6739729245504,4.88859675830315,1.76,0.598677165354331
2006-07-16,0,19.343604405721,5.26499102906148,1.59,0.540850393700787
2006-07-17,0,19.7274519602458,5.64000771817162,1.6,0.544251968503937
2006-07-18,0,21.1974538167318,6.35050971111434,1.61,0.547653543307087
2006-07-19,2.92953318421496e-05,22.7692017555237,6.94565203437073,1.59,0.540850393700787
2006-07-20,0.0225693578831851,24.5671871503194,7.15341067859376,1.58,0.537448818897638
2006-07-21,0.0343722087175896,24.6912186940511,6.35617824950414,1.65,0.561259842519685
2006-07-22,5.98154371976852,24.1313845316569,6.50157263753813,1.49,0.506834645669291
2006-07-23,1.09019922216733,22.1976464589437,4.9957611420225,1.63,0.554456692913386
2006-07-24,1.64394863683507e-05,23.6282215118408,6.13396363140959,1.61,0.547653543307087
2006-07-25,0.000140511455053153,24.6396549542745,6.50700755607663,1.53,0.52044094488189
2006-07-26,0.0717775765030334,24.7595651944478,6.55900343185479,1.44,0.489826771653543
2006-07-27,0.134031190847357,23.9078416824341,6.25626373391868,1.49,0.506834645669291
2006-07-28,8.22036508719126,21.3524042765299,4.9537653567822,1.55,0.527244094488189
2006-07-29,7.92439526319504,19.4940311113993,3.63624531190855,2.72,0.925228346456693
2006-07-30,0.672722245256106,22.0565849939982,5.36572758165408,2.1,0.714330708661417
2006-07-31,7.3352237145106,20.4617228507996,4.6801498639365,1.86,0.632692913385827
2006-08-01,5.71123193701108,17.3953056335449,3.26730472390969,1.89,0.642897637795276
2006-08-02,1.31137107561032,16.8526666959127,3.62762666586483,1.76,0.598677165354331
2006-08-03,15.4309862454732,13.3181575139364,2.03584056420854,2.53,0.86059842519685
2006-08-04,7.03411253293355,13.641450881958,2.86615240157773,3.26,1.10891338582677
2006-08-05,6.03332185745239,14.7219678560893,3.59264083187771,3.55,1.20755905511811
2006-08-06,21.7675895690918,15.031109491984,2.75249275884043,2.35,0.799370078740158
2006-08-07,1.0938116684556,17.2391676902771,3.46021399275728,4.8,1.63275590551181
2006-08-08,0.559249009781828,15.9536825815837,3.83310066052532,2.96,1.00686614173228
2006-08-09,0.00464968604501337,15.1138224601746,3.51342447832325,1.97,0.670110236220472
2006-08-10,6.5617428223292,13.207132657369,2.75954912265518,2,0.680314960629921
2006-08-11,9.11493098735809,12.0900407632192,2.65725276009517,2.15,0.731338582677165
2006-08-12,2.33306229114532,11.2967593669891,2.68587313709119,2.65,0.901417322834646
2006-08-13,2.61527559161186,11.5463035901388,2.67473452980021,2.43,0.826582677165354
2006-08-14,0.69341686864694,13.1241370836894,3.08843330818022,2.28,0.77555905511811
2006-08-15,0.0396278891518402,15.0928529103597,3.68347888160089,2.03,0.69051968503937
2006-08-16,0.969889332850774,15.2545134226481,3.38828698795217,1.9,0.646299212598425
2006-08-17,0.680240872005622,19.0362908045451,4.37409341158331,1.89,0.642897637795276
2006-08-18,1.59431713974724,17.5309020678202,3.90826913102034,1.84,0.625889763779528
2006-08-19,0.821472062418858,18.5127374331156,4.78921898597648,1.68,0.571464566929134
2006-08-20,9.60831413666407,15.8284813563029,2.83714091406521,2.29,0.77896062992126
2006-08-21,10.4271200497945,15.0823279221853,2.82193687652514,2.49,0.846992125984252
2006-08-22,1.38962082564831,14.5441420873006,2.82341698624483,2.91,0.989858267716536
2006-08-23,0.000890920941553001,15.0273385842641,3.60733186953259,2.5,0.850393700787402
2006-08-24,5.68798855940501,14.6521472930908,3.51054648317382,2.22,0.755149606299213
2006-08-25,0.10633852428388,13.5502828756968,2.71227047736193,2.62,0.891212598425197
2006-08-26,0.661885544657707,14.7820666631063,3.31999356076254,2.14,0.727937007874016
2006-08-27,18.5992892583211,13.9395795663198,2.43580981200914,1.98,0.673511811023622
2006-08-28,6.43008808294932,12.3461771806081,2.26062868585837,4.29,1.45927559055118
2006-08-29,11.4663589000702,10.7044769922892,2.13571675982264,3.91,1.3300157480315
2006-08-30,7.89224215348562,10.6696936289469,1.98851367990896,5.79,1.96951181102362
2006-08-31,0.000733715702760188,12.165206193924,2.91507624247187,5.58,1.89807874015748
2006-09-01,5.58841914729176e-06,14.5523207982381,3.77149798126454,3.07,1.04428346456693
2006-09-02,0.588909749562542,17.6609163284302,3.86921702976929,2.29,0.77896062992126
2006-09-03,0.0213747702194572,19.3358224232992,2.88971728562215,2.13,0.724535433070866
2006-09-04,0.00365205273556057,21.1312255859375,3.06867357275531,1.98,0.673511811023622
2006-09-05,0,19.0141350428263,3.59296897626625,1.9,0.646299212598425
2006-09-06,0,18.2228302955627,3.77718284034293,1.86,0.632692913385827
2006-09-07,7.67588301499685,20.0584980646769,4.01140656722155,1.83,0.622488188976378
2006-09-08,0,13.3861080805461,2.65220042557519,3.14,1.06809448818898
2006-09-09,0.00135272725856339,13.2681484222412,3.04974252604314,2.11,0.717732283464567
2006-09-10,0,15.5985269546509,3.70233272895104,1.77,0.60207874015748
2006-09-11,0.0078360802338769,17.9481992721558,3.5104381655966,1.75,0.595275590551181
2006-09-12,0,17.3742421468099,3.45567629877178,1.71,0.581669291338583
2006-09-13,0.00122990996169392,17.2822834650675,3.50416176175848,1.74,0.591874015748032
2006-09-14,0.000338901600722844,17.8965276082357,3.5228269100419,1.68,0.571464566929134
2006-09-15,0.385095622390509,16.6516734759013,2.10109248119184,1.67,0.568062992125984
2006-09-16,0.0190601154851417,16.8914217948914,2.84927614531378,1.73,0.588472440944882
2006-09-17,0.176718433698018,16.1473991076152,1.77749386983433,1.69,0.574866141732283
2006-09-18,9.57748291889826,15.4840402603149,1.90809047713699,1.73,0.588472440944882
2006-09-19,2.65111839771271,14.7658194700877,1.85575133220248,2.84,0.966047244094488
2006-09-20,0.0355141379526079,15.0306593577067,2.56233619091016,2.11,0.717732283464567
2006-09-21,0.0206843461007035,15.0741496086121,2.76643066746021,1.89,0.642897637795276
2006-09-22,0.0249008398095611,15.1412341594696,2.68055634052449,1.69,0.574866141732283
2006-09-23,0.000458882355208819,15.1402940750122,2.57072537530911,1.68,0.571464566929134
2006-09-24,0.00125077249443469,15.2193850676219,2.72368829111039,1.67,0.568062992125984
2006-09-25,2.12678305308024,15.6338040828705,2.21957469912443,1.7,0.578267716535433
2006-09-26,8.99023459355036,13.56059161822,0.878094972017254,2.69,0.915023622047244
2006-09-27,0.331261858344078,13.6201550960541,1.58812911270515,3.08,1.04768503937008
2006-09-28,0.0259853740766024,12.6732523441315,1.57921733345825,2.22,0.755149606299213
2006-09-29,0.0040825002361089,13.8449242909749,2.16995256365874,1.96,0.666708661417323
2006-09-30,3.57964350779851,15.4727472464244,2.33953624169854,1.85,0.629291338582677
2006-10-01,2.00336483120918,15.7617014249166,1.54078238973331,1.9,0.646299212598425
2006-10-02,0.116003090826174,15.0928664207458,1.96980788844959,2,0.680314960629921
2006-10-03,10.6017114321391,14.3399668534597,1.97639822462286,2.04,0.69392125984252
2006-10-04,0.815227086345355,10.4250895182292,1.38488144800602,2.72,0.925228346456693
2006-10-05,0.532848529517651,9.63735882441203,1.5340903824831,2.31,0.785763779527559
2006-10-06,0.778718461592992,11.2103554407756,1.85403669410037,1.98,0.673511811023622
2006-10-07,2.02161958813667,11.0364031791687,1.59054863730339,1.94,0.659905511811024
2006-10-08,0.00166496615565848,9.1085840066274,1.78381245362517,1.83,0.622488188976378
2006-10-09,0.00140748261643845,10.5911493301392,2.11082581470193,1.78,0.60548031496063
2006-10-10,0.00163907818205189,11.165249188741,1.93930438801954,1.77,0.60207874015748
2006-10-11,0.00170801007576908,10.9167065620422,1.77542177593377,1.63,0.554456692913386
2006-10-12,3.52029837813461e-06,12.497345050176,1.95018491442991,1.69,0.574866141732283
2006-10-13,0.0294982045888901,12.6303803126017,1.70711037059574,1.6,0.544251968503937
2006-10-14,0.000651318851547937,12.1305321852366,1.16690664843374,1.67,0.568062992125984
2006-10-15,0.00030158335842619,9.56815409660339,1.4673596947353,1.65,0.561259842519685
2006-10-16,0.000413750279828188,7.65973850091298,1.34062701516878,1.63,0.554456692913386
2006-10-17,0.024755159431758,6.09518663088481,1.32393239624581,1.69,0.574866141732283
2006-10-18,0.0209722651246314,6.91104396184285,1.29618426134996,1.65,0.561259842519685
2006-10-19,0.0199521841714159,10.3785514036814,1.56792713747237,1.62,0.551055118110236
2006-10-20,0.170347121544182,11.4787480831146,1.5561852437464,1.57,0.534047244094488
2006-10-21,0.0641773369764754,12.0085048675537,1.46105336972461,1.6,0.544251968503937
2006-10-22,0.0690805072275301,12.7174456914266,1.53419710214932,1.58,0.537448818897638
2006-10-23,1.97358776132266,13.5710261662801,1.26260347270347,1.56,0.530645669291339
2006-10-24,0.0702534268299739,13.5061237017314,1.42709596408125,1.6,0.544251968503937
2006-10-25,0.000241979288451451,9.80683692296346,1.42727045575254,1.54,0.523842519685039
2006-10-26,0.000329262061313784,12.7248438199361,1.6921046424954,1.56,0.530645669291339
2006-10-27,0.153575862447421,13.8581717809041,1.562211937673,1.56,0.530645669291339
2006-10-28,2.78459073603153,14.154346704483,1.32970572199355,1.53,0.52044094488189
2006-10-29,3.50171709060669,12.7321483294169,0.995700205678179,1.66,0.564661417322835
2006-10-30,0.000571467976745529,8.01166395346324,1.07508814641639,1.66,0.564661417322835
2006-10-31,0.72396875359118,9.75017285346985,1.39061591100006,1.63,0.554456692913386
2006-11-01,2.32162188490232,5.85996623833974,0.973994891722264,1.6,0.544251968503937
2006-11-02,1.13316851854324,0.691537828495105,0.599677233430014,1.58,0.537448818897638
2006-11-03,2.04128464559714,0.830588137110074,0.548843785548042,1.63,0.554456692913386
2006-11-04,0.0330316502368078,2.85209570328395,0.635693201887759,1.63,0.554456692913386
2006-11-05,0.140609312802553,4.7391083240509,0.731717674390693,1.67,0.568062992125984
2006-11-06,0.0181298789927193,4.70671566327413,0.826714945079678,1.61,0.547653543307087
2006-11-07,1.03475777753677e-05,3.76223756869634,1.01697368578852,1.6,0.544251968503937
2006-11-08,0.00943951172909389,7.6030744711558,1.03459734962302,1.61,0.547653543307087
2006-11-09,2.5367471575737,8.5724249680837,0.945697530290805,1.62,0.551055118110236
2006-11-10,0.035503767314367,2.45512062311172,0.677202717037859,1.72,0.585070866141732
2006-11-11,5.04977478583654,5.10617164770762,0.859404768946789,1.69,0.574866141732283
2006-11-12,4.4494487841924,5.71997606754303,0.607989991081503,2,0.680314960629921
2006-11-13,0.360573817665378,6.81475969155629,0.616542002670229,2.09,0.710929133858268
2006-11-14,1.72034972906113,10.1340939998627,0.721786393844681,1.91,0.649700787401575
2006-11-15,0.0337007388782998,9.69890371958415,0.926139225997223,1.77,0.60207874015748
2006-11-16,0.0107705389770369,7.60161292552948,0.96038167394291,1.71,0.581669291338583
2006-11-17,0.114901766615124,8.89373564720154,0.672675652741798,1.67,0.568062992125984
2006-11-18,0.103334220126271,7.78559724489848,0.773986522299277,1.63,0.554456692913386
2006-11-19,1.91530074675878,6.92006719112396,0.801612216322806,1.56,0.530645669291339
2006-11-20,0.767501927912235,4.97601779301961,0.573601423223945,1.63,0.554456692913386
2006-11-21,4.44062133630117,6.00373987356822,0.582706130003342,1.65,0.561259842519685
2006-11-22,0.577014158169428,3.20263342062632,0.487401547391652,1.91,0.649700787401575
2006-11-23,0.134805482346565,4.97486142317454,0.746932588972811,1.96,0.666708661417323
2006-11-24,0.00102956781635536,8.77949261665344,0.799597537269399,1.78,0.60548031496063
2006-11-25,2.89374036886632e-05,8.14083615938822,0.743847587304342,1.71,0.581669291338583
2006-11-26,0.0392143033483687,6.50403757890065,0.675730463531065,1.63,0.554456692913386
2006-11-27,0.0650956221312905,4.14163432518641,0.414461088118096,1.58,0.537448818897638
2006-11-28,0.0212622344843112,3.00873176256816,0.331344984324495,1.61,0.547653543307087
2006-11-29,0.321778229437768,4.34612033764521,0.495611436993931,1.61,0.547653543307087
2006-11-30,0.0012765366457946,5.73498749732971,0.270006599543701,1.64,0.557858267716535
2006-12-01,5.60277714309147e-05,4.59303001562754,0.398422145183483,1.73,0.588472440944882
2006-12-02,0.000309771600162397,2.38898756106695,0.363107733900126,1.68,0.571464566929134
2006-12-03,1.59788344303767,4.90341850121816,0.616268456034049,1.66,0.564661417322835
2006-12-04,6.82079724470774,7.81716855367025,0.462336612915321,1.7,0.578267716535433
2006-12-05,0.00135169972296959,10.4120234648387,0.651791001068085,2.33,0.792566929133858
2006-12-06,7.74066440264384,6.25796012083689,0.476348963378476,2.22,0.755149606299213
2006-12-07,0.00152333094350373,5.19179709752401,0.5224081258419,2.82,0.959244094488189
2006-12-08,3.9594741264979,7.18609309196472,0.674639952341478,2.51,0.853795275590551
2006-12-09,16.3020887374878,3.51610821485519,0.345142790953491,3.1,1.05448818897638
2006-12-10,0.0254427442948023,1.96250260869662,0.430639003601871,5.84,1.98651968503937
2006-12-11,0.139245480298996,0.352003793658999,0.366148415206933,3.88,1.31981102362205
2006-12-12,1.89349538087845,2.99249702692032,0.33898291710693,2.83,0.962645669291339
2006-12-13,0.000242104676848006,2.42397866646449,0.470419894019946,2.49,0.846992125984252
2006-12-14,0.000175037234536527,1.54373813668887,0.488594634777407,2.24,0.761952755905512
2006-12-15,0.000313097296384512,1.02993005265792,0.511983524975865,2.03,0.69051968503937
2006-12-16,1.88980846107006,3.68329387903214,0.575371615595495,1.91,0.649700787401575
2006-12-17,1.83040391157071,3.53533142805099,0.445968170078164,2,0.680314960629921
2006-12-18,0.188919872200737,0.616745838274558,0.289466848643963,2.19,0.744944881889764
2006-12-19,0.00406977272299021,0.206236112319554,0.205736232316396,2.13,0.724535433070866
2006-12-20,0.00460368020382399,-0.601009440938166,0.318278430509914,1.95,0.663307086614173
2006-12-21,0.00134327434837663,0.0197394415736198,0.379698728678487,1.78,0.60548031496063
2006-12-22,0.000385398901319907,-0.511424424747626,0.306981864177359,1.71,0.581669291338583
2006-12-23,8.54358331707772e-05,-1.12587729593118,0.253972771582449,1.68,0.571464566929134
2006-12-24,0.00556799005668533,-1.34425059954325,0.183507047400167,1.63,0.554456692913386
2006-12-25,0.0360896858037449,-1.95459073781967,0.177828019536454,1.57,0.534047244094488
2006-12-26,0.000423843224173955,-1.74227568507195,0.18282174716031,1.55,0.527244094488189
2006-12-27,0.00256369141667771,-2.57229912281036,0.349356886068668,1.55,0.527244094488189
2006-12-28,0.733936754365762,-0.869087363903721,0.49380942190349,1.64,0.557858267716535
2006-12-29,0.00618412678401607,1.20301993687948,0.494348321185066,1.61,0.547653543307087
2006-12-30,0.174918515607715,0.782757422576348,0.552567994398029,1.57,0.534047244094488
2006-12-31,0.655282554527124,7.37432138125102,0.524407183779864,1.52,0.51703937007874
2007-01-01,6.78064390023549,7.31149224440257,0.670361521291207,1.82,0.619086614173228
2007-01-02,3.50217417875926,1.84685778617859,0.28858188868414,2.16,0.734740157480315
2007-01-03,0.530965569118659,2.83018889029821,0.288524463035445,2.18,0.741543307086614
2007-01-04,1.0014456063509,4.85468355814616,0.391634848177241,2,0.680314960629921
2007-01-05,0.997660140196482,5.2897961139679,0.275626621175327,1.89,0.642897637795276
2007-01-06,1.74801752964656,6.61313339074453,0.415337291933536,1.81,0.615685039370079
2007-01-07,0.0726175571326166,5.81974033514659,0.556432728249075,1.76,0.598677165354331
2007-01-08,1.2641653517882,5.64271159966787,0.597199152431551,1.73,0.588472440944882
2007-01-09,0.714599758386612,9.19586515426636,0.520867179803144,1.72,0.585070866141732
2007-01-10,0.761000168820222,8.81536849339803,0.725528871158647,1.62,0.551055118110236
2007-01-11,3.46664953231812,8.45546921094259,0.53354593308638,1.67,0.568062992125984
2007-01-12,0.0511672397187795,7.2083816130956,0.450902511020324,1.85,0.629291338582677
2007-01-13,0.000236987990016739,7.38073531786601,0.721680644069763,1.82,0.619086614173228
2007-01-14,0.129841516415278,5.52198795477549,0.695398166591566,1.91,0.649700787401575
2007-01-15,0.0189212042969302,-0.382351480424404,0.394942570418801,1.84,0.625889763779528
2007-01-16,0.0267428029813649,2.05269333720207,0.464126757621164,1.83,0.622488188976378
2007-01-17,0.0234125714438657,7.03548006216685,0.640225271011136,1.83,0.622488188976378
2007-01-18,3.51930040121078,10.9623549779256,0.575901832061318,1.91,0.649700787401575
2007-01-19,1.80326801538467,11.05073595047,0.558543305155629,2.39,0.812976377952756
2007-01-20,4.86119153102239,10.6502306461334,0.498780874581871,2.67,0.908220472440945
2007-01-21,1.42980247735977,5.5652939081192,0.714321452841031,3.04,1.03407874015748
2007-01-22,6.00460698207219,2.04779623945554,0.413547362514978,3.39,1.15313385826772
2007-01-23,5.83782418568929,-1.67605317632357,0.361868974548682,3.33,1.13272440944882
2007-01-24,7.30289924144745,-5.37341217199961,0.19921995564726,3.37,1.14633070866142
2007-01-25,0.699385903775692,-6.57985965410868,0.244909038230235,3.29,1.11911811023622
2007-01-26,0.839681421717008,-7.3274560769399,0.29093366708093,3.2,1.08850393700787
2007-01-27,1.84801096717517,-1.99404415488243,0.398220367084396,3.2,1.08850393700787
2007-01-28,0.0484587184231107,1.46204110980034,0.386447673435169,3.33,1.13272440944882
2007-01-29,0.0627672001719475,2.19814819097519,0.38218223997104,3.79,1.2891968503937
2007-01-30,1.2885050703441e-06,1.6364041864872,0.58943036491952,4.26,1.44907086614173
2007-01-31,0.121856367215514,1.27516830464204,0.402966074210204,4.27,1.45247244094488
2007-02-01,0.12778514996171,2.21378550926844,0.424878964508747,3.73,1.2687874015748
2007-02-02,0.292916151384513,3.28296492497126,0.691723113685916,3.6,1.22456692913386
2007-02-03,0.404035621633132,3.52065453926722,0.58671541894461,3.83,1.3028031496063
2007-02-04,9.72785179934969e-06,2.02113764484723,0.728805426488232,4.33,1.47288188976378
2007-02-05,4.84574699401855,2.40041174491247,0.862934958385652,3.85,1.3096062992126
2007-02-06,4.94272889693578,1.22299519181252,0.38727940844819,4.58,1.55792125984252
2007-02-07,2.92888073126475,1.99205250541369,0.51479591049691,6.55,2.22803149606299
2007-02-08,5.15259265899658,3.90020612875621,0.549840796498823,6.34,2.15659842519685
2007-02-09,9.70520720026495e-05,3.04772931337357,0.842935342209468,6.72,2.28585826771654
2007-02-10,1.67436429858208,3.08327708641688,0.935611883150632,5.73,1.94910236220472
2007-02-11,12.3968754609426,4.48087028662364,0.725707814880153,5.15,1.75181102362205
2007-02-12,5.76337997118632,5.57699418067932,0.727887121506121,6.53,2.22122834645669
2007-02-13,1.37898840506872,5.35987238089244,0.737592183831577,5.45,1.85385826771654
2007-02-14,6.9631488720576,3.62970632314682,0.873387512250166,3.4,1.15653543307087
2007-02-15,0.0897820837174853,4.52893579006195,0.979410961666814,4.06,1.38103937007874
2007-02-16,0.00855598110744419,2.46204660336177,1.0312712591245,3.41,1.15993700787402
2007-02-17,0.00126018163185411,2.47616519530614,0.871854229347622,2.65,0.901417322834646
2007-02-18,0.000254434849921381,1.06789913773537,0.861925614421708,2.27,0.772157480314961
2007-02-19,0.0206555951469151,2.93256539106369,1.05037091723669,2.05,0.697322834645669
2007-02-20,0.0177200243724656,2.88349986076355,1.17898698995521,1.94,0.659905511811024
2007-02-21,0.000486703817235442,4.42107268174489,1.44251259208355,1.83,0.622488188976378
2007-02-22,0,6.34810753663381,1.26247546280905,1.75,0.595275590551181
2007-02-23,0.00152883723073198,6.19305471579234,1.34125518373016,1.68,0.571464566929134
2007-02-24,0.0520489164822114,5.4825398127238,1.34548435183132,1.65,0.561259842519685
2007-02-25,1.25552719334761,5.39346758524577,0.969984516265947,1.6,0.544251968503937
2007-02-26,6.60121309757233,4.71051549911499,0.777200447243041,1.62,0.551055118110236
2007-02-27,4.19300552209218,3.87378780047099,0.755187396214663,2.46,0.836787401574803
2007-02-28,5.80721042553584,8.11575984954834,1.13616778531506,2.64,0.898015748031496
2007-03-01,4.20510508616765,7.14487703641256,1.00733769484933,2.46,0.836787401574803
2007-03-02,3.58574483791987,4.51990719636281,1.06941042575467,2.44,0.829984251968504
2007-03-03,6.13223572572072,7.08225818475087,1.40864471149699,2.69,0.915023622047244
2007-03-04,0.00796835544436666,6.09212708473206,1.60638248023668,3.01,1.02387401574803
2007-03-05,0.459687533477942,5.3342227935791,1.48453894911079,2.36,0.802771653543307
2007-03-06,0.000553945001835624,5.66863493124644,1.81286241940815,1.95,0.663307086614173
2007-03-07,0.354205428312222,6.52495491504669,1.36061819439654,1.85,0.629291338582677
2007-03-08,0.049642186689501,5.57326944669088,1.4438460764772,1.73,0.588472440944882
2007-03-09,1.7930212020874,5.15358710289001,1.55074959828906,1.64,0.557858267716535
2007-03-10,0.114745920834442,3.54017599423726,1.24689460122897,1.66,0.564661417322835
2007-03-11,9.8973055476866e-05,3.04079858462016,1.52729690790119,1.57,0.534047244094488
2007-03-12,1.73162061400944e-05,5.39067149162292,1.82671302897575,1.56,0.530645669291339
2007-03-13,2.16202197407256e-05,6.7580414613088,2.11700933299679,1.55,0.527244094488189
2007-03-14,0.000376472494584353,6.61187128225962,2.00586947139977,1.56,0.530645669291339
2007-03-15,0,5.95428379376729,1.9798317332658,1.5,0.510236220472441
2007-03-16,0,6.42088449001312,2.07087396395107,1.44,0.489826771653543
2007-03-17,7.42190428392557e-05,6.20764048894246,1.416214586742,1.45,0.493228346456693
2007-03-18,4.31963688135147,7.21781380971273,1.85495360104479,1.43,0.486425196850394
2007-03-19,2.8846719066302,1.55240428447723,0.946085205463777,1.66,0.564661417322835
2007-03-20,1.64982790251573,0.830801191429297,0.913512310214765,1.61,0.547653543307087
2007-03-21,1.16706364353498,0.512899682236215,1.05257586002885,1.64,0.557858267716535
2007-03-22,7.57781263192495,0.483501609725257,0.890500537226713,1.72,0.585070866141732
2007-03-23,4.87600783507029,1.28643194337686,1.00158792332831,1.97,0.670110236220472
2007-03-24,1.33517531553904,1.61568810542425,0.987243788269907,2.54,0.864
2007-03-25,0,5.81389780839284,1.84776404077845,2.81,0.955842519685039
2007-03-26,5.84346474473326e-05,8.14653122425079,2.24098135888315,2.83,0.962645669291339
2007-03-27,0.000581908059151222,7.56139934062958,2.25053459280847,2.19,0.744944881889764
2007-03-28,0.0811542533677615,6.29100362459819,2.27060333331845,1.84,0.625889763779528
2007-03-29,0.234691245791813,6.33401310443878,2.21362563945104,1.71,0.581669291338583
2007-03-30,0.00674351907218806,6.88637395699819,2.51048664933592,1.62,0.551055118110236
2007-03-31,0.0596259743906558,6.02368295192719,1.65665528105484,1.55,0.527244094488189
2007-04-01,0.000261403426217536,8.14728236198425,2.6778786456836,1.53,0.52044094488189
2007-04-02,0.000218921476819863,9.1934007803599,2.73323213844405,1.57,0.534047244094488
2007-04-03,11.7016739050547,7.40497624874115,2.67186033624327,1.49,0.506834645669291
2007-04-04,0.324661688879132,4.39768844842911,1.44402063584461,2.39,0.812976377952756
2007-04-05,4.97957911041643e-05,5.51013886928558,2.3979728466942,2.24,0.761952755905512
2007-04-06,3.87969103030628e-05,8.56080635388692,3.05034423885227,1.77,0.60207874015748
2007-04-07,0.00835444052548458,9.47179953257243,3.18363640730237,1.59,0.540850393700787
2007-04-08,8.72930456049896e-05,7.53462072213491,2.53912091945521,1.53,0.52044094488189
2007-04-09,8.72930456049896e-05,9.28898843129476,3.27549060413037,1.48,0.503433070866142
2007-04-10,0,10.0124637285868,3.24245885791431,1.45,0.493228346456693
2007-04-11,0,10.6057963371277,3.39674929077809,1.45,0.493228346456693
2007-04-12,0,13.1498651504517,3.77498511609909,1.38,0.469417322834646
2007-04-13,0,15.3425907293955,4.07722320420045,1.4,0.476220472440945
2007-04-14,0,16.1683053175608,4.31843521245165,1.4,0.476220472440945
2007-04-15,0,15.2292537689209,4.14923886131135,1.34,0.455811023622047
2007-04-16,0,14.2497653961182,4.00701982447971,1.38,0.469417322834646
2007-04-17,0.00159968975640368,14.100464741389,4.191613450701,1.37,0.466015748031496
2007-04-18,0.00320842646287171,9.49747927983602,2.74132269351414,1.36,0.462614173228347
2007-04-19,1.33243236935717e-05,8.77399039268494,3.42900314538973,1.29,0.438803149606299
2007-04-20,0,9.91317653656006,3.62305933868036,1.37,0.466015748031496
2007-04-21,0,10.2312716643016,3.83271056182982,1.31,0.445606299212598
2007-04-22,0,12.5542623996735,4.3140525455363,1.25,0.425196850393701
2007-04-23,0.111301129698404,14.7094461123149,4.46251520713292,1.27,0.432
2007-04-24,0.00402504564923826,14.7108331521352,3.85469924635027,1.23,0.418393700787402
2007-04-25,0,15.5435817241669,4.225750341889,1.28,0.43540157480315
2007-04-26,0,15.1016206741333,4.52038718902726,1.2,0.408188976377953
2007-04-27,0.0157701079636657,15.4303534825643,4.569425193945,1.2,0.408188976377953
2007-04-28,0,15.9791038831075,4.71253585394283,1.09,0.370771653543307
2007-04-29,0,15.5465533733368,4.58301048054984,1.13,0.384377952755905
2007-04-30,0,12.294942855835,3.68293012041664,1.12,0.380976377952756
2007-05-01,0,11.7467113335927,4.04466092614093,1.09,0.370771653543307
2007-05-02,0.0258204526132128,11.6377325057983,3.89319318054088,1.07,0.363968503937008
2007-05-03,0.0365815467666835,12.2971252600352,3.79440658785595,1.12,0.380976377952756
2007-05-04,5.8665695587794,14.034250497818,4.03067253944181,1.11,0.377574803149606
2007-05-05,6.38168207804362,11.9844063123067,2.51368682629843,1.31,0.445606299212598
2007-05-06,0.420691722383102,13.0487541357676,3.13508411308957,1.33,0.452409448818898
2007-05-07,0.827334865927696,13.0150400797526,3.02051387783331,1.22,0.414992125984252
2007-05-08,36.1171215375265,12.9333525498708,2.77035555417154,1.46,0.496629921259843
2007-05-09,24.5395591259003,12.1297742525736,2.30553284293868,7.31,2.48655118110236
2007-05-10,0.000799485947936773,15.960816860199,4.08399940319223,5.22,1.77562204724409
2007-05-11,0.0806982818370064,15.4580539067586,3.88989012421747,2.16,0.734740157480315
2007-05-12,0.0194849282658348,14.6737315654755,4.22099020038954,1.74,0.591874015748032
2007-05-13,0.00244616331959454,17.8164639472961,5.79605021576721,1.56,0.530645669291339
2007-05-14,2.64012422164281,15.7661700248718,4.51837325104921,1.49,0.506834645669291
2007-05-15,1.84342941641808,8.95021716753642,2.51102981212624,1.55,0.527244094488189
2007-05-16,5.17299568653107,10.3600769837697,3.83631846442207,1.5,0.510236220472441
2007-05-17,5.49831489721934,8.43154017130534,2.40539520978292,1.77,0.60207874015748
2007-05-18,4.9191316667437e-06,10.5837530295054,4.04168192165013,2.14,0.727937007874016
2007-05-19,0,14.7925853729248,5.26667363971335,1.73,0.588472440944882
2007-05-20,0,17.3773293495178,5.64699310960398,1.52,0.51703937007874
2007-05-21,0.563804232825836,20.0281459490458,5.89564979542215,1.43,0.486425196850394
2007-05-22,0.669816948473454,19.0946493148804,3.9429933688213,1.43,0.486425196850394
2007-05-23,0.141975846452018,19.7134224573771,5.46141368053892,1.24,0.421795275590551
2007-05-24,0.00763952373138939,20.3631501197815,5.64394899570378,1.34,0.455811023622047
2007-05-25,0.873833270743489,20.9713632265727,5.54052694729602,1.37,0.466015748031496
2007-05-26,0.17276402694794,20.2628925641378,5.763888952276,1.31,0.445606299212598
2007-05-27,16.3055537541707,17.7100073496501,4.70602765204634,1.36,0.462614173228347
2007-05-28,29.2982290585836,9.60443115234375,2.39775116160931,2.63,0.894614173228346
2007-05-29,60.0118290583293,7.44784903526306,1.3524430172307,10.5,3.57165354330709
2007-05-30,0.0035810226884981,9.95355224609375,3.65672601110825,23.9,8.12976377952756
2007-05-31,0.013147270103218,12.7129422823588,4.60650932094583,7.66,2.6056062992126
2007-06-01,4.01342465480169,12.2999516328176,2.3039786129447,3.37,1.14633070866142
2007-06-02,3.31206258138021,13.520469268163,3.2542312492166,2.95,1.00346456692913
2007-06-03,0.172074552208263,16.2206705411275,4.48015321206778,2.65,0.901417322834646
2007-06-04,0.00935694548146178,17.0469237963359,4.81317062926117,2.22,0.755149606299213
2007-06-05,0.0989639037288725,17.3393648465474,4.8612427606333,2.01,0.683716535433071
2007-06-06,0.0150862989057714,18.429040590922,4.82698770264357,1.83,0.622488188976378
2007-06-07,0.00236134816805134,20.1140222549438,5.67962357340708,1.72,0.585070866141732
2007-06-08,0.010638768862312,19.8003609975179,5.43896416575422,1.65,0.561259842519685
2007-06-09,1.86365549763044,19.5331692695618,5.42508226682323,1.64,0.557858267716535
2007-06-10,0.208254378599425,19.8775293032328,5.68901579709877,2.71,0.921826771653543
2007-06-11,4.64021464188894,18.5378036499023,4.43044241753387,1.74,0.591874015748032
2007-06-12,8.73724778493246,17.9019991556803,4.24562147198973,2.23,0.758551181102362
2007-06-13,0.349197973186771,18.5896306037903,4.6113760686973,2.1,0.714330708661417
2007-06-14,4.08400549491247,20.6969186464945,6.12020438674802,1.78,0.60548031496063
2007-06-15,15.9107317129771,17.0771396954854,4.95699189665512,1.93,0.656503937007874
2007-06-16,0.794602485140786,15.6009850502014,4.47511259116077,2.44,0.829984251968504
2007-06-17,2.46505624055862,18.5691283543905,5.69677853191814,1.77,0.60207874015748
2007-06-18,0.123299984494224,19.3962880770365,4.81427610028066,1.72,0.585070866141732
2007-06-19,0.00252972710253137,21.2214822769165,6.01589029403507,1.58,0.537448818897638
2007-06-20,11.3233698010445,22.6443144480387,5.89860609811968,1.54,0.523842519685039
2007-06-21,16.3983682791392,17.5846082369487,4.06478395923754,4.83,1.64296062992126
2007-06-22,5.41801848014196,14.8895352681478,3.5677727203585,3.23,1.09870866141732
2007-06-23,0.13427616719855,15.4087268511454,4.04087162463351,2.46,0.836787401574803
2007-06-24,0.203705167397857,18.1542096138,5.4968495990358,1.9,0.646299212598425
2007-06-25,10.3366216023763,17.7783443133036,5.07164230406077,1.89,0.642897637795276
2007-06-26,3.36993222435315,12.9995471636454,3.11181410202035,2.22,0.755149606299213
2007-06-27,5.86187825600306,11.683798789978,2.68990141480292,2.26,0.768755905511811
2007-06-28,0.590471981442533,12.9971542358398,3.57128196963545,2.5,0.850393700787402
2007-06-29,0.028559789682428,15.222248951594,4.35980116229219,1.94,0.659905511811024
2007-06-30,0.0199214430467691,16.4010157585144,4.3269797531921,1.74,0.591874015748032
2007-07-01,6.18120175600052,18.6780150731405,5.77668228556866,1.62,0.551055118110236
2007-07-02,5.50790840387344,15.0145999590556,2.84008472576576,2.08,0.707527559055118
2007-07-03,10.6338405211767,14.5564660231272,3.87922828207576,1.98,0.673511811023622
2007-07-04,9.79047592480977,12.5013314088186,2.85621879111865,3.02,1.02727559055118
2007-07-05,3.46421295404434,12.0415086746216,2.52395477097276,8.27,2.81310236220472
2007-07-06,0.14330299012363,14.7936902840932,3.89946986324304,3.33,1.13272440944882
2007-07-07,0.00475174621775902,16.5740242004395,4.61155221141802,2.58,0.877606299212599
2007-07-08,4.60563210646311,17.5265463193258,4.8910141741439,2.14,0.727937007874016
2007-07-09,12.3349819580714,14.4277265071869,3.57837116552673,2.65,0.901417322834646
2007-07-10,7.40536433458328,11.1178189913432,2.88690492610695,3.58,1.21776377952756
2007-07-11,4.34549111127853,12.57905848821,3.62718352063304,4.11,1.39804724409449
2007-07-12,0.501102977742751,14.3364548683167,3.44999843626146,2.9,0.986456692913386
2007-07-13,8.16325342990846e-05,18.6844820976257,5.13306305610405,2.9,0.986456692913386
2007-07-14,0,22.1559405326843,6.55541661614983,2.1,0.714330708661417
2007-07-15,0,24.457647005717,7.21129202444771,1.9,0.646299212598425
2007-07-16,0.000128423162095714,25.1069167455037,6.64152145718143,1.74,0.591874015748032
2007-07-17,0.000705685932189226,22.911591053009,5.36317392006407,1.66,0.564661417322835
2007-07-18,0.126633429899812,21.1592566172282,4.95335497999153,1.64,0.557858267716535
2007-07-19,0.619551380475362,22.3530909220378,5.29752248444208,1.54,0.523842519685039
2007-07-20,19.2565885384878,22.2455520629883,5.78418863888893,1.67,0.568062992125984
2007-07-21,26.1992209752401,19.3200950622559,4.08275666707616,9.39,3.19407874015748
2007-07-22,0.625429148475329,16.6966307957967,3.82058090799156,17.1,5.81669291338583
2007-07-23,8.2279304265976,18.8768259684245,5.59484858096896,8.02,2.72806299212598
2007-07-24,2.51883140206337,15.9286146958669,3.66073175289571,4.05,1.37763779527559
2007-07-25,7.21525451960285e-05,16.8101652463277,4.38631366657128,3.08,1.04768503937008
2007-07-26,0.470334524541007,18.9920476277669,5.46188338450228,2.46,0.836787401574803
2007-07-27,0.248678457777714,19.6445875167847,4.43741107427795,2.14,0.727937007874016
2007-07-28,3.02314576506615,18.8907710711161,4.35898413130819,1.94,0.659905511811024
2007-07-29,14.4758745034536,17.1655723253886,4.20498260769306,1.93,0.656503937007874
2007-07-30,0.0284643078169514,12.8873298168182,3.54866767219437,3.2,1.08850393700787
2007-07-31,0,12.5137230555216,3.91725692833677,2.65,0.901417322834646
2007-08-01,0.0018926225505614,14.5612413883209,4.68675244679394,2,0.680314960629921
2007-08-02,7.17273147900899,17.1235394477844,4.5188036121176,1.84,0.625889763779528
2007-08-03,3.52741167942683,15.4932738145192,3.06383170623516,2.45,0.833385826771654
2007-08-04,1.33360970266949e-05,16.6359389623006,4.32933166668496,2.91,0.989858267716536
2007-08-05,0,17.840881506602,4.800867366211,2.17,0.738141732283465
2007-08-06,0.0665724933302651,19.2859025001526,5.54511794822633,1.89,0.642897637795276
2007-08-07,16.0633854866028,18.2502999305725,3.55506341510938,1.83,0.622488188976378
2007-08-08,26.0615560213725,15.8618164857229,2.33708490585632,6.63,2.25524409448819
2007-08-09,4.23219879468282,13.5913670063019,2.26687654209533,10.8,3.67370078740158
2007-08-10,12.2831791241964,13.3750118414561,2.54321667364187,6.3,2.14299212598425
2007-08-11,1.6110047151645,15.9569884141286,3.00021880967912,6.05,2.05795275590551
2007-08-12,0.211056216425883,17.640514532725,4.15576517548281,5.18,1.7620157480315
2007-08-13,0.374646644146803,18.2544864018758,4.16931794951418,3.27,1.11231496062992
2007-08-14,0.0455291661589096,19.5274167060852,4.39021449882404,2.77,0.942236220472441
2007-08-15,0.0580482717293004,22.7525099118551,5.24346084336656,2.43,0.826582677165354
2007-08-16,13.3919923305511,17.564145565033,3.00365739581217,2.45,0.833385826771654
2007-08-17,1.34038588901361,14.4258043766022,2.62209271723779,2.81,0.955842519685039
2007-08-18,0.0177835890208371,14.9453893502553,3.49135246645907,3.21,1.09190551181102
2007-08-19,0.41008386015892,16.1772226492564,3.97850236812831,2.43,0.826582677165354
2007-08-20,7.62812832991282,14.5883638858795,2.24290931961561,2.3,0.782362204724409
2007-08-21,1.87142783403397,14.9855965773265,2.66389705046952,2.64,0.898015748031496
2007-08-22,7.38953487078349,16.269122838974,3.44328170315249,2.49,0.846992125984252
2007-08-23,1.57326099276543,16.8888775507609,3.42461278151991,3.33,1.13272440944882
2007-08-24,0.000121764465802698,17.5810980796814,4.09413383095664,2.51,0.853795275590551
2007-08-25,1.33360970266949e-05,18.9707463582357,4.36016555187861,2.09,0.710929133858268
2007-08-26,1.33360970266949e-05,19.4085709253947,4.3397962055714,2.01,0.683716535433071
2007-08-27,0,18.5098136266073,4.11043388342983,2,0.680314960629921
2007-08-28,7.88939412434896,15.9926807880402,2.99805453136954,1.97,0.670110236220472
2007-08-29,6.9004457394282,13.7324345111847,1.80460066021674,2.36,0.802771653543307
2007-08-30,0.0563391901087016,13.3748562335968,2.78619159535886,3.16,1.07489763779528
2007-08-31,0.259148026506106,13.0549346605937,3.04850869459434,2.59,0.881007874015748
2007-09-01,0.259749266008536,14.1076788107554,2.41245514480114,2.17,0.738141732283465
2007-09-02,0.000923689920455217,14.9394034544627,2.94892307006935,2.07,0.704125984251968
2007-09-03,13.4828878641129,13.0802646478017,2.50867744376091,2.18,0.741543307086614
2007-09-04,2.86980793873469,8.8224839369456,2.05266943338999,4.24,1.44226771653543
2007-09-05,0.87370739877224,8.52060874303182,1.89455617113422,3.32,1.12932283464567
2007-09-06,2.30787741641204,9.07236886024475,2.08000106722482,2.77,0.942236220472441
2007-09-07,0.651504556337992,11.5502362251282,1.82267870026671,2.61,0.887811023622047
2007-09-08,0.121241039286057,12.8929872512817,1.92813351150406,2.42,0.823181102362205
2007-09-09,0.474429666996002,12.973833322525,2.48284625216417,2.29,0.77896062992126
2007-09-10,7.45917085806529,11.1918666362762,2.63406566299469,2.17,0.738141732283465
2007-09-11,1.07094517846902,10.945595741272,1.86377876958595,2.87,0.976251968503937
2007-09-12,0.0386709927309615,11.87366716067,2.57984150407515,2.78,0.945637795275591
2007-09-13,0.0177785782240486,11.4715933799744,2.78297194793206,2.38,0.809574803149606
2007-09-14,0.649913161993027,14.2403461138407,3.28058591130268,2.11,0.717732283464567
2007-09-15,0.0005990552745061,13.935205300649,2.58607339549993,2.05,0.697322834645669
2007-09-16,0.000355729532505696,14.2213529745738,3.31892685424266,1.96,0.666708661417323
2007-09-17,7.84690670172373,16.6388599077861,3.1127068431789,1.9,0.646299212598425
2007-09-18,5.18415023883184,11.2302162647247,2.02499637302854,2.44,0.829984251968504
2007-09-19,0.0180585412866397,8.08911192417145,2.00602792456545,3.09,1.05108661417323
2007-09-20,0.0183683394861873,9.37083578109741,2.36154210311998,2.47,0.840188976377953
2007-09-21,0.0178145320460317,11.7494005362193,2.83785213969761,2.13,0.724535433070866
2007-09-22,0.018000217682129,13.7716600894928,3.04545233624794,1.97,0.670110236220472
2007-09-23,2.59686315378834e-05,14.3320806026459,2.83568539489549,1.96,0.666708661417323
2007-09-24,2.31317868828773,15.0927302042643,2.92841315697558,1.92,0.653102362204724
2007-09-25,4.81693285703659,10.5023178259532,1.67433867544719,2.05,0.697322834645669
2007-09-26,13.3190622329712,7.94270277023315,0.84189169450308,2.36,0.802771653543307
2007-09-27,1.10178036491076,8.85587318738302,1.32457194383447,3.21,1.09190551181102
2007-09-28,9.49084627628326,8.55230569839478,1.14782322427718,2.78,0.945637795275591
2007-09-29,0.000728182142969066,11.6809519131978,1.90677497895074,2.46,0.836787401574803
2007-09-30,0.00219744142123091,11.114862203598,2.08399819366777,2.2,0.748346456692914
2007-10-01,9.80499256305241e-06,13.1381997267405,2.42312983927229,2.03,0.69051968503937
2007-10-02,1.0440606897076,14.9349838892619,2.26704198780423,1.98,0.673511811023622
2007-10-03,0.0530242222982148,16.1719088554382,2.34878599991528,1.94,0.659905511811024
2007-10-04,1.71956555048625,15.8175352414449,1.98797979174786,1.96,0.666708661417323
2007-10-05,0.525056943297386,14.5354455312093,1.54396158066225,2,0.680314960629921
2007-10-06,0.0168066943624581,10.3822567462921,1.63615237960667,1.92,0.653102362204724
2007-10-07,5.21418751304736e-05,8.79374551773071,1.69450511519998,1.85,0.629291338582677
2007-10-08,0.0458702513278695,8.54706231753031,1.81422110796003,1.81,0.615685039370079
2007-10-09,0.0585907296481309,8.05417780081431,1.63043832754111,1.8,0.612283464566929
2007-10-10,0.0486189191190836,7.57773276170095,1.53972450586611,1.75,0.595275590551181
2007-10-11,0.0456860587413151,7.2417981227239,1.4522975366266,1.78,0.60548031496063
2007-10-12,0.00941300311630281,8.34946401913961,1.53436930166716,1.82,0.619086614173228
2007-10-13,0.0193076832268465,9.1823038260142,1.43542997572205,1.79,0.60888188976378
2007-10-14,1.45649646583479e-05,6.59149841467539,1.40522098861192,1.68,0.571464566929134
2007-10-15,0.000298687891093626,8.29393370946248,1.75610256929489,1.77,0.60207874015748
2007-10-16,0.00020874436449958,9.95580061276754,1.76180036402938,1.73,0.588472440944882
2007-10-17,2.5761963625749,11.6392997900645,1.82033748350266,1.72,0.585070866141732
2007-10-18,1.14204303920269,7.20679899056752,1.11134697724979,1.82,0.619086614173228
2007-10-19,3.41668514410655,3.93594934542974,0.793659907494715,1.75,0.595275590551181
2007-10-20,0.347474956264098,1.70703487594922,0.698069478442362,1.91,0.649700787401575
2007-10-21,1.33033327261607,1.39089983701706,0.613691706304269,1.8,0.612283464566929
2007-10-22,0.0338320483764013,1.99925127625465,0.530469893347884,1.82,0.619086614173228
2007-10-23,1.57091305653254,2.53843239943186,0.404417689404666,1.8,0.612283464566929
2007-10-24,0.00131377016684079,3.98759412765503,0.622405868752229,1.8,0.612283464566929
2007-10-25,0.00184967690650713,5.92588563760122,0.594604884590549,1.78,0.60548031496063
2007-10-26,1.37857829637748e-05,6.17782545089722,0.52234832509943,1.79,0.60888188976378
2007-10-27,6.80856962086788e-05,6.35720586776733,0.482864739386391,1.73,0.588472440944882
2007-10-28,0.000642543244263531,5.28258577982585,0.913799589351634,1.73,0.588472440944882
2007-10-29,0.0489347948732757,4.78586411476135,1.12246969833919,1.74,0.591874015748032
2007-10-30,0.293508688608805,6.03379197915395,0.811658251066745,1.64,0.557858267716535
2007-10-31,3.27975009592289e-05,4.42401123046875,0.942213070798069,1.67,0.568062992125984
2007-11-01,1.72802986829386e-05,2.46255324284236,0.763837426221007,1.67,0.568062992125984
2007-11-02,0.00818413334491197,4.22753127415975,0.952859959371441,1.66,0.564661417322835
2007-11-03,1.31894941131274,7.88855175177256,0.779249892069839,1.7,0.578267716535433
2007-11-04,0.110064688604325,7.53357112407684,0.704851584073932,1.76,0.598677165354331
2007-11-05,1.84065077702204,3.8056046962738,0.805757828918732,1.71,0.581669291338583
2007-11-06,4.50796111424764,4.55293420950572,0.696208401981029,1.76,0.598677165354331
2007-11-07,4.35584874947866,4.201995352904,0.397880151574715,2,0.680314960629921
2007-11-08,3.69521713256836,6.51144830385844,0.50343429152695,1.99,0.676913385826772
2007-11-09,6.12202211221059,3.17505153020223,0.624091673979027,2.15,0.731338582677165
2007-11-10,18.4814418156942,1.83458009362221,0.410763042324438,2.57,0.874204724409449
2007-11-11,17.7416444619497,5.31650408109029,0.590770927872508,8.29,2.81990551181102
2007-11-12,0.15448645548895,2.16052838166555,0.401747593967858,9.89,3.36415748031496
2007-11-13,5.48252097765605,1.67750390370687,0.368404235707352,4.44,1.51029921259843
2007-11-14,6.58013596137365,0.126868227496743,0.321208262048033,3.73,1.2687874015748
2007-11-15,1.3695408826073,-2.12768159310023,0.41798950287155,3.78,1.28579527559055
2007-11-16,0.00890898897341685,-3.35215389728546,0.386190320575115,3.06,1.04088188976378
2007-11-17,0.0652196830681836,-2.401194135348,0.444179860549544,2.79,0.94903937007874
2007-11-18,0.00140055846956481,-1.05830869326989,0.385173846629474,2.56,0.870803149606299
2007-11-19,0.000668455843576036,-1.34927265842756,0.380716853336271,2.5,0.850393700787402
2007-11-20,0.00291125961424162,-0.502541939417521,0.402788061745773,2.3,0.782362204724409
2007-11-21,0.0189169727770301,1.06699189047019,0.405548381044831,2.23,0.758551181102362
2007-11-22,0.000320631646900438,2.43478292226791,0.357292891127937,2.24,0.761952755905512
2007-11-23,2.22351378202438,3.62148384253184,0.503272651680791,2.29,0.77896062992126
2007-11-24,0.860505737364292,3.42965010801951,0.336598776184693,2.56,0.870803149606299
2007-11-25,5.14914155006409,2.63352698087692,0.272538779123637,3.07,1.04428346456693
2007-11-26,3.15487661957741,1.29095016419888,0.316729826056221,2.95,1.00346456692913
2007-11-27,0.28331562752525,0.506021975850066,0.410821936305444,2.82,0.959244094488189
2007-11-28,2.40630488406168e-05,-1.88547836740812,0.390962141464262,2.6,0.884409448818898
2007-11-29,1.38827553391457,-0.722928879161676,0.367613987120234,2.38,0.809574803149606
2007-11-30,0.187322608971347,3.55284116665522,0.396360051584958,2.28,0.77555905511811
2007-12-01,0.732662782073021,5.32899884382884,0.473847535123273,2.35,0.799370078740158
2007-12-02,5.43336000045141,6.9926263888677,0.495764379868565,2.25,0.765354330708661
2007-12-03,5.06192696094513,5.20398942629496,0.405282420279171,2.63,0.894614173228346
2007-12-04,0.49772713581721,3.49752749999364,0.362628375274919,3.84,1.30620472440945
2007-12-05,2.67486135164897,5.27587540944417,0.550466675912786,3.33,1.13272440944882
2007-12-06,6.97733930746714,7.22528306643168,0.376941935598776,2.88,0.979653543307087
2007-12-07,5.45029524962107,8.20215773582458,0.547651466224772,4.1,1.39464566929134
2007-12-08,2.94492830832799,3.18270921707153,0.351716271723265,4.92,1.67357480314961
2007-12-09,1.69740221897761,4.40157345930735,0.453695034468932,4.68,1.59193700787402
2007-12-10,5.11543361345927,3.71264696121216,0.395881578272996,3.88,1.31981102362205
2007-12-11,12.603667418162,2.30739424626032,0.240963910783605,5,1.7007874015748
2007-12-12,2.32570068041484,2.00482099254926,0.226061251077461,8.27,2.81310236220472
2007-12-13,0.371007737393181,1.61391960581144,0.303082053111209,6,2.04094488188976
2007-12-14,0.0223955095279962,-1.95502517620722,0.214642736218928,4.47,1.52050393700787
2007-12-15,0,-3.05547056595484,0.188091258235971,3.49,1.18714960629921
2007-12-16,7.90845670053386e-05,-2.65935232241948,0.195191863177326,2.88,0.979653543307087
2007-12-17,0.000161140500495094,-3.15305467446645,0.145932729092493,2.62,0.891212598425197
2007-12-18,2.17073684325442e-05,-4.26547465721766,0.212810236661124,2.39,0.812976377952756
2007-12-19,0.00014659882314542,-5.01975305875142,0.221345327014122,2.35,0.799370078740158
2007-12-20,0.00175274352659471,-5.42397769292196,0.207221874499654,2.24,0.761952755905512
2007-12-21,0.000633689758008889,-5.06318700313568,0.235330098379075,2.17,0.738141732283465
2007-12-22,0.000209856128473499,-4.926882147789,0.262028489071102,2.13,0.724535433070866
2007-12-23,5.42584954625151e-06,-5.37075185775757,0.267656096723661,2.09,0.710929133858268
2007-12-24,0.0208096799712318,-4.51224784056346,0.295189892122619,2.01,0.683716535433071
2007-12-25,0.00285920665677016,-4.65268218517303,0.234782059540619,1.99,0.676913385826772
2007-12-26,0.00580989258984725,-3.54185309012731,0.328412080682561,1.98,0.673511811023622
2007-12-27,0.00177332107462765,-1.54244154194991,0.271668867228298,1.94,0.659905511811024
2007-12-28,5.36531103231634e-05,-3.33683695395788,0.234170996066738,1.99,0.676913385826772
2007-12-29,5.74614936113358,-1.45923409859339,0.485129057883648,2.01,0.683716535433071
2007-12-30,0.941298936804136,1.72081199288368,0.261388161321099,2.34,0.795968503937008
2007-12-31,2.16096465289593,0.337368161727985,0.314859015461383,2.46,0.836787401574803
2008-01-01,0.00458591184966887,-2.61370891332626,0.210004304036817,2.08,0.707527559055118
2008-01-02,4.06260392082913e-06,-3.91023103396098,0.227700546331684,1.91,0.649700787401575
2008-01-03,4.316067891826e-06,-3.02307641506195,0.289674327130619,1.91,0.649700787401575
2008-01-04,1.29045197638789e-06,-1.76321802536647,0.336703120995424,1.87,0.636094488188976
2008-01-05,20.5971528689067,0.779875819881757,0.463548444493994,1.91,0.649700787401575
2008-01-06,2.12922020753225,2.43629529078801,0.414602464884604,9.3,3.16346456692913
2008-01-07,6.38756767908732,3.54217394193014,0.548711206187314,8.79,2.9899842519685
2008-01-08,7.83098644205893e-05,2.25523013869921,0.53084016883221,7.21,2.45253543307087
2008-01-09,0.0210384447127581,2.00096113483111,0.545211903753671,3.46,1.17694488188976
2008-01-10,9.41514117585029e-05,4.00189505020777,0.576770963117594,2.89,0.983055118110236
2008-01-11,0.000354875104373302,3.16403069098791,0.60362806541151,2.77,0.942236220472441
2008-01-12,0.128167517017573,2.25962255398432,0.423715156550874,2.61,0.887811023622047
2008-01-13,0.00152359361527488,0.746866196393967,0.36258958936974,2.4,0.816377952755906
2008-01-14,0.000564090209081769,0.251456786567966,0.345504584657814,2.35,0.799370078740158
2008-01-15,0.286586335549752,1.72183748086294,0.535120879735144,2.28,0.77555905511811
2008-01-16,1.33158414065838,3.36040063699087,0.438951162630101,2.34,0.795968503937008
2008-01-17,8.36419932047526,3.23122169574102,0.518724559908369,2.48,0.843590551181102
2008-01-18,1.17169947425524,6.00148745377858,0.590577070079754,3.31,1.12592125984252
2008-01-19,0.000483070970706952,9.5671079158783,0.533032551994407,3.92,1.33341732283465
2008-01-20,4.55618980292153e-05,7.84104919433594,0.71283229663696,3.21,1.09190551181102
2008-01-21,4.34190960725148,5.84610366821289,0.60379829161446,2.86,0.972850393700787
2008-01-22,4.92532432079315,3.84635337193807,0.627210300347871,3.08,1.04768503937008
2008-01-23,0.000103068227569262,0.394345417977699,0.549016679786408,3.34,1.13612598425197
2008-01-24,3.20238800843557,2.83024754126867,0.710350643620482,2.86,0.972850393700787
2008-01-25,0.00136348298110534,2.1098622183005,0.473251151026624,2.82,0.959244094488189
2008-01-26,6.38166402495699e-05,1.85411609212557,0.558027706516225,2.74,0.932031496062992
2008-01-27,0.0174776595376898,5.76450490951538,0.643008638721084,2.57,0.874204724409449
2008-01-28,0.0586156198526927,3.39094752073288,0.772279740093428,2.43,0.826582677165354
2008-01-29,3.68049028717602e-05,1.06930864353975,0.598630517479854,2.33,0.792566929133858
2008-01-30,2.06697128216426,1.42461008826892,0.582008271565538,2.32,0.789165354330709
2008-01-31,0.0241926383847992,0.913673579692841,0.411931023080241,2.37,0.806173228346457
2008-02-01,12.0394353071849,5.21618358294169,0.793093481363915,2.32,0.789165354330709
2008-02-02,0.503916457295418,0.561578026778686,0.669811136788759,3.61,1.22796850393701
2008-02-03,0.00812631812004838,-1.61769626537959,0.615340303562587,3.59,1.22116535433071
2008-02-04,1.61411770184835,0.685744889701406,0.660693134343984,2.85,0.969448818897638
2008-02-05,0.437537698696057,3.78296309709549,0.715532761114087,2.65,0.901417322834646
2008-02-06,5.08730922142665,6.75472227732341,0.785611581124886,2.86,0.972850393700787
2008-02-07,0.0349935284466483,2.26553520560265,0.790108760033274,3.36,1.14292913385827
2008-02-08,3.13883103141658e-05,0.555074440936247,0.809843233625011,3.01,1.02387401574803
2008-02-09,5.43020557112565e-06,1.35917512575785,0.806056248053428,2.62,0.891212598425197
2008-02-10,9.91269780570292e-06,1.04976893464724,0.776454797678292,2.48,0.843590551181102
2008-02-11,0,1.02091526985168,0.792023376576324,2.39,0.812976377952756
2008-02-12,1.40155710444863e-05,1.22648477554321,0.85640758519079,2.29,0.77896062992126
2008-02-13,0.00320862198229103,-1.78238001465797,0.670554435097981,2.23,0.758551181102362
2008-02-14,0.071111808763817,-1.91469200452169,0.742282274686891,2.17,0.738141732283465
2008-02-15,0.0902762815045814,-1.36772280931473,0.475917612316248,2.15,0.731338582677165
2008-02-16,0,-3.68469685316086,0.580278752642516,2.08,0.707527559055118
2008-02-17,0,-3.20988100767136,0.795342878166756,2,0.680314960629921
2008-02-18,2.38722441281425e-06,-0.0492519831750542,1.05763754471767,1.99,0.676913385826772
2008-02-19,0,1.55994180838267,1.16655037827406,1.9,0.646299212598425
2008-02-20,0.837582029402256,2.8459113240242,1.31986446390989,1.88,0.639496062992126
2008-02-21,0.741773990293344,6.13652749856313,0.7916303362128,1.96,0.666708661417323
2008-02-22,0.129886008178194,8.37521326541901,1.1483156759696,2,0.680314960629921
2008-02-23,0.000579754496660219,8.41692384084066,1.52434734687073,2.06,0.700724409448819
2008-02-24,0,7.60575449466705,1.90971184576039,1.98,0.673511811023622
2008-02-25,1.66146434518547e-05,7.24058818817139,1.52764126433196,2,0.680314960629921
2008-02-26,3.6549303929011,8.14583702882131,1.71585201219454,2.05,0.697322834645669
2008-02-27,0.0277406387031078,6.37347173690796,1.15937640091721,2.21,0.751748031496063
2008-02-28,3.06972136100133,4.81252384185791,1.42985102281485,1.97,0.670110236220472
2008-02-29,4.94784406820933,8.45657149950663,0.924363107564343,2.03,0.69051968503937
2008-03-01,10.9207951227824,8.1777780453364,1.36612645702311,2.67,0.908220472440945
2008-03-02,0.327366021151344,9.02958377202352,0.994752099862136,2.93,0.996661417322835
2008-03-03,5.14258509874344,7.20230702559153,1.53777848103021,2.51,0.853795275590551
2008-03-04,1.84703906377157,1.36658695836862,0.903290077002766,2.54,0.864
2008-03-05,0.355627129785717,-1.27701673905055,0.860791277140492,2.32,0.789165354330709
2008-03-06,0.000164133551265877,-2.17753851413727,1.01454843258263,2.19,0.744944881889764
2008-03-07,0.155010147020221,0.806609015911818,1.17094034922466,2.04,0.69392125984252
2008-03-08,0.452093615507086,2.23492973049482,0.951830381108088,2.06,0.700724409448819
2008-03-09,0.00017202149683726,3.9038627743721,1.63407086976535,1.93,0.656503937007874
2008-03-10,0.384144141028325,7.00108603636424,1.96436389882494,1.9,0.646299212598425
2008-03-11,1.3974866271019,6.93999326229095,1.13736142725612,1.9,0.646299212598425
2008-03-12,14.2666158676147,7.9362884759903,1.70596887572599,2.56,0.870803149606299
2008-03-13,2.04867923259735,4.86357760429382,1.15887040318257,3.34,1.13612598425197
2008-03-14,6.82882165908813,7.28319450219472,1.39935084880131,2.67,0.908220472440945
2008-03-15,0.0210198086375992,8.0420058965683,1.66409402781324,2.68,0.911622047244095
2008-03-16,2.41658647855123,8.03044617176056,1.35019696191361,2.52,0.857196850393701
2008-03-17,4.71843802928925,4.44952587286631,1.10928186929978,2.6,0.884409448818898
2008-03-18,0.00905255847222482,1.5163180132707,1.22137043689075,3.27,1.11231496062992
2008-03-19,1.02751234918833,0.229523121689757,1.15102632677545,2.67,0.908220472440945
2008-03-20,2.99911687771479,0.652100101113319,1.03360351337308,2.29,0.77896062992126
2008-03-21,4.23183099428813,1.1318463186423,0.819729578366902,2.45,0.833385826771654
2008-03-22,0.18156727279226,1.84611534078916,1.24253884829255,3.53,1.20075590551181
2008-03-23,0.342655165120959,-0.322828541199366,0.930761168882733,2.85,0.969448818897638
2008-03-24,1.22390123208364,-1.26990705728531,1.2517072720816,2.46,0.836787401574803
2008-03-25,1.48806517322858,-1.05338411033154,0.86910068144807,2.35,0.799370078740158
2008-03-26,0.0295227997315427,1.34095543622971,1.31816321319741,2.2,0.748346456692914
2008-03-27,0.10507931583561,3.70119343201319,1.60095585870769,2.15,0.731338582677165
2008-03-28,0.217151093607148,5.06586400667826,2.06759103877582,2.09,0.710929133858268
2008-03-29,0.000342308550898451,6.81745584805806,2.21426147289862,2.03,0.69051968503937
2008-03-30,1.05164310753025e-05,9.35887630780538,3.3399355072468,1.94,0.659905511811024
2008-03-31,0.0562665179216613,7.81753504276276,1.88093139593309,1.9,0.646299212598425
2008-04-01,2.41113663713137,8.92170135180155,2.07554320367369,1.86,0.632692913385827
2008-04-02,5.84920108318329,7.08527159690857,1.59211774547456,1.96,0.666708661417323
2008-04-03,6.32375260194143,3.88230941692988,1.30732026146279,2.2,0.748346456692914
2008-04-04,0.782219859150549,4.88765029112498,1.41581854774956,2.27,0.772157480314961
2008-04-05,7.64717408021291,5.14917135238647,1.55330889667284,2.12,0.721133858267717
2008-04-06,1.64214240511258,3.58377309640249,1.43630604057507,2.83,0.962645669291339
2008-04-07,0.080773468905439,1.46828488012155,1.53066785324463,3.27,1.11231496062992
2008-04-08,0.001342156661849,2.85224137703578,2.1729822115793,2.49,0.846992125984252
2008-04-09,1.24630850056807,9.33601689338684,2.98455048720361,2.23,0.758551181102362
2008-04-10,1.16975678938131,10.0775512854258,2.49068380463117,2.28,0.77555905511811
2008-04-11,10.4102674325307,10.2573267618815,2.87858129519945,2.45,0.833385826771654
2008-04-12,0.316589753764371,6.9418165286382,2.13075612729731,3.47,1.18034645669291
2008-04-13,0.00229806760277521,7.98233433564504,2.70749611002008,2.6,0.884409448818898
2008-04-14,2.13842538992564,6.89151477813721,2.44733847976826,2.3,0.782362204724409
2008-04-15,2.9466474254926,4.8597959280014,1.47210855766217,2.3,0.782362204724409
2008-04-16,3.68869042396545,3.47524988651276,1.65503755778042,2.81,0.955842519685039
2008-04-17,0.00124156949459575,4.59224228064219,2.23305175093652,3.39,1.15313385826772
2008-04-18,2.32493621110916,8.31080849965413,2.96947116999426,2.8,0.95244094488189
2008-04-19,4.41491702198982,8.34423359235128,2.61723929041463,2.61,0.887811023622047
2008-04-20,0.000512631534926792,10.3312429587046,3.80887050691867,2.3,0.782362204724409
2008-04-21,31.9429148832957,9.85802721977234,1.96031630211889,1.95,0.663307086614173
2008-04-22,7.12370606263479,8.57112940152486,1.50953728433146,12.4,4.21795275590551
2008-04-23,0.0270430706441402,9.15312314033508,2.5738571616029,20.8,7.07527559055118
2008-04-24,5.66627063353856,9.32167998949687,2.99796476076186,6.31,2.1463937007874
2008-04-25,1.14101484914621,9.20605166753133,2.53807874144679,5.33,1.81303937007874
2008-04-26,5.17969879183511e-05,9.49280778566996,3.41677550796038,4.29,1.45927559055118
2008-04-27,6.98355919060608e-05,11.2967546780904,3.97980255930901,3.3,1.12251968503937
2008-04-28,11.3478647867839,13.5496153036753,4.14302942706227,2.88,0.979653543307087
2008-04-29,0.82761013507843,9.08373045921326,2.95804228822399,3.25,1.10551181102362
2008-04-30,8.73227373758952,9.4744458993276,3.77123547053162,3.72,1.26538582677165
2008-05-01,0.0797352384154995,9.53677781422933,2.94480621152909,5.93,2.01713385826772
2008-05-02,0.853195172928584,10.9357279936473,3.70869938339517,3.24,1.10211023622047
2008-05-03,1.31654373186999e-05,11.7445670763652,3.87173547673088,2.71,0.921826771653543
2008-05-04,1.31654373186999e-05,11.5807985464732,3.74308146931692,2.44,0.829984251968504
2008-05-05,2.60400823511494e-06,10.7636678218842,3.72718619137749,2.27,0.772157480314961
2008-05-06,0.00137319943557183,12.5508789221446,4.05266913345547,2.23,0.758551181102362
2008-05-07,0,12.3501107692719,3.9064243282946,2.15,0.731338582677165
2008-05-08,1.86800768157506e-06,12.9734859466553,4.52258570266057,2.04,0.69392125984252
2008-05-09,2.72459589420275e-05,14.7363512516022,4.94732862150956,1.93,0.656503937007874
2008-05-10,0.000132119328725366,15.2870422204336,4.70508725721369,1.93,0.656503937007874
2008-05-11,0.0526129198260605,14.3493680159251,4.46895493505157,1.8,0.612283464566929
2008-05-12,0.000914738312530972,14.5815552075704,4.85870121092213,1.77,0.60207874015748
2008-05-13,0.000554319844619992,15.306479771932,5.06330108482405,1.64,0.557858267716535
2008-05-14,0.00343709027705093,15.8083081245422,5.24938360750746,1.69,0.574866141732283
2008-05-15,1.94040616850058,15.8899251619975,5.04097434123256,1.7,0.578267716535433
2008-05-16,0.220967618748546,15.8982782363892,4.15244140676295,1.74,0.591874015748032
2008-05-17,11.0913671652476,15.1082972685496,3.39079142640585,1.74,0.591874015748032
2008-05-18,14.8032511075338,12.1001781622569,2.5487711849524,2.34,0.795968503937008
2008-05-19,0.141440960190569,11.682625134786,2.66742121723499,2.78,0.945637795275591
2008-05-20,0.831457992394765,10.1786512533824,2.33532270598902,2.25,0.765354330708661
2008-05-21,0.660997619231542,9.06134438514709,1.89141374513777,2.06,0.700724409448819
2008-05-22,0.743195419510206,10.9953781763713,2.26644431818525,2.03,0.69051968503937
2008-05-23,0.0146375674909602,12.8515793482463,3.79938809135493,2.05,0.697322834645669
2008-05-24,0.539976557095846,14.5323538780212,4.60922899410163,2.01,0.683716535433071
2008-05-25,0.0798327238687004,16.8129968643188,4.62783721292131,1.97,0.670110236220472
2008-05-26,0.000953015956232169,18.0932839711507,4.74348083574604,1.94,0.659905511811024
2008-05-27,0.00116394411694879,21.5972828865051,6.16085385934938,1.88,0.639496062992126
2008-05-28,0.00016262780748851,21.4138344128927,5.32305400120176,1.83,0.622488188976378
2008-05-29,1.26110959778695e-05,21.4914023081462,4.92610284674023,1.78,0.60548031496063
2008-05-30,11.1466776132584,18.7748284339905,5.06249763689155,1.91,0.649700787401575
2008-05-31,0.764387240012487,17.3428064982096,4.63761415382751,2.24,0.761952755905512
2008-06-01,0.017931204798515,18.9959812164307,5.70200103205876,1.97,0.670110236220472
2008-06-02,1.58800393094619,20.4513708750407,5.66117037752863,1.8,0.612283464566929
2008-06-03,0.128652301927408,16.7254662513733,3.71888440338469,2.03,0.69051968503937
2008-06-04,14.1874074935913,16.2062870661418,3.3939148890762,2.2,0.748346456692914
2008-06-05,5.55907400449117,15.6772435506185,3.09231932825155,3.02,1.02727559055118
2008-06-06,0.123814155658086,16.3866400718689,4.04840294059824,2.5,0.850393700787402
2008-06-07,4.28094132741292,14.0642069180806,2.39636141866914,1.94,0.659905511811024
2008-06-08,0.903356627871593,15.3414231141408,4.2946941913914,1.87,0.636094488188976
2008-06-09,0.00110110931564122,16.4450168609619,5.06058821954426,1.85,0.629291338582677
2008-06-10,7.96637560923894,18.626949151357,5.47261761670381,1.85,0.629291338582677
2008-06-11,7.3501111070315,16.1623515288035,3.80705071576822,2.62,0.891212598425197
2008-06-12,2.34489068388939,14.2797935009003,3.76342664079503,2.32,0.789165354330709
2008-06-13,0.267986095199982,10.6948914527893,3.24268198425298,2.01,0.683716535433071
2008-06-14,0.0278903549769893,11.1795220375061,3.78356696554123,1.9,0.646299212598425
2008-06-15,0.97946752111117,11.6852253278097,4.00638822689028,1.77,0.60207874015748
2008-06-16,2.44013979037603,11.9566888014475,2.86802763857508,1.79,0.60888188976378
2008-06-17,0.467424201468627,13.347460826238,3.12490975367296,1.8,0.612283464566929
2008-06-18,0.00627575667264561,15.8296027978261,4.4762187013901,1.83,0.622488188976378
2008-06-19,0.245164511104425,17.8627594312032,5.63162633656217,1.75,0.595275590551181
2008-06-20,0.248382108363633,18.7563366889954,4.95364022722963,1.67,0.568062992125984
2008-06-21,0,19.9238793055216,6.09372196091614,1.66,0.564661417322835
2008-06-22,3.90812849998474,23.0784018834432,6.87453894297393,1.65,0.561259842519685
2008-06-23,5.16148272156715,21.3834300041199,5.41825508065493,1.81,0.615685039370079
2008-06-24,2.94509109295905,20.3495400746663,4.99083513057632,1.9,0.646299212598425
2008-06-25,0.405089303851128,22.067200978597,6.10659724865918,1.71,0.581669291338583
2008-06-26,0.00498128800730531,18.9453290303548,4.23608210828707,1.7,0.578267716535433
2008-06-27,7.47599697206169e-05,18.7432786623637,5.00916055105757,1.61,0.547653543307087
2008-06-28,1.782873217356e-05,18.7964275677999,5.00939726473403,1.59,0.540850393700787
2008-06-29,17.489842414856,20.9300607045492,6.05177320262675,1.57,0.534047244094488
2008-06-30,0.0380491404018054,19.9548905690511,4.85243738176386,2.61,0.887811023622047
2008-07-01,0.0359560803578158,21.0918207168579,6.00922193666663,1.87,0.636094488188976
2008-07-02,1.92800448338191,21.9239341417948,6.10750284550137,1.67,0.568062992125984
2008-07-03,13.6182386875153,19.3332457542419,5.25757643354222,1.6,0.544251968503937
2008-07-04,0.00576949333966089,16.480761607488,4.35360412462899,2.67,0.908220472440945
2008-07-05,0.00189563100623976,17.6344641049703,5.62439251016468,1.83,0.622488188976378
2008-07-06,15.0898644924164,18.0711582501729,4.95633551174766,1.65,0.561259842519685
2008-07-07,1.8435470610857,15.1768234570821,3.42105982686073,2.22,0.755149606299213
2008-07-08,2.10681850711505,15.1720578670502,3.89375301571553,1.93,0.656503937007874
2008-07-09,0.725824842850367,15.6119586626689,4.02145060795609,1.67,0.568062992125984
2008-07-10,0.0119862614277129,20.1783088048299,5.67717028780305,1.64,0.557858267716535
2008-07-11,13.3482226530711,20.6985495885213,5.92927374610914,1.59,0.540850393700787
2008-07-12,17.0061802864075,15.9235819975535,2.49764708061248,2.29,0.77896062992126
2008-07-13,29.4883036613464,14.0827348232269,2.38151574081922,5.84,1.98651968503937
2008-07-14,1.15395499020815,14.2675121625264,3.23196360761053,5.85,1.98992125984252
2008-07-15,2.3159183607883e-06,16.6740563710531,4.6028015963704,3.74,1.27218897637795
2008-07-16,6.0977256099383,18.5415061314901,5.39011498068742,2.32,0.789165354330709
2008-07-17,7.87695014476776,14.1519392331441,2.46105862204623,2.49,0.846992125984252
2008-07-18,1.45249864086509,15.1773655414581,3.35791788150893,3.99,1.35722834645669
2008-07-19,1.16367060318589,18.2062524159749,4.79083833354831,2.94,1.00006299212598
2008-07-20,8.35385342439016,16.5109430948893,4.1982339386701,2.71,0.921826771653543
2008-07-21,0.992848088343938,13.1470660368601,3.08106688784493,2.46,0.836787401574803
2008-07-22,0.254684677968423,12.4655437469482,3.08143687736861,2.17,0.738141732283465
2008-07-23,0.00354890249824772,14.2670563856761,4.15431734365619,1.97,0.670110236220472
2008-07-24,4.56767391672959e-05,16.2453456719716,4.70600507110085,1.86,0.632692913385827
2008-07-25,0.00132033643361259,18.8358448346456,5.09123471862759,1.84,0.625889763779528
2008-07-26,1.14300375183423,19.8751174608866,5.04052692247442,1.81,0.615685039370079
2008-07-27,0.00983295434465011,21.189715385437,4.72236475328883,1.83,0.622488188976378
2008-07-28,0.119119106947134,21.3600433667501,5.29798673748577,1.73,0.588472440944882
2008-07-29,0.927205085754395,20.9974438349406,4.9309000491794,1.72,0.585070866141732
2008-07-30,1.0964414079984,21.8516755104065,5.47689299308553,2.01,0.683716535433071
2008-07-31,0.00158121808707771,22.4705853462219,5.31053366736271,1.85,0.629291338582677
2008-08-01,13.9581226905187,20.4413070678711,4.10866419473463,1.75,0.595275590551181
2008-08-02,0.582631683597962,19.9071669578552,4.12943940980022,2.23,0.758551181102362
2008-08-03,0.0738512071159979,20.5880842208862,4.44883748352359,1.79,0.60888188976378
2008-08-04,4.52714600165685,19.1845347086589,4.21645965135777,1.68,0.571464566929134
2008-08-05,0.0411685935687274,17.8389620780945,3.81218748104103,1.83,0.622488188976378
2008-08-06,0.0153880207411324,19.6866315205892,5.07072358010423,1.77,0.60207874015748
2008-08-07,6.13620543479919,21.4636603991191,5.68128480386845,1.72,0.585070866141732
2008-08-08,3.14755654831727,17.6750151316325,3.5344126166562,1.87,0.636094488188976
2008-08-09,0.87242978066206,16.1186903317769,3.42859062579957,1.75,0.595275590551181
2008-08-10,1.60327260042929e-05,18.0089316368103,4.75696473524473,1.75,0.595275590551181
2008-08-11,14.5632383823395,19.0699396133423,4.64770276785432,1.9,0.646299212598425
2008-08-12,9.47359784444173,17.4144908587138,3.55870227864567,2.61,0.887811023622047
2008-08-13,0.00147808817079446,16.9144476254781,3.48541824343034,2.63,0.894614173228346
2008-08-14,10.4202861388524,17.2290736834208,3.20144464398782,1.99,0.676913385826772
2008-08-15,6.91209731499354,13.2623909314473,2.17332951122886,2.92,0.993259842519685
2008-08-16,0.00703128780636083,13.2488474845886,3.17191291299448,3.51,1.19395275590551
2008-08-17,0.0240993850554029,14.6007630825043,4.02267482635671,2.32,0.789165354330709
2008-08-18,5.96763987535572e-05,18.0258320172628,4.46646466982207,1.93,0.656503937007874
2008-08-19,2.85394700368245,19.2796104749044,4.55660111097748,1.84,0.625889763779528
2008-08-20,0.00149901208351366,16.2348382472992,2.6429481986418,1.87,0.636094488188976
2008-08-21,1.64811444847146e-06,16.3294967015584,3.70440658243572,1.76,0.598677165354331
2008-08-22,3.22978493571281,16.3765645027161,3.71151640275424,1.74,0.591874015748032
2008-08-23,4.82637844483058,13.6416428089142,2.46207650035173,1.95,0.663307086614173
2008-08-24,0.0583293831829602,13.7691850662231,3.37683991116713,2.08,0.707527559055118
2008-08-25,0.0350731960691822,15.3285363515218,3.43845244972027,1.79,0.60888188976378
2008-08-26,0.000104176741842821,17.2008190155029,3.55147925973094,1.73,0.588472440944882
2008-08-27,1.140933318311e-05,17.4244313240051,3.99609953929707,1.7,0.578267716535433
2008-08-28,0,17.4858330090841,3.67411321585494,1.7,0.578267716535433
2008-08-29,5.53099186314891e-05,16.1801005999247,3.18667068396492,1.7,0.578267716535433
2008-08-30,0,16.8719967206319,3.81277066941714,1.63,0.554456692913386
2008-08-31,0.332101144517461,18.4623235066732,4.3172102758915,1.68,0.571464566929134
2008-09-01,8.48802131414413,17.8612394332886,2.82054254188932,1.85,0.629291338582677
2008-09-02,0.00338781506676848,17.7507772445679,3.31394370783205,1.91,0.649700787401575
2008-09-03,9.39021615187327,18.812350432078,3.83593017464942,1.76,0.598677165354331
2008-09-04,1.87585307161013,16.087508281072,2.37753016650754,2.29,0.77896062992126
2008-09-05,4.43183307652362e-05,19.0787836710612,3.61627148399289,1.86,0.632692913385827
2008-09-06,10.9368462562561,18.1887114842733,3.19444069614197,1.78,0.60548031496063
2008-09-07,6.00910504659017,13.6885484059652,1.96285273535209,2.44,0.829984251968504
2008-09-08,0.00536422972678944,13.860543012619,2.92363494649242,2.58,0.877606299212599
2008-09-09,0.00833146407846167,15.4800442854563,3.71236092136299,1.94,0.659905511811024
2008-09-10,0.02223030217768,17.5940845807393,2.99834401941589,1.78,0.60548031496063
2008-09-11,0.829372296730677,18.1045611699422,3.38940151760964,1.7,0.578267716535433
2008-09-12,2.00880718231201,15.6164468924205,2.27689533895935,1.87,0.636094488188976
2008-09-13,1.48163596789042,12.252336025238,1.74667111029156,1.85,0.629291338582677
2008-09-14,0.070214614039287,8.23208216826121,1.5389664735721,1.71,0.581669291338583
2008-09-15,3.60960131883621,7.05261997381846,0.942395198946286,1.68,0.571464566929134
2008-09-16,0.000105345592601225,7.49007360140483,1.39294727783304,1.79,0.60888188976378
2008-09-17,0.0360361210890308,6.33169678846995,1.61026180855419,1.72,0.585070866141732
2008-09-18,0.0261877383745741,7.34821633497874,2.09265645841036,1.72,0.585070866141732
2008-09-19,0.00285836403660748,8.67037010192871,2.11411294320184,1.66,0.564661417322835
2008-09-20,1.64001188143933e-05,7.67875893910726,1.88440152257201,1.69,0.574866141732283
2008-09-21,1.42379961411158,8.13081991672516,1.84823559415993,1.59,0.540850393700787
2008-09-22,2.65589194496473,7.71445568402608,1.67289565643459,1.7,0.578267716535433
2008-09-23,0.0699715645362933,7.64426370461782,1.71833896880747,1.77,0.60207874015748
2008-09-24,0.211779670789838,8.11837542057037,1.80641478804692,1.69,0.574866141732283
2008-09-25,0.45074542472139,9.27517072359721,0.982550651829708,1.68,0.571464566929134
2008-09-26,0.0338904032784436,9.19538799921671,1.59230486228464,1.7,0.578267716535433
2008-09-27,5.47285268718648e-06,8.32675949732463,1.8516390406804,1.65,0.561259842519685
2008-09-28,0.0359141610266912,7.22428274154663,1.80877347575766,1.63,0.554456692913386
2008-09-29,0.00367348423484752,9.00196043650309,2.0487486473678,1.61,0.547653543307087
2008-09-30,3.36150129636129,10.1390393575033,1.62983073081273,1.66,0.564661417322835
2008-10-01,0.0745957375232441,11.9752858479818,1.49011178671167,1.68,0.571464566929134
2008-10-02,0.35441904142499,10.3630142211914,1.48375519088211,1.59,0.540850393700787
2008-10-03,2.31308035552502,6.47405385971069,1.18826982743376,1.66,0.564661417322835
2008-10-04,1.48113037645817,5.11681167284648,1.07914359889101,1.72,0.585070866141732
2008-10-05,0.414847480754058,7.68208769957225,1.75888420582423,1.67,0.568062992125984
2008-10-06,1.1350128253301,12.9813148180644,1.74834859312257,1.64,0.557858267716535
2008-10-07,0.000837462430354208,12.5569030443827,1.86272073200705,1.64,0.557858267716535
2008-10-08,0.0202701104960094,12.1268063386281,1.95865368488268,1.65,0.561259842519685
2008-10-09,0.0462108895056493,11.3986167112986,1.71391699914384,1.61,0.547653543307087
2008-10-10,0.0123945251495267,10.8390550613403,1.35651441413308,1.63,0.554456692913386
2008-10-11,0.00164913454902186,10.3220694859823,1.74613933480945,1.61,0.547653543307087
2008-10-12,0.00191016681492329,11.5018479824066,2.04869359659922,1.61,0.547653543307087
2008-10-13,0.166330077995857,12.4393193721771,2.04552684033129,1.59,0.540850393700787
2008-10-14,4.32675555348396,14.8429260253906,1.68180417039667,1.59,0.540850393700787
2008-10-15,0.922156423330307,14.4236238797506,1.53032696819839,2.03,0.69051968503937
2008-10-16,16.3270367781321,11.049712896347,1.30920006770355,2,0.680314960629921
2008-10-17,0.000338030602203313,6.03700168927511,1.17219916370029,2.78,0.945637795275591
2008-10-18,0.000565620168951379,4.92911088466644,1.3342033975435,2.05,0.697322834645669
2008-10-19,0,6.62696202596029,1.38360992825186,1.85,0.629291338582677
2008-10-20,2.86043984184895e-05,9.78077069918315,1.6940761587413,1.75,0.595275590551181
2008-10-21,0.0250444257399067,12.8028685251872,1.60794129708925,1.74,0.591874015748032
2008-10-22,4.97344905138016,7.45140306154887,1.04325765232691,1.72,0.585070866141732
2008-10-23,0.0175930101734896,5.27674754460653,0.641110045423165,1.91,0.649700787401575
2008-10-24,0.000274261676774283,5.37063654263814,0.970060748231541,1.77,0.60207874015748
2008-10-25,0.0188231698654514,5.08888737360636,1.00118582785464,1.7,0.578267716535433
2008-10-26,0.0328077488751054,5.49813250700633,1.03799258986474,1.74,0.591874015748032
2008-10-27,6.38520816961924,8.80925345420837,1.05857012649637,1.81,0.615685039370079
2008-10-28,7.73131553332011,6.88467788696289,0.603300169744985,2.13,0.724535433070866
2008-10-29,3.3738849957784,4.02465502421061,0.592461915124866,2.63,0.894614173228346
2008-10-30,0.0890743398631457,1.93580660223961,0.532824645345697,2.68,0.911622047244095
2008-10-31,0.0035226508625783,2.54380695025126,0.602058346354206,2.36,0.802771653543307
2008-11-01,0,5.20064043998718,0.766666189981605,2.21,0.751748031496063
2008-11-02,0.00101960167618624,6.57261125246684,0.968097901614805,2.01,0.683716535433071
2008-11-03,0.259332259496053,9.32131973902384,0.92206079381094,2.02,0.687118110236221
2008-11-04,0.000943056904361583,8.25081861019135,0.598030811050248,1.99,0.676913385826772
2008-11-05,0.113145861396333,9.08034841219584,1.08106834666228,1.98,0.673511811023622
2008-11-06,0.0263831785996445,7.36391913890839,0.702457599176641,1.95,0.663307086614173
2008-11-07,0.000280908206832464,6.86364428202311,0.841053362874438,1.93,0.656503937007874
2008-11-08,0.00055978181262617,5.40290991465251,0.827644896636046,1.87,0.636094488188976
2008-11-09,0.0630303632739621,7.53438850243886,1.00460998671964,1.88,0.639496062992126
2008-11-10,1.29004424707091e-05,9.43825960159302,0.990660365551103,1.9,0.646299212598425
2008-11-11,1.48418554663658,8.12121065457662,1.04983202242044,1.83,0.622488188976378
2008-11-12,0.743191421031952,5.713561018308,0.50792990552568,1.87,0.636094488188976
2008-11-13,0.858625804384549,4.27804291248322,0.389372150202489,1.95,0.663307086614173
2008-11-14,0.00147795021378746,3.40484478076299,0.607757039372163,1.89,0.642897637795276
2008-11-15,0.0339646225232476,2.4475245376428,0.597938184866057,1.77,0.60207874015748
2008-11-16,1.84831912815571,4.62937724590302,0.559484997055586,1.82,0.619086614173228
2008-11-17,0.00105391896795481,2.28692596157392,0.588308707664304,1.87,0.636094488188976
2008-11-18,0.786501047511896,1.69792318344116,0.547548986397285,1.69,0.574866141732283
2008-11-19,0.213182955980301,5.04547870159149,0.43257170029677,1.76,0.598677165354331
2008-11-20,3.99235357840856,6.53501458962758,0.428555335353087,1.68,0.571464566929134
2008-11-21,19.2781325976054,3.87062813838323,0.561349300620383,2.58,0.877606299212599
2008-11-22,0.253335079333435,-1.39551753799121,0.261850689827343,3.18,1.08170078740157
2008-11-23,8.04402613639832,-2.04372798403104,0.268547969779532,2.34,0.795968503937008
2008-11-24,0.0913581559434533,0.448564200351636,0.449340534228518,2.16,0.734740157480315
2008-11-25,0.00953264275449328,-1.58408679564794,0.386041290301185,2.09,0.710929133858268
2008-11-26,4.1123357732431e-06,-1.7940792342027,0.400287156582722,1.96,0.666708661417323
2008-11-27,1.35006127190233e-05,-2.45688100655874,0.345170025197216,1.87,0.636094488188976
2008-11-28,5.27449024190219e-06,-3.30027427275976,0.31012706342114,1.8,0.612283464566929
2008-11-29,0.00112334219738841,-1.18187687794367,0.388882529120952,1.79,0.60888188976378
2008-11-30,0.00332117862308223,0.362069729715586,0.456757386695293,1.75,0.595275590551181
2008-12-01,2.24145942926407,0.798880661527316,0.356775380577801,1.76,0.598677165354331
2008-12-02,0.0641577082375685,1.17433972656727,0.372683949243228,1.9,0.646299212598425
2008-12-03,0.121311085997149,0.836767137050629,0.459751084104764,1.92,0.653102362204724
2008-12-04,3.84511178731918,2.28413477540016,0.39889478625138,1.85,0.629291338582677
2008-12-05,1.64942052960396,3.42418114344279,0.399948600485137,2.46,0.836787401574803
2008-12-06,4.01084929704666,3.10325843095779,0.305358308446039,3.25,1.10551181102362
2008-12-07,2.33800290028254,1.8565053542455,0.339003223474832,3.18,1.08170078740157
2008-12-08,0.0123206010515181,-0.857427244385084,0.263944439992326,2.81,0.955842519685039
2008-12-09,1.00378581881523,-0.951553950707118,0.363398519894663,2.45,0.833385826771654
2008-12-10,6.30619911352793,-0.267459464569887,0.220150248822901,2.26,0.768755905511811
2008-12-11,8.41431069374084,-0.740369143585364,0.14686836835403,2.22,0.755149606299213
2008-12-12,0.817562878131866,-1.24853374560674,0.187520944833139,2.19,0.744944881889764
2008-12-13,0.0149419674417004,-1.80470968286196,0.296469094701249,2.14,0.727937007874016
2008-12-14,0.00103139491208519,-0.935154020786285,0.329656375321443,2.06,0.700724409448819
2008-12-15,0.00953172744872669,-0.710012746353944,0.281060429543745,1.99,0.676913385826772
2008-12-16,0.0981993454818924,-0.386176494260629,0.259722264889141,1.95,0.663307086614173
2008-12-17,1.98719570040703,-0.285757660012071,0.167200981948879,1.92,0.653102362204724
2008-12-18,1.47325121363004,-0.266000155514727,0.216565526195381,1.98,0.673511811023622
2008-12-19,3.53487277030945,1.03561689953009,0.267432419392016,2.07,0.704125984251968
2008-12-20,4.83300846815109,2.8393573363622,0.330145431179821,2.91,0.989858267716536
2008-12-21,2.26492052276929,5.51272789637248,0.298691886254218,7.16,2.43552755905512
2008-12-22,0.732191115617752,5.36191972096761,0.244970762807202,5.62,1.91168503937008
2008-12-23,0.00223328255060551,3.13061958551407,0.384172311888721,3.47,1.18034645669291
2008-12-24,1.04081956048807,1.57309702038765,0.282252975015914,2.81,0.955842519685039
2008-12-25,0.216732654099663,0.907545059919357,0.301852761657397,2.47,0.840188976377953
2008-12-26,3.03969560870125e-05,-2.7442320783933,0.214332683572567,2.22,0.755149606299213
2008-12-27,0.000513916102742466,-3.02842980623245,0.107854059790651,2.08,0.707527559055118
2008-12-28,0.000175120126035229,-3.85527420043945,0.260018127585932,1.89,0.642897637795276
2008-12-29,2.2154313531549e-05,-5.59156270821889,0.204553878572416,1.92,0.653102362204724
2008-12-30,0,-5.4447269042333,0.234194165816831,1.89,0.642897637795276
2008-12-31,0.408667366951704,-4.65759936968486,0.28588747129994,1.81,0.615685039370079
2009-01-01,0.345880107333263,-1.54118803143501,0.336071535415674,1.54,0.523842519685039
2009-01-02,0.193877648562193,-3.8141373594602,0.240038882989151,1.49,0.506834645669291
2009-01-03,0.285275434454282,-6.71658209959666,0.228914399009931,1.44,0.489826771653543
2009-01-04,0.978587862104177,-5.28874810536702,0.257389204538129,1.41,0.479622047244094
2009-01-05,1.38907448699077,-4.65678350130717,0.20000009127752,1.38,0.469417322834646
2009-01-06,0,-5.35484135150909,0.132404769102763,1.36,0.462614173228347
2009-01-07,0,-6.54426046212514,0.196004246778817,1.35,0.459212598425197
2009-01-08,0,-8.81186358133952,0.244091309732128,1.34,0.455811023622047
2009-01-09,0,-10.4669824441274,0.184555940567283,1.33,0.452409448818898
2009-01-10,0,-10.5811814467112,0.153472108263496,1.32,0.449007874015748
2009-01-11,0,-9.12533450126648,0.246342759272862,1.31,0.445606299212598
2009-01-12,0,-8.43553296724955,0.321518201684901,1.3,0.442204724409449
2009-01-13,0,-6.86058251063029,0.341295101541391,1.29,0.438803149606299
2009-01-14,0.214310400187969,-4.89764010906219,0.425356787923842,1.29,0.438803149606299
2009-01-15,0,-1.71834973494212,0.324581591001833,1.28,0.43540157480315
2009-01-16,0,-3.13335347175598,0.400035508375303,1.3,0.442204724409449
2009-01-17,0,-1.84476600090663,0.550214358280249,1.54,0.523842519685039
2009-01-18,1.12603090703487,0.538784258067608,0.529260550404665,1.68,0.571464566929134
2009-01-19,6.82376150290171,2.27871369322141,0.557003570523618,1.86,0.632692913385827
2009-01-20,0.686893259485563,1.85813173651695,0.381394812846788,2.36,0.802771653543307
2009-01-21,2.24286023775736,0.2514131248851,0.296813373932715,1.86,0.632692913385827
2009-01-22,0,-1.53008994460106,0.347060247706952,1.55,0.527244094488189
2009-01-23,5.88289213180542,0.614016745239496,0.57236001883711,1.55,0.527244094488189
2009-01-24,0.148147869855165,0.718779417375723,0.476031441665091,3.34,1.13612598425197
2009-01-25,0,-0.0444238887478908,0.519819442356089,1.8,0.612283464566929
2009-01-26,0,-2.37178111076355,0.479276611959138,1.61,0.547653543307087
2009-01-27,0.0195841938257217,-2.67593348026276,0.363575237745057,1.6,0.544251968503937
2009-01-28,0.0289517063647509,-1.40252656737963,0.220524895443716,1.37,0.466015748031496
2009-01-29,0,-1.53797834118207,0.312201374220857,1.48,0.503433070866142
2009-01-30,0,-2.50828131039937,0.280341159804845,1.35,0.459212598425197
2009-01-31,0,-2.658993323644,0.301457440037335,1.29,0.438803149606299
2009-02-01,0.0836015219489733,-3.07230418920517,0.292718813009872,1.29,0.438803149606299
2009-02-02,0,-0.286429665982723,0.651506259063752,1.24,0.421795275590551
2009-02-03,0,0.77556091050307,0.728416877761667,1.21,0.411590551181102
2009-02-04,0.0711728061238925,-0.41527209058404,0.748189252212098,1.22,0.414992125984252
2009-02-05,0,0.0744092054665089,0.647162856184627,1.22,0.414992125984252
2009-02-06,0,0.495038084685802,0.468480518474901,1.3,0.442204724409449
2009-02-07,1.84912312527498,0.818296114603678,0.625395703274079,1.21,0.411590551181102
2009-02-08,0.57777729878823,0.105679838607709,0.431004914314338,1.47,0.500031496062992
2009-02-09,5.88583528995514,-0.220105174463242,0.607433745607361,1.42,0.483023622047244
2009-02-10,1.81147696574529,3.56599092483521,0.799581366844968,3.12,1.06129133858268
2009-02-11,1.11996277670066,-0.106703960647186,0.455879820957452,3.97,1.35042519685039
2009-02-12,1.8281455039978,-2.33833422263463,0.54064117268865,1.87,0.636094488188976
2009-02-13,1.17904065052668,-3.01287088791529,0.499911204354121,1.6,0.544251968503937
2009-02-14,0.457652412354946,-3.40452643235525,0.561185859390974,1.49,0.506834645669291
2009-02-15,1.27470763524373,-5.26554846763611,0.557164372531625,1.38,0.469417322834646
2009-02-16,5.22008367379506,-2.36004661520322,0.622124007805046,1.37,0.466015748031496
2009-02-17,6.48820424079895,-1.41596225897471,0.863382004646749,1.47,0.500031496062992
2009-02-18,0,-8.81276361147563,0.411116077376288,1.47,0.500031496062992
2009-02-19,0.31759920095404,-8.91216198603312,0.42153248381681,1.38,0.469417322834646
2009-02-20,1.01689822475115,-2.80612619717916,0.719548804066097,1.5,0.510236220472441
2009-02-21,4.32422347863515,0.662806329627832,0.533231999966678,1.32,0.449007874015748
2009-02-22,2.16907400886218,0.974664573868116,0.391012799973796,1.5,0.510236220472441
2009-02-23,2.74596718947093,1.64244065682093,0.481284544382916,2.28,0.77555905511811
2009-02-24,1.18419904013475,0.698244495938222,0.504472116682009,3.61,1.22796850393701
2009-02-25,0.329744963596265,-0.103185782209039,0.749360277063136,3.32,1.12932283464567
2009-02-26,1.59080921113491,1.51028421521187,0.829870234067984,2.59,0.881007874015748
2009-02-27,0.249951197455327,3.29805747667948,0.687334720477859,3.56,1.21096062992126
2009-02-28,0.303078446537256,4.62581606705983,1.31237872195201,7.35,2.50015748031496
2009-03-01,0.207217783356706,3.41350515683492,1.35980068676846,6.38,2.17020472440945
2009-03-02,3.91213260094325,4.41585830847422,0.969894545189624,5.84,1.98651968503937
2009-03-03,0.127790121361613,4.07271252075831,0.798715276141585,7.72,2.6260157480315
2009-03-04,0,3.63589042425156,1.17982845884419,5.4,1.83685039370079
2009-03-05,7.96679095427195,2.34327730536461,0.66932115650313,4.09,1.39124409448819
2009-03-06,6.4619566599528,1.30533738434315,0.466719189396448,4.84,1.64636220472441
2009-03-07,1.60520952939987,0.80385797470808,0.875980636256703,4.56,1.55111811023622
2009-03-08,5.59105392297109,2.36139065027237,1.22395399208423,3.52,1.19735433070866
2009-03-09,2.20776420334975,2.49834913015366,0.875498051971714,6.33,2.1531968503937
2009-03-10,4.72646506627401,2.81532833973567,0.962990561615683,6.36,2.16340157480315
2009-03-11,2.95076111952464,2.37649117906888,0.832860030707651,6.3,2.14299212598425
2009-03-12,5.51686346530914,2.4064733684063,0.936403236028467,4.97,1.69058267716535
2009-03-13,1.36650967473785,5.25392444928487,1.24716617765953,4.21,1.43206299212598
2009-03-14,1.88127470016479,5.64837618668874,1.69418020911205,4.21,1.43206299212598
2009-03-15,0.859977468848228,5.73568828900655,1.06723409566727,3.27,1.11231496062992
2009-03-16,0.160289855673909,5.34825348854065,1.51613122903348,2.78,0.945637795275591
2009-03-17,0,4.74356865882874,1.67139487556059,2.54,0.864
2009-03-18,0,3.59801109631856,1.63309209974183,2.21,0.751748031496063
2009-03-19,0.0481874793767929,2.47066058715185,1.47995451041354,2.04,0.69392125984252
2009-03-20,0.00857832779486974,-0.789330350855986,1.03267294142323,1.83,0.622488188976378
2009-03-21,0,-0.848208449780941,1.23955472222545,1.79,0.60888188976378
2009-03-22,0.0736876018345356,2.8475235303243,1.71453578976258,1.72,0.585070866141732
2009-03-23,5.77110958099365,5.93283685048421,1.70314919332138,1.67,0.568062992125984
2009-03-24,3.05960134665171,1.31399414439996,1.13190075954479,1.89,0.642897637795276
2009-03-25,3.70116321245829,0.664967831224203,1.11153797491905,1.87,0.636094488188976
2009-03-26,6.18148565292358,3.71333316961924,1.27427585818586,2.16,0.734740157480315
2009-03-27,1.64459630598625,6.18187189102173,1.61288920928791,4.09,1.39124409448819
2009-03-28,2.87970621387164,5.69982194900513,1.6409960397186,3.69,1.2551811023622
2009-03-29,2.0036382873853,3.74503968159358,1.03248997281398,2.97,1.01026771653543
2009-03-30,0,3.99430700143178,1.55442648716948,2.79,0.94903937007874
2009-03-31,0,5.16441059112549,1.720216980583,2.47,0.840188976377953
2009-04-01,0,7.45017615954081,2.03729614859015,2.15,0.731338582677165
2009-04-02,0,12.3981296221415,2.79638279945154,1.97,0.670110236220472
2009-04-03,0,11.7899244626363,3.02558820345951,1.83,0.622488188976378
2009-04-04,0.529359473536412,11.0570367972056,2.56434564377779,1.71,0.581669291338583
2009-04-05,3.7623582482338,11.3529194990794,2.57172130755223,1.64,0.557858267716535
2009-04-06,0,11.1727631092072,3.17298725887138,1.6,0.544251968503937
2009-04-07,0.41047777980566,12.3777537345886,3.44719653563643,1.59,0.540850393700787
2009-04-08,0.116880292693774,11.7008024851481,2.84663857095206,1.52,0.51703937007874
2009-04-09,0,12.0199917157491,3.31865368895791,1.46,0.496629921259843
2009-04-10,0,13.5028117497762,3.72977367746721,1.49,0.506834645669291
2009-04-11,0,13.6386743386587,3.82519229058635,1.46,0.496629921259843
2009-04-12,0,13.2001938025157,3.81046307283376,1.39,0.472818897637795
2009-04-13,0,12.9687871138255,3.66381423498549,1.38,0.469417322834646
2009-04-14,0,12.8766132990519,3.79593775170133,1.47,0.500031496062992
2009-04-15,0,13.6742876370748,4.11170260808814,1.46,0.496629921259843
2009-04-16,1.54034055272738,12.3348507086436,3.57512781551859,1.47,0.500031496062992
2009-04-17,5.0201167066892,8.40556009610494,2.00116244955374,1.64,0.557858267716535
2009-04-18,1.01234023024638,7.91048117478689,2.46613292691737,1.77,0.60207874015748
2009-04-19,0,10.7294218540192,3.67065304931761,1.56,0.530645669291339
2009-04-20,0,13.274827559789,3.48486393458687,1.5,0.510236220472441
2009-04-21,0,13.1963270505269,3.79550843741179,1.51,0.513637795275591
2009-04-22,0.147345915436745,11.6573584874471,3.67839322522796,1.53,0.52044094488189
2009-04-23,1.12772826850414,6.35014931360881,2.42571510527694,1.48,0.503433070866142
2009-04-24,0,8.25361128648122,3.31662448562218,1.49,0.506834645669291
2009-04-25,0,12.6883233388265,4.39721380368445,1.47,0.500031496062992
2009-04-26,0,13.5071852207184,4.32511988069059,1.42,0.483023622047244
2009-04-27,0,13.2293650309245,3.60606839938215,1.45,0.493228346456693
2009-04-28,2.51309664050738,9.36230413118998,1.96968356240421,1.44,0.489826771653543
2009-04-29,3.88401444753011,6.94265262285868,1.59484074928178,1.57,0.534047244094488
2009-04-30,1.38512386381626,8.22228713830312,2.36680928564254,1.57,0.534047244094488
2009-05-01,2.83980774879456,11.2445506254832,3.96685077425951,1.52,0.51703937007874
2009-05-02,3.07846710085869,12.6118819713593,3.12154059778169,1.86,0.632692913385827
2009-05-03,4.85656094551086,12.6596837838491,4.05635525665767,1.76,0.598677165354331
2009-05-04,0.619611520320177,8.62370959917704,2.83841822438792,1.7,0.578267716535433
2009-05-05,2.84074072043101,7.51647969086965,3.02201434228648,1.62,0.551055118110236
2009-05-06,0.595319009696444,11.5149161020915,3.23062445814976,1.56,0.530645669291339
2009-05-07,0,13.6720572312673,4.62831711409041,1.51,0.513637795275591
2009-05-08,5.19707626104355,14.6782590548197,4.73985873625758,1.48,0.503433070866142
2009-05-09,9.94486363728841,15.8377175331116,4.44645944567712,2.19,0.744944881889764
2009-05-10,1.77046123892069,15.8320866425832,4.34390035764409,2.14,0.727937007874016
2009-05-11,9.40669465065002,15.549033721288,3.99633338909962,1.75,0.595275590551181
2009-05-12,4.86864696939786,12.4894389311473,2.52419237206568,2.47,0.840188976377953
2009-05-13,5.31261233488719,13.5453131993612,2.97595119946379,1.93,0.656503937007874
2009-05-14,2.47082979480426,13.0825403531392,3.0835992663805,2.3,0.782362204724409
2009-05-15,9.25956491629283,12.9921267827352,2.57290080641927,2.3,0.782362204724409
2009-05-16,0.0748254768550396,12.2025101979574,3.43268676640204,3.29,1.11911811023622
2009-05-17,6.38007640838623,16.8183197975159,5.88699814407337,2.42,0.823181102362205
2009-05-18,0.835223510861397,13.7583479881287,3.33827029019214,2.3,0.782362204724409
2009-05-19,0.140683636690179,14.8437743186951,4.55072982711957,2.12,0.721133858267717
2009-05-20,0.0756639701624711,17.7842206954956,5.61068872364816,1.77,0.60207874015748
2009-05-21,14.644297281901,16.9490191141764,5.23204350782221,1.67,0.568062992125984
2009-05-22,1.97863005101681,16.1082067489624,4.41916425410168,2.85,0.969448818897638
2009-05-23,0,15.8427146275838,5.20860926630826,2.47,0.840188976377953
2009-05-24,0,20.3390781084696,5.43739845050692,1.8,0.612283464566929
2009-05-25,0,21.6467111905416,6.16890975675902,1.69,0.574866141732283
2009-05-26,24.4592599868774,18.3533670107524,5.00114137806125,2.05,0.697322834645669
2009-05-27,0,11.9731863339742,3.14347548527449,4.81,1.63615748031496
2009-05-28,2.6166933675607,12.8653792540232,3.19894825545317,2.77,0.942236220472441
2009-05-29,0,11.6710625489553,3.31982404164593,1.98,0.673511811023622
2009-05-30,0.197086360305548,12.0948468844096,3.99877696928874,1.63,0.554456692913386
2009-05-31,0.392782481387258,12.3838499387105,3.61583753341674,1.53,0.52044094488189
2009-06-01,0,13.6753966808319,4.43522975503959,1.45,0.493228346456693
2009-06-02,0.44476480782032,15.1892122427622,4.83751282704887,1.4,0.476220472440945
2009-06-03,0,14.4594647884369,4.00928047469486,1.33,0.452409448818898
2009-06-04,0.513835291688641,11.2515912850698,3.54589559200895,1.4,0.476220472440945
2009-06-05,0.659597108761469,12.3513162136078,4.60106786132909,1.32,0.449007874015748
2009-06-06,7.14664240678151,12.1547336578369,2.7523590967871,1.55,0.527244094488189
2009-06-07,1.7002332881093,14.4639270305634,4.25945714557327,1.67,0.568062992125984
2009-06-08,0.438913356512785,15.0866168340047,4.37397255176808,1.43,0.486425196850394
2009-06-09,0.779477844635646,14.8427549203237,3.51609893731022,1.41,0.479622047244094
2009-06-10,2.55495126048724,16.2114282449086,4.25497684154517,1.34,0.455811023622047
2009-06-11,1.38945939640204,14.7799166043599,3.89514552453456,1.4,0.476220472440945
2009-06-12,0,14.2131206989288,4.18398970069098,1.32,0.449007874015748
2009-06-13,0,15.4676194190979,5.02769169667091,1.28,0.43540157480315
2009-06-14,0.849231258034706,18.6409430503845,6.33174502725468,1.28,0.43540157480315
2009-06-15,8.63003460566203,18.4901269276937,3.41580986494404,1.38,0.469417322834646
2009-06-16,0.786237938950459,15.6831729412079,4.44859021874665,1.48,0.503433070866142
2009-06-17,0,16.15367436409,5.48386419786359,1.39,0.472818897637795
2009-06-18,7.53348442663749,20.3841425577799,6.09476486663766,1.28,0.43540157480315
2009-06-19,6.7888693412145,15.2228921254476,3.7777036121567,1.78,0.60548031496063
2009-06-20,0.224423124144475,13.0344456831614,3.32899843563567,2.51,0.853795275590551
2009-06-21,5.14574255545934,11.8936646779378,3.51805003320235,1.64,0.557858267716535
2009-06-22,9.34360222021739,10.8159356117249,2.5664748223118,1.99,0.676913385826772
2009-06-23,25.7578872044881,11.2179063955943,1.15256280370536,4.67,1.58853543307087
2009-06-24,2.34016755223274,13.7876355648041,2.35784287344137,9.27,3.15325984251968
2009-06-25,2.49987964828809,16.8108603159587,4.13904302831948,4.86,1.65316535433071
2009-06-26,7.16688374678294,17.5399222373962,4.40552398325631,3.25,1.10551181102362
2009-06-27,9.50240039825439,17.0788245201111,3.57217492706146,6.43,2.1872125984252
2009-06-28,0.250750239938498,18.4679522514343,4.32344522377022,8.25,2.80629921259843
2009-06-29,0,19.3273482322693,4.87207419666573,3.45,1.17354330708661
2009-06-30,0.316881244381269,20.0232761700948,5.52284077005081,2.48,0.843590551181102
2009-07-01,1.56513507415851,20.3081763585409,5.31244230211284,2.03,0.69051968503937
2009-07-02,0.0214167597393195,20.3165316581726,5.58470515046425,1.97,0.670110236220472
2009-07-03,1.87364994982878,19.100234190623,4.55756767598157,1.76,0.598677165354331
2009-07-04,0.340083134671052,19.7233282725016,5.10892053196589,1.71,0.581669291338583
2009-07-05,3.0511486629645,19.3726604779561,4.64298685976727,1.63,0.554456692913386
2009-07-06,13.2999614278475,17.8533501625061,4.10933154046532,1.74,0.591874015748032
2009-07-07,5.91467618942261,15.2703251043955,3.84830774606777,1.86,0.632692913385827
2009-07-08,3.16463528076808,13.8255924383799,3.21877406814746,1.86,0.632692913385827
2009-07-09,7.19865306218465,14.1480945746104,3.54920267220012,2.01,0.683716535433071
2009-07-10,0.949041311939557,13.6541719436646,3.59217325083911,2.18,0.741543307086614
2009-07-11,0.00867048713068167,14.0928296248118,4.10939622215247,1.77,0.60207874015748
2009-07-12,1.64057997862498,15.5055198669434,4.90085454200209,1.62,0.551055118110236
2009-07-13,0.0237533245235682,20.3157205581665,4.70170801784316,1.57,0.534047244094488
2009-07-14,14.0566381812096,21.0484083493551,5.10305800118783,1.49,0.506834645669291
2009-07-15,2.32920904954275,19.1983116467794,4.20356715417727,3.49,1.18714960629921
2009-07-16,0,21.6071917215983,5.45408581655593,2.29,0.77896062992126
2009-07-17,27.9042194684347,18.2385004361471,4.28823787357591,2.43,0.826582677165354
2009-07-18,3.34889190395673,12.3035112222036,2.50850917278819,7.71,2.62261417322835
2009-07-19,1.27918157974879,14.3395918210347,3.78030010892694,4.46,1.51710236220472
2009-07-20,1.67769480744998,16.1301121711731,4.31275555538845,2.95,1.00346456692913
2009-07-21,0.493190517028173,20.5658361117045,6.19131919746316,2.32,0.789165354330709
2009-07-22,0,21.2369357744853,5.11426592719503,1.98,0.673511811023622
2009-07-23,4.4760643641154,20.5200320879618,5.33768316849772,1.96,0.666708661417323
2009-07-24,6.39726662635803,18.4362936019897,4.450341474802,2.08,0.707527559055118
2009-07-25,2.82625535130501,15.3800232410431,4.01888943404007,2.73,0.928629921259843
2009-07-26,0,16.0660047531128,4.74429022115753,2.33,0.792566929133858
2009-07-27,10.2723833719889,19.7874341011047,6.22781491094786,1.9,0.646299212598425
2009-07-28,0,17.1592958768209,4.16557479005427,3.82,1.29940157480315
2009-07-29,0,18.8457024892171,5.63388907265403,2.74,0.932031496062992
2009-07-30,0,18.4577447573344,4.13415674224084,2.03,0.69051968503937
2009-07-31,0,16.9637525876363,3.89164028893486,1.78,0.60548031496063
2009-08-01,0,19.4420364697774,5.59243018927242,1.7,0.578267716535433
2009-08-02,3.34129578868548,17.9094672203064,4.24261958218673,1.66,0.564661417322835
2009-08-03,3.45380787054698,15.8353340625763,2.97009995566361,1.73,0.588472440944882
2009-08-04,0,16.3643987178802,4.05616430102171,1.93,0.656503937007874
2009-08-05,0,17.5596036911011,4.74965622875252,1.71,0.581669291338583
2009-08-06,0,19.2406066258748,5.04933552786182,1.65,0.561259842519685
2009-08-07,0,19.944180170695,5.1718072293135,1.54,0.523842519685039
2009-08-08,0.0326972492039204,19.6411296526591,4.7832772142865,1.51,0.513637795275591
2009-08-09,0.0715686728556951,19.5690534909566,4.20808886807241,1.44,0.489826771653543
2009-08-10,9.17406626542409,17.5029808680216,3.59279147284583,1.58,0.537448818897638
2009-08-11,0.23623501136899,18.2885862986247,3.76361180818306,1.98,0.673511811023622
2009-08-12,0.143040302519997,19.1955471038818,3.97311842348326,1.82,0.619086614173228
2009-08-13,13.1999478737513,17.8540124893188,3.61095054765739,1.7,0.578267716535433
2009-08-14,0,17.5646193822225,3.75638871145686,3.59,1.22116535433071
2009-08-15,0,19.6822717984517,4.93616462806674,2.29,0.77896062992126
2009-08-16,0,21.4973273277283,5.12840982209838,1.81,0.615685039370079
2009-08-17,2.16628404458364,21.7389990488688,4.90932542367433,1.65,0.561259842519685
2009-08-18,0,19.9644246101379,4.27212158260825,1.7,0.578267716535433
2009-08-19,0,21.5971493721008,5.28617286779457,1.61,0.547653543307087
2009-08-20,0.154503773277005,23.3580495516459,5.46799933236044,1.5,0.510236220472441
2009-08-21,8.19040767351786,20.1710473696391,3.62583333664782,1.4,0.476220472440945
2009-08-22,0.949442910651366,15.096259355545,3.06809415462219,1.55,0.527244094488189
2009-08-23,0,15.4286198616028,3.81874882877499,1.53,0.52044094488189
2009-08-24,0,19.1322965621948,4.9370028448322,1.41,0.479622047244094
2009-08-25,2.87179712454478,20.3519360224406,4.33272879173959,1.37,0.466015748031496
2009-08-26,0.0686547824492057,18.9368241628011,3.43662236064871,1.45,0.493228346456693
2009-08-27,0,20.605002562205,4.17644499903888,1.41,0.479622047244094
2009-08-28,0.594726879149675,19.7396931648254,4.10876404125141,1.36,0.462614173228347
2009-08-29,0.696469103296598,14.5750281016032,3.32390302007759,1.32,0.449007874015748
2009-08-30,0,13.4035866260529,3.65346194699845,1.3,0.442204724409449
2009-08-31,0,15.8139973481496,4.22907703334361,1.29,0.438803149606299
2009-09-01,1.91283418238163,20.8623108863831,4.96026504328993,1.25,0.425196850393701
2009-09-02,11.4667486349742,18.8922408421834,3.21626932482726,1.2,0.408188976377953
2009-09-03,1.72052101790905,17.2813847859701,2.6992125313129,1.88,0.639496062992126
2009-09-04,2.27119251092275,13.9647842248281,2.38278784669391,1.76,0.598677165354331
2009-09-05,0.179131841907899,11.7852719624837,2.34079299073864,1.37,0.466015748031496
2009-09-06,0,12.3270116647085,2.74370094778571,1.32,0.449007874015748
2009-09-07,0,13.582285563151,3.500927218283,1.28,0.43540157480315
2009-09-08,0,14.8390642801921,3.59183387362143,1.25,0.425196850393701
2009-09-09,0,14.6026442845662,3.41978227799851,1.23,0.418393700787402
2009-09-10,0,15.7411548296611,3.51240062375599,1.2,0.408188976377953
2009-09-11,0,14.5506328741709,2.19197400264886,1.19,0.404787401574803
2009-09-12,0,14.1359538237254,2.61099549739686,1.22,0.414992125984252
2009-09-13,3.16389435529709,12.624492486318,2.54125546785517,1.21,0.411590551181102
2009-09-14,4.3508697450161,9.89330037434896,1.50401561763049,1.45,0.493228346456693
2009-09-15,0.176605088015397,11.9199860095978,2.08514431692859,1.34,0.455811023622047
2009-09-16,1.00517523785432,15.0515226523081,2.73130325832365,1.29,0.438803149606299
2009-09-17,5.46825478474299,15.203443368276,1.39218420453747,1.39,0.472818897637795
2009-09-18,0.32216896985968,16.4583015441895,1.88714342739037,1.48,0.503433070866142
2009-09-19,0.122616030275822,16.3114883899689,2.42977358085628,1.36,0.462614173228347
2009-09-20,0,15.7312133312225,2.54392067048527,1.3,0.442204724409449
2009-09-21,0,16.1322476069132,2.77236970965243,1.28,0.43540157480315
2009-09-22,0,15.8672453562419,2.77649497970618,1.33,0.452409448818898
2009-09-23,0,15.7600270112356,2.79732162049385,1.25,0.425196850393701
2009-09-24,0,14.9269184271495,2.69508095340399,1.25,0.425196850393701
2009-09-25,0,14.1001970767975,2.11616910547274,1.25,0.425196850393701
2009-09-26,0,12.9468509356181,2.27741537066158,1.25,0.425196850393701
2009-09-27,0,12.7683095932007,2.4739851029949,1.22,0.414992125984252
2009-09-28,0,13.5940594673157,2.51004265692344,1.23,0.418393700787402
2009-09-29,0.466305246576667,12.9390096664429,2.25986348107531,1.26,0.42859842519685
2009-09-30,0.160307079553604,12.18115345637,2.10705977274511,1.25,0.425196850393701
2009-10-01,0.754242980231841,12.928452650706,2.19093380408329,1.23,0.418393700787402
2009-10-02,0.110340091710289,11.1254293123881,1.84668225559944,1.2,0.408188976377953
2009-10-03,0.26754043623805,10.4904295603434,2.17516598937378,1.24,0.421795275590551
2009-10-04,0,12.049522002538,1.92728932381665,1.19,0.404787401574803
2009-10-05,1.65407292048136,11.7478903929392,1.97865539039507,1.18,0.401385826771654
2009-10-06,1.93724580109119,16.4769605000814,2.04603813207319,1.25,0.425196850393701
2009-10-07,3.04027496278286,18.7612862586975,2.44187868088474,1.23,0.418393700787402
2009-10-08,7.54356062412262,16.8375638326009,1.47926271835454,1.31,0.445606299212598
2009-10-09,2.17930502692858,12.9442367553711,1.03385719483714,1.63,0.554456692913386
2009-10-10,8.57059280077616,12.4440004030863,1.35790452594109,1.62,0.551055118110236
2009-10-11,12.7594207922618,11.2815632820129,1.19872797650938,2.17,0.738141732283465
2009-10-12,6.78048757712046,7.17670897642771,1.1139238385063,2.6,0.884409448818898
2009-10-13,2.66213252147039,5.08005527655284,1.00657491912012,2.54,0.864
2009-10-14,0,1.87992841998736,0.802620608973216,2.22,0.755149606299213
2009-10-15,1.9358124434948,0.649165307482084,0.736048175500118,2.03,0.69051968503937
2009-10-16,5.81808364391327,2.92089879512787,0.782118696452971,1.75,0.595275590551181
2009-10-17,4.88094532489777,3.89292504390081,0.584884752422978,1.97,0.670110236220472
2009-10-18,1.71510096391042,3.27872623999914,0.813250393781494,2.61,0.887811023622047
2009-10-19,0,1.43935478727023,0.868950066528397,2.48,0.843590551181102
2009-10-20,0,1.60291720430056,0.946965150904212,2.05,0.697322834645669
2009-10-21,0,3.65709465742111,1.09126327383968,1.8,0.612283464566929
2009-10-22,3.25264306863149,5.7490709622701,0.945473283797912,1.69,0.574866141732283
2009-10-23,0.68475782374541,6.11012709140778,0.937829434139676,1.66,0.564661417322835
2009-10-24,0.652843480308851,8.005939245224,1.01338685433724,1.69,0.574866141732283
2009-10-25,2.65051952004433,10.6357866923014,1.22991958880723,1.59,0.540850393700787
2009-10-26,0.46853654893736,10.1817334493001,0.90615076391774,1.78,0.60548031496063
2009-10-27,0.116868980228901,8.88214373588562,1.2562160585475,1.71,0.581669291338583
2009-10-28,0.142982583492994,6.05624508857727,1.0086597563796,1.55,0.527244094488189
2009-10-29,0,6.35429545243581,1.21605900128354,1.55,0.527244094488189
2009-10-30,0,6.41562414169312,0.96017973856603,1.49,0.506834645669291
2009-10-31,0,3.19580936431885,0.816400245317566,1.47,0.500031496062992
2009-11-01,2.13597822189331,5.17771895726522,1.03887880435838,1.47,0.500031496062992
2009-11-02,14.796440521876,6.89196995894114,0.832165057500736,1.79,0.60888188976378
2009-11-03,3.29143985112508,5.31804219881694,0.645052462602436,3.21,1.09190551181102
2009-11-04,2.0993697543939,6.93746801217397,0.828655334505105,2.67,0.908220472440945
2009-11-05,0,5.16375311215719,0.889347783508583,2.16,0.734740157480315
2009-11-06,0,3.31846590836843,0.818172694079676,1.83,0.622488188976378
2009-11-07,0,2.68506799141566,0.729115886832356,1.77,0.60207874015748
2009-11-08,5.37568891048431,3.25991328557332,0.477978685804802,1.67,0.568062992125984
2009-11-09,2.74690672755241,2.99285688002904,0.432358295902729,2.03,0.69051968503937
2009-11-10,0,3.19496806462606,0.424232584343907,2.12,0.721133858267717
2009-11-11,0.117230921983719,3.64308838049571,0.599880672532921,1.94,0.659905511811024
2009-11-12,1.4506001273791,2.68864989280701,0.656721657697722,1.8,0.612283464566929
2009-11-13,0.0712978225201368,8.13433146476746,0.896394510423731,1.75,0.595275590551181
2009-11-14,0.654984340071678,7.1293975909551,0.832983271654875,1.7,0.578267716535433
2009-11-15,4.99305740992228,7.16081658999125,0.682615308799804,1.72,0.585070866141732
2009-11-16,4.00776658455531,9.49171296755473,0.660881942504154,2.21,0.751748031496063
2009-11-17,3.33878461519877,11.0776300430298,0.961060524506737,2.8,0.95244094488189
2009-11-18,0.0296193274358908,7.73535160223643,0.771855795045481,2.53,0.86059842519685
2009-11-19,0,5.37328906853994,0.743843775352441,2.29,0.77896062992126
2009-11-20,0,5.8869278828303,0.751138275521177,2.02,0.687118110236221
2009-11-21,0,6.50602316856384,0.814540055713448,1.77,0.60207874015748
2009-11-22,0,7.75036092599233,0.841865322425105,1.61,0.547653543307087
2009-11-23,3.08486740787824,9.44661060969035,0.56199388182014,1.53,0.52044094488189
2009-11-24,1.4278800090154,9.76971499125163,0.451508176556841,1.63,0.554456692913386
2009-11-25,0.246452911446492,8.10029383500417,0.80722521412702,1.67,0.568062992125984
2009-11-26,0.0669136655827363,7.09745494524638,0.602709101646114,1.59,0.540850393700787
2009-11-27,0.386358259245753,5.54412297407786,0.623019148764848,1.57,0.534047244094488
2009-11-28,0.366084344685078,6.0183033545812,0.601161881179259,1.52,0.51703937007874
2009-11-29,0,4.3566437959671,0.554886862967164,1.47,0.500031496062992
2009-11-30,5.84999632835388,3.46882549921672,0.392071540060444,1.48,0.503433070866142
2009-12-01,5.45267005761464,2.29918326934179,0.235823442097969,2.08,0.707527559055118
2009-12-02,0,1.59099235137304,0.398036746498717,2.78,0.945637795275591
2009-12-03,2.51468487580617,1.35673720637957,0.460786666251153,2.47,0.840188976377953
2009-12-04,0.336420594404141,1.6125207344691,0.364303399315971,2.32,0.789165354330709
2009-12-05,1.11751102904479,0.596554679175218,0.377496037233374,2.37,0.806173228346457
2009-12-06,3.02516843875249,4.77511052290599,0.524398939529028,2.1,0.714330708661417
2009-12-07,7.5331103404363,7.1669499874115,0.409601089645218,1.98,0.673511811023622
2009-12-08,5.3587774236997,5.0131045182546,0.42364251818493,3.11,1.05788976377953
2009-12-09,0,2.72218813498815,0.496038335331348,4.03,1.37083464566929
2009-12-10,7.51647428671519,3.09632301330566,0.480695888563753,2.9,0.986456692913386
2009-12-11,10.2621624469757,2.59284045298894,0.339034338026877,3.66,1.24497637795276
2009-12-12,1.23724304139614,-0.293143038948377,0.196797024352302,6.59,2.24163779527559
2009-12-13,0.116123623525103,-2.55498969554901,0.188529844854786,3.97,1.35042519685039
2009-12-14,0,-4.30298614501953,0.149818546419166,2.97,1.01026771653543
2009-12-15,0,-3.96495435635249,0.152383001370668,2.48,0.843590551181102
2009-12-16,0,-4.50394296646118,0.179881316106834,2.16,0.734740157480315
2009-12-17,0.108626555030545,-6.1536511182785,0.216868221693572,1.98,0.673511811023622
2009-12-18,0.404070064425468,-8.44651754697164,0.19658152011341,1.84,0.625889763779528
2009-12-19,0.544799268245697,-12.5750421682994,0.138143672611182,1.65,0.561259842519685
2009-12-20,1.0457434207201,-10.2888329029083,0.247397397472678,2.02,0.687118110236221
2009-12-21,2.38558190067609,-2.29512245456378,0.366414470957995,1.73,0.588472440944882
2009-12-22,8.0630065202713,2.91692213217417,0.459265630709651,1.76,0.598677165354331
2009-12-23,1.02549101412296,1.34362921118736,0.270261843325239,3.42,1.16333858267717
2009-12-24,1.48565871268511,1.24050292869409,0.239247564654513,4.02,1.36743307086614
2009-12-25,0.353115825603406,4.02578643957774,0.461308054973416,2.87,0.976251968503937
2009-12-26,0,-0.265905866709848,0.384972957474415,3.07,1.04428346456693
2009-12-27,0.507339262713989,-0.797435695926348,0.380528709527098,2.45,0.833385826771654
2009-12-28,0,0.767563410103321,0.446861497636728,2.08,0.707527559055118
2009-12-29,4.58949899673462,0.695791545013587,0.493432953653449,2.06,0.700724409448819
2009-12-30,7.13795598347982,5.71132258574168,0.341900952274116,2.94,1.00006299212598
2009-12-31,2.69744541247686,4.58681774139404,0.485178028551846,4.68,1.59193700787402
2010-01-01,3.37480016549428,1.48155864079793,0.313871995193524,3.72,1.26538582677165
2010-01-02,0.135632164776325,-3.58504507939021,0.334397002042574,3.05,1.03748031496063
2010-01-03,0,-4.76011848449707,0.275643038723301,2.63,0.894614173228346
2010-01-04,0,-6.43958751360575,0.246467068966923,2.3,0.782362204724409
2010-01-05,0,-6.65174861749013,0.217238111455015,1.98,0.673511811023622
2010-01-06,0.0370334256440401,-4.97953283786774,0.22711139969994,1.88,0.639496062992126
2010-01-07,1.32975798969467,-4.0174157222112,0.336297418188305,1.78,0.60548031496063
2010-01-08,2.36393187443415,-3.98035794496536,0.164270150542497,1.74,0.591874015748032
2010-01-09,0.967335902154446,-5.08563653628031,0.131703057176771,1.71,0.581669291338583
2010-01-10,1.13281994561354,-4.72189525763194,0.154222307860945,1.68,0.571464566929134
2010-01-11,5.0206160346667,-4.56476553281148,0.186977779662406,1.7,0.578267716535433
2010-01-12,0.0734093971550465,-4.38040026028951,0.220309940644176,1.73,0.588472440944882
2010-01-13,2.7409873008728,-5.0701367855072,0.272784921087192,1.73,0.588472440944882
2010-01-14,0,-2.30060096581777,0.282421919705129,1.72,0.585070866141732
2010-01-15,0,-2.81153414646784,0.255285273481922,1.71,0.581669291338583
2010-01-16,6.65342517693837,-3.28432941436768,0.284540852835321,1.64,0.557858267716535
2010-01-17,3.67882720629374,2.14715019861857,0.530584536274863,2.62,0.891212598425197
2010-01-18,0.0472212620079517,1.41791468858719,0.481613071408408,5.3,1.80283464566929
2010-01-19,0,-1.18090027570724,0.48460408776493,3.63,1.23477165354331
2010-01-20,0,-2.02391959230105,0.366612460097003,2.83,0.962645669291339
2010-01-21,0.332790891329447,-0.852285529176394,0.330044616285524,2.42,0.823181102362205
2010-01-22,0,-1.16753100852172,0.325175311379574,2.1,0.714330708661417
2010-01-23,0,-2.97027307748795,0.268121149462107,2.03,0.69051968503937
2010-01-24,0.164826149741809,-3.27677979071935,0.330650134175239,1.88,0.639496062992126
2010-01-25,2.16110925873121,-2.66212749481201,0.305924689019247,1.81,0.615685039370079
2010-01-26,1.46407650907834,-5.12848293781281,0.338005162136276,1.75,0.595275590551181
2010-01-27,2.91795659065247,-8.78628571828206,0.246488274103473,1.74,0.591874015748032
2010-01-28,0.784428209066391,-2.53509378433228,0.310544626359237,1.81,0.615685039370079
2010-01-29,2.64564845959345,-0.551538776606321,0.335021918742513,1.77,0.60207874015748
2010-01-30,0.604990921914577,-2.59933169682821,0.478623809378324,1.67,0.568062992125984
2010-01-31,0.25121254598101,-4.99839945634206,0.376132027946122,1.69,0.574866141732283
2010-02-01,1.50368120272954,-4.08442056179047,0.402360187188511,1.63,0.554456692913386
2010-02-02,0.421429965645075,-1.11803658306599,0.419899182568251,1.65,0.561259842519685
2010-02-03,4.96368626753489,1.89490053057671,0.414025348581595,1.79,0.60888188976378
2010-02-04,0,1.40393061439196,0.751405108887451,2.59,0.881007874015748
2010-02-05,3.75489999850591,-0.0473066306052109,0.504053160198318,2.7,0.918425196850394
2010-02-06,2.04978805283705,1.51108079155286,0.411957080860345,2.98,1.01366929133858
2010-02-07,0,-0.190305137851586,0.455492109639307,3.69,1.2551811023622
2010-02-08,0,-4.10584986209869,0.33633654405472,3.24,1.10211023622047
2010-02-09,1.87653439243635,-4.89079300562541,0.297145212920328,2.71,0.921826771653543
2010-02-10,5.96867390473684,-6.50649543603261,0.323440728279108,2.37,0.806173228346457
2010-02-11,4.69587711493174,-6.68976322809855,0.287694888465646,2.18,0.741543307086614
2010-02-12,0.20711350813508,-6.04090452194214,0.329201618595233,2.05,0.697322834645669
2010-02-13,0,-5.09970084826152,0.383947797978405,1.95,0.663307086614173
2010-02-14,0.310788373152415,-4.95496567090352,0.316110095169956,1.94,0.659905511811024
2010-02-15,0,-5.37763436635335,0.426429430905293,1.81,0.615685039370079
2010-02-16,0,-5.87811942895253,0.615463913613856,1.82,0.619086614173228
2010-02-17,0.43296434233586,-2.81921178102493,0.709689818442889,1.78,0.60548031496063
2010-02-18,0,0.689968888337413,1.05401585215129,1.75,0.595275590551181
2010-02-19,5.25468118985494,0.477161633471648,0.628769765528873,2.1,0.714330708661417
2010-02-20,0.0634028278291225,0.312691696919501,0.664759785041919,2.43,0.826582677165354
2010-02-21,0,0.695831127464771,0.952177590736008,2.4,0.816377952755906
2010-02-22,0.94500494748354,2.59971259037654,1.14684018512857,2.48,0.843590551181102
2010-02-23,0.351527837415536,4.8123588959376,1.1737835948686,2.95,1.00346456692913
2010-02-24,0.340089097619057,4.96523487567902,1.09218487560731,5.02,1.7075905511811
2010-02-25,1.85815486311913,6.46761039892832,1.42272539005323,5.3,1.80283464566929
2010-02-26,0.350094535698493,5.51266050338745,1.00984462166691,5.27,1.79262992125984
2010-02-27,0.575129143893719,5.23130977153778,1.2995762713742,4.88,1.65996850393701
2010-02-28,0.446408003568649,7.47865684827169,1.39166025210245,3.48,1.18374803149606
2010-03-01,0,4.89154807726542,1.33365203436037,3.28,1.11571653543307
2010-03-02,2.94372004270554,1.16389035185178,0.91088366531671,2.8,0.95244094488189
2010-03-03,0,0.131874741675953,0.979283870401835,2.75,0.935433070866142
2010-03-04,0,-0.0112522182365259,0.803034260970072,2.57,0.874204724409449
2010-03-05,0.627540767192841,-2.8903580904007,0.682534582280006,2.26,0.768755905511811
2010-03-06,5.10623155037562,-3.35728007555008,0.667165060444853,2.09,0.710929133858268
2010-03-07,0,-6.22281626860301,0.571218016148172,2.04,0.69392125984252
2010-03-08,0,-7.13572057088216,0.682077415649387,1.86,0.632692913385827
2010-03-09,0,-5.75461725393931,0.751829466125554,1.84,0.625889763779528
2010-03-10,0.750854708254337,-2.83850534756978,0.840802741182963,1.73,0.588472440944882
2010-03-11,6.12874428431193,-2.62019874652227,0.503918439393851,1.87,0.636094488188976
2010-03-12,0,-2.89982243378957,1.1105176903303,1.83,0.622488188976378
2010-03-13,0.0306403202315172,0.549224112881348,1.04419447390354,1.82,0.619086614173228
2010-03-14,0.375039049734672,1.61385866006215,0.604370944350507,1.83,0.622488188976378
2010-03-15,6.04131118456523,2.19908982515335,0.92530656702901,1.94,0.659905511811024
2010-03-16,1.23556439578533,2.8692115743955,1.06879256980528,2.81,0.955842519685039
2010-03-17,0,3.65539997816086,1.66699887804151,3.55,1.20755905511811
2010-03-18,0,7.57551685969035,2.20026231352203,2.88,0.979653543307087
2010-03-19,0.0214201671381791,9.10007564226786,2.35719223736666,2.51,0.853795275590551
2010-03-20,3.89609382549922,10.9918417135874,2.4298150854924,2.29,0.77896062992126
2010-03-21,3.80341447393099,10.6265792051951,1.97899680732336,2.42,0.823181102362205
2010-03-22,0,8.37002523740133,2.0374311960354,2.62,0.891212598425197
2010-03-23,0,7.74080034097036,2.367210139435,2.14,0.727937007874016
2010-03-24,0,9.35847496986389,2.79477653562674,1.93,0.656503937007874
2010-03-25,0,11.8425567944845,3.15078149057294,1.85,0.629291338582677
2010-03-26,1.26887034376462,9.75196878115336,2.86983342166838,1.75,0.595275590551181
2010-03-27,2.50083484252294,7.37229251861572,1.73677017077008,1.72,0.585070866141732
2010-03-28,1.6796622077624,7.36987125873566,1.52389135070632,1.7,0.578267716535433
2010-03-29,0,10.3237261772156,2.22083022292885,1.74,0.591874015748032
2010-03-30,0.409783478826284,11.2079035441081,2.88566194947339,1.68,0.571464566929134
2010-03-31,1.31981182595094,6.47670257091522,2.01426193986597,1.63,0.554456692913386
2010-04-01,1.08086573084195,2.46886647741,1.18111271814955,1.63,0.554456692913386
2010-04-02,0.382043831671278,3.17901579538981,1.98475632432956,1.61,0.547653543307087
2010-04-03,0,7.86973559856415,2.44793039785851,1.55,0.527244094488189
2010-04-04,1.01083269094427,7.15719024340312,1.71631773140262,1.5,0.510236220472441
2010-04-05,1.26478919386864,5.41767847537994,1.93705852147021,1.56,0.530645669291339
2010-04-06,0,6.45595105489095,2.71531201255964,1.53,0.52044094488189
2010-04-07,0,9.05310400327047,3.23088476666113,1.5,0.510236220472441
2010-04-08,0,9.67862168947856,3.16678115376861,1.45,0.493228346456693
2010-04-09,0,8.57947405179342,2.553468703625,1.41,0.479622047244094
2010-04-10,0.0416871719062328,6.61728723843892,2.47763828772367,1.45,0.493228346456693
2010-04-11,1.42195870478948,3.01588167746862,1.92852851090835,1.42,0.483023622047244
2010-04-12,0,3.88470453023911,1.88217673075052,1.42,0.483023622047244
2010-04-13,7.11680654684703,5.46914128462474,2.37769680552533,1.44,0.489826771653543
2010-04-14,13.170093814532,5.6270078420639,1.54126287270613,2.11,0.717732283464567
2010-04-15,0,5.78874830404917,1.9912922680128,2.66,0.904818897637795
2010-04-16,0.0361096542328596,7.78181958198547,2.27310534933985,1.91,0.649700787401575
2010-04-17,0,8.24972089131673,2.91349480660821,1.66,0.564661417322835
2010-04-18,0.0173405216385921,8.357674797376,2.70854210203339,1.55,0.527244094488189
2010-04-19,0.169680763036013,11.3950655460358,3.4775718613066,1.51,0.513637795275591
2010-04-20,0.0943669602274895,10.6099901994069,3.12810919443764,1.47,0.500031496062992
2010-04-21,0,8.07877051830292,2.97486774386942,1.41,0.479622047244094
2010-04-22,0,6.55434175332387,2.95729664382043,1.4,0.476220472440945
2010-04-23,0,8.60723193486532,3.42626784800466,1.36,0.462614173228347
2010-04-24,0,10.9459017912547,3.94318900050274,1.35,0.459212598425197
2010-04-25,0.037580863883098,13.2597410678864,4.41676027956375,1.35,0.459212598425197
2010-04-26,2.425696849823,12.1976028283437,3.13722714335084,1.46,0.496629921259843
2010-04-27,0,11.7675081888835,3.67688336602396,1.54,0.523842519685039
2010-04-28,0,12.6546099980672,4.30838904843284,1.43,0.486425196850394
2010-04-29,0.333779266104102,16.1117250124613,5.02363796032172,1.42,0.483023622047244
2010-04-30,2.05902942021688,16.1319177150726,3.69696563996296,1.39,0.472818897637795
2010-05-01,6.46389782428741,12.2757155895233,2.40789572125016,1.47,0.500031496062992
2010-05-02,12.5180107752482,10.1764947573344,1.9165444091475,1.95,0.663307086614173
2010-05-03,1.13760931789875,9.42772062619527,2.41828848571111,2.99,1.01707086614173
2010-05-04,3.2531000773112,8.9889592329661,1.65564011761001,2.29,0.77896062992126
2010-05-05,1.64696444074313,7.76944835980733,1.37010231396178,2.09,0.710929133858268
2010-05-06,9.85838214556376,7.11796895662944,1.9780143568759,2.22,0.755149606299213
2010-05-07,0.978490367531776,6.66238141059875,2.29979652575256,3.27,1.11231496062992
2010-05-08,0.059669766575098,9.51702801386515,3.2390296570419,3.07,1.04428346456693
2010-05-09,2.95735735694567,10.4230032761892,3.84545782216691,2.26,0.768755905511811
2010-05-10,2.61051966746648,10.8599759737651,3.05367389223886,2.14,0.727937007874016
2010-05-11,10.2556160291036,12.376718600591,4.0651708632936,2.18,0.741543307086614
2010-05-12,3.72904433806737,11.3202907244364,3.09291221835941,3.72,1.26538582677165
2010-05-13,6.67926001548767,8.03508460521698,1.77956495617336,3.31,1.12592125984252
2010-05-14,2.97889047861099,7.23980394999186,1.7853497733748,3.28,1.11571653543307
2010-05-15,2.33495469888051,6.8285338083903,1.5471070187939,2.9,0.986456692913386
2010-05-16,0.172802029798428,8.17417812347412,2.42457439676333,2.35,0.799370078740158
2010-05-17,0.889287814497948,10.1877137025197,3.30696801249419,2.14,0.727937007874016
2010-05-18,5.64523622393608,7.96198546886444,3.08153936804884,1.98,0.673511811023622
2010-05-19,10.8592383861542,6.64832854270935,2.59476254742788,1.92,0.653102362204724
2010-05-20,0.783363573253155,8.11986128489176,1.5852589177331,2.24,0.761952755905512
2010-05-21,0,11.0862946510315,2.97728730955285,2.41,0.819779527559055
2010-05-22,0.697366310904423,14.0263384977976,4.31741413878519,2.11,0.717732283464567
2010-05-23,0,14.8832845687866,4.78630693947207,1.89,0.642897637795276
2010-05-24,0.366268520553907,17.448024113973,5.55269107465627,1.77,0.60207874015748
2010-05-25,0,18.8922257423401,5.31626306808937,1.67,0.568062992125984
2010-05-26,5.59756271044413,16.0641752084096,3.95684949909991,1.55,0.527244094488189
2010-05-27,5.18844719727834,13.9384946028392,3.06056888564906,1.95,0.663307086614173
2010-05-28,0.359386177733541,14.3548255761464,3.93352087990677,2.1,0.714330708661417
2010-05-29,7.19376242160797,14.8980741500854,4.0163688441278,1.76,0.598677165354331
2010-05-30,15.8214390277863,13.2329990069071,3.49897082235198,3.1,1.05448818897638
2010-05-31,9.63964021205902,8.71972910563151,2.57939568934906,4.68,1.59193700787402
2010-06-01,1.98037473360697,10.8413921197255,2.64358824889308,4.14,1.40825196850394
2010-06-02,16.0603755315145,10.9374157587687,1.5959169852297,3.92,1.33341732283465
2010-06-03,9.64196010430654,11.4350610574087,1.37888228539823,10.1,3.4355905511811
2010-06-04,0.0125855368872484,15.6585397720337,4.65680003121702,13.6,4.62614173228346
2010-06-05,0,17.4149101575216,5.81551459834538,4.89,1.66337007874016
2010-06-06,3.45227934916814,19.7609858512878,6.28714502130035,3.2,1.08850393700787
2010-06-07,0,17.9791544278463,4.14415704166209,2.77,0.942236220472441
2010-06-08,3.0214341233174,18.9649998346965,5.6314630038046,2.3,0.782362204724409
2010-06-09,0.794074818491936,21.1267253557841,5.9564962596534,2.23,0.758551181102362
2010-06-10,0,23.1060085296631,6.17993415769617,2.09,0.710929133858268
2010-06-11,0.196838175257047,20.8492973645528,5.02313223669605,1.92,0.653102362204724
2010-06-12,0.172705487037698,18.9959192276001,3.99780999333725,1.71,0.581669291338583
2010-06-13,10.2940934101741,15.0315650304159,2.45334103925861,1.75,0.595275590551181
2010-06-14,0,15.7010525067647,4.08206691489872,2.16,0.734740157480315
2010-06-15,1.33398761848609,15.4687658945719,3.456092072137,1.93,0.656503937007874
2010-06-16,9.31492702166239,13.7452357610067,2.12641015778665,1.87,0.636094488188976
2010-06-17,12.0289560755094,14.294849952062,2.4196132131503,2.35,0.799370078740158
2010-06-18,6.75029273827871,13.3678267796834,2.1335389215937,5.54,1.88447244094488
2010-06-19,3.95104988416036,10.4687685171763,2.28422383413175,7.1,2.41511811023622
2010-06-20,0.833514839410782,9.94029982884725,2.5877692887246,6.05,2.05795275590551
2010-06-21,0.414773434400558,11.3459254900614,2.73190100205978,3.64,1.23817322834646
2010-06-22,0,12.6311298211416,3.7577170122314,2.97,1.01026771653543
2010-06-23,0,14.2452994187673,4.81933899681765,2.6,0.884409448818898
2010-06-24,0,16.3109650611877,5.05820861956044,2.26,0.768755905511811
2010-06-25,0.11848181920747,18.0482788085938,5.72788076005943,2.08,0.707527559055118
2010-06-26,0,18.8274482091268,5.51556200605463,1.97,0.670110236220472
2010-06-27,0,19.6742181777954,5.75451609279584,1.86,0.632692913385827
2010-06-28,0,20.2627259890238,5.86562155067692,1.77,0.60207874015748
2010-06-29,1.69323306282361,21.2218610445658,6.11855069022402,1.71,0.581669291338583
2010-06-30,2.44932168722153,21.242192586263,5.50480775335229,1.77,0.60207874015748
2010-07-01,0,21.5727561314901,5.75435142837251,1.77,0.60207874015748
2010-07-02,0,22.6036459604899,6.35379349649175,1.67,0.568062992125984
2010-07-03,0.0151355390747388,23.365139802297,6.5123354422929,1.61,0.547653543307087
2010-07-04,2.57880663250883,20.8806130091349,4.39929505840542,1.73,0.588472440944882
2010-07-05,0.369472562024991,21.040340423584,4.80857469906941,1.59,0.540850393700787
2010-07-06,0,17.7163689931234,4.28537015302165,1.6,0.544251968503937
2010-07-07,0,17.4587128957113,4.82377385033636,1.55,0.527244094488189
2010-07-08,0,19.9803867340088,6.2952236716951,1.44,0.489826771653543
2010-07-09,0,23.0590035120646,6.90275631499427,1.54,0.523842519685039
2010-07-10,0.00895444552103678,24.9555451075236,6.79434245690665,1.45,0.493228346456693
2010-07-11,1.65315229197343,24.4646021525065,6.14445668451196,1.44,0.489826771653543
2010-07-12,2.93147720396519,24.0244781176249,6.01529900350078,2.29,0.77896062992126
2010-07-13,0.788305914650361,21.6920380592346,5.62543218260812,2.07,0.704125984251968
2010-07-14,4.69044266144435,24.7033993403117,6.64605313017438,1.55,0.527244094488189
2010-07-15,0.228210295860966,20.5039033889771,4.05709515735412,1.77,0.60207874015748
2010-07-16,8.98794039090475,23.5319741566976,6.21722674028066,1.46,0.496629921259843
2010-07-17,12.1080501079559,18.7523864110311,4.7397436692618,2.56,0.870803149606299
2010-07-18,0,16.8000877698263,4.1376294322904,4.72,1.60554330708661
2010-07-19,0,18.1602932612101,4.73722065773797,2.71,0.921826771653543
2010-07-20,0,19.611279964447,5.47725414426457,1.83,0.622488188976378
2010-07-21,0.106264896069964,22.9183274904887,6.45208805585019,1.65,0.561259842519685
2010-07-22,13.2157135009766,21.3310840924581,5.04282238479765,1.56,0.530645669291339
2010-07-23,19.8437544504801,16.9330232938131,3.47049456000022,3.39,1.15313385826772
2010-07-24,10.6064465443293,13.8851849238078,2.40869103840029,4.55,1.54771653543307
2010-07-25,0,14.8255230585734,3.60426431221831,5.42,1.84365354330709
2010-07-26,6.59538654486338,14.6435790856679,3.30795565243692,2.81,0.955842519685039
2010-07-27,1.33702543377876,15.052811384201,3.07731034320824,3.21,1.09190551181102
2010-07-28,3.36019498109818,15.5556212266286,3.62366623651704,2.92,0.993259842519685
2010-07-29,10.6524627606074,14.2982785701752,2.78029615978088,2.83,0.962645669291339
2010-07-30,2.08103860418002,14.0982733567556,3.3706729563409,6.91,2.35048818897638
2010-07-31,0,16.2050159772237,4.93718187216242,3.41,1.15993700787402
2010-08-01,12.2055886189143,20.0634587605794,5.67801340403322,2.49,0.846992125984252
2010-08-02,9.81687251726786,18.1689089139303,3.64949532330087,3.53,1.20075590551181
2010-08-03,1.70969734837612,16.0699446996053,3.61638986075654,4.57,1.55451968503937
2010-08-04,0.054032855356733,15.7205591996511,4.13964726180433,3.99,1.35722834645669
2010-08-05,29.3535215059916,14.1367409229279,2.1120810031889,3.55,1.20755905511811
2010-08-06,14.7479911645254,12.9566628932953,1.4304732146317,13.5,4.59212598425197
2010-08-07,0.376165104409059,15.5285696188609,3.72573878637386,19.4,6.59905511811024
2010-08-08,4.10201984643936,15.271181344986,3.55822529823746,6.01,2.04434645669291
2010-08-09,0.3297889487197,16.937758286794,4.33936666816765,4.61,1.56812598425197
2010-08-10,0,18.2713239987691,4.54086902333507,3.41,1.15993700787402
2010-08-11,5.1209201614062,19.2299393018087,4.27366908621926,2.78,0.945637795275591
2010-08-12,9.13152241706848,17.2514419555664,3.10735819663732,2.86,0.972850393700787
2010-08-13,7.7154092391332,15.7547809282939,2.87996599099653,3.71,1.2619842519685
2010-08-14,0.315267273535331,15.7897388140361,3.25191984763703,3.3,1.12251968503937
2010-08-15,1.83363170425097,16.3725092411041,3.14800650383088,2.8,0.95244094488189
2010-08-16,5.08771183093389,13.9112325509389,2.52487882080656,2.49,0.846992125984252
2010-08-17,2.74102453390757,14.2618460655212,2.55983828507769,2.79,0.94903937007874
2010-08-18,1.52047844603658,15.1920870145162,2.46260523004229,3.22,1.09530708661417
2010-08-19,0,16.4228912989299,3.56357843230686,2.56,0.870803149606299
2010-08-20,0,18.1745429039001,4.62349119205551,2.39,0.812976377952756
2010-08-21,0,20.7213338216146,4.61139197161799,2.11,0.717732283464567
2010-08-22,0.647970106452703,21.8003339767456,4.82894272322732,2.08,0.707527559055118
2010-08-23,1.24806873003642,19.9898103078206,3.40177517516341,2.03,0.69051968503937
2010-08-24,4.41160255670547,17.9169750213623,3.90848928528578,2.44,0.829984251968504
2010-08-25,0.403094759831826,15.5822377204895,3.56997476419067,2.75,0.935433070866142
2010-08-26,5.4683501124382,20.9983971913656,4.66890563309852,2.08,0.707527559055118
2010-08-27,10.0084683100382,18.9711434046427,3.03786652996308,2.25,0.765354330708661
2010-08-28,0.553277266522249,12.7449972629547,2.31900417257854,2.8,0.95244094488189
2010-08-29,8.2209091981252,12.343417485555,2.50997391919746,2.49,0.846992125984252
2010-08-30,12.6718080043793,9.57172218958537,1.37309808840986,3.21,1.09190551181102
2010-08-31,0.951518068710963,10.4623980522156,2.44201668339732,5.79,1.96951181102362
2010-09-01,0.116670768707991,10.5838926633199,3.00024100350104,4.6,1.56472440944882
2010-09-02,0.815219109257062,12.2400245666504,3.32884505032751,3.19,1.08510236220472
2010-09-03,0.774780110145609,14.0146748224894,2.59502603482394,2.64,0.898015748031496
2010-09-04,2.72515415151914,13.0369851589203,2.73653878461274,2.47,0.840188976377953
2010-09-05,0,11.598623196284,2.70996604304147,2.3,0.782362204724409
2010-09-06,1.0402968103687,11.7657984892527,2.79108573708266,2.2,0.748346456692914
2010-09-07,1.12664833664894,12.4915341536204,2.23825502120602,2.24,0.761952755905512
2010-09-08,6.13252421220144,12.786337852478,1.7222499615602,2.19,0.744944881889764
2010-09-09,2.33679826557636,12.7912872632345,2.57417931604938,2.96,1.00686614173228
2010-09-10,2.5838390092055,12.9666557312012,2.69553743603678,2.58,0.877606299212599
2010-09-11,0,13.8410712083181,2.95264463504697,2.33,0.792566929133858
2010-09-12,14.980738401413,14.2768840789795,3.21889323008075,2.17,0.738141732283465
2010-09-13,2.39399245381355,11.8138480186462,2.00085487431085,4.42,1.50349606299213
2010-09-14,3.55357977251212,12.099658648173,2.61620284705711,4.07,1.38444094488189
2010-09-15,1.80645746986071,13.8577485084534,2.21345181022775,2.94,1.00006299212598
2010-09-16,0,12.6966087818146,1.97198035100517,2.54,0.864
2010-09-17,0.0216452603538831,11.132385969162,2.15740533395052,2.37,0.806173228346457
2010-09-18,0,9.45440196990967,2.20307652542018,2.24,0.761952755905512
2010-09-19,0,8.98009435335795,2.2980135317249,2.15,0.731338582677165
2010-09-20,0,10.8591844240824,2.7485449056847,2.14,0.727937007874016
2010-09-21,0,12.6557630697886,2.86750972909686,2.08,0.707527559055118
2010-09-22,0,12.9788343906403,2.77684212992347,2.05,0.697322834645669
2010-09-23,0,14.4366683165232,2.94712367753584,2,0.680314960629921
2010-09-24,7.52728339036306,14.116902589798,2.62529713043368,2,0.680314960629921
2010-09-25,18.183876991272,9.88267000516256,1.35077558549261,3.33,1.13272440944882
2010-09-26,9.57777059078217,8.07379957040151,1.51025644194958,6.17,2.09877165354331
2010-09-27,5.46050005157789,8.20617242654165,1.87345776167711,3.2,1.08850393700787
2010-09-28,2.32889586190383,8.26381655534109,1.30019271598244,2.63,0.894614173228346
2010-09-29,0.150876109798749,9.41037623087565,1.52202393781617,2.41,0.819779527559055
2010-09-30,0.528239369392395,9.52034298578898,1.56093322780911,2.26,0.768755905511811
2010-10-01,1.55121207237244,10.2219484647115,1.77788998290401,2.35,0.799370078740158
2010-10-02,0.0215577408671379,10.9915416240692,2.0727715431355,2.36,0.802771653543307
2010-10-03,0,12.7320068677266,2.05376847835716,2.23,0.758551181102362
2010-10-04,0.305839033176502,13.1581384340922,2.10370895172667,2.17,0.738141732283465
2010-10-05,0.550217628479004,13.0860004425049,1.50844719507273,2.15,0.731338582677165
2010-10-06,0.176331791405876,12.9786949952443,1.86642348462617,2.12,0.721133858267717
2010-10-07,0.01952482201159,12.548995256424,0.900989652500644,2.05,0.697322834645669
2010-10-08,0,11.6170876820882,1.41888832719854,2.07,0.704125984251968
2010-10-09,0,9.31262453397115,1.54093557059496,2.05,0.697322834645669
2010-10-10,0,8.46416250864665,1.57877639501174,2.03,0.69051968503937
2010-10-11,0,8.65040969848633,1.64473297709169,2.01,0.683716535433071
2010-10-12,0,6.78109089533488,1.5855240615886,2.02,0.687118110236221
2010-10-13,0,5.44587361812592,1.19354978102174,1.99,0.676913385826772
2010-10-14,0,5.79885407288869,1.12913671915426,1.98,0.673511811023622
2010-10-15,1.35573063790798,5.96031741301219,0.755021829741686,1.98,0.673511811023622
2010-10-16,5.03857159614563,5.84729361534119,0.603170486642404,2.08,0.707527559055118
2010-10-17,1.5727978075544,5.65009701251984,0.656569958599144,2.21,0.751748031496063
2010-10-18,0.215928801645835,4.23688725630442,0.637591614585591,2.27,0.772157480314961
2010-10-19,3.95979668696721,5.2173638343811,0.928470672686798,2.23,0.758551181102362
2010-10-20,4.0180074373881,4.50908927122752,0.810631191639537,2.39,0.812976377952756
2010-10-21,0,2.61044275760651,0.987012278452453,2.46,0.836787401574803
2010-10-22,0.145577313999335,2.0214590827624,1.05488849484147,2.21,0.751748031496063
2010-10-23,3.5814256866773,6.67884576320648,1.17529497336973,2.17,0.738141732283465
2010-10-24,2.61646121740341,6.04447666803996,0.768148687246289,2.48,0.843590551181102
2010-10-25,0.130162081991633,3.14541365702947,0.625991541602751,2.83,0.962645669291339
2010-10-26,0,1.99204169710477,0.854940341087818,2.84,0.966047244094488
2010-10-27,0.116977047796051,2.88702515761058,0.979865728714955,2.48,0.843590551181102
2010-10-28,0,6.22607143719991,1.1628665024045,2.39,0.812976377952756
2010-10-29,0,6.8812050819397,1.37485596871619,2.41,0.819779527559055
2010-10-30,0,6.92183899879456,1.06417835528048,2.31,0.785763779527559
2010-10-31,0,8.98535482088725,1.14852586050453,2.26,0.768755905511811
2010-11-01,0,9.06373071670532,1.14941691433288,2.24,0.761952755905512
2010-11-02,0,6.60666652520498,0.755319244108495,2.04,0.69392125984252
2010-11-03,1.16132753963272,9.05089370409648,1.10803587864657,1.92,0.653102362204724
2010-11-04,0,13.2597778638204,0.949495341790703,1.92,0.653102362204724
2010-11-05,2.33558624237776,12.3485073248545,0.990644927302013,1.93,0.656503937007874
2010-11-06,0.403382609287898,10.8517050743103,0.762256667982982,1.92,0.653102362204724
2010-11-07,6.15897059440613,7.31763660907745,0.822630940775707,1.92,0.653102362204724
2010-11-08,0.0828018362323443,3.76093733310699,0.556349382885758,2.33,0.792566929133858
2010-11-09,0,3.95581632852554,0.742022204517558,2.12,0.721133858267717
2010-11-10,1.40441266198953,4.76405354340871,0.838579577581213,2,0.680314960629921
2010-11-11,7.99725264310837,5.24141625563304,0.60201145197609,1.93,0.656503937007874
2010-11-12,3.71473704775174,10.5447883605957,0.760818771506424,2.48,0.843590551181102
2010-11-13,0.733337270716826,12.8722347418467,1.02047984711086,2.35,0.799370078740158
2010-11-14,0,9.78998223940531,1.09145594065798,2.08,0.707527559055118
2010-11-15,4.444735566775,8.19843045870463,0.785322101784413,1.94,0.659905511811024
2010-11-16,9.47656997044881,3.21153523524602,0.464832333662431,2.47,0.840188976377953
2010-11-17,0.0433158216377099,2.93696016073227,0.288086212786101,3.74,1.27218897637795
2010-11-18,2.33692715317011,3.34262404839198,0.472700399551935,2.84,0.966047244094488
2010-11-19,0,4.00337427854538,0.576436414348909,2.45,0.833385826771654
2010-11-20,0,1.322488134106,0.504391475346181,2.18,0.741543307086614
2010-11-21,6.76854264736176,2.59573084115982,0.310114002775032,2.1,0.714330708661417
2010-11-22,9.00982956091563,2.11574640870094,0.27810302550118,2.56,0.870803149606299
2010-11-23,2.14619034528732,1.23670404652754,0.203702776374041,4.71,1.60214173228346
2010-11-24,0.803581550717354,1.340838616093,0.240343643233649,4.72,1.60554330708661
2010-11-25,1.21221266190211,0.792513395349185,0.39992617161272,3.22,1.09530708661417
2010-11-26,0.802355905373891,-1.28552735845248,0.246146330414866,2.79,0.94903937007874
2010-11-27,0,-2.982277572155,0.357822200985739,2.51,0.853795275590551
2010-11-28,3.81120886405309,-2.61395128568014,0.301030300613934,2.26,0.768755905511811
2010-11-29,2.48592728376389,-2.45051395893097,0.324946702304107,2.19,0.744944881889764
2010-11-30,0,-6.18781805038452,0.312734359417986,2.06,0.700724409448819
2010-12-01,7.85690565903981,-4.81080909570058,0.141809679925946,2.01,0.683716535433071
2010-12-02,0.140617320934931,-5.56451491514842,0.349178872841072,2.03,0.69051968503937
2010-12-03,0,-7.09368177254995,0.20081663932382,1.94,0.659905511811024
2010-12-04,0.181689109653234,-6.88274542490641,0.29320445199456,1.93,0.656503937007874
2010-12-05,9.07909619808197,-4.16800659894943,0.439966321283568,1.95,0.663307086614173
2010-12-06,29.4272066752116,0.516075655817986,0.245110131971318,5.74,1.95250393700787
2010-12-07,5.54121859868367,3.06080865859985,0.555505734658385,29.4,10.0006299212598
2010-12-08,7.82801282405853,4.82310086488724,0.62950058450224,27.4,9.32031496062992
2010-12-09,1.32069574296474,-1.14739868541559,0.29706879013676,10.8,3.67370078740158
2010-12-10,5.15601100524267,-1.03002667427063,0.208867380270943,6.21,2.11237795275591
2010-12-11,2.09430023034414,1.34112939238548,0.225523582633714,5.02,1.7075905511811
2010-12-12,2.89052530129751,1.03300358851751,0.225748651942272,5.79,1.96951181102362
2010-12-13,0.362453414748112,-4.85381110509237,0.306701737273724,5.03,1.71099212598425
2010-12-14,2.09662463267644,-6.6570516427358,0.221706497203813,3.84,1.30620472440945
2010-12-15,3.30139029026031,-6.22541348139445,0.109342692410078,3.38,1.14973228346457
2010-12-16,2.81833151976267,-6.44452265898387,0.201679763113999,3.12,1.06129133858268
2010-12-17,2.67164280017217,-4.48878711462021,0.34536488860354,3.02,1.02727559055118
2010-12-18,0.669992044568062,-8.19608902931213,0.240666757911511,2.82,0.959244094488189
2010-12-19,1.99291664361954,-2.05231753985087,0.500267134491693,2.68,0.911622047244095
2010-12-20,7.52643851439158,1.72081471482913,0.36583600348551,3.4,1.15653543307087
2010-12-21,0.8846715092659,1.12651548534632,0.35717352248721,6.64,2.25864566929134
2010-12-22,1.62351478636265,1.73883055647214,0.376434352056649,5.34,1.81644094488189
2010-12-23,1.73264502485593,1.002711477379,0.276926334152016,6.09,2.07155905511811
2010-12-24,12.7264382044474,-0.622812325755755,0.252114789482296,4.63,1.57492913385827
2010-12-25,0.907956649859746,-5.37992827097575,0.225425995899339,4.43,1.50689763779528
2010-12-26,0.36418437709411,-8.98747817675273,0.220815924283183,3.64,1.23817322834646
2010-12-27,1.396470832328,-6.2213902870814,0.224174416255116,3.29,1.11911811023622
2010-12-28,0.796432236830393,-4.57514087359111,0.328792602865866,3.06,1.04088188976378
2010-12-29,0.409284648795923,-3.77497237920761,0.240280480669195,2.91,0.989858267716536
2010-12-30,0.14011864302059,-3.80740610758464,0.204561289004346,2.83,0.962645669291339
2010-12-31,0,-2.20829979578654,0.209040669828705,2.79,0.94903937007874
