"date","precip_EDK","tavg_EDK"
1983-01-01,0.00363181576964659,-1.45858367284139
1983-01-02,3.81170616547267,0.567945140103499
1983-01-03,2.9174899160862,4.41524108250936
1983-01-04,7.36731453736623,7.35489348570506
1983-01-05,5.04287469387054,8.44750698407491
1983-01-06,0.0396562912501395,7.14669239521027
1983-01-07,1.84685209393501,2.99389052391052
1983-01-08,0.104657221895953,1.63584996263186
1983-01-09,0.22596935594144,1.87162828445435
1983-01-10,0.00033781516928381,3.31483642260234
1983-01-11,2.27255489638386e-05,2.13880088925362
1983-01-12,0.000132977065883703,0.257610941926638
1983-01-13,2.1427178060015,2.47590049107869
1983-01-14,6.03290545940399,0.208218496913711
1983-01-15,11.6310246785482,2.47942229111989
1983-01-16,3.68475192785263,4.54663515090942
1983-01-17,0.125128497680028,5.45365480581919
1983-01-18,0.471795891722043,3.90588943163554
1983-01-19,2.04660123586655,-0.86942745000124
1983-01-20,1.63093175987403,-1.63101083040237
1983-01-21,0.326884314262619,-0.26818459892335
1983-01-22,0.00353498190330962,0.68347709501783
1983-01-23,0,-1.41258120536804
1983-01-24,0.00265998269242118,-2.68135438362757
1983-01-25,3.7157569527626,1.49367075165113
1983-01-26,0.480422491828601,6.46691012382507
1983-01-27,0.642422068243225,9.49616249402364
1983-01-28,2.31853409608205,7.76074874401093
1983-01-29,7.12345079580943,7.54380210240682
1983-01-30,8.1756409406662,3.24915780623754
1983-01-31,7.05988049507141,0.423639736293505
1983-02-01,5.10053004821142,5.91567138830821
1983-02-02,1.23045745491982,0.0206454508006573
1983-02-03,4.22216377655665,-0.295976394787431
1983-02-04,0.0130251028458588,-4.23599102099737
1983-02-05,11.2744528452555,-1.47940318783124
1983-02-06,1.9339372018973,-0.243763838351394
1983-02-07,0.717621366182963,-1.57872968912125
1983-02-08,0.458886149028937,-2.1942619283994
1983-02-09,0.321061313540364,-2.03278135259946
1983-02-10,0.178308386510859,-2.50270499785741
1983-02-11,4.76643637816111,-3.98118223746618
1983-02-12,1.96084288756053,-3.9860984881719
1983-02-13,0.0237756386295587,-4.84428286552429
1983-02-14,0.168506676020722,-3.88492572307587
1983-02-15,5.26022777194157e-05,-5.19350624084473
1983-02-16,9.37080947096547e-05,-8.64105375607808
1983-02-17,0,-6.92991407712301
1983-02-18,0,-5.83698709805806
1983-02-19,7.57919769966975e-05,-5.66442728042603
1983-02-20,0.575786466399829,-4.07037796576818
1983-02-21,0.0985137216436366,-5.15639460086823
1983-02-22,0,-8.41314307848612
1983-02-23,0,-6.98825800418854
1983-02-24,0,-5.16701642672221
1983-02-25,3.8128378589948,-1.26627601186434
1983-02-26,6.10253218809764,4.0361908475558
1983-02-27,3.87622757752736,3.77692538499832
1983-02-28,2.21994535128276,2.37969922025998
1983-03-01,0.689127924541632,1.05452769001325
1983-03-02,0.377605631947517,0.756416343152523
1983-03-03,0.00846457260922762,-0.164261112610499
1983-03-04,0.000120485546934409,-0.630570399264495
1983-03-05,0.000237523250386099,1.13356030980746
1983-03-06,0.000546087341717794,3.02915032704671
1983-03-07,0.0345789172376196,5.23402937253316
1983-03-08,1.66883425360235e-06,5.11908102035522
1983-03-09,0,7.17713057994843
1983-03-10,9.85669474099874e-06,5.67760725816091
1983-03-11,0.180621798273933,5.55216173330943
1983-03-12,0.00165777952891707,1.83499531944593
1983-03-13,0.0149423998470108,3.40836236874262
1983-03-14,0.575725239391128,7.0801834265391
1983-03-15,0.0541336340393173,6.94953048229218
1983-03-16,0.00177248739157676,6.1539759238561
1983-03-17,0.00260448067759474,6.60569381713867
1983-03-18,5.448490858078,7.75803677241008
1983-03-19,14.2960201104482,7.79111115137736
1983-03-20,0.0404047432045142,7.01689032713572
1983-03-21,1.84774767359098,8.61193982760111
1983-03-22,3.37988317012787,3.00441292921702
1983-03-23,0.0797449496264259,5.41086562474569
1983-03-24,7.94857660929362,8.92490156491598
1983-03-25,6.74400734901428,1.45184513926506
1983-03-26,2.93057109912237,0.39267218648456
1983-03-27,0.68695741891861,1.49488640824954
1983-03-28,0.392916740306343,3.33439286549886
1983-03-29,0.00695617998523327,0.954865790903568
1983-03-30,0.197562783180426,4.71291367212931
1983-03-31,0.609654256453117,6.57690362135569
1983-04-01,4.32094767689705,6.72717722256978
1983-04-02,9.6273984114329,4.70208700497945
1983-04-03,1.045791203777,3.58333168427149
1983-04-04,1.10251421729724,2.76878503958384
1983-04-05,2.50785241524378,3.58336307605108
1983-04-06,9.29745149612427,4.65309961636861
1983-04-07,12.4980962276459,6.17032631238302
1983-04-08,2.38043875650813,12.129203081131
1983-04-09,23.9996324380239,9.01289359728495
1983-04-10,4.94036910931269,11.8336096604665
1983-04-11,2.1820562283198,10.3136870066325
1983-04-12,3.13857202728589,3.99803197383881
1983-04-13,2.76937576135,1.56104484200478
1983-04-14,8.04324130217234,2.90718048810959
1983-04-15,6.41726446151733,4.23828492561976
1983-04-16,0.00751886400394142,7.91577617327372
1983-04-17,3.13167280789154e-06,12.1801081498464
1983-04-18,0.0120895564232342,12.6799565951029
1983-04-19,2.50944845875104,12.6070226828257
1983-04-20,0.000846677268176184,11.9557182788849
1983-04-21,7.25936114788055,15.2287047704061
1983-04-22,0.0643321430931489,10.129625082016
1983-04-23,1.29400915062676,11.853934208552
1983-04-24,0.493449484308561,8.83050163586934
1983-04-25,0.000106839181777711,11.9000429312388
1983-04-26,0.187570283655077,12.3182452519735
1983-04-27,0.960208503451819,10.9904805819194
1983-04-28,0.238750902314981,11.9465023676554
1983-04-29,0.743750328818957,10.5312316417694
1983-04-30,0.0311367484973744,12.5683876673381
1983-05-01,8.353435754776,10.1620277563731
1983-05-02,1.80200603604317,9.6003954410553
1983-05-03,1.57136448224386,9.31778391202291
1983-05-04,8.51388084888458,8.81054425239563
1983-05-05,0.0493177524767816,10.3984372615814
1983-05-06,0.00572550445212983,12.4364074071248
1983-05-07,9.46622522672017,12.4253390630086
1983-05-08,3.55801824728648,9.27309028307597
1983-05-09,3.06969369451205,9.01937794685364
1983-05-10,7.06362016995748,8.79038254419963
1983-05-11,0.971805351475875,9.11794201533
1983-05-12,0.000852597096430448,13.6278382142385
1983-05-13,0.000476252015990516,11.6916306018829
1983-05-14,0.0873569283479204,14.824028412501
1983-05-15,1.98686835666498,15.3378064632416
1983-05-16,0.720954075455666,14.0545495351156
1983-05-17,0.00527448298331971,15.4102783997854
1983-05-18,0.00774661990969131,12.0917987823486
1983-05-19,4.03093208869298,9.47528044382731
1983-05-20,0.0571876374694208,14.6996137301127
1983-05-21,1.44796118636926,14.3092148303986
1983-05-22,10.083447933197,8.4246042172114
1983-05-23,5.46744394302368,7.47804435094198
1983-05-24,20.8999452590942,7.01988391081492
1983-05-25,6.3350971142451,6.71091612180074
1983-05-26,11.372673034668,6.24217577775319
1983-05-27,3.99792557954788,7.09796659151713
1983-05-28,0.0183329802724378,9.84301861127218
1983-05-29,1.4225087116162,11.4409311612447
1983-05-30,0.000202495029346513,13.5821789900462
1983-05-31,0.00208137486849106,17.3247299194336
1983-06-01,0.00102147525224912,19.5321572621663
1983-06-02,0.0631034127921642,15.8318246205648
1983-06-03,0.00880825407026956,18.0546487172445
1983-06-04,1.47015995537458e-05,20.340758005778
1983-06-05,3.37518846616149,21.0446356137594
1983-06-06,8.33834000428518,14.6619890530904
1983-06-07,0.000996395790328582,15.052673737208
1983-06-08,0.0459137129752586,20.284762541453
1983-06-09,3.17175296197335,18.6973341306051
1983-06-10,6.99459431568782,17.2114481925964
1983-06-11,0.00246795056348977,16.7230645815531
1983-06-12,0.00908161150194549,18.4522412618001
1983-06-13,37.2750132878621,15.2832631270091
1983-06-14,3.37157331903776,13.5892555713654
1983-06-15,1.44144949813684,10.2502262592316
1983-06-16,1.77565108239651,9.58572832743327
1983-06-17,0.0021824019398385,10.3812266190847
1983-06-18,0.000972728201304562,12.0191082159678
1983-06-19,0.742328766733408,13.4198772907257
1983-06-20,0.904808747271697,16.5548328558604
1983-06-21,0.640489972196519,17.6976248423258
1983-06-22,0.00364723060192773,17.2714517911275
1983-06-23,0.0183207672525896,17.9199611345927
1983-06-24,0.521755808188269,19.1442221005758
1983-06-25,1.54077525933584,18.8126799265544
1983-06-26,1.99610227594773,18.644997437795
1983-06-27,10.1799934307734,16.9739761352539
1983-06-28,0.125223466505607,12.8857147693634
1983-06-29,0,14.7500375111898
1983-06-30,0.044664395856671,16.6513535181681
1983-07-01,3.2636589606603,14.2235992749532
1983-07-02,2.65824451162189e-06,15.2405831813812
1983-07-03,0,17.6973317464193
1983-07-04,0.0126031246454659,19.8688405354818
1983-07-05,0.540675612942626,21.40811475118
1983-07-06,1.87395859633883,21.8120408058167
1983-07-07,14.9543128013611,19.3500348726908
1983-07-08,4.84441288312276,19.7151249249776
1983-07-09,0.0404056051629595,21.02152856191
1983-07-10,0.00166158704087138,21.5459655125936
1983-07-11,0.242853853327688,22.1058457692464
1983-07-12,0.00201459725697835,21.8739376068115
1983-07-13,0.11234353048106,20.6256279945374
1983-07-14,0,17.5902058283488
1983-07-15,0,18.8422994613647
1983-07-16,0,20.9795737266541
1983-07-17,0.00845925460938209,22.8434370358785
1983-07-18,1.36017924081534,23.3907624880473
1983-07-19,0.184968988100688,23.3631375630697
1983-07-20,1.30219440658887,19.4365819295247
1983-07-21,0.0301359250443056,16.1771436532338
1983-07-22,0.000415396760217845,20.6882262229919
1983-07-23,1.01350764588763,23.3641602198283
1983-07-24,0.214425883100679,20.9624799092611
1983-07-25,5.09470005454205e-05,22.0641005833944
1983-07-26,0,25.478350798289
1983-07-27,0.00218926095112693,26.4996156692505
1983-07-28,0.844287124772867,25.8328385353088
1983-07-29,0.000873963794826219,20.7841040293376
1983-07-30,0,22.4798059463501
1983-07-31,6.78870916696421e-05,25.2687033017476
1983-08-01,8.60044960180918,21.885042031606
1983-08-02,24.1824409166972,15.2795035044352
1983-08-03,19.9613013267517,11.2598237991333
1983-08-04,11.6985858281453,12.76358294487
1983-08-05,7.81747917334239,12.4810252189636
1983-08-06,9.3552950223287,11.6549156506856
1983-08-07,0.0517764027851323,14.4585109551748
1983-08-08,4.4027623744114e-05,17.0262260437012
1983-08-09,0.000465997803530627,19.2602370580037
1983-08-10,0.0422811835693816,18.9456847508748
1983-08-11,0.0227831499651074,17.2322123845418
1983-08-12,0.201479251962155,18.1814773877462
1983-08-13,0.00100427488723653,14.4872995217641
1983-08-14,0,14.133397102356
1983-08-15,0.0473289895356478,17.8778107961019
1983-08-16,5.77495336532593,18.8441152572632
1983-08-17,0.0682830028623963,18.1713431676229
1983-08-18,2.31845663923499e-05,18.9942773183187
1983-08-19,0.00434076239859375,20.1354505221049
1983-08-20,0.00107902445294409,20.3074398040771
1983-08-21,12.3534438610077,20.4238751729329
1983-08-22,0.0716213159418354,18.5612276395162
1983-08-23,0.124942030136784,19.9318596522013
1983-08-24,0.00232361228942561,19.1769444147746
1983-08-25,0.795220298537364,19.5335081418355
1983-08-26,1.88018269303332e-05,19.5176773071289
1983-08-27,1.88974815197677e-05,19.6759446461995
1983-08-28,0.833452278127273,19.9514900843302
1983-08-29,1.40172214681904,17.3997557957967
1983-08-30,1.76221709201248e-05,17.2259629567464
1983-08-31,0.189768826123327,18.4423573811849
1983-09-01,14.2803015708923,19.1408909161886
1983-09-02,2.05661543707053,16.5077483654022
1983-09-03,1.54106481870015,13.3730394045512
1983-09-04,0.0498258916583533,12.5723524888357
1983-09-05,1.59118258239081,16.1242187023163
1983-09-06,0.22686260791185,15.0197483698527
1983-09-07,0.00161315224249847,10.7526233196259
1983-09-08,0.000367228328286728,12.6878674030304
1983-09-09,0.685795545112342,17.769023736318
1983-09-10,27.3027818997701,16.2066526412964
1983-09-11,1.4483717729648,11.020148118337
1983-09-12,1.07234261309107,9.72888906796773
1983-09-13,0.312313977240895,9.84609889984131
1983-09-14,0.148724780417979,15.5409378210704
1983-09-15,7.84538340568542,17.1417862574259
1983-09-16,16.759911219279,10.6186719735463
1983-09-17,1.96941924095154,9.49782864252726
1983-09-18,0.21322728053201,11.8177309830983
1983-09-19,1.90690855185191,14.3142240047455
1983-09-20,0.443932128449281,10.7781411012014
1983-09-21,0.502402257174253,13.9428299268087
1983-09-22,0.0126040844673601,13.5154520670573
1983-09-23,0.000119847944461071,11.8676710923513
1983-09-24,8.58044938246409,15.9469022750854
1983-09-25,0.0556567415284614,12.2608846823374
1983-09-26,1.4724144345261e-06,10.3572660287221
1983-09-27,0,10.9703368345896
1983-09-28,0,12.8481451670329
1983-09-29,0,13.3651309808095
1983-09-30,0.000838928167164947,14.0259306430817
1983-10-01,1.18312117554827e-05,11.6523204644521
1983-10-02,0.00628181107458659,12.5515830516815
1983-10-03,0.000111604613872866,14.3844446341197
1983-10-04,0,15.2347005208333
1983-10-05,2.99692412217458,15.7508976459503
1983-10-06,4.45641294121742,11.4395671685537
1983-10-07,1.56884203003453e-05,10.5443951288859
1983-10-08,3.86002733310064,11.571312268575
1983-10-09,6.0551789800326,10.0860356489817
1983-10-10,0.0143632309918758,13.2701733112335
1983-10-11,5.90407121181488,8.51010950406392
1983-10-12,0.0112434233500001,7.09246536095937
1983-10-13,1.09840827159739e-05,9.72283347447713
1983-10-14,0.0295385080001627,11.3625807762146
1983-10-15,1.25029575079679,9.63292797406515
1983-10-16,3.2933890024821,7.82314232985179
1983-10-17,0.229465331261357,6.66254874070485
1983-10-18,0.0052569689420731,8.62240505218506
1983-10-19,0.39190382262071,11.2175587018331
1983-10-20,0.349716367510458,9.31719477971395
1983-10-21,0.000718941279046703,4.71375668048859
1983-10-22,0.000117842541688636,2.45068347454071
1983-10-23,0.00380691955797374,2.92045934995015
1983-10-24,0,2.48042817910512
1983-10-25,0,2.1733402411143
1983-10-26,9.77249466510936e-05,6.9207003513972
1983-10-27,0,7.35930844148
1983-10-28,8.68424406993048e-06,5.40568848450979
1983-10-29,0.000103273611481806,4.96819972991943
1983-10-30,0.000703997477103258,4.18703172604243
1983-10-31,0.0625496721671273,5.47341863314311
1983-11-01,5.16137503723257e-05,4.70898393789927
1983-11-02,1.47145741114703e-05,4.85691662629445
1983-11-03,0.000980311073362827,3.84143803517024
1983-11-04,0.00282593432583174,6.50619459152222
1983-11-05,0.00336645506710435,7.2506529490153
1983-11-06,0.0271833327909311,5.84074254830678
1983-11-07,0.108428558179488,5.35434524218241
1983-11-08,0.132192583754659,3.88051201899846
1983-11-09,0.110795329635342,2.40607649087906
1983-11-10,0.0563714084564708,2.04382393757502
1983-11-11,0.07320310997117,2.67736121018728
1983-11-12,3.12924968663234e-06,0.221066073824962
1983-11-13,6.91188015480293e-05,-1.39302489161491
1983-11-14,0.000138237603096059,-5.03203825155894
1983-11-15,0.0380759099280112,-3.57183295488358
1983-11-16,0.000122871438937485,-0.0971364962557952
1983-11-17,0,-1.11771001418432
1983-11-18,0.0025349429245883,-2.53571965297063
1983-11-19,6.3222612387411e-05,-2.61134084065755
1983-11-20,0.000629916337857139,-3.03532767295837
1983-11-21,0.353976076468825,-1.67290821671486
1983-11-22,0.000869471114128828,-3.86176751057307
1983-11-23,0.0155661187576091,-4.73811507225037
1983-11-24,0.843014284968376,-3.67629784345627
1983-11-25,4.47030476729075,6.93919424215953
1983-11-26,7.23615193367004,10.2452876567841
1983-11-27,7.75486336151759,8.48933871587118
1983-11-28,16.1968876520793,6.18124910195669
1983-11-29,2.06611657142639,3.89788436889648
1983-11-30,2.48193444808324,-0.243310540293654
1983-12-01,0.394691961507003,-5.54119642575582
1983-12-02,0.0140150635976776,-6.8724277416865
1983-12-03,1.25479538534516e-05,-8.64206687609355
1983-12-04,0.00473113427869976,-8.05095056692759
1983-12-05,7.40077133135249e-05,-6.7057675520579
1983-12-06,4.39666473865509,-2.55327673753103
1983-12-07,1.82276032368342,-1.54645347595215
1983-12-08,0.0289922815863974,-5.34757741292318
1983-12-09,0.296269569545984,-0.324200841287772
1983-12-10,3.14041743675868,0.591353508333365
1983-12-11,0.375815701981386,-3.25147787729899
1983-12-12,0.0231443993203963,-4.77181343237559
1983-12-13,0.0600621756360245,-3.38101120789846
1983-12-14,0.00594160294955752,-5.49119750658671
1983-12-15,6.62522458393748e-05,-8.21823390324911
1983-12-16,0.000218766326118687,-6.27953513463338
1983-12-17,0.454818201561769,-0.377995919901878
1983-12-18,0.0375976181433847,-0.213858917355537
1983-12-19,0.962265173594157,2.01583887139956
1983-12-20,0.0654101012429843,1.7119831542174
1983-12-21,7.06878411769867,1.60925417145093
1983-12-22,2.05941739678383,1.79536461830139
1983-12-23,23.4851881663005,5.68074317773183
1983-12-24,1.35698121786118,8.55886220932007
1983-12-25,1.90058021744092,8.32537198066711
1983-12-26,3.04546934366226,5.83564023176829
1983-12-27,0.00359939799333612,3.76558683315913
1983-12-28,0.0157685570205407,6.14534040292104
1983-12-29,0.0321036097205554,3.04572492837906
1983-12-30,0.0968677379811804,5.10606237252553
1983-12-31,0.0073982863589966,3.48685799042384
1984-01-01,5.63990712786714e-05,3.56417874495188
1984-01-02,0.000168831735209096,2.730954905351
1984-01-03,1.62500872214635,4.1211616396904
1984-01-04,3.33988672494888,0.614507957672079
1984-01-05,0.418806965152423,-1.90761916836103
1984-01-06,0.549162534375986,-0.422082792967558
1984-01-07,2.04678531487783,2.06689050793648
1984-01-08,0.591838486492634,0.544159286965927
1984-01-09,2.09071645140648,-0.845468133687973
1984-01-10,0.454680693646272,-2.34848560889562
1984-01-11,0.310350028797984,-4.61197217305501
1984-01-12,5.57857918739319,-0.301765955984592
1984-01-13,1.26839746534824,2.49890152613322
1984-01-14,6.6497487227122,6.84635365009308
1984-01-15,4.79212373495102,1.26501033703486
1984-01-16,0.371361991390586,2.22560939192772
1984-01-17,5.89036965370178,3.71859228610992
1984-01-18,2.30400758981705,-0.930316234628359
1984-01-19,6.92824085553487,-2.5306105017662
1984-01-20,0.909739136695862,-3.33880130449931
1984-01-21,2.05445417761803,-4.057311018308
1984-01-22,8.68529041608175,-0.949857448538144
1984-01-23,6.3830242951711,1.34972852468491
1984-01-24,4.4775434533755,0.366525308229029
1984-01-25,0.460169451932112,-2.4066994090875
1984-01-26,0.00927652053845426,-4.51687514781952
1984-01-27,0.00930352886401427,-2.16440322995186
1984-01-28,0.00613163167145103,-0.526339626871049
1984-01-29,0.153558678226545,-0.140508644282818
1984-01-30,1.33841463426749,0.44283517745013
1984-01-31,1.16584562013547,0.0255377795547247
1984-02-01,2.38191362222036,1.1401184797287
1984-02-02,1.91020804643631,2.34524034460386
1984-02-03,7.67603222529093,2.85713213682175
1984-02-04,0.480028723676999,3.1631260116895
1984-02-05,4.10005329052607,4.64943250020345
1984-02-06,1.17364263037841,3.19267149766286
1984-02-07,6.98750587304433,1.7099601427714
1984-02-08,7.87379312515259,0.768313917020957
1984-02-09,1.19112770756086,-0.0518799598018328
1984-02-10,6.99278775850932,-1.22806914150715
1984-02-11,4.48492647210757,-0.740518207351367
1984-02-12,0.000179325807039277,-6.41924162705739
1984-02-13,0.0033893945995563,-6.60273098945618
1984-02-14,0.0232696814152102,-6.83911816279093
1984-02-15,0.0256907576695085,-7.08979034423828
1984-02-16,0.0114997554531631,-8.00884075959524
1984-02-17,1.33902810830477e-05,-8.93900314966838
1984-02-18,2.94505036132856e-05,-8.91819477081299
1984-02-19,0.000802419472620386,-7.68787638346354
1984-02-20,0.525817429025968,-4.07510640223821
1984-02-21,1.4483308494091,-0.87467730542024
1984-02-22,0.934285471836726,-0.703543916344643
1984-02-23,3.58677351474762,-1.81188915173213
1984-02-24,0.505583214263121,-0.749812697370847
1984-02-25,0.398847887292504,-0.449749118648469
1984-02-26,1.02563843876123,0.336333975816766
1984-02-27,2.4279786547025,-0.686587167282899
1984-02-28,0.00697512875922257,-0.652853644181353
1984-02-29,0.000212879729588167,-1.15174721678098
1984-03-01,0.00142753852317886,-1.28927188615004
1984-03-02,1.88062296311061,0.946646958589554
1984-03-03,0.0972917860684295,-0.789052101473014
1984-03-04,0.00963795365047796,-1.64350714782874
1984-03-05,0.00193968924092284,-0.943278331309557
1984-03-06,0.0118151591450442,0.216534378627936
1984-03-07,3.05980662504832,0.835931578030189
1984-03-08,0.90360032270352,-2.04440738260746
1984-03-09,1.17026723424594,-2.46471685171127
1984-03-10,0.00890858892914063,-2.79824882745743
1984-03-11,0.00588658380562871,-2.22301677862803
1984-03-12,1.49829582577847e-06,-2.17163462440173
1984-03-13,0,-1.10977207062145
1984-03-14,0,-0.518675511702895
1984-03-15,0.024011225522069,0.547194750669102
1984-03-16,1.43047240423281e-07,0.664681864281495
1984-03-17,0,1.51701265573502
1984-03-18,0.00233949330868199,1.71351359287898
1984-03-19,0,0.361483826146771
1984-03-20,0.000519887398695573,0.427001090720296
1984-03-21,0,2.09834244847298
1984-03-22,0.000779831112595275,2.47711929678917
1984-03-23,0.00295666865834695,2.43441786368688
1984-03-24,0.00049824596074662,5.60902647177378
1984-03-25,2.61394269267718,3.41493125756582
1984-03-26,0.184027037893732,4.91162383556366
1984-03-27,0.611670859158039,7.20418087641398
1984-03-28,0.00439475927729897,10.1967610518138
1984-03-29,2.67708547910055,4.60310180981954
1984-03-30,2.9014024635156,2.55448351303736
1984-03-31,0.234061221902569,3.91629771391551
1984-04-01,9.05801689624786,5.63117214043935
1984-04-02,7.58647934595744,1.36525616049767
1984-04-03,1.52234450976054,0.080665875847141
1984-04-04,0.295658765360713,0.151177233705918
1984-04-05,2.65936302145322,2.37557961543401
1984-04-06,0.11330038914457,3.09244877099991
1984-04-07,0.83243116736412,5.23897576332092
1984-04-08,1.46940301607052,4.30375915765762
1984-04-09,0.022922251218309,4.05950776735942
1984-04-10,2.7306762021035,5.35999504725138
1984-04-11,0.00654348336198988,4.6385090748469
1984-04-12,1.82580355306466,4.49767827987671
1984-04-13,0.199043328097711,5.48352901140849
1984-04-14,0.0029019543241399,8.25744346777598
1984-04-15,0,11.5748407046
1984-04-16,6.81340046723684,5.60790161291758
1984-04-17,1.49472610900799,2.99465221166611
1984-04-18,0.00234579929747269,3.78683972358704
1984-04-19,8.73395837667583e-05,5.66001244386037
1984-04-20,0,8.85935751597087
1984-04-21,0,11.4453363418579
1984-04-22,0,12.8045043945312
1984-04-23,2.11927181226201e-05,13.4847020308177
1984-04-24,0.000259943699347787,11.0714619954427
1984-04-25,0,9.85764567057292
1984-04-26,0.00158941871389591,11.4285732110341
1984-04-27,0.000831722902754943,6.13702396551768
1984-04-28,0.400643525489916,2.89742833375931
1984-04-29,1.59575808235483e-05,5.09505105018616
1984-04-30,0.0128402838987919,6.65480864048004
1984-05-01,0,8.75682536760966
1984-05-02,6.1637642231697e-05,13.596355120341
1984-05-03,2.31355703870455,12.4466774463654
1984-05-04,0.742618689934413,12.1723141670227
1984-05-05,8.60527503490448,14.2757368882497
1984-05-06,0.885772549236814,14.1921320756276
1984-05-07,14.0746993223826,6.59944462776184
1984-05-08,0.0752790402621031,3.82812827825546
1984-05-09,0.000995987586065894,6.24388746420542
1984-05-10,0.609708101178209,6.63347832361857
1984-05-11,0.0832939158814649,6.54058627287547
1984-05-12,0.443962038805087,5.97943298021952
1984-05-13,13.4684002399445,6.96648546059926
1984-05-14,6.80524611473083,7.3389804760615
1984-05-15,0.0019494661505064,11.8938740094503
1984-05-16,9.32528682549795,12.2101834615072
1984-05-17,2.25961963335673,10.5176794528961
1984-05-18,0.0050451517890906,13.9376877148946
1984-05-19,1.97927858894885,14.2474977970123
1984-05-20,7.63840313752492,12.2614340782166
1984-05-21,2.76218602061272,9.65042487780253
1984-05-22,0.610398439283017,11.7981063524882
1984-05-23,2.99005377292633,10.0161631902059
1984-05-24,1.89369950691859,9.46525939305623
1984-05-25,0.763743902246157,10.4223845005035
1984-05-26,1.2886968255043,13.0645022392273
1984-05-27,4.40563994646072,9.54633736610413
1984-05-28,5.39502412080765,7.77741082509359
1984-05-29,1.5317005229493,8.89393250147502
1984-05-30,23.0300676027934,8.02426727612813
1984-05-31,5.22016303737958,9.87311546007792
1984-06-01,0.00018093361359206,14.0148337682088
1984-06-02,6.97958494129125e-05,15.6307095686595
1984-06-03,0.0861191793034474,18.2782130241394
1984-06-04,1.21752436707417,11.1077012221018
1984-06-05,45.0490582784017,11.410994052887
1984-06-06,10.227435429891,9.95164450009664
1984-06-07,2.15168947524702,10.8069609800975
1984-06-08,7.3649632136027,11.7068779468536
1984-06-09,0.0504538048990071,11.1823772589366
1984-06-10,0.000538952939677984,14.1901261806488
1984-06-11,5.12910032272339,13.5798846880595
1984-06-12,0.00288054354799291,13.7661484877268
1984-06-13,2.53499286676136e-05,17.238941192627
1984-06-14,7.84354841709137,18.141940275828
1984-06-15,0.250404102882991,11.8033649921417
1984-06-16,1.31427458048468e-05,12.0874834060669
1984-06-17,0,14.3548526763916
1984-06-18,0.0498493603275468,16.6674893697103
1984-06-19,0,17.9140224456787
1984-06-20,0.52698635434111,19.9228703180949
1984-06-21,10.835619409879,17.7735306421916
1984-06-22,0.820690779636304,17.499963760376
1984-06-23,6.96684352556864,12.9664544264475
1984-06-24,3.2148144642512,10.464390039444
1984-06-25,3.70803263783455,11.9584432442983
1984-06-26,0.00236822690931149,13.4823346138
1984-06-27,0.0357826109005449,17.0035745302836
1984-06-28,11.836453795433,14.498828570048
1984-06-29,0.59241616136084,10.8751589457194
1984-06-30,0.05906629631257,12.4314807256063
1984-07-01,5.66567287842433,16.2433295249939
1984-07-02,10.3081571261088,14.5608868598938
1984-07-03,4.34548721710841,10.0935978094737
1984-07-04,0.0986304188457628,10.1745317776998
1984-07-05,0.000109209057029602,11.7061374982198
1984-07-06,9.13358780962881e-06,14.015468120575
1984-07-07,0,15.5853354136149
1984-07-08,1.71466979329201e-05,18.3969372113546
1984-07-09,0,21.9560825030009
1984-07-10,8.93782319811483e-05,24.1013924280802
1984-07-11,3.3462263521263e-05,26.8550686836243
1984-07-12,7.73958571751912,20.6146108309428
1984-07-13,0.186723445018288,17.9021848042806
1984-07-14,0.277997403327997,18.04363600413
1984-07-15,13.0870733261108,14.4753213723501
1984-07-16,1.70379882057508,11.6364488601685
1984-07-17,1.71445296704769,11.6914326349894
1984-07-18,0.107481024383257,13.8533808390299
1984-07-19,13.745676279068,14.6611774762472
1984-07-20,2.80158080083008e-05,14.913628021876
1984-07-21,0,16.3117167154948
1984-07-22,0,17.3447558085124
1984-07-23,0.000358194175836009,16.5625759760539
1984-07-24,2.32111597557863,17.413340250651
1984-07-25,6.9906142950058,17.8307035764058
1984-07-26,4.05765699098508,14.290167093277
1984-07-27,0.490006027122339,14.0369979540507
1984-07-28,2.81287431220214,13.3671509424845
1984-07-29,0.0332205248996615,17.9565024375916
1984-07-30,0.0037903431414937,21.677849928538
1984-07-31,5.04037640492121,23.0624523162842
1984-08-01,1.38297256082296,15.92609167099
1984-08-02,6.92940726973272e-05,16.9973692893982
1984-08-03,0,21.0489323933919
1984-08-04,2.84992250303427,19.9669604301453
1984-08-05,3.21368264158567,16.1178936958313
1984-08-06,0.131180411321111,15.4741180737813
1984-08-07,0.00529679060370351,15.5179305871328
1984-08-08,0.309322819113731,16.1796738306681
1984-08-09,2.96098419403036,16.9275719324748
1984-08-10,45.3496530850728,16.4780109723409
1984-08-11,7.46659117937088,14.3468256791433
1984-08-12,2.48511643211047,14.6115303039551
1984-08-13,0.0718831440317445,15.8082110087077
1984-08-14,0.0620754299840579,15.3790362675985
1984-08-15,0.547118165840705,15.7868177890778
1984-08-16,0.00107649081352671,15.2367630799611
1984-08-17,0.00206564339653899,15.3917109966278
1984-08-18,0,16.3515688578288
1984-08-19,7.34613237606633e-05,15.7499828338623
1984-08-20,0,15.6709260145823
1984-08-21,0,16.0048855940501
1984-08-22,0,17.3463611602783
1984-08-23,0.000997324095806107,18.377984046936
1984-08-24,0.744887112329404,16.7196831703186
1984-08-25,16.9324127833049,16.0603091716766
1984-08-26,7.39101615548134,15.462539434433
1984-08-27,0.0101055682171136,15.1328920523326
1984-08-28,4.6092805708516e-06,14.5185528596242
1984-08-29,0,15.7534687519073
1984-08-30,1.76754377510709e-05,15.9761355717977
1984-08-31,0,17.1865803400675
1984-09-01,6.60697120717183e-05,17.4439690907796
1984-09-02,0.000131140550365672,17.8569307327271
1984-09-03,0.00239765170651178,18.7882841428121
1984-09-04,19.8498188654582,18.9059505462646
1984-09-05,43.7890071868896,10.7924342950185
1984-09-06,8.07765889167786,7.56184418996175
1984-09-07,0.00594181754907671,8.9580770333608
1984-09-08,1.47927207748095,9.48491104443868
1984-09-09,14.593553463618,12.234042485555
1984-09-10,3.50835321346919,10.545781771342
1984-09-11,1.79046386480331,11.4958012898763
1984-09-12,0.0706082369821767,12.5748354593913
1984-09-13,6.14696970539323e-06,13.8310519059499
1984-09-14,4.75080424547195,15.4283227125804
1984-09-15,22.7359574635824,11.9118996461233
1984-09-16,29.6166176795959,11.3658243815104
1984-09-17,3.58261208732923,11.7492492198944
1984-09-18,0.0111736060255983,12.379457394282
1984-09-19,0.00178057818023566,12.7401707967122
1984-09-20,3.32261295928523e-05,12.6875911553701
1984-09-21,9.19061319033305,13.206857919693
1984-09-22,5.77362169822057,9.54579925537109
1984-09-23,11.4807214736938,9.21703290939331
1984-09-24,0.979617158571879,7.79636693000793
1984-09-25,3.81731943289439,7.89362382888794
1984-09-26,1.53219602008661,7.98649915059408
1984-09-27,0.015106593365393,9.3934117158254
1984-09-28,0.0131691635857957,11.2994367281596
1984-09-29,0.000427955469907223,12.532922744751
1984-09-30,0.0207792814811304,12.6399170557658
1984-10-01,10.0497634410858,12.9583568572998
1984-10-02,2.08118623495102,8.24423805872599
1984-10-03,0.617421860496203,8.33849716186523
1984-10-04,0.404161126663287,9.5386651357015
1984-10-05,0.101071932236664,11.257852156957
1984-10-06,2.77829337120056,9.97217384974162
1984-10-07,0.0138081429856053,7.95553692181905
1984-10-08,0.908346946040789,9.03311483065287
1984-10-09,0.159230648413844,13.140479405721
1984-10-10,0.0185060816147598,12.810165643692
1984-10-11,0.0195984463559095,11.6945289770762
1984-10-12,0.0724768562686222,10.5903778076172
1984-10-13,0.0285638255785064,8.73672087987264
1984-10-14,0.013590086074449,8.76560807228088
1984-10-15,0.00144281191751361,8.8259551525116
1984-10-16,0.000204722769922228,7.28180348873138
1984-10-17,0.0265483068942558,8.17658567428589
1984-10-18,0.00337316916269022,11.4977385997772
1984-10-19,0.542720412214597,12.7543783187866
1984-10-20,0.00590037036939369,10.6923646132151
1984-10-21,0.0178028619023583,8.41988945007324
1984-10-22,0.0769971630652435,8.47673948605855
1984-10-23,0.125203068523357,11.7990706761678
1984-10-24,0.000216990804195423,10.5142129262288
1984-10-25,0,11.6419285933177
1984-10-26,4.34190714359283,9.18498682975769
1984-10-27,0.00854769823005578,6.44941592216492
1984-10-28,0.0570357781349837,4.73896706104279
1984-10-29,0.0790430687678357,4.41226514180501
1984-10-30,0.0518678730501657,4.29287668069204
1984-10-31,0.0803935939026511,5.52710115909576
1984-11-01,0.124392494559288,4.05234724283218
1984-11-02,0.0281880699718992,3.71639517943064
1984-11-03,0.00139537024733727,4.87080729007721
1984-11-04,0.0144985350210239,6.02312346299489
1984-11-05,0.00180953932605613,4.49068383375804
1984-11-06,0.0468341895624083,4.24271176258723
1984-11-07,0.0299578168430041,4.46212333440781
1984-11-08,0.103292126169739,5.84473137060801
1984-11-09,0.0406338011768336,5.62045784791311
1984-11-10,0.00920788742829851,6.37670536835988
1984-11-11,0.000223541573177499,5.97318152586619
1984-11-12,0.0167445364750165,4.40565971533457
1984-11-13,0.000207528062446727,3.16616487503052
1984-11-14,1.98782881852821e-05,1.48758515715599
1984-11-15,0.00839029339234306,1.11216474572817
1984-11-16,5.30446724096934,1.89291018247604
1984-11-17,0.0477386352140456,3.72639624277751
1984-11-18,0.0289348822940762,2.64511477947235
1984-11-19,0.0996137382462621,0.877553666631381
1984-11-20,2.61076096693675,4.24327049652735
1984-11-21,5.11071793238322,4.19913476705551
1984-11-22,13.5560699303945,8.30205551783244
1984-11-23,7.09313980738322,12.2911828358968
1984-11-24,0.267275244618456,10.131490945816
1984-11-25,0.864145055413246,7.79700271288554
1984-11-26,10.8014045159022,5.60659714539846
1984-11-27,0.0409141022119002,1.36144524812698
1984-11-28,5.29268887324482e-06,1.28786088029544
1984-11-29,0.00288658527036508,0.0959192765585613
1984-11-30,4.19215477525844e-05,-1.35320995251338
1984-12-01,0.0229498933961925,-0.423564679920673
1984-12-02,0.168782197559873,1.6089628636837
1984-12-03,0.136285179605087,2.72728129227956
1984-12-04,0.0253173760914554,2.2294167081515
1984-12-05,0.0128192176537899,0.778798210124175
1984-12-06,0.020482378352123,0.826847250262896
1984-12-07,0.104037586599588,2.27893428007762
1984-12-08,0.000129906959955406,0.997145464022954
1984-12-09,1.08381539086501,2.44564865032832
1984-12-10,0.737820853789647,2.98282897472382
1984-12-11,0.00572717371202695,3.77574529250463
1984-12-12,0.166743787005544,1.72990466157595
1984-12-13,2.45077385505041,0.851585085193316
1984-12-14,8.3261425892512,3.41536005338033
1984-12-15,0.62820191681385,1.58241574962934
1984-12-16,11.6522915363312,1.87108792861303
1984-12-17,0.0331546448675605,2.22678763667742
1984-12-18,8.57987666130066,2.66216152906418
1984-12-19,0.676178835332394,0.477613635594025
1984-12-20,3.69085051616033,0.246039970467488
1984-12-21,1.25947987784942,2.51494401693344
1984-12-22,0.0329378728883967,-1.14432599147161
1984-12-23,0.0203032931506944,-1.30792001883189
1984-12-24,1.03799917548895,-2.50222416718801
1984-12-25,0.244405853251616,-0.188354773136477
1984-12-26,0.0858828115160577,-1.69968308011691
1984-12-27,0.60449755191803,-2.28949469327927
1984-12-28,0.0366886498619957,-2.40969308217367
1984-12-29,0.627036263545354,-3.04302738110224
1984-12-30,1.20245206356049,-4.06310522556305
1984-12-31,0.238683988029758,-7.49818960825602
1985-01-01,4.34480859835943,-2.35616505146027
1985-01-02,6.23112312952677,-4.2486310005188
1985-01-03,4.12927943468094,-7.00433107217153
1985-01-04,1.64703687528769,-11.9898916085561
1985-01-05,1.35954175392787,-12.7805554072062
1985-01-06,0.175186517027517,-16.7660326957703
1985-01-07,0.000213066169711359,-20.0310840606689
1985-01-08,0.00249224048457108,-20.4927666982015
1985-01-09,0.000496229633389097,-17.1732328732808
1985-01-10,0.0955220834972958,-14.2760162353516
1985-01-11,0.110175460809842,-12.2897466023763
1985-01-12,2.02441714207331,-10.2991992632548
1985-01-13,0.0882835603163888,-13.0436061223348
1985-01-14,0.473330787693461,-12.0777184168498
1985-01-15,0.0233385399236189,-11.5185796419779
1985-01-16,0.00778459557553409,-8.72440870602926
1985-01-17,0.000823387682127456,-8.42438586552938
1985-01-18,0.0223297463768783,-7.97898761431376
1985-01-19,3.39024690786997,-2.13612986604373
1985-01-20,0.693775827685992,-0.699837406476339
1985-01-21,2.67257884144783,1.13818234205246
1985-01-22,13.024076461792,3.40933130184809
1985-01-23,12.1305535634359,1.91176344950994
1985-01-24,1.94166563947995,-2.14224371314049
1985-01-25,1.93301566193501,-1.51946027080218
1985-01-26,1.48774034778277,2.57763065894445
1985-01-27,0.255292963857452,-2.16902972261111
1985-01-28,0.0879076516333347,-3.15676446755727
1985-01-29,0.602475928763548,0.619517716268698
1985-01-30,5.34606379270554,2.38802456855774
1985-01-31,10.4643104076385,4.43856287002563
1985-02-01,2.89635594685872,6.16160957018534
1985-02-02,12.160876472791,6.76152578989665
1985-02-03,0.34453429436932,1.06807989875476
1985-02-04,8.99370568276936e-05,-0.952843561768532
1985-02-05,0.099773190318956,1.60801793138186
1985-02-06,4.96273094415665,5.00942405064901
1985-02-07,0.800019012143215,0.29970811555783
1985-02-08,8.15688538551331,-1.07191237310568
1985-02-09,25.463146686554,1.68846922616164
1985-02-10,1.47833196322123,-8.83797852198283
1985-02-11,0.00453897869116796,-11.9721279144287
1985-02-12,0.000477804320932288,-12.2411853472392
1985-02-13,0.325666951015592,-9.0184866587321
1985-02-14,2.49759206175804,-2.942136545976
1985-02-15,0.00168220077466685,-10.4644415378571
1985-02-16,0.000412900023244826,-9.72237316767375
1985-02-17,9.70633803566064e-05,-7.24249549706777
1985-02-18,0.000148995110066608,-10.9581254323324
1985-02-19,1.03695698877952e-05,-11.2000453472137
1985-02-20,0.000166386434708935,-10.0321763356527
1985-02-21,0.0638797931994001,-4.76356867949168
1985-02-22,0.237653413166602,-2.28227935234706
1985-02-23,0.504936183492343,-2.2757216890653
1985-02-24,0.368861968318621,2.26637190580368
1985-02-25,1.57983883279182e-05,2.29804805914561
1985-02-26,0.00183756558302169,2.64102433125178
1985-02-27,0.00782417301282597,1.95540620883306
1985-02-28,0.00486237579389126,2.10994314153989
1985-03-01,2.87553754448891,4.74952717622121
1985-03-02,8.76847898960114,2.30635325113932
1985-03-03,0.0259528542713573,2.33778141935666
1985-03-04,0.149210517527536,2.29708294073741
1985-03-05,0.181104939120511,1.72491512695948
1985-03-06,0.0148086936096661,2.841632604599
1985-03-07,0.0128595594469516,2.80075305700302
1985-03-08,0.00083393910729986,1.89183902740479
1985-03-09,0.00403965608832853,2.19820993145307
1985-03-10,0.0703468538510303,-0.121310840981702
1985-03-11,0.748653714545071,-0.480581163118283
1985-03-12,0.0949880549063285,0.209874580303828
1985-03-13,0.0118782857656091,1.58844713370005
1985-03-14,0.683109534283479,2.53990823030472
1985-03-15,0.968433728441596,0.0382882474611203
1985-03-16,1.06355724732081,1.05364451060692
1985-03-17,7.46749830245972,-1.1002092709144
1985-03-18,17.4418012301127,-2.51239742835363
1985-03-19,0.0362932953818624,-2.70900471011798
1985-03-20,0.00121405550513979,-1.46163248767455
1985-03-21,0.0105803913126389,0.463311937637627
1985-03-22,0.00180060959731539,2.56922379136086
1985-03-23,0.0894390250129315,4.20151344935099
1985-03-24,0.269172253708045,3.49158988396327
1985-03-25,0.0158174704095776,6.30378417174021
1985-03-26,0.362170562691366,7.68608820438385
1985-03-27,0.651660020152728,4.8954035838445
1985-03-28,0.345001664012671,0.257049020845443
1985-03-29,8.24795893095143e-06,3.62186678250631
1985-03-30,7.48013820460377e-05,8.69010957082113
1985-03-31,0.335346399495999,9.27417461077372
1985-04-01,0.173593697642597,9.58137043317159
1985-04-02,5.04335678973196e-05,10.6850531101227
1985-04-03,0,9.59004497528076
1985-04-04,0,12.8030744393667
1985-04-05,4.71040772633084e-05,13.4190621376038
1985-04-06,9.17584633827209,9.1024759610494
1985-04-07,0.578188338627418,10.1539754867554
1985-04-08,1.80317424237728,7.96612910429637
1985-04-09,12.9104637304942,6.55820588270823
1985-04-10,7.45293794075648,6.03589959939321
1985-04-11,2.01325885951519,7.61919546127319
1985-04-12,1.40677544971307,4.55341047048569
1985-04-13,4.08329433202744,5.53162399927775
1985-04-14,1.87496764461199,5.41019360224406
1985-04-15,5.90914483865102,4.37929902474086
1985-04-16,2.37382022539775,5.84298038482666
1985-04-17,0.00488988383828352,5.45618824164073
1985-04-18,0.00438735142233782,6.45936278502146
1985-04-19,0,8.15702474117279
1985-04-20,0,11.2424835364024
1985-04-21,6.1202192834268e-05,13.9862364927928
1985-04-22,0,13.1989989280701
1985-04-23,3.12900235752265,9.3059979279836
1985-04-24,0.0350716307293624,1.63552368680636
1985-04-25,0.0697544373882314,5.92144127686818
1985-04-26,0.44919971190393,2.7799865603447
1985-04-27,6.59911612669627,6.28490726153056
1985-04-28,1.00567157069842,1.45608361562093
1985-04-29,0.630831015606721,2.73718198140462
1985-04-30,4.58736364046733,5.63833844661713
1985-05-01,13.1047383546829,8.76352151234945
1985-05-02,9.09508417050044,3.60440740982691
1985-05-03,0.423544426759084,3.21667790412903
1985-05-04,0.000679343640816417,6.67495850721995
1985-05-05,0.00121833729955749,9.69332098960876
1985-05-06,0.0329527587940296,14.1420107682546
1985-05-07,16.0369879404704,14.077753384908
1985-05-08,25.669114112854,8.62621212005615
1985-05-09,12.8802240689596,8.53891324996948
1985-05-10,0.215803655485312,10.8809806505839
1985-05-11,1.27493100687085e-05,13.8687538305918
1985-05-12,8.48184371686026e-06,15.1513339678446
1985-05-13,0.0451458302559331,17.7322834332784
1985-05-14,2.7632496158282,15.9492812156677
1985-05-15,0.00383891863748431,13.0491216182709
1985-05-16,0.0624772552400827,15.6725732485453
1985-05-17,0.0111059454405525,16.5263679822286
1985-05-18,16.0641341209412,14.3519109884898
1985-05-19,1.96494898200035,14.1590355237325
1985-05-20,11.5724894205729,14.7201321125031
1985-05-21,16.04736328125,12.454785267512
1985-05-22,10.8871515989304,9.64985410372416
1985-05-23,1.04019661992788,10.2292418479919
1985-05-24,1.03135642651372e-05,13.8132205804189
1985-05-25,0,17.2432149251302
1985-05-26,0,19.37327003479
1985-05-27,20.5034058888753,18.6720905303955
1985-05-28,26.1336139043172,15.5069957574209
1985-05-29,2.20606038967768,13.1715077559153
1985-05-30,0.0279049400996882,13.6726101239522
1985-05-31,0.000294134758102397,15.9454895655314
1985-06-01,0.000267633381819602,15.8429935773214
1985-06-02,0.0233758054673672,14.3223334948222
1985-06-03,2.65027404111606e-06,17.0010566711426
1985-06-04,0.0085607721315076,19.2448582649231
1985-06-05,1.12662037461996,20.1692156791687
1985-06-06,3.78715286652247,18.8907492955526
1985-06-07,5.36664005120595,15.2934399445852
1985-06-08,3.34649797777335,9.31798529624939
1985-06-09,0.163136278303379,10.6464312871297
1985-06-10,7.7465337117513,9.67897478739421
1985-06-11,2.27668380737305,10.3381017843882
1985-06-12,0.241377615951933,12.7914344469706
1985-06-13,0.0640993845784881,12.1541638374329
1985-06-14,15.0188301404317,14.9728368918101
1985-06-15,3.88794674475988,10.279594818751
1985-06-16,0.0224898531062839,11.5205401579539
1985-06-17,0.379859289309631,11.3001721700033
1985-06-18,0.0140256626234532,11.7078596750895
1985-06-19,5.6299368540446,15.4331036408742
1985-06-20,1.84513575832049,11.6578985055288
1985-06-21,0.427211616188288,13.916131734848
1985-06-22,9.9813617070516,12.4855063756307
1985-06-23,1.37932058175405,12.0637154579163
1985-06-24,7.60662972927094,12.5426781972249
1985-06-25,0.126678730283553,13.3644074598948
1985-06-26,5.91506552696228,13.9515660603841
1985-06-27,1.94112216929595,12.2771547635396
1985-06-28,0.394363313913345,13.1151143709819
1985-06-29,4.60938535222037e-06,15.7367981274923
1985-06-30,4.10156479477882,18.1078515052795
1985-07-01,13.5281744003296,15.9351532459259
1985-07-02,0.123941787596171,14.9108089605967
1985-07-03,0,17.2172597249349
1985-07-04,0.0121147682681719,18.6898964246114
1985-07-05,0.0264813870502015,18.0851553281148
1985-07-06,7.86512637138367,17.3997775713603
1985-07-07,0.0093585808572243,16.5262587865194
1985-07-08,0.0453914949127162,16.0464952786763
1985-07-09,2.70974521835645,15.6031793753306
1985-07-10,0.0130599228626428,15.2565890947978
1985-07-11,8.34651533902312e-06,15.9352593421936
1985-07-12,0,17.9784606297811
1985-07-13,1.80183277886196e-05,19.872340520223
1985-07-14,4.55692442258199,23.0414996147156
1985-07-15,2.24394656221072,19.6125500996908
1985-07-16,7.52032955487569,18.2949288686117
1985-07-17,0.023953505888206,18.7036379178365
1985-07-18,6.47637548049291,21.0156515439351
1985-07-19,0.1863566354538,19.8051021893819
1985-07-20,1.41650195916494,17.2691955566406
1985-07-21,1.52849829693635,13.745406071345
1985-07-22,2.46379165673716e-05,17.2926694552104
1985-07-23,0,19.1729809443156
1985-07-24,0,19.0834724108378
1985-07-25,0.000129159394418821,20.8022526105245
1985-07-26,1.7507023193466,23.484570980072
1985-07-27,0.00577638837664078,19.5282079378764
1985-07-28,3.99612268805504,22.373698870341
1985-07-29,5.16440721352895,17.0967739423116
1985-07-30,4.1949018239975,16.6255629857381
1985-07-31,3.57222443819046,15.0822971661886
1985-08-01,1.60776584347089,15.9576397736867
1985-08-02,0.0188553455712584,15.77485815684
1985-08-03,1.32528753578663,17.9318544069926
1985-08-04,0.157837815311116,15.9398910204569
1985-08-05,14.0480031172434,20.6648619969686
1985-08-06,27.9813938140869,11.286060889562
1985-08-07,0.26234723146384,11.8545515537262
1985-08-08,0.0175586627786591,13.6392155488332
1985-08-09,0.00296960605191998,17.3819681803385
1985-08-10,4.15581143895785,15.1610919634501
1985-08-11,0.0289867474930361,17.2306437492371
1985-08-12,6.7754111289978,20.1734011967977
1985-08-13,0.00173022612580098,21.1402948697408
1985-08-14,0.000313671639257033,22.6398547490438
1985-08-15,8.34623066584269,21.3592305183411
1985-08-16,8.87150243918101,18.2696153322856
1985-08-17,7.52329607804616,14.4601758321126
1985-08-18,0.17464253709962,14.1891173521678
1985-08-19,3.15144192179044,17.9545644124349
1985-08-20,0.0476811644233142,16.0185401439667
1985-08-21,1.41865152158971e-06,17.7986771265666
1985-08-22,0.130239830662807,21.0548100471497
1985-08-23,0.237630635577564,18.5543182690938
1985-08-24,2.32643020153046,20.4866612752279
1985-08-25,31.4004162152608,12.9008034865061
1985-08-26,16.1812126636505,10.9696809450785
1985-08-27,0.0133062419481575,11.6645282109578
1985-08-28,0,11.7765203317006
1985-08-29,0,12.9391113122304
1985-08-30,0,15.4580070177714
1985-08-31,1.00671388208866,17.5763400395711
1985-09-01,3.8195835351944,16.6336046854655
1985-09-02,0.143855016911402,14.7747546037038
1985-09-03,14.875049829483,13.6357190608978
1985-09-04,0.222483872125546,12.9352809588114
1985-09-05,17.9551930427551,14.6269382635752
1985-09-06,0.0623047462237688,10.909428358078
1985-09-07,0.0452360699127894,8.92602666219076
1985-09-08,3.45260917147001,10.8167846997579
1985-09-09,0.665419186155001,9.21183125178019
1985-09-10,3.50487049824248e-05,9.09288716316223
1985-09-11,2.65060142131309e-06,12.4919443925222
1985-09-12,5.86749411013443e-06,13.2290809949239
1985-09-13,0.00132428031065501,14.4168038368225
1985-09-14,0.00436311473883203,13.5662662188212
1985-09-15,4.00093050301075,11.5159644285838
1985-09-16,0.000206426680153508,11.1453768412272
1985-09-17,0.200519328936934,15.4030251502991
1985-09-18,4.41716838395223e-06,16.2367426554362
1985-09-19,0,17.1790059407552
1985-09-20,0.00036230004676933,16.98552831014
1985-09-21,0,17.7672063509623
1985-09-22,0,18.3637646039327
1985-09-23,0.098895743401954,17.0949759483337
1985-09-24,0.000642313316348009,16.025590022405
1985-09-25,0.00830559708022823,14.7677083015442
1985-09-26,2.18809291254729e-05,13.3684335549672
1985-09-27,9.74695603872533e-06,13.0691765149434
1985-09-28,0,13.4240969022115
1985-09-29,1.69757671149758e-05,12.1194871266683
1985-09-30,0,12.0735538800557
1985-10-01,2.88929789652078e-05,13.8967475096385
1985-10-02,0.000286851425092512,15.4878459771474
1985-10-03,0,16.5004453659058
1985-10-04,1.21014628954678e-05,16.1554083824158
1985-10-05,1.91044598103811,15.9418865044912
1985-10-06,0.0010236218489202,13.8999439080556
1985-10-07,0.113398002150158,13.5924350420634
1985-10-08,1.80647834390402,10.2288822333018
1985-10-09,0.18557240255177,9.53410092989604
1985-10-10,0.000589064169616904,10.5137224197388
1985-10-11,6.58577995030403e-05,10.3213455677032
1985-10-12,0.652472473680973,10.0211764176687
1985-10-13,0.0108497084002011,5.43899965286255
1985-10-14,0.0812989122544726,7.60269474983215
1985-10-15,2.22404277324677,8.9040592511495
1985-10-16,0.00895055278184979,5.25404715538025
1985-10-17,0.00828106073943976,5.11398979028066
1985-10-18,0.0153549797832966,6.34914823373159
1985-10-19,0.253977263210497,6.61144093672435
1985-10-20,0.000649684176702673,5.14870961507161
1985-10-21,0.0198897594576313,3.49125373363495
1985-10-22,0.000243625116430242,3.47405912478765
1985-10-23,0,5.72673857212067
1985-10-24,8.52483354568297e-05,4.41033228238424
1985-10-25,1.45831923627308e-05,2.72114700078964
1985-10-26,0,2.75402611494064
1985-10-27,0.0491888941081318,1.76680748661359
1985-10-28,0.0501624095874528,0.689639071623484
1985-10-29,0.00115379231283441,-0.327696458126108
1985-10-30,0.104916317466026,0.839553351203601
1985-10-31,2.24973166982333,3.7586731115977
1985-11-01,4.63177851835887,5.30843067169189
1985-11-02,3.0596047838529,4.80282044410706
1985-11-03,0.0302741666285632,1.57210891445478
1985-11-04,1.44948196411133,2.11923723419507
1985-11-05,15.3209776083628,10.4353977044423
1985-11-06,0.86698276301225,3.44881075620651
1985-11-07,0.00317462231214449,5.46908005078634
1985-11-08,15.6407248179118,6.25477103392283
1985-11-09,2.59535224239031,11.9876345793406
1985-11-10,8.78849411010742,7.34816145896912
1985-11-11,0.012575057548626,0.12187510356307
1985-11-12,3.19076562921206,-0.113041085889563
1985-11-13,10.5141844352086,-1.16294656693935
1985-11-14,0.272613894194365,-1.69108570118745
1985-11-15,0.0390724961956342,-3.8007749915123
1985-11-16,7.17267618881579e-05,-3.89482231934865
1985-11-17,0.00174825538245689,-3.43953702847163
1985-11-18,0.0789313698575522,-4.90520071983337
1985-11-19,0.0129890205862466,-3.5531929731369
1985-11-20,4.00512284040451,-1.85360919435819
1985-11-21,5.44700555006663,-3.27374651034673
1985-11-22,2.03353727857272,-3.86034985383352
1985-11-23,0.263075415758067,-4.45984284083049
1985-11-24,1.2515769948562,-3.1050962805748
1985-11-25,1.31886859238148,-2.50832003355026
1985-11-26,0.155938132355611,-4.32934842507045
1985-11-27,0.00114779080498314,-7.22138396898905
1985-11-28,1.00969618807236,-1.80914484461149
1985-11-29,5.26154788335164,-2.76268712679545
1985-11-30,5.32834617296855,2.65311421950658
1985-12-01,0.205252956598997,2.98924382527669
1985-12-02,0.022139386938458,4.34555876255035
1985-12-03,3.32532217726111e-05,7.18421145280202
1985-12-04,6.56580342971817e-05,7.05214619636536
1985-12-05,0.0158942275156733,5.57497064272563
1985-12-06,8.58563140961148e-05,6.59817679723104
1985-12-07,0.0057791278231889,6.48686007658641
1985-12-08,0.000284969896407953,4.48457002639771
1985-12-09,5.51034267743429,3.19581202665965
1985-12-10,2.95523119966189,1.45977688829104
1985-12-11,0.14917406377693,0.119651244332393
1985-12-12,0.0976628732557098,-0.30852655461058
1985-12-13,1.22006143629551,-0.796707769234975
1985-12-14,0.448549018551906,3.21659725904465
1985-12-15,2.63422166307767,6.37184766928355
1985-12-16,2.44237877925237,7.03356953461965
1985-12-17,0.0117459170530007,4.77003602186839
1985-12-18,5.75027734041214,4.40515013535817
1985-12-19,0.11936144643308,4.0044559041659
1985-12-20,0.0033614508259537,3.91985603173574
1985-12-21,6.418022167054e-07,2.88658779859543
1985-12-22,0,0.397257034666836
1985-12-23,9.58717085571455e-07,0.716862969100475
1985-12-24,0.0128182947094804,-0.886995484431585
1985-12-25,0.419520271321138,3.03102614482244
1985-12-26,0.0279962739829595,4.79690118630727
1985-12-27,3.46419467528661,3.83874656756719
1985-12-28,10.2245499293009,2.29476447900136
1985-12-29,2.91712574164073,-2.53985579808553
1985-12-30,0.00057807935687985,-5.21509106953939
1985-12-31,0.000386559743977462,-6.26603662967682
1986-01-01,2.34272647897402,-5.40248235066732
1986-01-02,0.165816524066031,0.915605808297793
1986-01-03,1.8120919863383,1.84970511992772
1986-01-04,0.0951429420771698,-2.22188750902812
1986-01-05,0.0397606202944492,-1.4560090303421
1986-01-06,0.303449509044488,-0.0380731051166852
1986-01-07,0.113159200331817,-2.59746887286504
1986-01-08,2.61647202571233,-4.0186731616656
1986-01-09,2.20929443339507,-2.64205519358317
1986-01-10,5.93402349948883,-0.648115605115891
1986-01-11,13.7496576309204,2.47967688242594
1986-01-12,1.27439636985461,1.16031271219254
1986-01-13,8.2897185087204,2.97099715471268
1986-01-14,11.6662913163503,4.90572718779246
1986-01-15,3.47252644101779,1.9320596853892
1986-01-16,5.23512391249339,-0.51933545495073
1986-01-17,2.23413962125778,-2.69638180732727
1986-01-18,10.5977501869202,0.208352066731701
1986-01-19,4.19943475723267,7.82625607649485
1986-01-20,0.0793663129055252,2.13729387521744
1986-01-21,0.0232175348016123,0.394324460687737
1986-01-22,0.461343035101891,2.57809678713481
1986-01-23,15.0626177787781,4.99883902072906
1986-01-24,2.21811965107918,0.155731119991591
1986-01-25,5.30203298727671,-1.77968859672546
1986-01-26,1.13875087102254,-4.07533709208171
1986-01-27,0.187966496994098,-8.20011472702026
1986-01-28,0.160427069291472,-4.41806916395823
1986-01-29,4.20379486361829e-06,-3.8516872326533
1986-01-30,1.22732150581821e-05,-0.198430156645676
1986-01-31,0.00691583133205616,2.0678509871165
1986-02-01,0.0173240945441648,0.878235114117463
1986-02-02,7.94489023216253e-05,-0.625067134698232
1986-02-03,2.87043755330766e-05,-0.407036184954147
1986-02-04,0.00206182237404088,-2.16040126482646
1986-02-05,0.0253474969261636,-3.17314658562342
1986-02-06,0.0730011070457598,-3.37947078545888
1986-02-07,0.146605838711063,-6.29061098893483
1986-02-08,0.240818352729548,-11.2406980991364
1986-02-09,2.3595681587855,-12.0798296133677
1986-02-10,2.21567580103874,-11.769679069519
1986-02-11,0.243176804700245,-8.75011607011159
1986-02-12,0.00424271006825923,-8.49841205279032
1986-02-13,0.00460023867587249,-8.39604194959005
1986-02-14,0.0270606658887118,-8.73027547200521
1986-02-15,0.000510311914695194,-6.01241441567739
1986-02-16,0.00205840638227528,-4.55775241057078
1986-02-17,3.64247332016627,-3.86914362510045
1986-02-18,4.30862622459729,-3.8770569562912
1986-02-19,0.392953120172024,-5.03804242610931
1986-02-20,0.104988663767775,-6.55517562230428
1986-02-21,0.0162450167311666,-9.65761892000834
1986-02-22,1.85195429126422,-9.87393999099731
1986-02-23,10.1414361000061,-6.76141707102458
1986-02-24,0.0303386033823093,-10.2299931049347
1986-02-25,0.00226161514850295,-11.5382839043935
1986-02-26,0.00101731724316778,-11.5008798440297
1986-02-27,0.000514921334494526,-10.4675265947978
1986-02-28,0.00102752288027356,-6.8740139802297
1986-03-01,0.00352373963316192,-4.00368305047353
1986-03-02,0.00525392232763503,-3.38693028688431
1986-03-03,0.44602128614982,-1.85127365589142
1986-03-04,1.0464057015876,0.288866572547704
1986-03-05,1.47382629414399,3.60822737216949
1986-03-06,1.03443546841542,4.33341487248739
1986-03-07,0.542127088954051,1.46902185678482
1986-03-08,1.55481553077698,0.778403401374817
1986-03-09,0.00238695548371955,1.26116516689459
1986-03-10,0.000139334824496018,1.74859056870143
1986-03-11,0.0671630802874764,2.09079995751381
1986-03-12,0.147497123107314,1.43602486451467
1986-03-13,0.0833806547646721,1.50582872827848
1986-03-14,0.000470301741946362,2.57824589808782
1986-03-15,8.77517413755413e-06,3.27889639139175
1986-03-16,0.000144977092835082,3.36996434132258
1986-03-17,1.27124963000824e-06,4.23499566316605
1986-03-18,0.000520038665854372,3.8506868481636
1986-03-19,0.00381209498057918,3.4185599287351
1986-03-20,4.83116777737935,4.5190353790919
1986-03-21,2.96858973304431,1.67623183131218
1986-03-22,1.59608725458384,1.50312898556391
1986-03-23,7.04249982039134,4.63494328657786
1986-03-24,7.21258827050527,6.90050192674001
1986-03-25,1.87846109271049,2.13442080219587
1986-03-26,0.00870333527564071,2.34271618723869
1986-03-27,0.0303874421321477,6.16036510467529
1986-03-28,2.17363106211027,6.93470994631449
1986-03-29,0.636554988722006,5.73853353659312
1986-03-30,0.625337113936742,4.425324122111
1986-03-31,2.05056471625964,9.69501940409342
1986-04-01,0.0178771355034163,6.65447799364726
1986-04-02,0.00632229162147269,6.68457472324371
1986-04-03,11.6403830051422,6.55736720561981
1986-04-04,1.48328921323021,2.45210380355517
1986-04-05,1.32969638705254,1.53940491875013
1986-04-06,0,3.71480856339137
1986-04-07,0,11.8681407769521
1986-04-08,0.00054151940275915,12.6400082906087
1986-04-09,3.52113284667333,10.523002465566
1986-04-10,3.3165095448494,1.06283197303613
1986-04-11,2.01046149432659,-2.47687568267186
1986-04-12,2.96626152098179,-2.65184545516968
1986-04-13,0.0514432699419558,-1.90473053852717
1986-04-14,8.17554515037955e-05,2.8251890540123
1986-04-15,3.17706047402074e-05,7.31441501776377
1986-04-16,0.413024564972147,8.68225653966268
1986-04-17,3.92069323857625,5.71722507476807
1986-04-18,4.32939851284027,4.29501607020696
1986-04-19,6.13275315364202,3.17848269144694
1986-04-20,4.91889011859894,4.2532118956248
1986-04-21,0.0149044470163062,10.859505256017
1986-04-22,0.0054957538935317,6.55846504370372
1986-04-23,4.06298907667709e-05,8.80875754356384
1986-04-24,1.82334386308988,9.55038857460022
1986-04-25,0.0222102980284641,11.5760559240977
1986-04-26,4.3644658724467,12.6597442626953
1986-04-27,0.0840119684580714,10.4339191118876
1986-04-28,7.46163391073545,11.836087067922
1986-04-29,15.7877850532532,12.784747282664
1986-04-30,14.4902840852737,12.4169057210286
1986-05-01,0.00383774236555231,13.5570726394653
1986-05-02,0.0104004493526494,14.5801474253337
1986-05-03,0.00450172985438257,15.7982064088186
1986-05-04,0.00511241093045101,14.9792553583781
1986-05-05,2.66712884108225,16.2087967395782
1986-05-06,1.45295963560541,16.3912686506907
1986-05-07,14.0950489044189,14.7146156628927
1986-05-08,2.43981790045897,8.9026513894399
1986-05-09,0.519309491539995,10.6707212924957
1986-05-10,0.323022320090483,13.0100268522898
1986-05-11,3.49754228194555,14.0618396600087
1986-05-12,0.00234041832929203,15.1826680501302
1986-05-13,0.717963924476256,16.9197441736857
1986-05-14,0.865457964440187,14.3642663955688
1986-05-15,5.20350841681163,12.608699242274
1986-05-16,16.1333374182383,13.0650897026062
1986-05-17,0.453547645360231,14.6938763459524
1986-05-18,3.84804437557856,18.211652914683
1986-05-19,1.11523654560248,17.6342379252116
1986-05-20,0.0997938574291766,19.1401254336039
1986-05-21,6.27615483601888,16.9021744728088
1986-05-22,0.000815223280975867,14.8478319644928
1986-05-23,4.39458668728669,18.4041341145833
1986-05-24,3.61020461718241,13.0279082457225
1986-05-25,0.000232873015193036,14.3952752749125
1986-05-26,0.00150600446310515,18.8149340947469
1986-05-27,4.10247109333674,18.6916265487671
1986-05-28,10.4266712665558,12.9316884676615
1986-05-29,9.49584539731344,7.94532827536265
1986-05-30,9.92961696783702,6.43748148282369
1986-05-31,3.80870028336843,6.9170415798823
1986-06-01,3.03086286783218,9.39089759190877
1986-06-02,1.39320118476947,9.67266829808553
1986-06-03,4.2900382677714,11.9431701501211
1986-06-04,15.2557419141134,7.98043056329091
1986-06-05,3.14754734436671,6.99233428637187
1986-06-06,1.43425596753756,7.90329825878143
1986-06-07,7.36353794733683,7.36146358648936
1986-06-08,0.0350688938715393,11.984809478124
1986-06-09,6.56680699269903e-06,15.0599126021067
1986-06-10,0.0208618186491852,17.3838775952657
1986-06-11,20.5895220438639,11.0882840156555
1986-06-12,3.21722334623337,8.96595040957133
1986-06-13,1.23705307642619,10.0996070702871
1986-06-14,0.412883338828882,15.861634572347
1986-06-15,0.000155826679474558,20.6904996236165
1986-06-16,0.0521312003644804,20.4421714146932
1986-06-17,3.50092461705208,19.7810249328613
1986-06-18,2.35394476975004,19.3604458173116
1986-06-19,0.360482423566282,20.3915588061015
1986-06-20,0.00740299608636027,20.5038715998332
1986-06-21,0.00705594930332154,20.5119366645813
1986-06-22,0.13516296655871,21.0951398213704
1986-06-23,23.0969004631042,20.4311513900757
1986-06-24,0,16.9925305048625
1986-06-25,4.6302894437152e-06,18.477211634318
1986-06-26,0,18.9612488746643
1986-06-27,0,19.9464747111003
1986-06-28,0,20.901358127594
1986-06-29,0.000549603731390865,20.1192413965861
1986-06-30,0,18.3333450953166
1986-07-01,0,18.5687794685364
1986-07-02,8.9379175430319e-05,20.5952391624451
1986-07-03,3.13093002637227,21.3460947672526
1986-07-04,0.310463983255128,20.1554261843363
1986-07-05,2.68214702606201,21.8231681187948
1986-07-06,31.6237745285034,15.5866944789886
1986-07-07,3.65115869045258,13.8394354184469
1986-07-08,5.71470203002294,11.8349619706472
1986-07-09,4.81203774611155,13.242974281311
1986-07-10,2.15468147397041,12.8300652503967
1986-07-11,7.1193550825119,12.2255909442902
1986-07-12,0.00375783579268803,12.7917788823446
1986-07-13,0.346873203913371,12.1261633237203
1986-07-14,0,13.3762098153432
1986-07-15,0,15.8251767158508
1986-07-16,0,18.0381905237834
1986-07-17,0.000338425268940531,19.5932884216309
1986-07-18,6.37205547094345,15.0512092113495
1986-07-19,11.3306619326274,12.0708191394806
1986-07-20,0.0241474415330837,13.4426472187042
1986-07-21,4.6302894437152e-06,15.7834639549255
1986-07-22,9.5481733296765e-05,18.5450248718262
1986-07-23,5.8109423716863,18.81387646993
1986-07-24,7.60812254746755,11.4510207970937
1986-07-25,0.891978873560826,15.3512975374858
1986-07-26,0.350249145587441,17.3201832771301
1986-07-27,1.06710310016448e-05,18.9368716875712
1986-07-28,2.23447938575797e-05,20.354798634847
1986-07-29,2.37481465439002,21.8923106193542
1986-07-30,0.00866467712330632,20.9090779622396
1986-07-31,6.44303401311239,22.0623954137166
1986-08-01,2.03439453492562,18.0902441342672
1986-08-02,0,21.784720102946
1986-08-03,0.000442667670237521,24.1835165023804
1986-08-04,16.5002640883128,21.8577558199565
1986-08-05,0.0185494190081954,16.9385471343994
1986-08-06,0.00469805798881377,18.4820631345113
1986-08-07,0.05275775740544,20.1001145044963
1986-08-08,2.62817404667536,17.0015174547831
1986-08-09,0.233414387408023,19.2408254941305
1986-08-10,1.43861867984136,20.2880442937215
1986-08-11,4.84131263941526,20.0835785865784
1986-08-12,11.1677596569061,15.9922449588776
1986-08-13,0.600454196333885,16.214436451594
1986-08-14,0.00449403957463801,17.0314857165019
1986-08-15,2.97077357179175,19.7144405047099
1986-08-16,0.510462030768394,19.7904459635417
1986-08-17,16.0701673825582,19.8650770187378
1986-08-18,2.89119908089439,18.2461512883504
1986-08-19,9.09140797456106,15.8239574432373
1986-08-20,0.00694622678444527,13.6866320768992
1986-08-21,0.120534490211867,14.8084078629812
1986-08-22,7.68827688694,18.9367822011312
1986-08-23,8.30739188194275,13.4550089836121
1986-08-24,10.8361426591873,12.3814112345378
1986-08-25,0.0487448285178592,12.8703932762146
1986-08-26,1.5344801992178,17.6027369499207
1986-08-27,0.105641412548721,12.7083739439646
1986-08-28,11.9464038213094,10.422159910202
1986-08-29,1.13585282117128,9.56213879585266
1986-08-30,0.00434599618165521,10.4710785547892
1986-08-31,0.00156242023998251,10.637170235316
1986-09-01,0.001451007566781,10.6886322498322
1986-09-02,0.0238911447425683,12.7138323783875
1986-09-03,3.13481238484383,14.7279009819031
1986-09-04,0.12134800121809,9.42800426483154
1986-09-05,0.00674223977936587,10.1119856834412
1986-09-06,0.00118770929687647,14.3518266677856
1986-09-07,0.0275583319404783,12.3012165228526
1986-09-08,0.00224655357427158,12.2130950291952
1986-09-09,0.0928579509491101,11.6138734817505
1986-09-10,0.0103965929180655,10.012512365977
1986-09-11,0.0225617686131348,10.1397871176402
1986-09-12,1.14176717897256,14.7852181593577
1986-09-13,4.46833725770315,15.796067237854
1986-09-14,9.44303838411967,16.5858418146769
1986-09-15,0.0478480759387215,19.4596724510193
1986-09-16,7.27585458755493,17.4987074534098
1986-09-17,4.5775844057401,16.2677872975667
1986-09-18,2.93028484781583,10.2449169953664
1986-09-19,0.00280174440801299,8.30576948324839
1986-09-20,0.000435878002463141,8.73092857996623
1986-09-21,0.0112003277172334,10.1580177942912
1986-09-22,0.00696850005382051,11.5726409753164
1986-09-23,4.48761262911527e-05,12.0621932347616
1986-09-24,2.09991727994444e-05,12.9826804002126
1986-09-25,0.0164405792135464,10.7966872056325
1986-09-26,0.000679521338800745,8.13466560840607
1986-09-27,2.75183774647303e-05,9.16100915273031
1986-09-28,2.87713449627821e-05,9.7382800579071
1986-09-29,2.79988959543213e-05,9.43405167261759
1986-09-30,1.44861242290517e-05,11.1900326410929
1986-10-01,0.00378234244385567,11.651534875234
1986-10-02,0,12.7130402723948
1986-10-03,0,13.2281450430552
1986-10-04,1.34070849829489e-06,11.6332678000132
1986-10-05,0.00376577915358212,11.344077984492
1986-10-06,0.00353671829604233,13.4132812817891
1986-10-07,0.00298818118972122,13.5102156798045
1986-10-08,0.370797102650007,10.7991506258647
1986-10-09,0.0236460228916258,8.39130703608195
1986-10-10,0.00752740446902559,8.57987761497498
1986-10-11,0.00015481306976047,10.8562962214152
1986-10-12,1.03825475861186e-06,10.0336941083272
1986-10-13,0.0239850514335558,9.7252782980601
1986-10-14,0.0193664018879645,10.3020142714183
1986-10-15,0.101696074008942,9.03501566251119
1986-10-16,0.0910402185594042,7.98150050640106
1986-10-17,0.000101200939146414,7.05762688318888
1986-10-18,0.000127184156250829,7.44703582922618
1986-10-19,7.4420645236969,8.93904399871826
1986-10-20,12.5330624580383,9.19986486434937
1986-10-21,7.25170441468557,7.26714845498403
1986-10-22,27.5441932678223,14.019225358963
1986-10-23,3.86847045024236,6.16088914871216
1986-10-24,0.0915666927661126,3.88884143034617
1986-10-25,1.08514638741811,6.63115334510803
1986-10-26,1.06304251650969,5.02021932601929
1986-10-27,0.0850133451555545,3.24130276838938
1986-10-28,1.88409415880839,4.24143300453822
1986-10-29,10.1379106044769,6.58856137593587
1986-10-30,0.178472644028564,5.47454798221588
1986-10-31,0.00482501887502925,7.2335741519928
1986-11-01,6.33914991219838,9.60900584856669
1986-11-02,4.31573460499446,4.95975383122762
1986-11-03,0.0352852490420143,0.119665345177054
1986-11-04,0.0238824447587831,1.22727410991987
1986-11-05,0.270751455333084,3.71013859907786
1986-11-06,0.236712160209815,5.62844530741374
1986-11-07,0.00342969480940762,3.62953889369965
1986-11-08,0.0522944952050845,6.00292758146922
1986-11-09,0.0244640594513233,3.36493933200836
1986-11-10,2.21930580058446e-05,4.93351523081462
1986-11-11,4.83906333101913e-05,4.5428816874822
1986-11-12,0.00213706227562701,5.42998786767324
1986-11-13,0.00579350839446609,2.99479146798452
1986-11-14,0.0145749874366932,4.06427858273188
1986-11-15,0.000226523157531725,5.78100681304932
1986-11-16,0.00538362434599549,7.47177437941233
1986-11-17,2.26000055670738,7.87458193302155
1986-11-18,0,5.01344009240468
1986-11-19,4.97462218239283e-05,6.27466801802317
1986-11-20,6.48746848106384,6.06399953365326
1986-11-21,7.65880890687307,3.68224398295085
1986-11-22,6.81167427698771,6.92451135317485
1986-11-23,0.921118927498659,3.55128731330236
1986-11-24,0.00824051967902051,3.946919520696
1986-11-25,0.0855844695567309,4.19792197148005
1986-11-26,0.447476829091708,5.39068329334259
1986-11-27,0.000435813587197724,1.93697160482407
1986-11-28,0.00441664056415902,-0.279399667556087
1986-11-29,2.19864614336984e-06,-1.3412765065829
1986-11-30,0.000115254999400349,-2.08702279130618
1986-12-01,0.000189966350262694,-1.97632203499476
1986-12-02,0.171226620926367,1.40456881125768
1986-12-03,0.00014463348497884,1.47163553039233
1986-12-04,0.00010769260309947,1.32151583830516
1986-12-05,0.00030501051999939,0.666034763058027
1986-12-06,0.366448211173217,3.72820045550664
1986-12-07,0.15241838619113,3.94261399904887
1986-12-08,0.00013906808453612,2.81449683507284
1986-12-09,0.289534333472451,1.86598142981529
1986-12-10,0.372129712253809,2.44528683026632
1986-12-11,0.0181819676799932,1.11495996018251
1986-12-12,0.0196327857750778,-0.0192953639974197
1986-12-13,3.91879993677139,0.319616574794054
1986-12-14,0.827104091644287,2.16794904073079
1986-12-15,3.47402526934942,1.31845211486022
1986-12-16,4.49642670154572,2.50134658813477
1986-12-17,1.47098288933436,1.67491969466209
1986-12-18,14.8402644793193,5.18618361155192
1986-12-19,2.58332804838816,0.903575219213963
1986-12-20,0.866674763460954,0.123719894016782
1986-12-21,1.49835147460302,-0.673679555455844
1986-12-22,1.50004844864209,-4.22211460272471
1986-12-23,2.57736905415853,-4.61481543382009
1986-12-24,0.309488486498594,-6.59370414415995
1986-12-25,1.60298345486323,-7.48157056172689
1986-12-26,3.32876684268316,-0.856383636593819
1986-12-27,2.69459114472071,-0.558849684894085
1986-12-28,2.07034002741178,1.57358302672704
1986-12-29,0.509237806002299,5.40639022986094
1986-12-30,0.332685853665074,6.20468425750732
1986-12-31,0.769974817832311,6.65750741958618
1987-01-01,11.9391101996104,7.37296744187673
1987-01-02,5.28284998734792,3.31666954358419
1987-01-03,1.6679205596447,-4.0170504450798
1987-01-04,3.41041772564252,-2.05709927280744
1987-01-05,4.44833702842395,1.94664224982262
1987-01-06,3.07614195346832,0.648416778693596
1987-01-07,0.590511123339335,-6.40526715914408
1987-01-08,0.000821580998793555,-9.22168231010437
1987-01-09,0.00787188834510744,-5.35905428727468
1987-01-10,3.28440459569295,-4.97171183427175
1987-01-11,3.41626991828283,-15.1067665417989
1987-01-12,0.0193991303773752,-19.3090731302897
1987-01-13,0.000201614665608455,-15.427530447642
1987-01-14,0.00309370437753387,-11.6210454305013
1987-01-15,0.310365876803796,-9.04455558458964
1987-01-16,0.00237299754129102,-7.82279249032338
1987-01-17,0.0238070459017763,-5.97337142626445
1987-01-18,0.327968580027421,-5.77553105354309
1987-01-19,0.129735542150835,-4.88274582227071
1987-01-20,0.00751625081951109,-4.47242168585459
1987-01-21,0.00102714744366494,-6.66821805636088
1987-01-22,0.0186101966537535,-6.36739710966746
1987-01-23,1.8433857858181,-2.79370810588201
1987-01-24,0.643865195413431,0.240689485877131
1987-01-25,0.00378247848025618,-0.8078949401776
1987-01-26,0.415306475013494,-1.21877612173557
1987-01-27,0.00745069736149162,-3.65010273456573
1987-01-28,0.0415132894801597,-2.60050938526789
1987-01-29,0.00484650233071685,-6.91082882881165
1987-01-30,0,-12.2509192625682
1987-01-31,0.000125922231442625,-12.7999953428904
1987-02-01,2.1826163276728e-06,-10.7662471135457
1987-02-02,0,-9.13779934247335
1987-02-03,0.0601643748426189,-3.7315329114596
1987-02-04,0.000297499263979262,-1.27415346105893
1987-02-05,0.00254372363269795,-2.64266600211461
1987-02-06,4.92068981130918,0.833389396468798
1987-02-07,2.82671991984049,2.88533027966817
1987-02-08,1.01747211317221,3.43908329804738
1987-02-09,0.102892436397572,5.23007146517436
1987-02-10,0.35751353080074,4.05638430515925
1987-02-11,0.0409510801546276,2.48560611406962
1987-02-12,0.776735293368498,2.19132047891617
1987-02-13,0.764321938157082,1.60509797930717
1987-02-14,0.747527989248435,2.59497314691544
1987-02-15,7.81738046805064,1.31585297981898
1987-02-16,1.24986737469832,-0.0910628031318386
1987-02-17,4.3922909895579,-1.2096497664849
1987-02-18,2.29383678237597,-1.82247320810954
1987-02-19,4.09824524323146,-2.55845709641775
1987-02-20,10.8741687138875,-0.47121824324131
1987-02-21,1.43927114705245,-0.644454347590605
1987-02-22,0.411921717226505,-0.961635023355484
1987-02-23,1.17479093869527,-3.14720664421717
1987-02-24,0.000412468350380853,-6.78002289930979
1987-02-25,0.0207925309465888,-3.91511787970861
1987-02-26,8.86278144518534,0.356595075223595
1987-02-27,8.88019188245138,3.87292728821437
1987-02-28,5.77573388814926,5.99483529726664
1987-03-01,8.54367105166117,6.00465333461761
1987-03-02,14.2741735776265,5.27580459912618
1987-03-03,2.97556187709173,-8.12075833479563
1987-03-04,0.175685084424913,-8.50191370646159
1987-03-05,0.00972175706798832,-7.94086376825968
1987-03-06,0.178362299028474,-6.98107691605886
1987-03-07,0.0167699488714182,-7.13426820437113
1987-03-08,0,-6.02183624108632
1987-03-09,0.000142856838162212,-5.08463950951894
1987-03-10,1.88691798636379e-05,-3.22807637850444
1987-03-11,9.43458993181897e-06,-3.10865916808446
1987-03-12,0.00585352108584836,-3.97543754180272
1987-03-13,0.00152895761857508,-2.76716498533885
1987-03-14,0.000777965380014697,-3.06539859374364
1987-03-15,2.91013551751773,-0.661774151027203
1987-03-16,1.81536894043287,-2.45405707756678
1987-03-17,2.13180694977442,-0.773445546627045
1987-03-18,1.6370307803154,2.5711038907369
1987-03-19,2.150971164306,0.648048082987467
1987-03-20,0.315875025466084,-1.0463366607825
1987-03-21,7.07068781290824e-05,0.113392659773429
1987-03-22,0.0841229479604711,1.32127751906713
1987-03-23,0.403714319691062,3.97003410259883
1987-03-24,2.236532792449,6.52528977394104
1987-03-25,1.84727244575818,8.68808897336324
1987-03-26,1.40877331296603,5.96179207166036
1987-03-27,3.27079306046168,8.49078178405762
1987-03-28,3.83047901590665,5.21965849399567
1987-03-29,2.16714065770308,2.36643971006076
1987-03-30,0.139792029745877,0.0259270047148069
1987-03-31,1.50423923134804,0.0825547240674496
1987-04-01,1.6260319451491,0.553055840544403
1987-04-02,0.00143175915339574,2.14777744809786
1987-04-03,0,8.3291486899058
1987-04-04,1.44015073776245,8.54683844248454
1987-04-05,0.0211457894571746,8.48539129892985
1987-04-06,1.10883932548071,7.84953951835632
1987-04-07,0.596650925775369,11.2313745816549
1987-04-08,3.29835780461629,10.5365572770437
1987-04-09,23.0886057217916,10.1375456651052
1987-04-10,3.05332544942697,7.21043352286021
1987-04-11,2.30620469649633,7.80310122172038
1987-04-12,1.58218367894491,3.3851052125295
1987-04-13,0.0170776717131957,3.28037458658218
1987-04-14,0.000107491526553834,5.06767868995667
1987-04-15,0.00104045185920161,6.67024159431458
1987-04-16,0,8.58766412734985
1987-04-17,0.00290244565572569,9.55367143948873
1987-04-18,0,11.9580548604329
1987-04-19,9.69741976261139,12.7777890364329
1987-04-20,11.8432679971059,9.82309222221375
1987-04-21,0.16200065271308,5.76532487074534
1987-04-22,8.76652096242954e-05,6.82296288013458
1987-04-23,0,9.38495000203451
1987-04-24,2.12232957608194e-06,11.8654946486155
1987-04-25,2.41738068064054,14.453475634257
1987-04-26,0.78854663670063,11.3410529295603
1987-04-27,0.00269353895661576,10.2835941314697
1987-04-28,1.49079520876209e-05,11.3579049110413
1987-04-29,0.000552694119202594,14.2735512256622
1987-04-30,3.63642087298407e-05,15.5376334190369
1987-05-01,0,14.8854554494222
1987-05-02,7.3389314810435,15.2977652549744
1987-05-03,31.3268594741821,5.37415663401286
1987-05-04,6.65396328767141,3.56358524163564
1987-05-05,10.9982059796651,6.16152576605479
1987-05-06,2.85379100839297,5.78767855962117
1987-05-07,0.554967024674018,6.26773917675018
1987-05-08,4.71190618706411e-05,8.69856762886047
1987-05-09,9.8795741602468e-06,11.9455018043518
1987-05-10,8.21440130472183,12.6976443131765
1987-05-11,0.041548317608734,10.0196691354116
1987-05-12,1.99316363533338,10.2943244775136
1987-05-13,5.85065346956253,5.12685298919678
1987-05-14,0.0831210131582338,7.40203674634298
1987-05-15,3.12253393729528,9.14488506317139
1987-05-16,3.36630860343575,5.98237065474192
1987-05-17,0.00305836368352175,9.98517036437988
1987-05-18,2.02740222029388,11.2176721890767
1987-05-19,16.7551186879476,10.2476278940837
1987-05-20,4.20725041131179,6.77931272983551
1987-05-21,4.26686175664266,4.27701439460119
1987-05-22,1.5052272627751,6.06465554237366
1987-05-23,0.299282670253888,7.48120772838593
1987-05-24,0.000109558609134789,10.3235471248627
1987-05-25,0.0300837467269351,11.5921489397685
1987-05-26,0.16399285569787,14.1452000141144
1987-05-27,6.63690475622813,13.2543205420176
1987-05-28,3.06882365544637,11.9361358483632
1987-05-29,5.32189758618673,9.43130509058634
1987-05-30,0.0334439516300336,11.2655422687531
1987-05-31,7.90960431098938,11.5420842965444
1987-06-01,1.24887368579706,11.5640753904978
1987-06-02,0.709703174730142,14.0477648576101
1987-06-03,1.45906579494476,13.4918540318807
1987-06-04,4.32947351535161,11.3621230920156
1987-06-05,7.52483554681142,12.3467010656993
1987-06-06,1.20734955867132,16.5060960451762
1987-06-07,8.58113153775533,15.2925488948822
1987-06-08,1.66254247228305,10.4273229440053
1987-06-09,3.13636269172033,11.0388685067495
1987-06-10,0.0162043578311568,12.5789420604706
1987-06-11,9.08961325573425e-05,16.6416934331258
1987-06-12,1.18666570199033,16.8386298815409
1987-06-13,6.27204589049021,18.1294848124186
1987-06-14,1.09577568372091,15.0570049285889
1987-06-15,11.4372995694478,11.9829665819804
1987-06-16,14.5291136105855,8.99493225415548
1987-06-17,9.95606036980947,9.10702244440714
1987-06-18,4.62420217196147,9.66167410214742
1987-06-19,4.53965713580449,12.2037419478099
1987-06-20,3.691075583299,12.2809794743856
1987-06-21,0.171335285684715,11.969997882843
1987-06-22,0.378281284744541,12.9219872156779
1987-06-23,19.2390865484873,14.5754974683126
1987-06-24,9.99781425793966,13.9334722359975
1987-06-25,0.00541472621262074,14.6039855480194
1987-06-26,1.85936884682936,14.1804121335347
1987-06-27,0.00165458658496694,16.1013099352519
1987-06-28,5.80897418937335e-06,19.44273853302
1987-06-29,4.61694795224806e-06,21.9214363098145
1987-06-30,0.0015063042131563,23.8025499979655
1987-07-01,22.9952428340912,20.7003534634908
1987-07-02,0.00632530286141749,20.3359711964925
1987-07-03,0.0363883843529038,20.4242231051127
1987-07-04,0.0919364655856043,20.7300299008687
1987-07-05,0,18.4335258801778
1987-07-06,0.000621275433028738,19.2001640001933
1987-07-07,3.16172194480896,20.4636214574178
1987-07-08,16.2371476491292,17.7518351872762
1987-07-09,0.000628427408325175,15.9434399604797
1987-07-10,6.0461177478525e-05,16.2205850283305
1987-07-11,5.17481930728536e-06,19.837473710378
1987-07-12,8.47654565175374,20.5567785898844
1987-07-13,0.0478631005971693,18.5974817276001
1987-07-14,9.28455556277186e-05,20.8442649841309
1987-07-15,0.257541454707583,21.5366687774658
1987-07-16,3.16092703739802,21.5517807006836
1987-07-17,8.20174578825633,19.2739313443502
1987-07-18,22.1279198328654,13.7424171765645
1987-07-19,3.11838176846504,13.3269692262014
1987-07-20,1.28416428466638,15.7759683132172
1987-07-21,0.871076509356499,14.8232054710388
1987-07-22,3.77301496267319,16.2456512451172
1987-07-23,3.46770076950391,17.078600247701
1987-07-24,3.65533989171187,18.2942260106405
1987-07-25,9.48103930552801,15.2066341241201
1987-07-26,2.40242630740007,11.3636209170024
1987-07-27,10.495768626531,12.6551622549693
1987-07-28,1.24830481410027,13.0053114096324
1987-07-29,0.670912384676437,15.6219761371613
1987-07-30,5.90648150444031,15.3055958747864
1987-07-31,0.420453326155742,15.0548630555471
1987-08-01,9.36452253659566,14.9409619967143
1987-08-02,6.03489490350087,14.4586009979248
1987-08-03,15.8284667332967,16.2101769447327
1987-08-04,15.7465219497681,12.5370066165924
1987-08-05,0.53485105621318,10.1449537277222
1987-08-06,0.795378071566423,10.2302450338999
1987-08-07,3.46180751423041,10.4559565385183
1987-08-08,0.000501790389535017,14.384171406428
1987-08-09,4.85912416378657,14.259880065918
1987-08-10,3.77466030915578,12.9179793198903
1987-08-11,8.93318075820086e-05,14.2925000190735
1987-08-12,1.7732155919075,15.9663440386454
1987-08-13,0.442684116462866,17.7903046607971
1987-08-14,0.0668790831696242,20.0834603309631
1987-08-15,0.00171800941946761,16.2094625631968
1987-08-16,1.62050059770991e-05,17.3219126065572
1987-08-17,1.33313768170774,21.1781698862712
1987-08-18,22.6346393426259,18.2102080980937
1987-08-19,0.0022777338775389,18.6923495928446
1987-08-20,0.00438738160786064,18.0561765034993
1987-08-21,0,19.0133061408997
1987-08-22,0,20.4855502446493
1987-08-23,5.95911268393199,17.8201022148132
1987-08-24,1.07964087029298,19.0566538174947
1987-08-25,0.590176110466321,13.9446840286255
1987-08-26,0.000167674562059498,15.3470738728841
1987-08-27,2.54231011867523,13.6091511249542
1987-08-28,1.32060345510642,13.2863216400146
1987-08-29,0.00547192272279062,16.1338750521342
1987-08-30,0.000125465766132038,16.913051923116
1987-08-31,0,17.3781048456828
1987-09-01,17.6985536416372,18.6636821428935
1987-09-02,0.0167351739073638,17.3413763046265
1987-09-03,0.0354059383971617,16.8699417114258
1987-09-04,0.665369723613063,17.3624208768209
1987-09-05,15.7775141398112,15.9987128575643
1987-09-06,0.078899195495372,13.6573452949524
1987-09-07,0.281121570616961,16.2331514358521
1987-09-08,9.66698638598124,13.1547039349874
1987-09-09,0.00289033883988547,13.2488929430644
1987-09-10,0.5248995150129,15.2187614440918
1987-09-11,0.577188106874625,14.9184113343557
1987-09-12,5.14208538030895e-06,18.540454864502
1987-09-13,0,20.2281419436137
1987-09-14,6.02425006187938e-05,20.6961414019267
1987-09-15,1.08921887355488e-05,17.0119573275248
1987-09-16,1.27398634504061e-05,18.4156125386556
1987-09-17,7.66675869575314e-06,20.512705485026
1987-09-18,0.0143767506427442,20.7954305013021
1987-09-19,7.67557406409954e-05,18.9175710678101
1987-09-20,0.151338976458646,19.4311582247416
1987-09-21,0.00203740120377915,18.8802809715271
1987-09-22,2.54369806249936,19.7056778271993
1987-09-23,4.45817293723424,17.6214032173157
1987-09-24,2.21258076032003,13.3495982487996
1987-09-25,10.3354896108309,12.9391040007273
1987-09-26,32.5612012545268,11.9000780582428
1987-09-27,0.555345386266708,8.65658966700236
1987-09-28,0.000105650466025509,6.82797038555145
1987-09-29,8.22215103350269e-06,5.70745754241943
1987-09-30,0,6.50229128201803
1987-10-01,0,6.67014877001445
1987-10-02,1.17060238456664e-05,6.3161803483963
1987-10-03,0.00270717978734562,6.87321082750956
1987-10-04,0.00128112147892049,10.861890633901
1987-10-05,0.00365635243360884,13.2289238770803
1987-10-06,1.21939396858215,13.0105811754862
1987-10-07,0.0674226866879811,11.219254732132
1987-10-08,0.451133822401365,9.69058402379354
1987-10-09,7.40627838998383e-06,9.12082131703695
1987-10-10,1.25242331705522e-05,13.3119733333588
1987-10-11,0.170429635792971,12.2681988875071
1987-10-12,0.87408784776926,6.83909285068512
1987-10-13,0.353279311520358,6.9318585395813
1987-10-14,2.34453153113524,9.38019132614136
1987-10-15,0.412227027040596,13.6020868619283
1987-10-16,0.0114602097200986,13.672044356664
1987-10-17,4.5405482451121,9.67825698852539
1987-10-18,0.0129792019336795,7.66656009356181
1987-10-19,0.113957964504759,7.94125699996948
1987-10-20,0.00751333138274883,8.33864609400431
1987-10-21,1.62115486462911,9.85088650385539
1987-10-22,3.29842235644658,7.61612586180369
1987-10-23,2.31995217005412,7.75391225020091
1987-10-24,0.223280796431936,8.5224134127299
1987-10-25,3.91651123762131,7.36371012528737
1987-10-26,3.84069180488586,7.19619504610697
1987-10-27,0.0366474534918476,7.98236354192098
1987-10-28,0.0360255513902909,7.78549567858378
1987-10-29,0.0384220320168727,6.95717696348826
1987-10-30,0.0967258783057332,6.08127431074778
1987-10-31,0.00339007144672602,7.5740016301473
1987-11-01,4.214242319266,8.94307597478231
1987-11-02,0.650400602569183,8.6765444278717
1987-11-03,0.000261463032681301,6.7025959889094
1987-11-04,0.00174742801512669,2.93348467350006
1987-11-05,0.00282420453974434,2.161090751489
1987-11-06,0.0597219876945019,2.07774265607198
1987-11-07,0.0377293263639634,1.63213043411573
1987-11-08,0.100320397565762,2.61949402093887
1987-11-09,1.09764768307408,5.75208310286204
1987-11-10,7.7305988073349,6.11557229359945
1987-11-11,0.234680023665229,6.08526925245921
1987-11-12,5.56241720914841,5.8609367609024
1987-11-13,8.35939653714498,6.93271879355113
1987-11-14,1.45857501526674,3.33832724889119
1987-11-15,2.44078002373377,2.30957796176275
1987-11-16,6.14744551976522,8.27049664656321
1987-11-17,4.77709017197291,6.40567350387573
1987-11-18,1.39234499881665,6.01273151238759
1987-11-19,8.68727938334147,5.42025407155355
1987-11-20,7.79712529977163,3.64017122983932
1987-11-21,3.30950957536697,2.97921566168467
1987-11-22,0.481845838328203,2.83775081237157
1987-11-23,0.000207826857301067,2.02200816075007
1987-11-24,0.00737223817698881,1.80285692214966
1987-11-25,6.72711103864761e-05,1.72592506806056
1987-11-26,0.0227755371791621,-0.144228639857223
1987-11-27,1.26835766434669,0.0620040198167165
1987-11-28,1.42527638375759,0.709411845852931
1987-11-29,0.493316870182753,0.853293528159459
1987-11-30,1.04228121042252,0.991070285439491
1987-12-01,0.0264604466113572,1.38145589828491
1987-12-02,0.000945365490868729,-0.174100667781507
1987-12-03,2.01082239215111e-05,-0.430049046874046
1987-12-04,0.00590997075778432,-0.920141915480296
1987-12-05,0.567784377606586,0.267814597735802
1987-12-06,15.8365049362183,2.13219987352689
1987-12-07,2.32233361899853,-0.757090270519257
1987-12-08,0.0613657051386933,-5.66848643620809
1987-12-09,0.0159692850817616,-8.49768169720968
1987-12-10,0.0130647179612424,-8.03814744949341
1987-12-11,0.0221796313999221,-2.01454546054204
1987-12-12,0.000131087053887313,-2.4360186457634
1987-12-13,0.00072483359144826,-3.89310530821482
1987-12-14,0.00785028080281336,-3.54701226949692
1987-12-15,0.511695635815462,-0.736372458438079
1987-12-16,10.6416660149892,4.32156534989675
1987-12-17,3.8753559589386,8.17164580027262
1987-12-18,19.9840841293335,11.0970768928528
1987-12-19,3.21795045336088,6.43338398138682
1987-12-20,2.15468692779541,6.68478389581044
1987-12-21,0.368517190217972,5.91870816548665
1987-12-22,0.10744561565419,5.21316091219584
1987-12-23,0.0198316958267242,0.769468064109484
1987-12-24,0.000111933715317036,-1.1324930737416
1987-12-25,0.00194331679419217,0.0138678252696991
1987-12-26,0.000686734510964015,3.72590255737305
1987-12-27,0.0119411622102537,5.22288703918457
1987-12-28,0.000184281498832206,6.37012763818105
1987-12-29,0.000169045388853798,4.46208186944326
1987-12-30,0.462383129866794,5.92945086956024
1987-12-31,0.0368944748721939,4.46903642018636
1988-01-01,1.3938056230545,4.61286481221517
1988-01-02,2.19802725315094,9.42289670308431
1988-01-03,0.110604837536812,5.64677270253499
1988-01-04,1.64653751254082,5.67496609687805
1988-01-05,0.0046164130520386,7.66895552476247
1988-01-06,0.564146808038155,5.74457494417826
1988-01-07,0.679198920726776,2.84783579905828
1988-01-08,0.0807554411391417,0.234496263166269
1988-01-09,0.0157726611384229,-2.02572641770045
1988-01-10,2.13954393068949,-0.142840028662855
1988-01-11,2.81180709600449,0.910607571403185
1988-01-12,0.0111699275827656,-1.6242965956529
1988-01-13,0.000504453562219472,-1.67995273073514
1988-01-14,0.000131277753704732,-0.465139778951804
1988-01-15,0.000354933610348477,-0.187703054398298
1988-01-16,0.000129240050834293,1.53828449050585
1988-01-17,2.91440025965373,2.42448794841766
1988-01-18,0.101866376120597,1.95626852909724
1988-01-19,0.0278401146642864,-0.156546923021475
1988-01-20,0.00850266515044495,-0.284716866910458
1988-01-21,1.63246330370506,1.22083926200867
1988-01-22,4.27535833915075,1.2611514677604
1988-01-23,1.59443500638008,-0.422141630978634
1988-01-24,2.87943690021833,3.57425751288732
1988-01-25,2.54967391490936,5.01210431257884
1988-01-26,1.8470809062322,5.39925400416056
1988-01-27,0.00610591051372467,4.02787611881892
1988-01-28,0.000289778988947849,4.95793588956197
1988-01-29,0.0404376374596419,5.07523198922475
1988-01-30,4.32349367936452,2.48068138957024
1988-01-31,0.851668030023575,0.822170342008273
1988-02-01,0.220288331309954,2.38779476284981
1988-02-02,0.192795169229309,4.82294277350108
1988-02-03,1.13612866401672,4.67556814352671
1988-02-04,0.0217336329127041,3.80384216705958
1988-02-05,3.59852743148804,3.70307479302088
1988-02-06,10.1300221284231,4.45036115248998
1988-02-07,6.65720121065776,1.38067715366681
1988-02-08,2.79987728595734,1.06723189850648
1988-02-09,2.17188868920008,3.30858318010966
1988-02-10,1.37656243890524,1.61409066120783
1988-02-11,2.46026744445165,2.28587403893471
1988-02-12,3.10531852642695,1.54027245442073
1988-02-13,0.00486402853857726,-1.11159959683816
1988-02-14,0.000126785794539804,-0.92604503283898
1988-02-15,0.00132861666497774,-0.815885365009308
1988-02-16,0.00106320807147616,2.07644269863764
1988-02-17,0.333327940354745,1.3945560057958
1988-02-18,0.91228016714255,1.90712173779805
1988-02-19,3.57976069053014,1.92601821819941
1988-02-20,1.85003853837649,0.21908055494229
1988-02-21,0.000283304843833321,-1.85332070787748
1988-02-22,0.00196852091418502,0.135908541580041
1988-02-23,1.94605679313342,0.315064077886442
1988-02-24,4.84700443347295,-1.20322382450104
1988-02-25,7.70770317316055,-2.20991326371829
1988-02-26,3.32939412196477,-2.0755742986997
1988-02-27,5.17842650413513,-1.63348510861397
1988-02-28,7.42498691876729,-0.9405723909537
1988-02-29,4.29363395770391,-1.51120501756668
1988-03-01,7.03373765945435,-2.06569132208824
1988-03-02,1.06421199440956,-2.41594811280568
1988-03-03,0.00152851024419457,-2.06958937644958
1988-03-04,0.107229177529613,-0.0821117861196399
1988-03-05,0.482315634687742,-0.957482740283012
1988-03-06,3.88104647397995,-0.905330230792364
1988-03-07,4.38683207829793,0.627442205945651
1988-03-08,1.54594177007675,-3.28265557686488
1988-03-09,0.146979186683893,-3.65134861071905
1988-03-10,4.68576880296071,-1.82703444361687
1988-03-11,7.29563474655151,1.32509659230709
1988-03-12,21.3025870323181,1.49455972512563
1988-03-13,7.87689038117727,1.81097955505053
1988-03-14,1.10664735734463,2.92019744714101
1988-03-15,1.95071546236674,5.9911523660024
1988-03-16,12.9581430753072,5.79202473163605
1988-03-17,4.19597686330477,2.08842833836873
1988-03-18,0.0580367656851498,1.54447336991628
1988-03-19,1.35807527601719,3.19485398133596
1988-03-20,2.73159605264664,7.97319066524506
1988-03-21,6.60896933078766,7.81650630633036
1988-03-22,2.19111136098703,4.96381950378418
1988-03-23,12.2029286225637,4.96637940406799
1988-03-24,3.57703816890717,4.96436993281047
1988-03-25,17.267791668574,5.98476394017537
1988-03-26,4.27456615368525,4.22058955828349
1988-03-27,4.2311216990153,3.44204346338908
1988-03-28,0.359291538596153,3.28648018836975
1988-03-29,5.36070137968636e-05,6.02287352085114
1988-03-30,0.0822180365212262,7.40493031342824
1988-03-31,9.46083541711172,2.91136048237483
1988-04-01,1.67388528088729,3.0476112763087
1988-04-02,5.90652180108009e-05,3.64707978566488
1988-04-03,2.47997886617668e-05,5.86416614055634
1988-04-04,9.13269953647007e-05,7.15390396118164
1988-04-05,0.0002025291347915,7.97203608353933
1988-04-06,0.000114320232493507,10.4223449230194
1988-04-07,0.013004187727347,10.1610786120097
1988-04-08,5.82080145676931,9.18999520937602
1988-04-09,8.31563874085744,5.77502326170603
1988-04-10,0.0139214173977962,2.82317239046097
1988-04-11,0.10783079949518,6.78797845045726
1988-04-12,3.33144822716713,11.1185348828634
1988-04-13,13.9284693400065,4.65120760599772
1988-04-14,0.000201881630346179,4.14045168956121
1988-04-15,0.125907498285718,8.65251096089681
1988-04-16,9.41674503944038e-06,11.429260412852
1988-04-17,0.853104210769137,11.4724857012431
1988-04-18,0.102753164266081,12.2349054813385
1988-04-19,0.0112322724986977,13.8356266816457
1988-04-20,5.49824410676956,10.6451485157013
1988-04-21,0.000199138322689881,10.3386652469635
1988-04-22,0,10.6083958148956
1988-04-23,0,6.23114987214406
1988-04-24,0.0004339479603838,4.31133329868317
1988-04-25,0,6.4578804175059
1988-04-26,0.000298218959414953,8.41631011168162
1988-04-27,1.94028092424075,10.2877537409465
1988-04-28,0.364828284208973,8.27147587140401
1988-04-29,0.000260958327999106,9.48497335116068
1988-04-30,0.00291504303246863,11.3174294630686
1988-05-01,0.000294022975140251,13.6980288028717
1988-05-02,3.66526770591736,13.9877072175344
1988-05-03,4.21677851676941,9.93779118855794
1988-05-04,1.54904665052891,11.8600266774495
1988-05-05,0.00254168449707019,13.2658580938975
1988-05-06,8.7821088830727e-07,14.760364373525
1988-05-07,9.51696650493735e-06,16.8163603146871
1988-05-08,0.109580298963313,15.1862013339996
1988-05-09,0.122286562807858,14.7513548533122
1988-05-10,6.78599838392499,14.3856310049693
1988-05-11,0.000162794052206057,12.6738789081573
1988-05-12,0.0004305932901237,15.4184059302012
1988-05-13,0.0127582494460512,16.0393935839335
1988-05-14,0.00185380827072853,16.948756535848
1988-05-15,1.86580854293425,17.108677705129
1988-05-16,8.49034436543783,15.1479640801748
1988-05-17,5.4719376762708,14.4772024949392
1988-05-18,12.2390831311544,13.2417699495951
1988-05-19,10.0348882675171,13.0202182133993
1988-05-20,4.00456255674362,8.72878154118856
1988-05-21,0.017470357522446,7.80289045969645
1988-05-22,0.000831581187715832,9.72536341349284
1988-05-23,0.000163826665205609,12.5046226978302
1988-05-24,0.000195209557811419,14.8839653333028
1988-05-25,6.86403359395626e-05,17.6279991467794
1988-05-26,0.0340936373686418,18.4426480929057
1988-05-27,6.41258629163106,16.5380139350891
1988-05-28,0.0886593383426468,14.2106317679087
1988-05-29,3.50425683458646,13.1539352734884
1988-05-30,1.20386828136786,13.757941643397
1988-05-31,0.357614395519098,12.3389143943787
1988-06-01,7.62690548102061,11.2247181733449
1988-06-02,1.0885088344415,12.538659175237
1988-06-03,5.9136052330335,17.5115935007731
1988-06-04,13.8092623551687,12.6988949775696
1988-06-05,34.1540520985921,9.9263285001119
1988-06-06,16.4307721455892,8.56787427266439
1988-06-07,0.260183984103302,11.2297515869141
1988-06-08,0.86759571544826,13.28120470047
1988-06-09,0.00181104871444404,15.2506919701894
1988-06-10,2.84951610614856,15.1327117284139
1988-06-11,14.091019153595,16.3755288124084
1988-06-12,0.023524043460687,15.8292156060537
1988-06-13,0.00317948030230279,15.3548710346222
1988-06-14,0.000208762655044363,17.1856787999471
1988-06-15,0.153710071928799,17.9576349258423
1988-06-16,0.848937052922944,17.3716438611348
1988-06-17,0.000165586279763374,15.3940296173096
1988-06-18,0.00107682591988123,16.2146797974904
1988-06-19,1.88088320071499,16.1775180498759
1988-06-20,0.0361496579910939,13.2029871940613
1988-06-21,0.0437696675071493,13.8843473593394
1988-06-22,9.78279570738474,14.923813422521
1988-06-23,0.00305363704683259,12.2148031393687
1988-06-24,1.32244783041339e-05,14.8023192882538
1988-06-25,0.0230097925911347,14.970142364502
1988-06-26,5.1690708398819,15.9774744510651
1988-06-27,0.182332881726325,17.2186325391134
1988-06-28,13.0643994013468,17.8582348823547
1988-06-29,1.25584845244884,18.2524569829305
1988-06-30,0.0187148540377772,20.2480103174845
1988-07-01,2.91485106945038,17.5823801358541
1988-07-02,0.615059195707242,15.7550847530365
1988-07-03,6.6991784175237,13.231688340505
1988-07-04,3.89698300758998,16.1866783301036
1988-07-05,6.10778776804606,19.3506542841593
1988-07-06,4.44162122408549,17.1052501996358
1988-07-07,7.03820818662643,16.4124074776967
1988-07-08,3.0793035775423,15.9819266796112
1988-07-09,3.89923042058945,15.6795621713003
1988-07-10,0.035142791379864,18.0128281911214
1988-07-11,3.77099221944809,20.9681037267049
1988-07-12,1.10779770587881,17.1027088165283
1988-07-13,5.85904637972514,19.2052493095398
1988-07-14,0.0719111012294888,14.570099512736
1988-07-15,5.04190373420715,12.5292983849843
1988-07-16,9.83772746721903,12.1051674683889
1988-07-17,3.79022947947184,14.2416525681814
1988-07-18,1.53871311247349,15.0989095369975
1988-07-19,1.04942829176243e-05,16.42271788915
1988-07-20,0,18.8417237599691
1988-07-21,0.0238687245000619,21.1677306493123
1988-07-22,0.0019435672632729,22.5438483556112
1988-07-23,0.00230110482273934,24.8029562632243
1988-07-24,10.3190155824025,17.7689889272054
1988-07-25,0.00156856542404663,17.634851137797
1988-07-26,0.204769955792775,21.7743859291077
1988-07-27,9.91851619879405,15.1439854303996
1988-07-28,9.13329020780414e-05,16.3081838289897
1988-07-29,3.27934489647547,16.3442203203837
1988-07-30,9.03762750870859e-05,15.3855814139048
1988-07-31,1.49423204902632e-05,17.4511361122131
1988-08-01,6.97669816017151,20.5235644976298
1988-08-02,4.49650305509567,20.5614290237427
1988-08-03,19.4471867879232,13.2789173920949
1988-08-04,0.0200529967939171,12.2592346668243
1988-08-05,1.32317526701324e-05,14.4714273611705
1988-08-06,7.32971600806801e-06,17.0338443120321
1988-08-07,0,19.3908999760946
1988-08-08,1.59622684121132,20.4932481447856
1988-08-09,0.00184406473029715,19.5570141474406
1988-08-10,0.0109935371826092,20.3412067095439
1988-08-11,0.0299456759045521,20.5794939994812
1988-08-12,3.33424519747496,19.7227602005005
1988-08-13,0.000210062232023726,19.3520894050598
1988-08-14,0.0324818340983863,21.8853123982747
1988-08-15,1.7484080886934,22.35040807724
1988-08-16,4.93512978653113,18.6714448928833
1988-08-17,0.000183113980407749,17.3800412813822
1988-08-18,0.000189609864416222,18.5517431894938
1988-08-19,5.73427450656891,21.3386476834615
1988-08-20,23.7306141853333,14.3685805002848
1988-08-21,0.360585913062096,14.0694374243418
1988-08-22,1.96689956138531,12.9313656489054
1988-08-23,0.0305401261042183,12.8532299200694
1988-08-24,3.32989011208216,14.4716720581055
1988-08-25,9.26767190297445,11.8315543333689
1988-08-26,2.40118204553922,12.3566019535065
1988-08-27,3.14915845791499,14.7029616038005
1988-08-28,5.67137406269709,19.7928166389465
1988-08-29,13.2986082235972,15.5745986302694
1988-08-30,0.00416626202058978,12.6822295983632
1988-08-31,0,15.1117148399353
1988-09-01,17.1016089916229,18.3538656234741
1988-09-02,13.3094246387482,11.7145837942759
1988-09-03,8.87507311503092,12.8163924217224
1988-09-04,7.66459671656291,14.797522465388
1988-09-05,5.75198137760162,18.1030831336975
1988-09-06,0.0151134918172223,15.1533176898956
1988-09-07,4.93953014787015e-07,12.6533169746399
1988-09-08,0,13.2249423662821
1988-09-09,2.7260915885563e-05,13.9689016342163
1988-09-10,0.00013652560422391,14.8801805973053
1988-09-11,0.0524713590275496,16.076721350352
1988-09-12,0.0191983412805712,15.0343947410583
1988-09-13,0.161737173601675,10.7271188894908
1988-09-14,8.07345567146937,8.81935373942057
1988-09-15,1.07669654488564,9.09193015098572
1988-09-16,0.912715405225754,9.41619769732157
1988-09-17,1.50755210469166,9.31673447291056
1988-09-18,1.36769950886567,11.0231577555339
1988-09-19,0.070549901536045,12.7946736812592
1988-09-20,0.000839265482985259,11.3609342575073
1988-09-21,0.00751891273345488,10.9392306009928
1988-09-22,2.33110644419988,12.3867546717326
1988-09-23,2.22658144434293,13.7921600341797
1988-09-24,0.400821550710437,12.9141447544098
1988-09-25,0.0543387817821592,13.6982384522756
1988-09-26,3.17565154735651e-06,14.6383454799652
1988-09-27,0.00438425516282829,13.4212584495544
1988-09-28,0.00176874927516716,15.8252864678701
1988-09-29,5.42244917154312,12.3175520102183
1988-09-30,1.11380011836688,9.12871734301249
1988-10-01,0.090458956741107,10.2545177141825
1988-10-02,0.16904764684538,10.8942708174388
1988-10-03,0.21023962708811,11.0669201215108
1988-10-04,0.305453248632451,10.6669520537059
1988-10-05,4.86448645591736,10.5562234719594
1988-10-06,11.495037317276,10.8179045518239
1988-10-07,3.05651884277662,8.08331724007924
1988-10-08,0.625738692780336,7.70485905806224
1988-10-09,10.9058445294698,14.113295396169
1988-10-10,2.27261956532796,10.7133053938548
1988-10-11,0.456930381556352,11.2044232686361
1988-10-12,3.25615278879801,11.8682676156362
1988-10-13,0.00261209853245722,12.0366822083791
1988-10-14,0.0243868866624932,12.5101974805196
1988-10-15,0.316918153315783,12.7405060132345
1988-10-16,0.244037702058752,12.3775203227997
1988-10-17,0.217844167413811,13.9511379400889
1988-10-18,0.0283209242237111,13.8508868217468
1988-10-19,0.0798498174990527,12.9265257517497
1988-10-20,1.62919912735621,10.0797120730082
1988-10-21,0.0299416828008058,8.81389085451762
1988-10-22,1.17502601521361e-05,8.37463104724884
1988-10-23,0.0800763424485922,8.11981050173442
1988-10-24,0.987012853225072,10.2725955645243
1988-10-25,0.001527314442986,8.77698008219401
1988-10-26,0.00864654221125723,6.13723738988241
1988-10-27,0.0197149877397654,9.18272773424784
1988-10-28,9.81754032770793,10.9892089366913
1988-10-29,7.23991306622823,6.39138309160868
1988-10-30,0.00597493983029077,2.37343587478002
1988-10-31,9.9657033085047e-07,0.717875388761361
1988-11-01,0.0036923557696961,1.89325355490049
1988-11-02,1.7717925508817,3.59689201911291
1988-11-03,0.00163276572250955,0.118296237662435
1988-11-04,0.00438626149358849,-1.2844529102246
1988-11-05,0.000176406200087816,-1.00526088476181
1988-11-06,1.40219722197799e-05,2.37062976757685
1988-11-07,1.6510157972031e-05,1.17374687890212
1988-11-08,0.000141146937797506,0.866510212421417
1988-11-09,1.53049962439885e-05,2.29335544506709
1988-11-10,2.79811438304023e-05,5.34456503391266
1988-11-11,0.00900962965291304,6.16049329439799
1988-11-12,0.0870784238371319,5.75463990370433
1988-11-13,2.83421775698662,6.46993327140808
1988-11-14,1.8638814141353,4.74347186088562
1988-11-15,1.28482232491175,6.17581613858541
1988-11-16,0.148239761047686,6.23969034353892
1988-11-17,0.030715174973011,3.26852116982142
1988-11-18,4.02259796857834,5.86182455221812
1988-11-19,1.69591115353008,2.41909674803416
1988-11-20,8.94525031248728,0.741838266452154
1988-11-21,6.86791280905406,-4.65952905019124
1988-11-22,0.351557762672504,-8.49514714876811
1988-11-23,0.0811994035417835,-4.51135301589966
1988-11-24,0.483072233696779,-1.15553737680117
1988-11-25,0.573278446992238,0.676561698317528
1988-11-26,0.00411769466882106,0.623712926482161
1988-11-27,0.00141719794616317,0.74355852479736
1988-11-28,0.000155058097637569,0.711886728803317
1988-11-29,6.94380927085876,5.06996309757233
1988-11-30,3.62222655614217,6.31089842319489
1988-12-01,0.0109724432501631,3.81416972478231
1988-12-02,3.04574484626452,0.684865176677704
1988-12-03,2.07286870479584,2.35044234991074
1988-12-04,19.7969926993052,6.58006799221039
1988-12-05,34.8937198321025,3.17823561032613
1988-12-06,4.98198008537292,1.15014406541983
1988-12-07,0.893916224439939,-0.00805772840976715
1988-12-08,7.0751435359319,0.45759499942263
1988-12-09,3.87975323200226,1.22377907733123
1988-12-10,6.65791348616282,4.34507548809052
1988-12-11,0.604483286539714,5.38897967338562
1988-12-12,4.0797442595164,3.00603985786438
1988-12-13,0.262843040128549,2.28366755445798
1988-12-14,5.16281872987747,2.18571531772614
1988-12-15,0.164128609641921,-2.11099544167519
1988-12-16,0.000815544112507875,-6.29673941930135
1988-12-17,0.834393054246902,-3.39023751020432
1988-12-18,1.77048063278198,0.252958268974908
1988-12-19,7.47946155071259,3.04555823405584
1988-12-20,0.725393472860257,0.094116863484184
1988-12-21,0.560519681622585,0.586851342270772
1988-12-22,0.638085863242547,3.72027786572774
1988-12-23,3.76077951987584,5.7009402513504
1988-12-24,2.0493381768465,7.75342686971029
1988-12-25,0.350702131787936,5.19210191567739
1988-12-26,0.144699043904742,2.93024774392446
1988-12-27,0.230607734449829,4.09535906712214
1988-12-28,0.0152863789116964,5.07544310887655
1988-12-29,0.000313249647054666,2.92829088370005
1988-12-30,0.00257416842578095,0.484813822122912
1988-12-31,0.0147770492185373,-0.678047864387433
1989-01-01,0.00936726372068127,0.247765671461821
1989-01-02,0.000396134922387622,1.1955572416385
1989-01-03,0.0241698646665706,-1.20250695447127
1989-01-04,0.116993246185302,-0.792095939318339
1989-01-05,2.34496921300888,1.23046327630679
1989-01-06,1.7740113735199,3.51647752523422
1989-01-07,6.46776300668716,3.35651395718257
1989-01-08,1.87526754538218,4.88612810770671
1989-01-09,0.24106351689746,4.47400569915771
1989-01-10,1.29911294082801,4.35363284746806
1989-01-11,0.0810247744278361,2.96869158744812
1989-01-12,0.892740483085314,3.23822009563446
1989-01-13,0.0695052190373341,2.77091135581334
1989-01-14,0.495227826138337,4.30578335126241
1989-01-15,0.0278052017480756,2.83680359522502
1989-01-16,0.016863362150616,0.906693836053213
1989-01-17,0.00112903208719217,0.301714214961976
1989-01-18,0.000189365920959972,1.31899050374826
1989-01-19,0.000829162840091158,-0.16560011486096
1989-01-20,0.00015725388827074,-0.644891239702702
1989-01-21,0.0107536614523269,0.0258045241353102
1989-01-22,0.0122026647538102,0.885970522960027
1989-01-23,2.15268858786051e-05,0.278521706039707
1989-01-24,0.000373861996801376,-1.25412452220917
1989-01-25,0.0111652666722269,-1.93546956777573
1989-01-26,0.0073121984678437,-2.89562684297562
1989-01-27,0.00136552613063638,-3.18074504534403
1989-01-28,7.27303879557439e-05,-2.62096937497457
1989-01-29,0.00532762493457994,-2.34425330162048
1989-01-30,0.00208972720429301,-2.51473538080851
1989-01-31,0.000313288164003704,-2.02688309550285
1989-02-01,0.00137518382697029,-1.46209315458934
1989-02-02,0.00150210962321277,-2.20492992798487
1989-02-03,0.00300029121111341,-2.59107939402262
1989-02-04,5.37563373654848e-05,-2.36031760772069
1989-02-05,0.0711844807180266,2.11993320782979
1989-02-06,0.000119300139582871,3.56402589877447
1989-02-07,0.00238437128427904,1.67199088136355
1989-02-08,0.00960541814856697,0.628509384890397
1989-02-09,0.0129846971343189,-0.474906710286935
1989-02-10,0.000368704248539113,-0.305803204576174
1989-02-11,0.000405954614204044,-0.52679056674242
1989-02-12,2.63903012871742,3.33658732970556
1989-02-13,1.9303077061971,1.49301428596179
1989-02-14,1.33253302176793,1.33691871662935
1989-02-15,1.02472697198391,3.15169455607732
1989-02-16,1.35342605412006,2.53311425447464
1989-02-17,0.290061231702566,2.63041440645854
1989-02-18,3.16813969612122,5.92196651299794
1989-02-19,0.00484005852194969,9.99157555898031
1989-02-20,9.32591740290324,8.37376491228739
1989-02-21,11.3651076952616,3.95068816343943
1989-02-22,0.879864941040675,4.81523052851359
1989-02-23,0.28487219226857,5.52670578161875
1989-02-24,0.00596336292801425,4.41714990139008
1989-02-25,0.0651349456359943,5.09485944112142
1989-02-26,1.78293897708257,2.05632868409157
1989-02-27,1.47784624993801,2.39205168684324
1989-02-28,1.88629353046417,1.8735500673453
1989-03-01,0.218815778149292,4.04875920216243
1989-03-02,1.04429861406485,4.60583742459615
1989-03-03,3.73888498544693,5.6523243188858
1989-03-04,0.741043695559104,5.1935400168101
1989-03-05,0.000313298993612913,6.06417183081309
1989-03-06,0.0745749535271898,7.2406393289566
1989-03-07,1.50029905637105,8.19194014867147
1989-03-08,0.375835201392571,4.52016254266103
1989-03-09,0.000387594884765955,3.35434289773305
1989-03-10,0.00114818222546849,6.06154489517212
1989-03-11,6.62548744685409e-05,7.86204787095388
1989-03-12,0.00829416410124395,8.52722644805908
1989-03-13,2.23383622119824,7.7704998254776
1989-03-14,0.0526869649377962,4.00726318359375
1989-03-15,2.39041121800741,6.93335576852163
1989-03-16,1.74273683627446,9.33639359474182
1989-03-17,4.03922579685847,7.28070875008901
1989-03-18,3.51809795200825,2.43648974100749
1989-03-19,0.0221216312972198,2.77069141467412
1989-03-20,0.00191402634057643,5.42042779922485
1989-03-21,0.406677771359682,5.13536640008291
1989-03-22,1.06638516485691,8.57423726717631
1989-03-23,0.203347248025239,2.76241318384806
1989-03-24,0.14339517961101,5.23306882381439
1989-03-25,0.0635536168701947,8.77680087089539
1989-03-26,6.01732554059708e-05,7.69086849689484
1989-03-27,0,10.3222063382467
1989-03-28,0,12.2856940428416
1989-03-29,0.00524065015189853,12.9204978148142
1989-03-30,1.01942893403854e-05,12.9981173674266
1989-03-31,0.000978380092419684,13.2910528182983
1989-04-01,16.4325598875682,8.91088175773621
1989-04-02,19.6365863482157,4.9235360622406
1989-04-03,0.0623983315114553,4.88426299889882
1989-04-04,0.0410558719498416,6.39643760522207
1989-04-05,0.187032896540283,6.62453111012777
1989-04-06,0.031837585750812,6.15322804450989
1989-04-07,0.154453140373031,7.50724263985952
1989-04-08,4.76707937320073,7.78623723983765
1989-04-09,0.000948310941263723,9.17463803291321
1989-04-10,0.00299569416650532,8.8388839562734
1989-04-11,0.00221510996198049,11.9590811729431
1989-04-12,0.281908213160932,12.8443470001221
1989-04-13,6.29983069499334,7.02492761611938
1989-04-14,12.8646527131399,5.66296366850535
1989-04-15,0.239047842721144,5.58366521199544
1989-04-16,0.252636663460483,8.15197956562042
1989-04-17,27.6418441136678,5.01934973398844
1989-04-18,0.278602342121303,4.64206027984619
1989-04-19,0.916923594971498,6.1754785378774
1989-04-20,3.63979355494181,7.55608745416005
1989-04-21,17.6663200060527,7.57075273990631
1989-04-22,3.97300004959106,4.4436895052592
1989-04-23,0.0781936853503187,5.20885161558787
1989-04-24,0.00118329392110657,9.84599804878235
1989-04-25,0.013493937010935,11.5844416618347
1989-04-26,7.17193210124969,10.9560528596242
1989-04-27,4.74933522939682,3.14433471361796
1989-04-28,3.17497410376867,2.12956516941388
1989-04-29,0.40305457636714,3.48364589611689
1989-04-30,1.07877385616302,4.55864743391673
1989-05-01,0.011908829343156,7.15283302466075
1989-05-02,0.000120894940664584,9.47712135314941
1989-05-03,0,12.3368989626567
1989-05-04,0,12.5792089303335
1989-05-05,0,13.7494053840637
1989-05-06,0.0158102310087997,9.97133692105611
1989-05-07,0.000202140669443907,7.74922076861064
1989-05-08,0.000297273164809061,9.72151279449463
1989-05-09,0.223591454947988,14.4266750812531
1989-05-10,1.84205601612727,13.0996339321136
1989-05-11,7.59672808647156,13.0980863571167
1989-05-12,2.83389309048653,11.7361211776733
1989-05-13,11.8451294898987,10.7610598405202
1989-05-14,6.64815068244934,8.46806041399638
1989-05-15,0.00471037395618623,10.1250003973643
1989-05-16,1.27394166042905e-05,12.5435679753621
1989-05-17,0.00356440078849118,14.7370900313059
1989-05-18,0.0426110360131133,16.4589810371399
1989-05-19,0.344563970652719,16.2586460113525
1989-05-20,0.0904513342150797,16.4700949986776
1989-05-21,0.0048089427461188,16.8094981511434
1989-05-22,0,16.4106557369232
1989-05-23,0.000867870929217437,15.857818365097
1989-05-24,5.36812270487038e-05,16.8299578030904
1989-05-25,0.00519675554824062,16.8171111742655
1989-05-26,0.00142891186745449,17.3616102536519
1989-05-27,0.00883981271181256,16.793529510498
1989-05-28,0.25656470534462,17.2832112312317
1989-05-29,2.77708073457082,15.7702651818593
1989-05-30,9.10349202156067,13.9979310035706
1989-05-31,1.97735883792241,11.2736576398214
1989-06-01,17.7367891470591,13.6801865895589
1989-06-02,0.0684950865543215,11.8690984249115
1989-06-03,9.10564998785655,9.62021358807882
1989-06-04,3.94407018025716,9.57428566614787
1989-06-05,1.89177267750104,8.56853079795837
1989-06-06,1.31763052940369,9.50878508885702
1989-06-07,0.15960397447149,9.80018059412638
1989-06-08,1.08858967075745,10.3692375818888
1989-06-09,0.0889541427410829,13.4904600779215
1989-06-10,0.0719136962046226,16.1172139644623
1989-06-11,0.260841658028464,15.1885876655579
1989-06-12,0.759762083548897,14.6546904246012
1989-06-13,0.00417906625564986,15.0256510575612
1989-06-14,0.00187821477690401,15.5878220399221
1989-06-15,1.67467098434766,16.4074632326762
1989-06-16,0.00429835293228583,13.7754503885905
1989-06-17,9.62357929286857e-05,15.1787296930949
1989-06-18,0.0483299220795743,17.0325555801392
1989-06-19,0.000226713037894418,17.6699876785278
1989-06-20,0.0177095299198603,18.3932476043701
1989-06-21,3.31940061847369,18.4356651306152
1989-06-22,11.7169392506282,16.3270130157471
1989-06-23,17.0280179182688,11.5575210253398
1989-06-24,1.45507669945558,14.6466210683187
1989-06-25,0.0317685144642989,17.9847002029419
1989-06-26,0.313108087556126,19.6927367846171
1989-06-27,10.8781889279683,19.0802884101868
1989-06-28,2.87800560891628,12.9494968255361
1989-06-29,2.34054630001386,15.7274210453033
1989-06-30,0.341738481074572,15.5892912546794
1989-07-01,4.04591478904088,17.5153142611186
1989-07-02,7.02781244119008,15.1755770842234
1989-07-03,9.13576054573059,14.0059027671814
1989-07-04,0.0522519474228223,18.2319329579671
1989-07-05,0.865249264791297,19.872549533844
1989-07-06,0.00373904585770409,21.7080796559652
1989-07-07,0.281844231920938,21.7274088859558
1989-07-08,5.20124713579814,19.6769220034281
1989-07-09,6.36447966098785,18.8995339075724
1989-07-10,9.79223157962163,19.351287206014
1989-07-11,36.6061261494954,16.3956074714661
1989-07-12,0.326218111906201,17.2484099070231
1989-07-13,0.694811144222816,17.6367003122966
1989-07-14,0.0146929793991148,14.0464847882589
1989-07-15,0.000779091416916344,15.1257311503092
1989-07-16,0.0289494598497792,17.1915335655212
1989-07-17,0.000247478465704868,14.7893666426341
1989-07-18,3.31438293059667,14.4902875423431
1989-07-19,7.28833200961769e-06,14.4074347019196
1989-07-20,2.98383535361305e-06,16.7585487365723
1989-07-21,0.000763806696340907,19.2129828135173
1989-07-22,0.682754262816161,21.6018344561259
1989-07-23,5.3895348906517,22.3095768292745
1989-07-24,1.82737694183985,20.3441936175028
1989-07-25,9.70904753108819,19.0618058840434
1989-07-26,5.96700934569041,18.5521507263184
1989-07-27,15.4560356537501,18.1895020802816
1989-07-28,0.0382076520472765,16.2646559874217
1989-07-29,0.00434677995266005,16.5713014602661
1989-07-30,14.1246675650279,18.9320251146952
1989-07-31,9.03465286890666,13.4913841883341
1989-08-01,10.2599881092707,10.0887908140818
1989-08-02,1.42197571198146,11.285135269165
1989-08-03,0.00636802094231825,13.247395435969
1989-08-04,4.93645260727741e-06,15.2636590003967
1989-08-05,0.0277037937970211,18.0332504908244
1989-08-06,0.088620007969439,17.8753906885783
1989-08-07,5.06265034278234,19.3958911895752
1989-08-08,4.96525472402573,17.8734057744344
1989-08-09,1.72213031739617,16.5016202131907
1989-08-10,0.626343541550644,17.4711972872416
1989-08-11,2.99034170558055,18.7976223627726
1989-08-12,3.67046256860097,18.779434521993
1989-08-13,2.02428844446937,19.2923606236776
1989-08-14,0.177928074722558,20.2535398801168
1989-08-15,0.00421901875476275,21.6773564020793
1989-08-16,1.12568995418648,23.5980213483175
1989-08-17,2.94580022059381,19.1980296770732
1989-08-18,1.17974828680356,17.7560402552287
1989-08-19,0.00481277597729483,18.6029047966003
1989-08-20,6.49495859761373e-07,19.104040145874
1989-08-21,0,20.735381603241
1989-08-22,4.09625640511513,20.9720616340637
1989-08-23,2.47478604565064,18.7081618309021
1989-08-24,0.00479908295286198,17.1687962214152
1989-08-25,8.39228157202403,17.1684303283691
1989-08-26,3.06460469961166,15.2927116552989
1989-08-27,7.15182475248973,14.744787534078
1989-08-28,2.32017262776693,10.4482332070669
1989-08-29,0.0151577938152817,10.5047010580699
1989-08-30,6.16031441798744e-06,10.7953163782756
1989-08-31,1.87937754769033e-05,11.6442432403564
1989-09-01,0.00154344648278008,14.5683754285177
1989-09-02,4.52980470657349,12.2815257708232
1989-09-03,14.404863913854,10.2219853401184
1989-09-04,3.28960921367009,10.1254277229309
1989-09-05,0.0109314241368944,11.1752628485362
1989-09-06,0,11.1655241648356
1989-09-07,0,11.9960696697235
1989-09-08,0,12.7769979635874
1989-09-09,0.00470998027291595,12.5099257628123
1989-09-10,0.00263859050998387,14.1955982844035
1989-09-11,0.00203336827689782,14.8576532999674
1989-09-12,1.05147754959762,14.2928385734558
1989-09-13,0.937698170542717,13.9602573712667
1989-09-14,2.21309400101503,13.4176987806956
1989-09-15,4.36606989304225,13.1583660443624
1989-09-16,0.000687769977957942,15.9353466033936
1989-09-17,4.35614411529173e-05,16.658593972524
1989-09-18,0.00344760476900774,17.7665568987528
1989-09-19,1.1346740188698,18.5365886688232
1989-09-20,0.0420517583067218,17.8574980099996
1989-09-21,0.158960370967786,16.6392164230347
1989-09-22,0.0316615863509166,16.6521968841553
1989-09-23,13.415226260821,14.2094126542409
1989-09-24,0.0025577843340822,12.7090744972229
1989-09-25,6.77186778187752,13.0423623720805
1989-09-26,1.46808929368854,11.8035768667857
1989-09-27,7.58755842844645,8.56648405392965
1989-09-28,2.0205904195706,8.58397006988525
1989-09-29,0.00841155491677152,7.96049348513285
1989-09-30,0.0732238827816521,8.56481917699178
1989-10-01,0.0059269274934195,11.2320362726847
1989-10-02,0.00244030173143983,9.66235820452372
1989-10-03,0.994378450016181,7.29036029179891
1989-10-04,0.000399284687243077,5.69301335016886
1989-10-05,0.000211708499894788,7.4726881980896
1989-10-06,9.30036012331645,9.86661195755005
1989-10-07,11.3852696021398,8.34015905857086
1989-10-08,1.61592495441437,6.36852459112803
1989-10-09,7.81392057736715,6.45763969421387
1989-10-10,2.71021444598834,6.46707193056742
1989-10-11,4.02099186182022,6.76761909325918
1989-10-12,0.05722619065394,7.87135171890259
1989-10-13,0.000768460445518334,8.21920907497406
1989-10-14,5.27345458666484,8.49612704912821
1989-10-15,0.225700126199323,5.81394680341085
1989-10-16,2.76536463085601e-05,5.5944436788559
1989-10-17,0.00499851505567979,7.04796214898427
1989-10-18,0.00771649546610812,7.68591554959615
1989-10-19,0.00460188085192688,9.28549067179362
1989-10-20,0.0485436734816176,10.1760336558024
1989-10-21,6.5451785606759e-05,13.223202864329
1989-10-22,3.8324957737738e-06,12.182398557663
1989-10-23,2.73243100915958e-06,11.6343400478363
1989-10-24,0,12.155636548996
1989-10-25,0,11.1571268240611
1989-10-26,1.00159559224267e-06,11.4894128640493
1989-10-27,0.0053135294195575,10.6144040425618
1989-10-28,8.11004400253296,12.1224309603373
1989-10-29,4.52413680156072,9.61647947629293
1989-10-30,3.58273522059123,13.156215429306
1989-10-31,1.39092112829288,12.6136933167775
1989-11-01,0.000678052282940674,11.7101746400197
1989-11-02,0.00131288525881246,10.9350198904673
1989-11-03,4.95946216583252,9.53255454699198
1989-11-04,2.34185729424159,5.73357005914052
1989-11-05,11.0040493011475,5.5905157327652
1989-11-06,25.2617257436117,3.03637105226517
1989-11-07,2.58288874228795,2.1741140683492
1989-11-08,1.24089348812898,3.26198494434357
1989-11-09,0.0454708356410265,3.61817348003387
1989-11-10,5.9345256886445e-05,1.76938164234161
1989-11-11,0.00160886973996336,2.01947882771492
1989-11-12,0.0194325250728677,0.856463149189949
1989-11-13,0.0248315722734939,-0.267585884779692
1989-11-14,0.0143271475390065,-0.720613524317741
1989-11-15,0.00128654743184597,0.735289504130681
1989-11-16,3.96365746079634e-05,1.06140018502871
1989-11-17,7.18980012000732e-06,-0.731314100325108
1989-11-18,4.4308859666368e-05,-1.39055962363879
1989-11-19,0.000107857110530555,-0.287550339785715
1989-11-20,0.00487055377258609,0.586807884275913
1989-11-21,0.00300714435676734,2.57476030786832
1989-11-22,2.88526199261347,1.43379374345144
1989-11-23,1.31452240263267e-06,-4.00892770290375
1989-11-24,0.446324344724417,-2.44552545746168
1989-11-25,1.80962823828061,-6.89574424425761
1989-11-26,0.00105178905262922,-4.88207423686981
1989-11-27,0.000530070819271108,-1.1078755185008
1989-11-28,0.0130447940100566,0.429021320616206
1989-11-29,5.41896649034849e-05,-3.61892610788345
1989-11-30,0.00260307465487131,-3.60027740399043
1989-12-01,0,-3.68127536773682
1989-12-02,9.83064758960002e-06,-2.99130143721898
1989-12-03,4.51391873260339e-05,-3.81124567985535
1989-12-04,0.00129009243846667,-4.43781288464864
1989-12-05,2.1958095582401e-05,-2.91714636484782
1989-12-06,0.000902700274309609,-2.2712491552035
1989-12-07,0.00128997211868409,-0.533603909114997
1989-12-08,4.76841357605432e-05,-2.92504662275314
1989-12-09,0.0264318690557654,-2.58999051650365
1989-12-10,0.00015091977972285,-4.62524763743083
1989-12-11,0.00265696388578363,-2.52992663780848
1989-12-12,8.21533644199371,0.975040877858798
1989-12-13,7.51669343312581,6.22897299130758
1989-12-14,7.90786572297414,8.75062433878581
1989-12-15,21.1655267079671,8.72458815574646
1989-12-16,3.84743332862854,10.4554038842519
1989-12-17,3.81520531574885,9.19723002115885
1989-12-18,8.27907359600067,7.92162760098775
1989-12-19,1.64042427142461,6.21961764494578
1989-12-20,2.0047576079766,7.35164475440979
1989-12-21,3.9073465069135,10.1448157628377
1989-12-22,0.830446839953462,8.57204635938009
1989-12-23,4.2029914855957,3.5952189763387
1989-12-24,0.953008955965439,3.63505836327871
1989-12-25,0.00983271705172228,0.388437968989213
1989-12-26,0.00291596113432509,-1.19699902832508
1989-12-27,0.00355736930699398,-2.3135356704394
1989-12-28,0.00714171344103913,-2.25151553750038
1989-12-29,0.00640333051478592,-2.68967741727829
1989-12-30,6.94867742462672e-05,-3.755264600118
1989-12-31,0.0025536227573563,-4.03235544761022
1990-01-01,0.00161558113662371,-4.36574375629425
1990-01-02,0.0190809919634679,-2.77393718560537
1990-01-03,0.0505070488434285,-1.90405815839767
1990-01-04,1.06388226110236e-06,-3.39211658636729
1990-01-05,10.0312616030375,-1.31346522768339
1990-01-06,0.0213503418952617,-1.4372180600961
1990-01-07,0.00145157678950151,-4.30373541514079
1990-01-08,4.4538983502207e-05,-4.54176851113637
1990-01-09,6.00593602939625e-05,-4.10496878623962
1990-01-10,0.00113442753839384,-4.21762118736903
1990-01-11,1.4098501803043e-05,-5.12013912200928
1990-01-12,0.000287658663144915,-6.44775144259135
1990-01-13,0.000187527306631334,-4.92344868183136
1990-01-14,0.000238235167974684,-5.09311791261037
1990-01-15,0.0793947670220708,-0.796855355302493
1990-01-16,0.0552494317331972,4.22600412368774
1990-01-17,0.962832768758138,4.9123440583547
1990-01-18,0.0626478552197417,0.323732706718147
1990-01-19,0.000994528071411575,-1.25422758857409
1990-01-20,0.841223850846291,2.28361541032791
1990-01-21,0.0134493548733493,3.83448388179143
1990-01-22,6.56191744686415e-05,0.871558060248693
1990-01-23,2.57698719700178,2.58103241523107
1990-01-24,5.05971719821294,4.87349232037862
1990-01-25,1.85830933849017,7.76977777481079
1990-01-26,0.0654315780460214,4.2560062011083
1990-01-27,0.00133263276294808,3.33402556180954
1990-01-28,4.35935378074646,4.47177648544312
1990-01-29,0.00232617521639137,1.87498587369919
1990-01-30,0.00264690097780355,3.16208201646805
1990-01-31,0.00422279521929643,3.01659089326859
1990-02-01,0.00010246253805235,3.20810643831889
1990-02-02,2.44130791227023,2.73984044790268
1990-02-03,0.0143261925283393,6.63018524646759
1990-02-04,9.84220164355065e-05,3.26119683186213
1990-02-05,1.06024745131587e-05,2.21917264660199
1990-02-06,0.00468260445632041,1.02510190289468
1990-02-07,0.000179457038029796,6.25872580210368
1990-02-08,2.19124627113342,8.47319078445435
1990-02-09,0.0193509636810631,2.05269020795822
1990-02-10,2.90091097354889,2.71894735097885
1990-02-11,2.96950034300486,1.95931026339531
1990-02-12,7.098739306132,1.40745171904564
1990-02-13,13.6116133530935,1.16834651927153
1990-02-14,32.3976329167684,3.7402837673823
1990-02-15,12.6709886391958,3.79529802004496
1990-02-16,0.0600118748067568,0.916834861040115
1990-02-17,0.351616036146879,3.11699551343918
1990-02-18,0.00347289761702996,6.75322647889455
1990-02-19,0,7.38939114411672
1990-02-20,1.29563896204369e-07,7.58031729857127
1990-02-21,0.000751972525904421,8.02172994613647
1990-02-22,0.00150160910197883,7.58490920066833
1990-02-23,0.0324731177436964,6.23770348230998
1990-02-24,0,8.16487185160319
1990-02-25,0.00396491765665511,11.3202123641968
1990-02-26,8.59135401248932,7.10203055540721
1990-02-27,12.716891447703,3.30996978282928
1990-02-28,5.78595586617788,5.38989396890004
1990-03-01,1.50910528004169,1.7764889895916
1990-03-02,1.14775110284487,-0.197316814330406
1990-03-03,0.0130860113228361,0.103357138733069
1990-03-04,6.22324716156678e-05,1.36719148357709
1990-03-05,1.61324858822809e-05,3.52454304695129
1990-03-06,0,7.57030431429545
1990-03-07,0,5.40379424889882
1990-03-08,0.00043920132641991,7.16953766345978
1990-03-09,0.155000904264549,9.35752407709757
1990-03-10,0.0472133313305676,8.87398235003153
1990-03-11,0,10.7573591868083
1990-03-12,0.000467517701811933,9.03131890296936
1990-03-13,0.000199763737327885,6.53897857666016
1990-03-14,3.49895505110423,7.12499062220256
1990-03-15,0.0114718990177304,6.55948348840078
1990-03-16,0.0268889608123573,5.76814619700114
1990-03-17,0.00439482385021013,6.91010725498199
1990-03-18,0,8.24402936299642
1990-03-19,4.96528979662495e-05,8.36267022291819
1990-03-20,2.19616990288099,9.31452743212382
1990-03-21,0,13.6026349067688
1990-03-22,14.2537100315094,14.635231812795
1990-03-23,0.233394857340803,6.13575108846029
1990-03-24,0.932015111049016,7.78188558419545
1990-03-25,1.42368049919605,3.24087144931157
1990-03-26,0.597030725950996,2.08244798580805
1990-03-27,2.51008940736453,3.88455917437871
1990-03-28,4.7795166571935,2.40235009789467
1990-03-29,6.74426619211833,4.31889289617538
1990-03-30,0.143500604201108,6.33810977141062
1990-03-31,0.00531555682876691,7.80557497342428
1990-04-01,5.26224863506286e-05,9.7251246770223
1990-04-02,0.00344723562981623,10.8714025815328
1990-04-03,4.73275615771612,7.78722405433655
1990-04-04,0.00662452757145123,3.84690320491791
1990-04-05,2.17354414860407,3.80867340167363
1990-04-06,1.14915949354569,4.95039292176565
1990-04-07,5.84188751379649,3.76523401339849
1990-04-08,1.74400280416012,3.03868301709493
1990-04-09,0.362158629422386,3.25474192698797
1990-04-10,1.73321732878685,5.08576794465383
1990-04-11,13.5326252778371,3.82391744852066
1990-04-12,0.536691289395094,3.86242485046387
1990-04-13,0.00199128656095127,6.63913456598918
1990-04-14,3.42771179477374,5.39102447032928
1990-04-15,5.52342853943507,4.08136604229609
1990-04-16,1.82655910154184,4.74330159028371
1990-04-17,4.28337933619817,5.77213633060455
1990-04-18,8.25560065110525,3.99770758549372
1990-04-19,6.07221321264903,5.00835859775543
1990-04-20,0.0164550067080806,8.3949525753657
1990-04-21,0.723665754000346,9.50882244110107
1990-04-22,2.87082798282305,9.239222129186
1990-04-23,9.54152496655782,7.50923633575439
1990-04-24,3.72119033336639,7.87106923262278
1990-04-25,2.04881609976292,8.23908380667369
1990-04-26,3.46929321686427,8.66184687614441
1990-04-27,3.26414559284846,8.25106994311015
1990-04-28,0.00394287445427229,6.1851042509079
1990-04-29,0,8.87698729832967
1990-04-30,0,11.7506856123606
1990-05-01,0.0043845764642659,14.7176894346873
1990-05-02,0,16.3649742603302
1990-05-03,0,14.2239816983541
1990-05-04,6.26604048648005e-08,15.2057546774546
1990-05-05,0.00814586314906289,16.4508007367452
1990-05-06,1.23751121386886,14.5447680155436
1990-05-07,1.38819493105014,13.6478908061981
1990-05-08,4.263436516126,13.0278630256653
1990-05-09,0.212106314798196,14.5416382153829
1990-05-10,3.1128767033418,15.0187372366587
1990-05-11,6.66512556870778,11.6428632736206
1990-05-12,0.00307634105411125,12.4412633577983
1990-05-13,5.2450902958711,13.9905495643616
1990-05-14,3.86488001048565,14.0383268197378
1990-05-15,0.0504497333119313,15.4220603307088
1990-05-16,0.64868618392696,17.1735186576843
1990-05-17,0.000800023866759147,16.1927120685577
1990-05-18,0.014881517320949,14.7105387846629
1990-05-19,0.00018749589798972,14.6898690064748
1990-05-20,0.00499053703485212,14.5055077870687
1990-05-21,1.1202280583481,14.6625677744548
1990-05-22,0.00387142583106955,15.5360595385234
1990-05-23,0.0739193176850677,16.4899045626322
1990-05-24,4.57071312268575,15.2382978598277
1990-05-25,1.21588281417886,10.5424157778422
1990-05-26,0.00229483837476134,10.7107369105021
1990-05-27,0.0046714644364935,11.4222730000814
1990-05-28,0.0310917402481815,10.1496294339498
1990-05-29,7.01329208823154e-05,9.17940950393677
1990-05-30,0,11.6321415106455
1990-05-31,0,13.691811243693
1990-06-01,0.000385823240624935,16.6499840418498
1990-06-02,12.1574769814809,12.714247862498
1990-06-03,3.24846454461416,12.5978510379791
1990-06-04,2.35500287512938,12.1457611719767
1990-06-05,6.60597143570582,13.7517394224803
1990-06-06,5.21045957008998,12.0947815577189
1990-06-07,1.9344353278478,13.8494247595469
1990-06-08,13.9645152886709,10.9957911173503
1990-06-09,0.160993183031678,10.4374533494314
1990-06-10,9.95199803511302,9.59384393692017
1990-06-11,0.0227172720478848,12.3166624704997
1990-06-12,15.7573608557383,12.5183311303457
1990-06-13,5.27168301741282,11.9060113430023
1990-06-14,2.91800748246411,12.9821095466614
1990-06-15,6.80174781878789,13.2897941271464
1990-06-16,0.00682319914146016,13.5848311583201
1990-06-17,0.000124887230109986,15.6113224029541
1990-06-18,1.62333336472511,16.03923869133
1990-06-19,0.00515060272300616,19.0169825553894
1990-06-20,11.2176162799199,17.0487955411275
1990-06-21,0.513391065100829,16.0524680614471
1990-06-22,6.07762451966604,13.0644775231679
1990-06-23,1.65769338607788,12.680681069692
1990-06-24,0.410681551943223,15.0223893324534
1990-06-25,0,18.7192993164062
1990-06-26,0.00029054037440801,21.290816783905
1990-06-27,20.7571310202281,20.5521766344706
1990-06-28,0.607321221691867,18.4750817616781
1990-06-29,10.9762505888939,19.7908995946248
1990-06-30,23.5258539517721,21.2470766703288
1990-07-01,0.140208449525138,15.2338141600291
1990-07-02,0.0711315240090092,14.3725121021271
1990-07-03,13.7296085357666,13.1283408006032
1990-07-04,0.668993103007475,13.3735601107279
1990-07-05,10.4956548213959,14.0086545149485
1990-07-06,2.3516958852609,11.3751128514608
1990-07-07,7.83726493517558,12.4854147434235
1990-07-08,1.98688321312269,15.915734688441
1990-07-09,1.836987276872,18.6974027951558
1990-07-10,0.206896002093951,12.7412720521291
1990-07-11,3.63339616645438e-05,13.5087320804596
1990-07-12,0,16.8439114888509
1990-07-13,5.66827354001968e-06,19.6061263084412
1990-07-14,0,16.6125960350037
1990-07-15,0,16.9038020769755
1990-07-16,0.00421605793720422,19.9248695373535
1990-07-17,0.897626318347951,17.5329786936442
1990-07-18,0.000215654644610671,14.5248540242513
1990-07-19,0.00438467067336508,14.9760938485463
1990-07-20,0,17.9038751920064
1990-07-21,0,20.23002354304
1990-07-22,0,20.2593687375387
1990-07-23,0,18.1666601498922
1990-07-24,0,15.8719522158305
1990-07-25,0,16.9718103408813
1990-07-26,0,18.2052253087362
1990-07-27,0,19.8243198394775
1990-07-28,3.32618204386866e-07,21.5677717526754
1990-07-29,4.86801607906818,22.8687589963277
1990-07-30,5.78253662958741,20.5350319544474
1990-07-31,4.84958117206891,20.352111975352
1990-08-01,0.000827452672335009,20.8307499885559
1990-08-02,1.67220653869056e-05,21.639009475708
1990-08-03,4.04867789711716e-05,21.0357489585876
1990-08-04,0.000494681681933192,20.5191057523092
1990-08-05,6.92149156332016,22.9734425544739
1990-08-06,4.6813705265522,16.0019951661428
1990-08-07,0.017375858714028,13.3445196946462
1990-08-08,7.66279723999711e-06,14.0913031101227
1990-08-09,0.000997352026994728,15.9134522279104
1990-08-10,4.59307564805537e-05,19.0013395945231
1990-08-11,0,19.613271077474
1990-08-12,0.00490136068159093,21.7372959454854
1990-08-13,0.0484946096354785,21.0846436818441
1990-08-14,13.1279913981756,18.4656496047974
1990-08-15,0.39118113865455,17.8806942303975
1990-08-16,5.72879040241241,18.8464512825012
1990-08-17,2.68194927771886,13.1631713708242
1990-08-18,0.411331677809358,15.7215525309245
1990-08-19,0,17.2885416348775
1990-08-20,0.0490516317271007,18.9569772084554
1990-08-21,0.22242175314265,14.2104965845744
1990-08-22,6.69253200461147e-05,13.1560496489207
1990-08-23,9.47658409131691e-05,15.34237297376
1990-08-24,2.24245159188285e-05,18.7805972099304
1990-08-25,12.0813935597738,20.3194670677185
1990-08-26,0.00968366985519727,18.1334654490153
1990-08-27,1.28729940143724,18.9223931630452
1990-08-28,0.000606575515121222,19.5346013704936
1990-08-29,0.0584135346580297,19.3302556673686
1990-08-30,0.082454733705769,18.9315659205119
1990-08-31,1.88294817507267,13.9535044034322
1990-09-01,0.00388220485668474,12.6341134707133
1990-09-02,2.62831961115201,14.1088682810465
1990-09-03,8.98136377334595,13.5254384676615
1990-09-04,20.6565475463867,15.1765460173289
1990-09-05,0.654209286284943,11.1949415206909
1990-09-06,3.22005785504977,13.5088690916697
1990-09-07,10.6259161233902,9.76496497790019
1990-09-08,1.93315131465594,10.6707179546356
1990-09-09,0,10.8754367033641
1990-09-10,8.47348999977112,10.5323472817739
1990-09-11,0.834941847870747,10.2671450773875
1990-09-12,0.00215941716063147,10.8713569641113
1990-09-13,0.000450562470480994,10.8354735374451
1990-09-14,0.487905061570928,12.2507751782735
1990-09-15,0.0512482326012105,12.3286729653676
1990-09-16,0.000555398299184162,9.65581115086873
1990-09-17,2.05424535274506,12.5992370446523
1990-09-18,0.400232239315907,10.415944258372
1990-09-19,0.000104771904034351,15.5861337979635
1990-09-20,0.0101144112316736,12.602853457133
1990-09-21,18.3529918591181,10.8430550893148
1990-09-22,29.1450511614482,13.2860579490662
1990-09-23,6.61728020509084,13.4670809110006
1990-09-24,1.13100300232569,9.00500249862671
1990-09-25,0.00247691164501399,10.1120510101318
1990-09-26,0.00407550564189781,9.58752504984538
1990-09-27,0.000447610834574637,9.12610141436259
1990-09-28,0,8.54545180002848
1990-09-29,0,11.633806069692
1990-09-30,6.02656898895899,15.6000930468241
1990-10-01,19.4407237370809,15.2583314577738
1990-10-02,0.00592798937577754,12.1911916732788
1990-10-03,0.0169461672303441,14.6113963921865
1990-10-04,6.94429894288381,9.4990394115448
1990-10-05,0.00431528212114548,8.4656617641449
1990-10-06,0.000395511836359219,12.5136148929596
1990-10-07,6.16725071271261,12.334302743276
1990-10-08,0.0208284751667331,6.01897943019867
1990-10-09,0.00865980314362484,5.62711803118388
1990-10-10,7.77151629639169e-05,7.49880321820577
1990-10-11,0.0321007597109807,9.49810210863749
1990-10-12,0,13.1634871959686
1990-10-13,1.45881173807538e-06,14.3025620778402
1990-10-14,0.0143308841118899,13.9968843460083
1990-10-15,0.00220613801578414,14.467598994573
1990-10-16,0.335457378377517,13.7895036538442
1990-10-17,1.38935942947865,12.735283613205
1990-10-18,0.320968036229412,12.5474815368652
1990-10-19,0.0254233117999926,11.1437815030416
1990-10-20,0.0440399157814682,10.5481336116791
1990-10-21,0.00109030232852092,6.75816675027211
1990-10-22,4.23358643881026e-05,3.90141769250234
1990-10-23,0.00072929517546072,3.31383653481801
1990-10-24,1.21963111231101e-05,5.82826248804728
1990-10-25,0.118933157025216,7.41128214200338
1990-10-26,2.44668689370155,8.09343226750692
1990-10-27,0.158584400933857,6.40610551834106
1990-10-28,6.87419033050537,8.36761816342672
1990-10-29,13.4617664813995,6.70231441656748
1990-10-30,4.01646727323532,6.58049567540487
1990-10-31,4.95968367656072,7.66525228818258
1990-11-01,1.73960542678833,6.75766110420227
1990-11-02,0.347436318794886,4.84163502852122
1990-11-03,3.87996864318848,3.28441027800242
1990-11-04,7.64547157287598,2.83208475510279
1990-11-05,1.81670556465785,1.64096749822299
1990-11-06,0.00450291935218653,-0.325372501586874
1990-11-07,0.000487531588684457,-0.197525624341021
1990-11-08,0.000863496164432339,0.0791792329400778
1990-11-09,0.00574177615393031,-0.152132638836823
1990-11-10,0.447832643364867,2.99812682469686
1990-11-11,7.0703292687734,6.84718724091848
1990-11-12,0.0426931673816095,5.58416724205017
1990-11-13,1.33427567780018,5.0244570573171
1990-11-14,6.0348246494929,7.45948708057404
1990-11-15,5.28494207064311,6.1947812239329
1990-11-16,0.0468125216042002,7.17919631799062
1990-11-17,0.207169506077965,10.8360562324524
1990-11-18,10.4090951283773,8.17102265357971
1990-11-19,12.7475966215134,4.72329199314117
1990-11-20,11.8129998842875,8.26985152562459
1990-11-21,5.80403637886047,3.60576373338699
1990-11-22,8.61793315410614,2.43341692288717
1990-11-23,0.0316285552689806,1.16103065013885
1990-11-24,0.000353722799142512,-0.0304520859693487
1990-11-25,1.10445566723744,2.70843762159348
1990-11-26,0.010946843016427,2.15429769953092
1990-11-27,5.44497803846995,0.813790639241536
1990-11-28,0.268455435832341,1.05351191262404
1990-11-29,1.77598959207535,1.16782691081365
1990-11-30,1.03557706624269,-1.19335006177425
1990-12-01,0.0254507236531936,-3.92817044258118
1990-12-02,0.486427985131741,-1.59678143262863
1990-12-03,0.0277437245288941,-0.805697376529376
1990-12-04,2.97868382930756,0.677796182222664
1990-12-05,0.200619243861487,-0.870587098101775
1990-12-06,0.00162005094898632,-5.03292707602183
1990-12-07,0.0238408732257085,-7.6533594528834
1990-12-08,6.83286848470743e-05,-5.33879419167836
1990-12-09,0.000782770560666298,-1.50065945585569
1990-12-10,2.15697222948074,-1.77418625354767
1990-12-11,0.118813143092363,-3.50911086797714
1990-12-12,6.1726743777593,-0.683078972001871
1990-12-13,1.80798762043317,-1.86793633302053
1990-12-14,1.23318327466647,-1.22128496070703
1990-12-15,0.601970175902049,-3.26018126805623
1990-12-16,0.712309936682383,-2.48249218861262
1990-12-17,0.159912533437212,-3.32392809788386
1990-12-18,0.0001764480972876,-4.04378177722295
1990-12-19,3.09083613753319,-2.5243224700292
1990-12-20,2.05247613787651,-2.06643944978714
1990-12-21,3.03118404746056,0.410320115586122
1990-12-22,1.64620591203372,2.4410107533137
1990-12-23,0.455340169370174,1.90165587266286
1990-12-24,0.0620750815918048,-0.214930874450753
1990-12-25,0.479895626505216,-0.799753199021021
1990-12-26,6.01387004057566,1.44747415184975
1990-12-27,0.77794869740804,3.15159944693247
1990-12-28,0.401574950665236,0.55464415003856
1990-12-29,0.329498518258333,7.4337938229243
1990-12-30,16.2382922172546,6.3207205136617
1990-12-31,8.17472167809804,5.21469434102376
1991-01-01,2.50721858938535,2.63681328296661
1991-01-02,5.1676109234492,4.66886087258657
1991-01-03,0.0145106978646557,7.76088754336039
1991-01-04,2.75974495212237,4.78786611557007
1991-01-05,2.2886895040671,3.60085495313009
1991-01-06,2.73767513036728,3.54022407531738
1991-01-07,7.87619292736053,5.45602564016978
1991-01-08,0.00638095062458888,4.01048920551936
1991-01-09,0.375218121955792,5.43526482582092
1991-01-10,6.0003037409236e-05,10.6624844074249
1991-01-11,11.204661766688,7.77546000480652
1991-01-12,2.35792755583922,3.5622398853302
1991-01-13,5.11448657512665,0.889899099866549
1991-01-14,0.00190329547573735,-0.49118635430932
1991-01-15,0.000331816265751665,-1.84550915161769
1991-01-16,0.000270291854273334,-4.38118926684062
1991-01-17,1.0430103429826e-05,-4.75088636080424
1991-01-18,2.87343688446147e-05,-5.66856944561005
1991-01-19,0.0794693405429522,-3.11706562836965
1991-01-20,5.38837818263952e-05,-0.288498535907517
1991-01-21,3.49271680911382,-0.317180680111051
1991-01-22,0.00488083579451389,-1.02463189512491
1991-01-23,0.000281373739198898,-1.86236511667569
1991-01-24,0.00054886898760742,-2.82186082998912
1991-01-25,0,-3.10653684536616
1991-01-26,0.000292795695713721,-3.3437836766243
1991-01-27,0.0422040212288266,-3.67386158307393
1991-01-28,0.000164689106895821,-3.74897793928782
1991-01-29,0.000215372776438016,-5.51882775624593
1991-01-30,9.59929396534183e-06,-4.73940420150757
1991-01-31,3.52673197880904e-05,-7.34243941307068
1991-02-01,2.42014636266201e-05,-8.13502832253774
1991-02-02,2.42014636266201e-05,-6.84592413902283
1991-02-03,0.00179892619869785,-4.26712743441264
1991-02-04,0.00521924004715402,-5.26158710320791
1991-02-05,1.40703819692135,-7.62478876113892
1991-02-06,0.142946004867554,-12.8366262118022
1991-02-07,0.00807654700474814,-9.8276309967041
1991-02-08,1.57222712039948,-5.88316738605499
1991-02-09,1.11931765576204,-3.43676741917928
1991-02-10,4.13139162460963,-1.78814518451691
1991-02-11,0.0112752589775482,-6.25473777453105
1991-02-12,1.00466445088387,-5.67911179860433
1991-02-13,1.37482350071271,-5.68688213825226
1991-02-14,1.23028156161308,-5.68305353323619
1991-02-15,5.14100476106008,-3.37082407871882
1991-02-16,1.68183409670989,-0.603020548820496
1991-02-17,0.00764539498292531,-5.27233648300171
1991-02-18,0.000158865092998894,-3.59292978048325
1991-02-19,0.000140472676624389,0.245620859786868
1991-02-20,0.0107886851668203,-0.645041630913814
1991-02-21,0.00515972276722702,-0.872482270002365
1991-02-22,0.389179402341445,0.336629347254833
1991-02-23,0.132780310697854,3.4114891688029
1991-02-24,0.00775989765952545,4.46781977017721
1991-02-25,4.39614831293511e-06,4.73345998922984
1991-02-26,0.00140044504708688,3.33714254697164
1991-02-27,0.00577214410198697,1.05756459136804
1991-02-28,1.22527134418488,0.972684587041537
1991-03-01,0.00769705490529304,0.415952337517713
1991-03-02,4.22258669137955,2.95528401931127
1991-03-03,0.283588629836837,4.77384515603383
1991-03-04,0.028225732773232,3.2883352637291
1991-03-05,0.0190036983888907,5.57302145163218
1991-03-06,1.99654374834305e-05,6.96052809556325
1991-03-07,2.96671447965006e-05,7.505047082901
1991-03-08,8.42352468074144e-06,10.0887124538422
1991-03-09,2.56036670009295,7.71501123905182
1991-03-10,0.0146834839251824,6.944327155749
1991-03-11,0.0207097694122543,7.00915189584096
1991-03-12,0.0158151920519837,6.00596809387207
1991-03-13,0.0390912903045925,4.75829446315765
1991-03-14,0.0181605241790142,5.35432378451029
1991-03-15,1.21364749550897e-05,7.73679399490356
1991-03-16,0.00023668384286187,8.05717384815216
1991-03-17,0.102535931548725,8.74844304720561
1991-03-18,0.580773061141372,8.28882757822672
1991-03-19,13.7470949490865,8.11400600274404
1991-03-20,1.72557093203068,11.0185333093007
1991-03-21,0.0618212739160905,12.5116323630015
1991-03-22,9.67575287818909,5.45273760954539
1991-03-23,0.0547979057494861,6.71123170852661
1991-03-24,0.123763684260969,8.40152223904928
1991-03-25,0.912272875507673,6.92879056930542
1991-03-26,0.699431167061751,3.51466443141301
1991-03-27,0.190995528673132,2.41988337039948
1991-03-28,0.237788508335749,0.14256116685768
1991-03-29,0.0885489950887859,-0.245668707105021
1991-03-30,0.000447841066791928,1.87612834572792
1991-03-31,6.55579903726296e-06,4.31467701991399
1991-04-01,0,6.94877163569133
1991-04-02,0,9.34371836980184
1991-04-03,7.63682373364766,11.0828420321147
1991-04-04,5.76572634776433,7.7662011384964
1991-04-05,6.83522792657216,6.61942692597707
1991-04-06,0.0100871674561252,7.13626138369242
1991-04-07,0.214207276701927,7.75936055183411
1991-04-08,2.63556676109632,7.57798445224762
1991-04-09,0.0145176274575836,7.2372670173645
1991-04-10,2.2870828009521e-05,8.44555433591207
1991-04-11,0,9.03468465805054
1991-04-12,0.00087839844248568,10.4679780801137
1991-04-13,0.0563413077810158,9.64463297526042
1991-04-14,0.285610297728757,9.70359214146932
1991-04-15,0.00284998619463295,9.98418736457825
1991-04-16,0.310992044086258,8.93803509076436
1991-04-17,0.264278518036008,1.17909429222345
1991-04-18,1.87400538225969,1.18888001640638
1991-04-19,3.76102735598882,1.30700383583705
1991-04-20,0.606604039824257,1.12435664733251
1991-04-21,0.00424401488999138,0.956282953421275
1991-04-22,1.54202369848887,4.05103230476379
1991-04-23,1.5630875279506,2.21587867538134
1991-04-24,0.376259665936232,2.53399435679118
1991-04-25,6.00696615341197e-05,5.58777872721354
1991-04-26,0.000284514520899393,7.99161835511525
1991-04-27,0.000601538563690459,8.78682549794515
1991-04-28,1.92507287859917,9.59604620933533
1991-04-29,2.34361281991005,7.81049942970276
1991-04-30,3.61965541044871,8.46403090159098
1991-05-01,3.92619167764982,8.54182569185893
1991-05-02,0.534054255113006,6.13026777903239
1991-05-03,0.285987747212251,4.46812524398168
1991-05-04,1.99918417135874,4.43429813782374
1991-05-05,0.476595548292001,4.6910388469696
1991-05-06,0.229985786912342,6.08224984010061
1991-05-07,0.276673029176891,7.45454339186351
1991-05-08,0.00484857021850379,8.75143130620321
1991-05-09,0.00102249719202518,10.233994325002
1991-05-10,2.55091212193171,11.8627911408742
1991-05-11,61.7037057876587,9.33731166521708
1991-05-12,2.77027863264084,7.75443891684214
1991-05-13,0.023927442516045,9.47272316614787
1991-05-14,7.93487544854482,10.0382550557454
1991-05-15,4.01592844724655,6.20777614911397
1991-05-16,3.74325024088224,4.67046864827474
1991-05-17,4.04285162687302,5.82224782307943
1991-05-18,1.3001601845026,6.85124572118123
1991-05-19,0.218203348107636,9.09782314300537
1991-05-20,0.0105218359967694,11.099160194397
1991-05-21,0.00145535888441373,14.6835273106893
1991-05-22,0.138113757488706,16.8869717915853
1991-05-23,0.0990315351324777,9.33368873596191
1991-05-24,0.0711692637899735,7.04903137683868
1991-05-25,4.20393083492915,9.34987378120422
1991-05-26,0.570603487392267,7.96729338169098
1991-05-27,0.00184548172668049,9.86000045140584
1991-05-28,0.000133455740675951,12.4045441945394
1991-05-29,2.920975687933e-05,12.4895697434743
1991-05-30,0,14.0087633927663
1991-05-31,0,15.6240130265554
1991-06-01,0.147549639455974,15.634771267573
1991-06-02,1.63758233934641,15.1292577584585
1991-06-03,8.09263296922048,12.5992082754771
1991-06-04,1.52196611712376,9.07635951042175
1991-06-05,2.64468883474668,10.2277039686839
1991-06-06,6.99934724966685,10.9662119547526
1991-06-07,4.87316173315048,13.065137942632
1991-06-08,3.80634514490763,12.7547642389933
1991-06-09,2.91149938106537,14.8170817693075
1991-06-10,0.294894345104694,14.3486127058665
1991-06-11,0.526424322277308,13.4352598985036
1991-06-12,0.832864197591941,18.2294174830119
1991-06-13,1.65401628613472,16.050044854482
1991-06-14,0.357779569613437,13.9063014189402
1991-06-15,5.07178817192713,19.1186800003052
1991-06-16,45.328763961792,13.7558913230896
1991-06-17,67.0443305969238,8.43491911888123
1991-06-18,10.9922495683034,9.4483212629954
1991-06-19,0.672215635267397,11.2145674228668
1991-06-20,9.92228368918101,11.2564527193705
1991-06-21,2.0125469143192,14.6891016960144
1991-06-22,8.45991011460622,19.786208152771
1991-06-23,2.66168073316415,19.7639422416687
1991-06-24,1.03612518310547,18.910092830658
1991-06-25,0.412660270929337,19.7309250831604
1991-06-26,9.13083072503408,18.0888066291809
1991-06-27,9.64860888322194,12.4889004230499
1991-06-28,15.8656385739644,10.4698356787364
1991-06-29,1.09207358459632,11.2625269095103
1991-06-30,4.17082537751412e-06,15.0259522596995
1991-07-01,0,18.2682309150696
1991-07-02,0,19.7866082191467
1991-07-03,0,20.2138508160909
1991-07-04,0.000209193614258159,20.7168796857198
1991-07-05,0.00298805756028742,22.5079394976298
1991-07-06,2.90733078145422e-05,21.8792106310527
1991-07-07,0.00576522781436021,22.7352395057678
1991-07-08,3.3869135081768,22.5553412437439
1991-07-09,0.713958606123924,19.7633306185404
1991-07-10,0.0104065979752098,21.6454250017802
1991-07-11,1.64380367095873e-07,23.8160018920898
1991-07-12,16.9661734501521,24.3800195058187
1991-07-13,4.17395077149073,21.0924865404765
1991-07-14,6.54059207439423,16.067037820816
1991-07-15,0.000918000603140475,18.2228461901347
1991-07-16,0.000226453334713976,18.6680749257406
1991-07-17,2.99694696068764,16.4616604646047
1991-07-18,6.42224617799123,17.7459716796875
1991-07-19,2.8405720392863,18.2728571891785
1991-07-20,0.0197120612598762,17.8559616406759
1991-07-21,1.13109337386656e-05,17.3348401387533
1991-07-22,0,17.6944236755371
1991-07-23,0.0021565939920644,20.9349544843038
1991-07-24,7.46107097466787,17.072548866272
1991-07-25,8.44960286219915,14.4483785629272
1991-07-26,9.91627422968546,13.2474025885264
1991-07-27,3.07077684998512,14.2679768403371
1991-07-28,0.00368216086644679,16.6528759002686
1991-07-29,0,19.3272554079692
1991-07-30,0.544639858805264,20.9732524553935
1991-07-31,21.736634572347,17.2550876935323
1991-08-01,11.0732510089874,14.7559631665548
1991-08-02,0.632371065517267,16.1308155854543
1991-08-03,0.237199445410321,17.6082671483358
1991-08-04,0.828899612650275,18.7074680328369
1991-08-05,0.000796525739133358,19.547473748525
1991-08-06,0,21.0261141459147
1991-08-07,9.13893036340596e-05,23.6604879697164
1991-08-08,13.118005896608,21.3247810999552
1991-08-09,0.653050239682974,18.8180623054504
1991-08-10,2.91479955194518e-05,19.93390305837
1991-08-11,1.22171495296061,22.0896782875061
1991-08-12,8.95959177497813,20.4885341326396
1991-08-13,0.724889940582216,19.5311322212219
1991-08-14,0.406076941639185,19.2836157480876
1991-08-15,7.91862224692371e-05,18.4806173642476
1991-08-16,0.815459517141183,20.057136853536
1991-08-17,0.00575298044229082,19.7396612167358
1991-08-18,0.00657784207335984,15.9883964061737
1991-08-19,0,13.8768119017283
1991-08-20,0,15.8496487935384
1991-08-21,0,18.1110701560974
1991-08-22,0.00598655716748908,20.6846834818522
1991-08-23,1.4040490736564,17.6012557347616
1991-08-24,2.94939808050791,17.7934199968974
1991-08-25,0.00863538934925145,16.8681262334188
1991-08-26,0.00400374950064967,16.9808015823364
1991-08-27,0.000311496357123057,15.7580993175507
1991-08-28,4.74362556512157e-05,16.3766605059306
1991-08-29,0.000520208946303076,14.3434654076894
1991-08-30,2.799373836145e-06,13.9989740053813
1991-08-31,0,15.8591868082682
1991-09-01,0,17.1569828987122
1991-09-02,0.000571978627704084,16.6760646502177
1991-09-03,0,16.8936112721761
1991-09-04,0,17.0283672014872
1991-09-05,1.11471217678627e-06,17.9191555976868
1991-09-06,0.00111455508037276,14.8454651832581
1991-09-07,4.77684352517826e-07,11.4492500623067
1991-09-08,0.000349012045944619,12.3489282131195
1991-09-09,7.47624119412649e-06,13.8302488327026
1991-09-10,0.444981903613855,17.9839353561401
1991-09-11,19.8946862220764,17.1202007929484
1991-09-12,0.538352638948709,14.7726438045502
1991-09-13,0.00849735830949309,13.8389753500621
1991-09-14,0.000103779797427705,14.9467946688334
1991-09-15,0.00213664950085028,15.9110692342122
1991-09-16,1.1606726249059,17.1159682273865
1991-09-17,1.95403565466404,15.9548884232839
1991-09-18,6.69662161575009e-05,14.0232233206431
1991-09-19,0.0126092777742694,14.9378244876862
1991-09-20,0.0696756986435503,13.8796650568644
1991-09-21,0.0305619203954848,14.8924435774485
1991-09-22,13.252358118693,16.147336880366
1991-09-23,0.841869778931141,11.7280654907227
1991-09-24,0.00527124534103981,14.8177583217621
1991-09-25,4.50049170694911e-05,16.3367422421773
1991-09-26,10.175849199295,14.0284711519877
1991-09-27,0.0884044647682458,10.154945453008
1991-09-28,0.0783103750630592,10.7676938374837
1991-09-29,0.0159290013519543,12.0738701820374
1991-09-30,6.54929252465566,11.0555964310964
1991-10-01,0.676524125039577,12.6676433881124
1991-10-02,0.0976743806774418,9.81460483868917
1991-10-03,5.61552890303574e-05,8.87102937698364
1991-10-04,0.00558861503183531,9.98761733373006
1991-10-05,0.00503439304884523,11.6001266638438
1991-10-06,0.701516881585121,11.2809600830078
1991-10-07,0.01078691665316,11.3597489198049
1991-10-08,0.00122884649560244,11.2582108974457
1991-10-09,0.0115932322029645,11.1624851226807
1991-10-10,1.64435671952864e-05,11.0211618741353
1991-10-11,0.000502449929769,11.0278148651123
1991-10-12,0.978702863057454,11.0449987252553
1991-10-13,1.11515550812085,11.3640076319377
1991-10-14,0.788162097334862,10.7593178749084
1991-10-15,0.0467065571574494,10.7048670450846
1991-10-16,0.86457072198391,11.0150255362193
1991-10-17,5.2402575413386,10.3339374065399
1991-10-18,0.327419141617914,6.84225988388062
1991-10-19,2.1213211119175,4.28095684448878
1991-10-20,4.04897214968999,3.32672653595606
1991-10-21,1.36212668319543,1.57701267798742
1991-10-22,0.00519688779604621,0.684601657092571
1991-10-23,0.345718522866567,3.32209082444509
1991-10-24,0.00786693185121597,5.63623889287313
1991-10-25,0.0235322864124707,5.78884581724803
1991-10-26,0.000111790587501067,1.64150972167651
1991-10-27,0.0123664342754637,1.19894800583522
1991-10-28,7.17642660674755e-05,0.715224693218867
1991-10-29,0.00342924540260962,-0.0606098390417174
1991-10-30,0.028285197467388,0.0954407276585698
1991-10-31,0.0560839348472655,0.731098644435406
1991-11-01,0.0256792617340883,2.09360398848852
1991-11-02,1.57197078069051,6.43946011861165
1991-11-03,9.37499153614044,11.2618153095245
1991-11-04,4.781782746315,6.61609514554342
1991-11-05,1.24811741213004,4.64035824934642
1991-11-06,1.2592598994573,2.38681390881538
1991-11-07,1.86553132037322,4.41415101289749
1991-11-08,1.26003687580427,7.87208131949107
1991-11-09,6.57496803998947,3.565531651179
1991-11-10,0.480828884368141,0.714978309969107
1991-11-11,3.24291598796844,2.98063850402832
1991-11-12,0.823243697484334,4.91988178094228
1991-11-13,6.62709168593089,6.45761183897654
1991-11-14,0.262454343338807,3.39395066102346
1991-11-15,0.0355575371844073,3.81046599149704
1991-11-16,17.3326543966929,2.5186474720637
1991-11-17,2.38857801755269,0.880728848278522
1991-11-18,4.77976232767105,1.57437816262245
1991-11-19,0.22460477737089,5.29329697291056
1991-11-20,7.05047225952148,2.6555485924085
1991-11-21,0.256378097459674,1.48594317833583
1991-11-22,0.0138067365478491,1.01184473931789
1991-11-23,0.0024177242667065,0.495505894223849
1991-11-24,0.382670690615972,0.150206675132116
1991-11-25,9.08783088865069e-05,0.701773862044016
1991-11-26,0.0939499822755655,0.480235062539577
1991-11-27,0.0619840249419212,0.656506990393003
1991-11-28,0.101800074800849,0.53894812365373
1991-11-29,0.0522447378995518,0.255714078744253
1991-11-30,0.0130265152644521,-0.0617403500170136
1991-12-01,0.000113981166881179,-0.462447597955664
1991-12-02,0.000333478204993298,-1.23095977306366
1991-12-03,0.0308578403977056,-1.65395469466845
1991-12-04,0.45806784555316,-2.52883756160736
1991-12-05,1.12445092697938,-1.50295498967171
1991-12-06,1.0027596304814,-3.21302113930384
1991-12-07,0.154001606628299,-1.09337149560452
1991-12-08,0.0673087988980114,-0.416002268592517
1991-12-09,0.00660631426338417,-5.30852309862773
1991-12-10,0.00790468286140822,-9.70804286003113
1991-12-11,8.65966452086771e-06,-8.74885606765747
1991-12-12,9.19632420846028e-05,-8.53722778956095
1991-12-13,0.00691215628952098,-8.3097562789917
1991-12-14,0.000156870867310014,-7.50300765037537
1991-12-15,0.00010398461843882,-7.46012111504873
1991-12-16,0.569408275187016,-4.45566117763519
1991-12-17,5.54212737083435,1.38757407665253
1991-12-18,6.16672503948212,2.51615538199743
1991-12-19,8.22924570242564,4.97493882973989
1991-12-20,4.03179705142975,1.22408022979895
1991-12-21,8.65984265009562,2.18515425920486
1991-12-22,6.17402980724971,8.73563551902771
1991-12-23,2.258717050155,7.78716560204824
1991-12-24,1.08811655640602,1.94560141364733
1991-12-25,1.04331688582897,0.199583730039497
1991-12-26,2.93053166071574,0.669812796016534
1991-12-27,1.54221493005753,1.73998887340228
1991-12-28,0.00360217403067509,-2.05393254756927
1991-12-29,0.0129991393963185,-2.22266606489817
1991-12-30,0.0412008171260823,-0.200685719338556
1991-12-31,0.000298725261624592,-1.93625730276108
1992-01-01,1.04871363646453e-05,-1.64272165298462
1992-01-02,3.46011511282995e-05,-0.188672195499142
1992-01-03,1.10795221317517e-05,-0.632671502729257
1992-01-04,0.598414530356725,3.22824132442474
1992-01-05,0.0123006052053825,5.26264735062917
1992-01-06,0.0143334171492218,3.97977246840795
1992-01-07,9.80434977767193e-05,0.312503894170125
1992-01-08,0.717899439235528,3.37102895975113
1992-01-09,0.449043441563845,5.39533710479736
1992-01-10,6.34960981210073,2.98682757218679
1992-01-11,0.0637763290045162,1.50409201780955
1992-01-12,0.376702296858033,0.637048836797476
1992-01-13,0.293236277997494,0.451678701036144
1992-01-14,0.163883106472592,0.283384925841043
1992-01-15,0.131501439958811,1.94729789098104
1992-01-16,0.00601344777775618,0.846342640618483
1992-01-17,0.00129102640979302,1.36806891858578
1992-01-18,3.20731863515296e-05,-0.427608506133159
1992-01-19,6.34101204077403,-0.228743496040503
1992-01-20,1.19485953946908,-2.52304158608119
1992-01-21,0.00492807768750936,-8.23544593652089
1992-01-22,0.0010948032856201,-5.97920739650726
1992-01-23,0.00558694282275004,-4.99596989154816
1992-01-24,0.00572500686818482,-4.54821439584096
1992-01-25,0.0238194967969321,-4.28201119105021
1992-01-26,0.0463676439539995,-4.18252376715342
1992-01-27,0.0492006285736958,-2.20815728108088
1992-01-28,0.000178447313373908,-2.82184473673503
1992-01-29,0.00127694967280452,-2.20806171496709
1992-01-30,8.62603416559675e-05,-0.893082151810328
1992-01-31,0.00672809760847789,-1.15242178241412
1992-02-01,0.0117611651555004,-2.36160842577616
1992-02-02,0.0108267641238247,-1.96925742427508
1992-02-03,0.744683797160784,0.793025294939677
1992-02-04,8.35789954662323,0.971560751398404
1992-02-05,8.01455354690552,3.37482217947642
1992-02-06,0.0259850132279098,3.14669112364451
1992-02-07,0.032310187506179,0.895841658115387
1992-02-08,0.00578278107400365,0.324641249763469
1992-02-09,0.33337867880861,0.918027743697166
1992-02-10,0.1248029206569,2.68156683444977
1992-02-11,8.06257700920105,2.41210846106211
1992-02-12,0.657311407228311,6.64506729443868
1992-02-13,3.52028000354767,4.50457509358724
1992-02-14,0.341159299015999,2.77886768182119
1992-02-15,2.96747034788132,4.93701152006785
1992-02-16,2.42911615967751,1.49317406614621
1992-02-17,2.58980723222097,-2.48551740248998
1992-02-18,0.624171557525794,-6.55352441469828
1992-02-19,0.10801886053135,-6.7637863556544
1992-02-20,0.0273000891781218,-3.77046259244283
1992-02-21,0.354533436397711,-1.06292213002841
1992-02-22,0.000235986014255711,0.952766336500645
1992-02-23,0.0151766010239953,4.15356481075287
1992-02-24,8.05588414702167e-05,3.16694422562917
1992-02-25,0.00540485824725086,2.12251641352971
1992-02-26,0.000426929581711496,3.52620259920756
1992-02-27,0.00538646318212462,3.52423705657323
1992-02-28,0.017196378990775,3.68685388565063
1992-02-29,0.0117335621325765,3.66293170054754
1992-03-01,3.08252189521833e-06,4.73015467325846
1992-03-02,4.10684235890706,3.17134211460749
1992-03-03,0.00327052008409131,6.21009675661723
1992-03-04,5.51465321526242e-06,6.60164749622345
1992-03-05,0.00790652597788721,6.51989420255025
1992-03-06,0.386249964435895,6.34685838222504
1992-03-07,0.00608855080887831,4.38505804538727
1992-03-08,4.71021982472545e-05,3.85551446676254
1992-03-09,3.86851703903327e-05,4.85047248999278
1992-03-10,0.257374002287785,5.48371962706248
1992-03-11,0.043234368179886,3.91193135579427
1992-03-12,0.143730767071247,5.55007100105286
1992-03-13,8.98036086559296,7.67278536160787
1992-03-14,6.30355234940847,2.51269712050756
1992-03-15,6.7590579589208,2.92525706688563
1992-03-16,0.109956272877753,1.52895920475324
1992-03-17,0.000683135498547927,2.90098778406779
1992-03-18,0.000423928063052396,4.78590408960978
1992-03-19,2.24548668662707,6.70085275173187
1992-03-20,2.70952332019806,8.50467085838318
1992-03-21,1.74860647320747,7.85565996170044
1992-03-22,21.8252862294515,4.99928569793701
1992-03-23,11.7961734135946,3.33672225475311
1992-03-24,5.06411518653234,1.69508793950081
1992-03-25,0.782222222536802,1.38687311112881
1992-03-26,0.0177743077195676,1.99425699313482
1992-03-27,4.12809912363688,2.31674539049466
1992-03-28,4.29118180274963,0.759824896852175
1992-03-29,0.750614307820797,0.74419425924619
1992-03-30,0.000812093865533825,5.50450003147125
1992-03-31,1.05443008244038,8.0687583287557
1992-04-01,1.89772646625837,3.80307940642039
1992-04-02,0.752433609217405,5.55039381980896
1992-04-03,17.4795348644257,5.56895248095195
1992-04-04,13.0502908229828,5.35463658968608
1992-04-05,9.72864576180776,2.69027851025263
1992-04-06,0.0266622026295712,2.82360488176346
1992-04-07,0.000912872570552281,4.23626548051834
1992-04-08,0,5.94613718986511
1992-04-09,0,5.95294467608134
1992-04-10,0,6.37762232621511
1992-04-11,0,6.63765315214793
1992-04-12,0.131604402326047,10.3798584938049
1992-04-13,1.11778744558493,7.82125337918599
1992-04-14,0.000471352075692266,7.85736008485158
1992-04-15,2.25531295935313,6.82271830240885
1992-04-16,0.309044001003106,3.08715605735779
1992-04-17,0.518129100402196,2.4900490740935
1992-04-18,1.49002389113108,5.09667491912842
1992-04-19,4.86196328202883,9.11701893806458
1992-04-20,0.0199002960483388,5.4855188926061
1992-04-21,0.00113351529580541,8.1249148050944
1992-04-22,1.19727511207263,11.7356273333232
1992-04-23,5.09395964940389,8.4312473932902
1992-04-24,0.000288276484449549,12.4101022084554
1992-04-25,0.00338191399290129,16.9242223103841
1992-04-26,0.302921197066704,15.985203742981
1992-04-27,5.76869908968608,10.8927880922953
1992-04-28,12.2558472156525,11.014305194219
1992-04-29,0.622258320140342,5.96800625324249
1992-04-30,0.0335012041323353,7.79737706979116
1992-05-01,1.74333926041921,11.009251832962
1992-05-02,4.6281382838885,9.89006050427755
1992-05-03,0.034047664841637,8.6983741124471
1992-05-04,0.0230092348065227,9.44913625717163
1992-05-05,0.000567501597591521,10.3094057242076
1992-05-06,1.02049840885835e-05,11.8856383959452
1992-05-07,0,13.341684738795
1992-05-08,0.000558465663251203,14.5988317330678
1992-05-09,0.0957284908120831,12.8163396517436
1992-05-10,0.384916719049215,12.3883772691091
1992-05-11,1.74081028997898,10.666108528773
1992-05-12,6.72091452239935e-06,11.9754726886749
1992-05-13,0,16.3199446996053
1992-05-14,0,18.6179434458415
1992-05-15,0,18.4989851315816
1992-05-16,0.0469267025667553,19.0195290247599
1992-05-17,0.00393497881062406,15.1543460687002
1992-05-18,7.57588289464669e-06,14.0897836685181
1992-05-19,0,14.1605846881866
1992-05-20,4.776203907871e-05,15.2510898907979
1992-05-21,0.987028653422991,14.3275201320648
1992-05-22,0.00252913720032666,15.4447503089905
1992-05-23,0.0148054887540638,17.7636946042379
1992-05-24,7.70357024669647,15.3832542896271
1992-05-25,0.000683233995611469,17.2480754852295
1992-05-26,0.00374674443931629,16.6987573305766
1992-05-27,0.00172350990760606,16.1058234373728
1992-05-28,0,16.6531014442444
1992-05-29,0,16.4986418883006
1992-05-30,5.94426383031532e-05,16.9641246795654
1992-05-31,0.037024427515765,17.9448758761088
1992-06-01,0.0412490672121445,18.9136706988017
1992-06-02,7.08400748173396,18.6120894749959
1992-06-03,27.0650239785512,15.4571154912313
1992-06-04,0.188948710992311,15.4517166614532
1992-06-05,7.9540821313858,13.5971336364746
1992-06-06,0.000353685502583782,13.8525451024373
1992-06-07,0.0914945973393818,14.8734312057495
1992-06-08,13.6137016614278,12.9213940302531
1992-06-09,2.57278587420781,13.6455879211426
1992-06-10,0.518954313049714,14.0033463637034
1992-06-11,0.0363328475505114,13.2440874576569
1992-06-12,0.969968850103517,14.2362758318583
1992-06-13,6.95708477497101,15.358096520106
1992-06-14,0,16.5026512145996
1992-06-15,2.10414197378365e-05,18.4302929242452
1992-06-16,0.0256987823377131,19.8374695777893
1992-06-17,0.168896671384573,16.6325240135193
1992-06-18,0.00230523751815781,16.1255886554718
1992-06-19,12.7172888120015,10.9603861172994
1992-06-20,2.72645470996698,15.6804592609406
1992-06-21,0.0169421407166131,15.9503211975098
1992-06-22,0.00644340402019831,18.3393610318502
1992-06-23,7.17569541931152,17.6616729100545
1992-06-24,3.57759529352188,16.687997341156
1992-06-25,16.1147719224294,15.323412100474
1992-06-26,2.35858980814616,16.3540004094442
1992-06-27,4.50126032471114e-05,16.6727840105693
1992-06-28,0,17.2718812624613
1992-06-29,5.55455964483068e-05,18.6371685663859
1992-06-30,0.000235420913668349,20.5561661720276
1992-07-01,4.18727911263704,18.8126007715861
1992-07-02,2.59206221501032,18.0387996037801
1992-07-03,0.0405144106286267,18.9863640467326
1992-07-04,4.98749723037084,15.001567363739
1992-07-05,4.37871672709783,14.0919029712677
1992-07-06,1.43061192582051,15.2348835468292
1992-07-07,0.176200232468545,14.4128420352936
1992-07-08,0.0131410666120549,16.6241704622904
1992-07-09,12.6687067349752,18.3519849777222
1992-07-10,10.8990321954091,16.4505552450816
1992-07-11,9.59448349475861,13.8312488396962
1992-07-12,8.29103781779607,14.5880770683289
1992-07-13,0.432412917289184,16.3400203386943
1992-07-14,1.71971211830775,18.3380850156148
1992-07-15,0.166659924512108,17.1762243906657
1992-07-16,0.0973290879822647,18.8494803110758
1992-07-17,0.178137119704237,20.846621354421
1992-07-18,0.0116243972831095,18.4397389094035
1992-07-19,0,20.5604923566182
1992-07-20,0.00229556405247422,23.1130083401998
1992-07-21,41.1335229873657,22.4945866266886
1992-07-22,4.0224299232165,17.5287254651388
1992-07-23,0.0240341046569862,19.1484985351562
1992-07-24,5.11340481042862,20.8381436665853
1992-07-25,0.676439568400383,18.9185090065002
1992-07-26,0.010096567265767,20.005977789561
1992-07-27,0.000160099413430241,21.929233233134
1992-07-28,1.20550595662886e-05,16.4609387715658
1992-07-29,0.0121871361528368,19.7598535219828
1992-07-30,1.66102950818943e-05,23.3860613505046
1992-07-31,5.30494229992231,21.8116483688354
1992-08-01,4.73978681365649,20.2336723009745
1992-08-02,0.374958032819753,22.2718416849772
1992-08-03,2.35507679979006,23.4792682329814
1992-08-04,0.718280236547192,18.389807065328
1992-08-05,0.00633502864244898,20.0481363932292
1992-08-06,0.00308829724478225,22.8110084533691
1992-08-07,0.00357427238486707,24.4204576810201
1992-08-08,0,24.9261142412821
1992-08-09,0,25.1281255086263
1992-08-10,2.56499064962069,16.4215266704559
1992-08-11,0.862921604265769,17.1734236081441
1992-08-12,0.000881295576012538,17.3923268318176
1992-08-13,0.0233555571952214,17.1570989290873
1992-08-14,4.93614637851715,14.3366878032684
1992-08-15,0.0115791248099413,14.3907770315806
1992-08-16,0,17.5007379849752
1992-08-17,2.16057524085045e-05,20.1608301798503
1992-08-18,0.0162989667266326,21.8074165980021
1992-08-19,0.000110769101411279,23.1207607587179
1992-08-20,3.86054676274459,23.754798412323
1992-08-21,10.3248103658358,20.6648980776469
1992-08-22,1.10655382275581,19.6204363505046
1992-08-23,5.3590113123258,17.2567119598389
1992-08-24,0.0665744089831908,18.4261682828267
1992-08-25,0,20.6069076855977
1992-08-26,9.61718567212423,22.0063616434733
1992-08-27,0.000656947023041236,21.1992163658142
1992-08-28,0.00137554482959483,23.6093845367432
1992-08-29,12.162180741628,19.4614389737447
1992-08-30,0.0015863195003476,17.3431576093038
1992-08-31,27.1292475064596,14.6436131795247
1992-09-01,3.48616238435109,10.2121900717417
1992-09-02,1.68898976345857,14.4625376065572
1992-09-03,1.23203766345978,15.1418840090434
1992-09-04,6.98175247510274,9.46312348047892
1992-09-05,1.26331157485644,8.51059230168661
1992-09-06,0.00717481367488896,8.47691504160563
1992-09-07,3.09903158744176,13.3694590727488
1992-09-08,0.691268695828815,12.3911577065786
1992-09-09,0.0107715104240924,13.2101658980052
1992-09-10,2.14016476770242,15.2756537596385
1992-09-11,0.919552326202393,16.0953934987386
1992-09-12,0.845578337709109,14.9793901443481
1992-09-13,1.42892780651649,15.7190488179525
1992-09-14,12.1305104096731,13.3609584172567
1992-09-15,0.00493163350013977,13.5629633267721
1992-09-16,0.0111352054797559,14.5300443967183
1992-09-17,0.00652652916323859,14.3474233945211
1992-09-18,0.00485758758441079,14.8598713080088
1992-09-19,0.0127176933844263,14.0656309127808
1992-09-20,5.61728925466317e-05,13.9900480906169
1992-09-21,0.00687757720879745,15.0120731989543
1992-09-22,0.00157799577573314,16.8100641568502
1992-09-23,2.11493329207102,13.2301943302155
1992-09-24,0.755285128951073,12.0504262447357
1992-09-25,0.114034889576336,11.7482180595398
1992-09-26,0.089419096087416,13.5757827758789
1992-09-27,0.0153954431395202,15.0703723430634
1992-09-28,12.7474834918976,12.9839583237966
1992-09-29,23.690859635671,11.5938204924266
1992-09-30,1.18235738575459,12.2440671920776
1992-10-01,0.361388225108385,12.2693269252777
1992-10-02,14.7422440052032,11.9064125219981
1992-10-03,0.119994542445056,11.6211314996084
1992-10-04,0.589835772290826,11.4421020348867
1992-10-05,0.835448816418648,12.5960767269135
1992-10-06,12.5400718847911,11.9769744873047
1992-10-07,0.181001136700312,10.9169866243998
1992-10-08,0.0222646916032924,11.3852693239848
1992-10-09,4.06388831138611,11.0413668950399
1992-10-10,0.0967958378605545,8.12848953406016
1992-10-11,0.0312731136800721,7.20767331123352
1992-10-12,0.000375831406927318,5.80251284440358
1992-10-13,0.000150220844110057,3.01271881659826
1992-10-14,0.0009605866119576,6.61073903242747
1992-10-15,1.86654327313105,7.57303643226624
1992-10-16,3.41684257984161,4.18109738826752
1992-10-17,18.674102862676,2.06279465556145
1992-10-18,0.265861988378068,1.67437826593717
1992-10-19,0.00567316613160074,2.84298098087311
1992-10-20,0.203921344131231,5.29842364788055
1992-10-21,6.03907505671183,4.96291708946228
1992-10-22,1.1327843417724,3.45790694157282
1992-10-23,7.41149322191874,4.84959987799327
1992-10-24,8.09678920110067,3.90189472834269
1992-10-25,15.2228906949361,6.85365605354309
1992-10-26,1.75597403943539,4.91609295209249
1992-10-27,6.50022145112356,5.49829602241516
1992-10-28,27.3814536730448,6.61572170257568
1992-10-29,0.0204024339327589,5.5294627348582
1992-10-30,5.23602302869161,3.74011560281118
1992-10-31,0.478620782494545,2.86690509319305
1992-11-01,0.0887896536538998,2.86979067325592
1992-11-02,5.37205501397451,4.31015535195669
1992-11-03,1.63091799120108,5.44643930594126
1992-11-04,2.8779440621535,5.92415857315063
1992-11-05,0.073814629111439,7.95179537932078
1992-11-06,0.0133757053990848,7.81961679458618
1992-11-07,0.763849475886673,7.13913098971049
1992-11-08,3.98597598075867,5.94975248972575
1992-11-09,0.00627815329547351,4.63532968362172
1992-11-10,7.06910423437754,6.05216511090596
1992-11-11,12.8564097086589,7.37367900212606
1992-11-12,3.44316605726878,2.95431927839915
1992-11-13,4.15405903259913,1.42117010553678
1992-11-14,6.87108687559764,0.798502795398235
1992-11-15,19.4698176383972,4.30245461066564
1992-11-16,3.01597678661346,4.7712779045105
1992-11-17,0.803962371001641,2.63912463188171
1992-11-18,3.08447794119517,1.91610959172249
1992-11-19,1.31454174717267,4.57418859004974
1992-11-20,0.838982798159122,2.42526495456696
1992-11-21,13.8976647853851,4.58355049292247
1992-11-22,12.5811924139659,10.2356252670288
1992-11-23,0.0271753194974735,8.54188124338786
1992-11-24,0.0341378950979561,4.78357704480489
1992-11-25,0.421437612424294,6.58971492449443
1992-11-26,8.9925000667572,8.7370351155599
1992-11-27,0.956828281283379,3.76348235209783
1992-11-28,11.0737514893214,7.70004296302795
1992-11-29,8.59720067183177,6.29699154694875
1992-11-30,0.0248889170179609,6.29644544919332
1992-12-01,0.0415117950178683,5.72567884127299
1992-12-02,1.9502766529719,7.91542891661326
1992-12-03,6.16974131266276,6.47034664948781
1992-12-04,11.8541239102681,4.949307401975
1992-12-05,2.99323161443075,1.80812912185987
1992-12-06,0.156714904122055,0.398918948446711
1992-12-07,10.235456943512,1.31635746359825
1992-12-08,3.26869449019432,1.13443057735761
1992-12-09,0.724238519867261,1.07678333421548
1992-12-10,0.0818570875562727,0.350485262926668
1992-12-11,8.2277557849884,0.183824385283515
1992-12-12,5.84405112266541,2.19610999027888
1992-12-13,0.131655919676026,1.77606336275736
1992-12-14,0.00522053921182912,1.73799960811933
1992-12-15,0.00727773231240765,-0.417911293605963
1992-12-16,0.010972743970342,-0.816922937830289
1992-12-17,0.001578046840829,-1.07160996894042
1992-12-18,0.00507458999345545,-1.42748902241389
1992-12-19,3.29664690923437e-06,-0.477984043459098
1992-12-20,3.44692842165629,2.33867963155111
1992-12-21,6.05063219865163,4.12797755002975
1992-12-22,0.0472187356790528,3.68292280038198
1992-12-23,0.0431019679720824,0.476097830881675
1992-12-24,0.0141873027411445,-0.896647239724795
1992-12-25,0.000232137080577862,-3.84183452526728
1992-12-26,0.00169340216234559,-5.55871748924255
1992-12-27,2.86277609878501e-05,-5.61325109004974
1992-12-28,2.36674289529522e-06,-5.23720041910807
1992-12-29,8.53362678299163e-08,-7.06593743960063
1992-12-30,2.50477843716605e-05,-7.16546535491943
1992-12-31,0,-6.6922132174174
1993-01-01,0.00111893368011806,-7.24577438831329
1993-01-02,0.0187690546736121,-10.0335288842519
1993-01-03,0,-9.83950034777323
1993-01-04,0,-9.40118281046549
1993-01-05,0.00386269074321414,-5.64847707748413
1993-01-06,6.90885881582896,2.78534040848414
1993-01-07,4.31731335322062,5.22387286027273
1993-01-08,1.8139886111021,4.92690376440684
1993-01-09,0.0263872841411891,3.75193283955256
1993-01-10,0.0017777274066854,5.86725731690725
1993-01-11,0.0577141001704149,9.71584645907084
1993-01-12,2.17241770029068,7.08270271619161
1993-01-13,2.10978242754936,3.97590027252833
1993-01-14,2.86408806343873,5.61467448870341
1993-01-15,0.360691924889882,4.13520669937134
1993-01-16,0.00906936527826474,6.03420988718669
1993-01-17,0.00504793062039729,3.93366809686025
1993-01-18,0.00940232608506146,3.25469342867533
1993-01-19,0.000417392839153763,4.59823930263519
1993-01-20,0.000194646415972481,6.02090525627136
1993-01-21,0.00177146734389074,6.91106800238291
1993-01-22,2.28351078927517,8.77715770403544
1993-01-23,0.690346659471591,8.43094460169474
1993-01-24,12.7968305746714,9.0159022808075
1993-01-25,2.49285048246384,1.7812255124251
1993-01-26,2.95390691359838,-0.905074452360471
1993-01-27,1.77773297329744,1.27889565130075
1993-01-28,0.654972441494465,2.84850192070007
1993-01-29,4.83503059546153,3.04184174537659
1993-01-30,0.003946965567593,-2.57925496498744
1993-01-31,0.0344434378251511,-2.10617280006409
1993-02-01,0.00133467946822445,-3.17701222499212
1993-02-02,0.00880468490261895,-3.05862816174825
1993-02-03,0.00370287505211309,-3.30496215820312
1993-02-04,0.00541866340790875,-1.45041372378667
1993-02-05,0.0130921981763095,-0.361568186432123
1993-02-06,0.704150803387165,1.62662810087204
1993-02-07,0.17187208806475,2.26312704881032
1993-02-08,0.0195242033029596,0.33959220846494
1993-02-09,0.000372234134071429,-0.603109255433083
1993-02-10,0.000414187436642048,-0.971882333358129
1993-02-11,0.00776793012604079,-0.933514028787613
1993-02-12,0.000193325657164678,-1.25426201025645
1993-02-13,0.00222014907437066,-1.50005734960238
1993-02-14,0.0011671353422571,-1.86760488152504
1993-02-15,9.5130976812167e-05,-1.7173306842645
1993-02-16,1.13699006040891,-2.05130263169607
1993-02-17,6.46135342121124,0.270633118227124
1993-02-18,0.158816419541836,1.35897314051787
1993-02-19,5.06787439187368,1.64716521898905
1993-02-20,6.50707014401754,1.04908755421638
1993-02-21,3.68409891923269,-1.14565325776736
1993-02-22,0.469082057476044,-6.81844266255697
1993-02-23,0.91429569820563,-9.39675315221151
1993-02-24,0.496634886910518,-6.48027821381887
1993-02-25,0.00191987040549672,-5.2642650604248
1993-02-26,0.00172922451747581,-4.31293461720149
1993-02-27,0.000119792569118241,-3.67857358853022
1993-02-28,0.00268594440422021,-3.42282617092133
1993-03-01,0.0118658058781875,0.0121315630773703
1993-03-02,0.580734918514887,1.14697133998076
1993-03-03,2.71784973144531,-2.09216275811195
1993-03-04,0.758557346959909,-5.31610675652822
1993-03-05,1.06462986767292,-3.37251540025075
1993-03-06,6.6576973994573,-0.159626243325571
1993-03-07,0.533171435197194,1.6106846233209
1993-03-08,0.00637659638353701,-1.75263305505117
1993-03-09,0.000442313612438738,-1.92662478486697
1993-03-10,0,1.74646770954132
1993-03-11,0.0629192029979701,3.18120024601618
1993-03-12,3.83501913650737e-05,3.59402457873027
1993-03-13,0,3.52637396256129
1993-03-14,0,4.51882878939311
1993-03-15,0.00215022296955188,5.42918753623962
1993-03-16,0.895385498801867,9.01399747530619
1993-03-17,4.24746884902318,9.19781978925069
1993-03-18,0.00683033413588419,10.1233794689178
1993-03-19,0.000942118170011478,7.11581162611644
1993-03-20,0.000109935008367756,7.41897130012512
1993-03-21,0.921285395820936,10.2695908546448
1993-03-22,3.81962529818217,9.77612773577372
1993-03-23,1.7805876173079,7.12193163235982
1993-03-24,0.508787064502637,4.03288610776265
1993-03-25,0.8478069404761,1.0332626303037
1993-03-26,1.43131989240646,-0.337180608185008
1993-03-27,1.24394959708055,-1.70787592728933
1993-03-28,0.466706210126479,-2.26136890053749
1993-03-29,0.0263538624858484,-1.55790330469608
1993-03-30,0.00296637445603665,0.953558181722959
1993-03-31,0.000821102358713688,7.3398406902949
1993-04-01,0.000977474070775012,9.9183075428009
1993-04-02,4.15354011456172,4.45042163133621
1993-04-03,1.27802993108829,4.31086313724518
1993-04-04,0.637277861436208,4.68502958615621
1993-04-05,4.67303452889125,6.65319987138112
1993-04-06,7.00474158922831,7.6832465728124
1993-04-07,0.773436273137728,6.29777638117472
1993-04-08,0.257133700031166,4.58796628316243
1993-04-09,1.58775356660287,6.85612650712331
1993-04-10,0.214707918465137,8.5119477113088
1993-04-11,1.24157137175401,6.19560039043427
1993-04-12,5.78226498762767,5.76492655277252
1993-04-13,0.0624390168425938,6.21465746561686
1993-04-14,1.11505718777577,7.7733629544576
1993-04-15,2.13728115955989,7.93064145247142
1993-04-16,1.60932400077581,7.35892709096273
1993-04-17,5.85009125868479,7.74314431349436
1993-04-18,2.5070448021094,9.68814134597778
1993-04-19,0.0228956449233616,11.0743732452393
1993-04-20,0,12.9201240539551
1993-04-21,5.32320503528657e-06,14.8797036806742
1993-04-22,0.0066930714820046,15.5777204036713
1993-04-23,1.9674308229393e-05,14.6659452120463
1993-04-24,0,15.6157910029093
1993-04-25,0,16.0653262138367
1993-04-26,0,15.6558085282644
1993-04-27,0.000196786574330569,18.277326742808
1993-04-28,0.000848412280902267,17.3327533404032
1993-04-29,0.000133956100398791,16.4148847262065
1993-04-30,1.24609411259492,15.4720216592153
1993-05-01,12.6781158645948,13.4471909999847
1993-05-02,9.68044205506643,12.4427759647369
1993-05-03,5.8887557387352,12.0947280724843
1993-05-04,0.555829325069984,11.1200484434764
1993-05-05,0.0435125667136163,10.5690226554871
1993-05-06,2.6146614899238,9.39834872881571
1993-05-07,2.35433932145437,13.3376541932424
1993-05-08,0.208178694049517,14.8834042549133
1993-05-09,1.47684047122796,15.2300209999084
1993-05-10,0.0038956396432089,16.8060070673625
1993-05-11,0.955866766472658,17.2655202547709
1993-05-12,4.57784116268158,14.6480356852214
1993-05-13,5.67448562383652,14.2917370796204
1993-05-14,8.98480896155039,13.5680858294169
1993-05-15,2.02038922409217,13.2723326683044
1993-05-16,0.308030565114071,11.8199787934621
1993-05-17,8.10713087654828e-06,16.2844405174255
1993-05-18,4.33825195208192,18.2802953720093
1993-05-19,0.147097542338694,18.2621076901754
1993-05-20,7.98310430844625,17.2226389249166
1993-05-21,11.5801708698273,9.47795669237773
1993-05-22,0.00691228499575421,11.4689246018728
1993-05-23,0,14.2507623036702
1993-05-24,0.00717475490334133,17.0828824043274
1993-05-25,0.0052721873507835,19.8480059305827
1993-05-26,1.85994804805766,21.6253604888916
1993-05-27,21.5361451307933,17.3564182917277
1993-05-28,0.42795680820321,13.4667847156525
1993-05-29,0.000295371028793549,15.0257426897685
1993-05-30,4.14343269666036,16.4628872871399
1993-05-31,0.196439289177457,14.5783667564392
1993-06-01,0.00821146609087009,16.7952612241109
1993-06-02,14.5391364097595,14.9225321610769
1993-06-03,12.4002809524536,12.9815096060435
1993-06-04,0.882349502916137,15.1154996554057
1993-06-05,0.00110931623445746,18.4765739440918
1993-06-06,0.224837636109442,20.4564797083537
1993-06-07,3.3962565784653,20.2899150848389
1993-06-08,0.00427117941823478,20.1279079119364
1993-06-09,0.03324062221994,21.3398892084757
1993-06-10,0.868416977037365,20.5123213132222
1993-06-11,11.153702656428,15.5179870128632
1993-06-12,0.325282694151004,11.6979204018911
1993-06-13,0.214802098460495,12.4786694844564
1993-06-14,2.84931204716365,13.5815637111664
1993-06-15,5.32297607262929,13.0662739276886
1993-06-16,4.15168317159017,16.0867877801259
1993-06-17,5.96279209852219,12.9806716442108
1993-06-18,0.132747834237913,16.3607006867727
1993-06-19,2.17234143738945,20.9063719113668
1993-06-20,4.21300682425499,17.1811014811198
1993-06-21,7.42828234036763,15.345313390096
1993-06-22,12.2281301021576,16.553391456604
1993-06-23,10.0114773909251,16.0360071659088
1993-06-24,0.00729572242623059,12.1610825856527
1993-06-25,0.0116981788693617,13.3048681418101
1993-06-26,1.56351817150911,13.70205839475
1993-06-27,5.29332952698072,15.4421304066976
1993-06-28,0.00509980648348574,12.5242240428925
1993-06-29,0,15.4807662169139
1993-06-30,0,17.2789554595947
1993-07-01,0.000129425733272607,18.2863629659017
1993-07-02,0.00533084610166649,19.0915201505025
1993-07-03,0.0687375495714756,20.216628074646
1993-07-04,0.010796778780635,21.6954774856567
1993-07-05,22.5572572549184,21.1458462079366
1993-07-06,0.0423833539243788,12.0890523592631
1993-07-07,0.0064669175844756,14.6789821783702
1993-07-08,2.15607030895626e-07,15.5272308985392
1993-07-09,0.00694266679541518,19.4579968452454
1993-07-10,27.3464180628459,14.6180749734243
1993-07-11,9.80716888109843,10.1193474928538
1993-07-12,8.60649275779724,10.0397444566091
1993-07-13,1.25566948950291,10.9902588526408
1993-07-14,6.2899508078893,12.7418874899546
1993-07-15,4.73429787158966,16.0341886679331
1993-07-16,21.310452302297,19.237381140391
1993-07-17,30.9341325759888,19.2839609781901
1993-07-18,14.6581256389618,17.9030154546102
1993-07-19,4.44581629832586,16.1790928840637
1993-07-20,7.80504881342252,14.2459645271301
1993-07-21,1.64453252653281,13.3299828370412
1993-07-22,7.18812036514282,12.6735132535299
1993-07-23,0.0330971242146916,16.0800133546193
1993-07-24,1.23364525039991,18.6277028719584
1993-07-25,3.90864994128545,15.4043997923533
1993-07-26,1.41094374780854,14.1588925520579
1993-07-27,11.8830842971802,15.398074388504
1993-07-28,13.6232852935791,16.2539712587992
1993-07-29,0.0308118628163356,20.3933712641398
1993-07-30,5.43496489524841,22.5969130198161
1993-07-31,2.42378767331441,15.2386990388234
1993-08-01,6.33817468316996e-06,16.2063031196594
1993-08-02,0.00276389530821083,19.5230903625488
1993-08-03,0.745071850717068,20.1828373273214
1993-08-04,19.5186578035355,20.057741800944
1993-08-05,9.67639966805776,19.5902210871379
1993-08-06,0.0077420676437517,15.7845931053162
1993-08-07,1.15978181914519e-05,15.8058712482452
1993-08-08,1.77985803286235,16.2808667818705
1993-08-09,2.44465148852517,16.652220249176
1993-08-10,34.8433945973714,13.811393737793
1993-08-11,0.246325778154035,15.4064700603485
1993-08-12,0.927358572060863,19.0615226427714
1993-08-13,0.00396410922985524,17.5570475260417
1993-08-14,0.00148109579458833,20.8080018361409
1993-08-15,0.8134867924576,20.7065698305766
1993-08-16,0.0280740549787879,20.903627872467
1993-08-17,0.447181029866139,19.4762644767761
1993-08-18,0.000714121054140075,17.122592608134
1993-08-19,0.00863858273563286,18.1018280982971
1993-08-20,0,18.9038856824239
1993-08-21,3.00846494383222e-08,19.9936391512553
1993-08-22,4.6166325211525,22.3637760480245
1993-08-23,8.18184129397074,14.2353301048279
1993-08-24,3.70734089612961,11.1836754480998
1993-08-25,1.18210574425757,12.0794739723206
1993-08-26,0.0109230487178138,12.4508049488068
1993-08-27,17.4105874697367,12.0889836152395
1993-08-28,2.207238321503,10.0876677831014
1993-08-29,0.0254688418935984,9.83877428372701
1993-08-30,13.6936108271281,13.0996813774109
1993-08-31,0.106103513855487,11.2936456998189
1993-09-01,0.0315913426068922,11.0449736913045
1993-09-02,0.651010605196158,12.0144790013631
1993-09-03,23.9767762819926,11.3792341550191
1993-09-04,4.32750622431437,9.39599998792013
1993-09-05,1.9761996815602,8.29911545912425
1993-09-06,0.000653193720305959,9.42768907546997
1993-09-07,2.29200118780136,14.2687005201975
1993-09-08,4.21115107337634,14.4214673837026
1993-09-09,5.15630948543549,15.4312949180603
1993-09-10,1.48705372711023,13.4337765375773
1993-09-11,6.97277001539866,13.6151315371195
1993-09-12,0.324241638183594,13.0063865184784
1993-09-13,1.6861617465814,12.4125312964121
1993-09-14,0.256678342508773,12.5140589872996
1993-09-15,3.27308495839437,12.9232155481974
1993-09-16,0.0686581083573401,12.1602416833242
1993-09-17,0.00125842836375038,11.0227950414022
1993-09-18,0.000483843493081319,12.1934535503387
1993-09-19,1.07885966826871e-05,13.007212082545
1993-09-20,1.74988160021409e-06,15.3269319534302
1993-09-21,0.0590183320455253,17.8879563013713
1993-09-22,0.614718871268754,18.7025866508484
1993-09-23,0.0192030798643827,15.5274909337362
1993-09-24,0.462296915551027,16.454483350118
1993-09-25,4.95371236403783,13.241140683492
1993-09-26,1.05485112220049,9.41935642560323
1993-09-27,0.00209478620187535,8.95360636711121
1993-09-28,9.24779220422109,8.97830311457316
1993-09-29,0.206638216351469,7.75951818625132
1993-09-30,0.00147060047341559,9.68361441294352
1993-10-01,0.00372483315489565,10.9997639656067
1993-10-02,7.9667139450709,9.40402762095133
1993-10-03,0.0606372457308074,9.18376715977987
1993-10-04,0.736140511929989,10.4703573385874
1993-10-05,0.0222877169386872,13.8258692423503
1993-10-06,8.35003221035004,11.8646492958069
1993-10-07,0.023554836671489,11.618178208669
1993-10-08,4.3926863471667,11.3217303752899
1993-10-09,0.0827252560605605,8.69766640663147
1993-10-10,0.591735484699408,10.6861024697622
1993-10-11,0.236590704909759,12.8347132205963
1993-10-12,9.38290099302928,12.0713802178701
1993-10-13,0.052421030937694,13.1377735137939
1993-10-14,3.40407339731852,11.48983502388
1993-10-15,0.359215869878729,10.0742891629537
1993-10-16,0.277409419417381,7.44982552528381
1993-10-17,4.23831562201182,5.56325002511342
1993-10-18,0.0497783770163854,4.75175889333089
1993-10-19,0.0302139846996094,4.55874709288279
1993-10-20,0.372318488856157,4.96039493878682
1993-10-21,11.3609238862991,3.95958193143209
1993-10-22,7.19241464138031,3.27227956056595
1993-10-23,26.6727313995361,4.78095229466756
1993-10-24,2.25822854042053,3.48373222351074
1993-10-25,0.278449905648207,3.89405606190364
1993-10-26,0.0473402328692221,3.73029947280884
1993-10-27,0.00189747973733271,3.54601921637853
1993-10-28,0.00088576815930234,2.78862323363622
1993-10-29,0.030754944064635,2.58264460166295
1993-10-30,0.00659930124371992,2.62305583556493
1993-10-31,0.00421977298310594,2.70195732514064
1993-11-01,0.031618740700651,3.28803700208664
1993-11-02,0.0488152439744833,3.97874786456426
1993-11-03,0.111695245839655,5.45291022459666
1993-11-04,0.20669002396365,4.60073614120483
1993-11-05,2.67832572261492,4.91023341814677
1993-11-06,5.1351060072581,6.49176955223083
1993-11-07,2.23239478468895,7.22829961776733
1993-11-08,0.77567840864261,6.20001133282979
1993-11-09,0.264568428819378,5.11971159776052
1993-11-10,0.254227697849274,4.86888508001963
1993-11-11,5.00270932912827,4.96408756573995
1993-11-12,0.0449355795669059,2.34520894289017
1993-11-13,1.4444184700648,1.53820997476578
1993-11-14,2.07406039039294,6.39720340569814
1993-11-15,12.7414496342341,1.71852327386538
1993-11-16,1.01300383607546,0.207438859157264
1993-11-17,0.0300143239243577,-0.725599564611912
1993-11-18,0.00100402933594523,-2.93491729100545
1993-11-19,0.000590994396285775,-5.08771042029063
1993-11-20,0.115302521114548,-5.98953596750895
1993-11-21,0.198127624520566,-5.82974104086558
1993-11-22,0.49914197375377,-4.84870175520579
1993-11-23,0.00657332308279971,-4.93978397051493
1993-11-24,0.0046351653484938,-4.15566172202428
1993-11-25,0.0159406906459481,-3.56386564175288
1993-11-26,0.023812396946596,-3.8104056318601
1993-11-27,0.0480556823119211,-4.27013848225276
1993-11-28,1.04519780476888,-5.39969698588053
1993-11-29,0.260729916393757,-5.97172085444133
1993-11-30,0,-6.04943188031514
1993-12-01,0.00499443737013886,-3.51825120051702
1993-12-02,0.248622138053179,2.40571381648382
1993-12-03,0.0041125127778893,4.11796631415685
1993-12-04,0.984199884037177,4.55477666854858
1993-12-05,0.320524836579959,2.29699148734411
1993-12-06,0.033353653891633,-0.4418975263834
1993-12-07,3.97108219067256,1.79355431596438
1993-12-08,7.13711945215861,5.13600770632426
1993-12-09,1.09858571489652,7.57644732793172
1993-12-10,6.20557955900828,7.19208439191182
1993-12-11,5.10012408097585,1.450344607234
1993-12-12,5.56519109010696,1.22895379861196
1993-12-13,5.2583861152331,6.24270991484324
1993-12-14,0.478567570447922,3.38967088858287
1993-12-15,1.21005452424288,3.21167906125387
1993-12-16,5.22731562455495,2.85623596111933
1993-12-17,9.57469459374746,4.17131954431534
1993-12-18,0.0282909407590826,6.08645669619242
1993-12-19,10.0159242947896,7.25510676701864
1993-12-20,10.0029729207357,11.3850840727488
1993-12-21,0.854075049360593,5.27138797442118
1993-12-22,0.85655315220356,2.62274926900864
1993-12-23,1.4315127011699,2.99555814266205
1993-12-24,1.72397593657176,0.791611343622208
1993-12-25,0.334023195008437,-0.563652416070302
1993-12-26,0.665702350437641,-2.5741178393364
1993-12-27,0.767276393870513,-1.49124510089556
1993-12-28,0.0560250063426793,-2.98196542263031
1993-12-29,1.51189135015011,0.516914327939351
1993-12-30,0.346943211741745,5.73050991694133
1993-12-31,12.0323723157247,7.58957354227702
1994-01-01,0.976293206214905,1.24833286305269
1994-01-02,5.79550655682882,2.38970649242401
1994-01-03,5.22955675919851,4.90553657213847
1994-01-04,0.319755638639132,4.48121082782745
1994-01-05,0.00370675922992329,5.03187704086304
1994-01-06,0,5.31028028329213
1994-01-07,0.977975636720657,5.18034267425537
1994-01-08,0.519935317337513,3.63938341538111
1994-01-09,0.0062248772555904,3.22285133600235
1994-01-10,0.0667503296087186,1.38115944465001
1994-01-11,0.0313345196967324,2.08862030506134
1994-01-12,0.625996218062937,5.66424934069316
1994-01-13,13.8559547265371,7.49299800395966
1994-01-14,6.16850952307383,3.98235229651133
1994-01-15,0.09739198256284,1.40797496835391
1994-01-16,0.729138299822807,-0.604323434333007
1994-01-17,2.0710320075353,-3.10514537493388
1994-01-18,0.00719693061546423,-5.7447216908137
1994-01-19,0.0126337598339887,-5.30866201718648
1994-01-20,0,-3.23529177904129
1994-01-21,0.0013933699253054,-2.34749553600947
1994-01-22,0.00449225465611865,-1.97453266382217
1994-01-23,7.34879275163015,2.90135538578033
1994-01-24,8.51066247622172,4.36634604136149
1994-01-25,6.58768359820048,7.36773367722829
1994-01-26,5.18649981419245,2.453167061011
1994-01-27,5.01699036359787,5.18187681833903
1994-01-28,3.24330155054728,0.234105348897477
1994-01-29,0.18506424408406,-0.622827876359224
1994-01-30,0.258574828505516,4.01757087310155
1994-01-31,0.00598903475717331,1.39103496074677
1994-02-01,1.21835314979156,1.1772908270359
1994-02-02,12.5860694249471,3.64670103788376
1994-02-03,0.0426921041604752,4.73725310961405
1994-02-04,0.0063944695139071,4.15973164637883
1994-02-05,0.00514856432770709,2.10509044925372
1994-02-06,1.18567012002071,2.97385015090307
1994-02-07,7.50591456890106,2.64102558294932
1994-02-08,1.37287531296412,1.37439448634783
1994-02-09,0.875427891810735,1.26507796843847
1994-02-10,7.08334581057231,1.01623876641194
1994-02-11,0.377475220710039,-0.584221831212441
1994-02-12,1.04020322362582,-1.39991787572702
1994-02-13,0.154046696300308,-6.19601182142894
1994-02-14,0.00696840667903113,-6.34780645370483
1994-02-15,1.34470383272856e-05,-4.75629429022471
1994-02-16,0.0106073395630422,-6.46758155028025
1994-02-17,0.0658826974298184,-6.19329253832499
1994-02-18,2.36525423436736e-05,-4.52267742156982
1994-02-19,0,-5.72431333859762
1994-02-20,2.70185553034147,-2.10907116532326
1994-02-21,1.47836933533351,-0.191151080342631
1994-02-22,4.34307676553726,2.27145739396413
1994-02-23,0.724753292898337,4.73341925938924
1994-02-24,2.68190196156502,3.62512542804082
1994-02-25,2.07083542148272,3.64212777217229
1994-02-26,0.0123686715717971,4.73919721444448
1994-02-27,0.00519893123904088,8.09865951538086
1994-02-28,0.255837084415058,7.23902042706807
1994-03-01,4.30464033285777,6.92485133806864
1994-03-02,4.10641572872798,5.08500099182129
1994-03-03,4.32138979434967,6.61718678474426
1994-03-04,0.0333764979732223,2.94638125101725
1994-03-05,2.40747061371803,5.66938948631287
1994-03-06,3.77060915033023,6.50830841064453
1994-03-07,0.124998742714524,7.16568537553151
1994-03-08,1.34303302069505,9.40255641937256
1994-03-09,0.123694283398133,11.3893441359202
1994-03-10,1.22356005509694,7.87964046001434
1994-03-11,0.172064260269205,6.72513544559479
1994-03-12,3.12361456950506,7.97878305117289
1994-03-13,3.74468485017618,7.60198581218719
1994-03-14,0.00711860913725104,8.5242399374644
1994-03-15,3.48767787218094,8.95454263687134
1994-03-16,2.37496850142876,5.4042200644811
1994-03-17,3.35720258951187,2.75412811835607
1994-03-18,2.22575506567955,4.2855392297109
1994-03-19,6.8221218585968,6.66067743301392
1994-03-20,4.12561458349228,3.74796390533447
1994-03-21,6.47354302803675,6.61990571022034
1994-03-22,1.35906389355659,8.1068518559138
1994-03-23,0.012708504878295,11.3991609414419
1994-03-24,2.13168247540792,13.0507787068685
1994-03-25,10.8556584119797,14.001991669337
1994-03-26,0.471572227155169,4.32274075349172
1994-03-27,0.00032918432164782,2.88655090332031
1994-03-28,1.41393522918224,7.41004991531372
1994-03-29,0.127128992850582,11.0169452031453
1994-03-30,0.00010859856153426,11.5491700967153
1994-03-31,0.0356606709441015,10.2643332481384
1994-04-01,12.7786605358124,7.84935363133748
1994-04-02,2.85207502047221,2.84623881181081
1994-04-03,0.717533990740776,1.85579058527946
1994-04-04,3.44764908154806,3.9063915014267
1994-04-05,0.152077756201228,2.88112966219584
1994-04-06,0.153877179448803,2.68225053946177
1994-04-07,3.53031818072001,4.90990380446116
1994-04-08,3.06525667508443,3.67243687311808
1994-04-09,2.86823393901189,2.40836368997892
1994-04-10,0.0879332757322118,2.43742853403091
1994-04-11,4.99085011084874,1.92518442869186
1994-04-12,53.0492159525553,3.19678370157878
1994-04-13,23.9034838676453,3.97321891784668
1994-04-14,0.0868105065698425,3.74176957209905
1994-04-15,0.173285204917192,5.26351992289225
1994-04-16,0.511645013621698,9.34713474909464
1994-04-17,10.073813756307,7.06103312969208
1994-04-18,1.39342698454857,3.88025259971619
1994-04-19,0.0155932490015402,5.23534377415975
1994-04-20,0.13811696250923,9.03159642219543
1994-04-21,5.51387260357539,10.074359814326
1994-04-22,0.0461885559294994,11.4278810024261
1994-04-23,0.269892456630866,12.8644725481669
1994-04-24,0.213035953153546,12.9422643184662
1994-04-25,9.85768914222717,11.9729647636414
1994-04-26,1.63191246986389,9.4200185139974
1994-04-27,0.184241975968083,11.6856609185537
1994-04-28,0.0112302924875015,12.6706819534302
1994-04-29,4.92486454580406e-06,14.0724023977915
1994-04-30,0.769097792605559,16.3223187923431
1994-05-01,1.01998527348042,11.0790526866913
1994-05-02,2.47637920741302e-05,9.12664612134298
1994-05-03,0.000458158633591665,12.1973948478699
1994-05-04,8.41572789351145,10.9717648029327
1994-05-05,0.20950126927346,7.85954570770264
1994-05-06,0.00318491215390774,9.73510011037191
1994-05-07,3.60820711951722e-05,12.9299294948578
1994-05-08,0.014362346380949,13.437375942866
1994-05-09,0.0167145991629998,12.4768567879995
1994-05-10,2.90905330578486,11.5513745148977
1994-05-11,0.00537369867674897,12.11532330513
1994-05-12,0.0684569084163134,13.7586886088053
1994-05-13,0.0206075285871824,14.0901834964752
1994-05-14,4.61809241771698,15.4946684837341
1994-05-15,0.0440816625293034,15.0065965652466
1994-05-16,1.54244862000148,17.0885872840881
1994-05-17,7.50364647805691,15.0344069004059
1994-05-18,1.65422857801119,15.2721175352732
1994-05-19,14.0144560337067,10.9573938846588
1994-05-20,0.681194926301638,11.5026253859202
1994-05-21,9.91975029309591,13.375008503596
1994-05-22,0.391233682632446,15.1804940700531
1994-05-23,10.7969454129537,14.7125132083893
1994-05-24,19.9259972572327,15.96413286527
1994-05-25,2.34333685040474,13.9654308954875
1994-05-26,10.141664425532,11.8664000829061
1994-05-27,9.69025226434072,10.6563080151876
1994-05-28,1.83942127724489,12.4825011094411
1994-05-29,7.42647286256154,11.9389541149139
1994-05-30,0.00347717374097556,10.942867676417
1994-05-31,8.02950132007633e-05,13.7754186789195
1994-06-01,0.000145850824386192,18.2348977724711
1994-06-02,3.79392532507579,19.2491628328959
1994-06-03,3.57280850410461,15.5820531050364
1994-06-04,3.12118208408356,11.5490205287933
1994-06-05,6.45229113101959,8.44516162077586
1994-06-06,0.78816827138265,11.2073698043823
1994-06-07,0.201639462262392,14.0161452293396
1994-06-08,4.71044824520747,17.4915591875712
1994-06-09,1.59174782037735,9.447451988856
1994-06-10,2.72835481663545,9.78205649058024
1994-06-11,4.33904908100764,9.82415556907654
1994-06-12,0.0990360217789809,12.3603444894155
1994-06-13,0,14.8222280343374
1994-06-14,0.00740774471099333,13.7310571670532
1994-06-15,5.82385740320509e-05,16.1256985664368
1994-06-16,1.01629215416809,16.3012628555298
1994-06-17,0.0757305501028895,14.4840041001638
1994-06-18,0.00128368865625816,18.6562474568685
1994-06-19,5.26219511032104,19.0077446301778
1994-06-20,0.812207487722238,16.8754173914591
1994-06-21,0.000708023012217988,17.8667454719543
1994-06-22,0.00517146904409553,20.0108326276143
1994-06-23,0.00744930561389386,18.1670751571655
1994-06-24,0.00918503585429183,20.422998269399
1994-06-25,0.0636664815247059,22.7796921730042
1994-06-26,0,23.2580671310425
1994-06-27,0.0154134144734902,23.7632926305135
1994-06-28,0.0600901323681076,22.8840750058492
1994-06-29,9.61318099498749,20.8695273399353
1994-06-30,0.000277798098977655,20.7834625244141
1994-07-01,0.0238448927799861,21.5460373560588
1994-07-02,4.75217044974367e-05,22.7881598472595
1994-07-03,1.26865966952513e-05,24.4739880561829
1994-07-04,28.2803276379903,24.8611580530802
1994-07-05,8.95074890057246,19.9548672040304
1994-07-06,34.5941894849141,19.6679172515869
1994-07-07,2.81265772382418,15.8016125361125
1994-07-08,0.779641876618067,16.4195543130239
1994-07-09,1.19223541518052,16.1973819732666
1994-07-10,0.00210185768082738,17.6935596466064
1994-07-11,3.58798964346837e-05,20.0467168490092
1994-07-12,0.0257654969658082,21.2578214009603
1994-07-13,0.00481623799229662,21.3997276624044
1994-07-14,2.8445911804835,20.5693151156108
1994-07-15,0.837358489632607,19.3424762090047
1994-07-16,0.00428357339721212,21.2904098828634
1994-07-17,1.50194862733285,22.7390151023865
1994-07-18,6.29284099737803,20.3987536430359
1994-07-19,6.86269448200862,18.6909705797831
1994-07-20,12.1870704889297,17.7294878959656
1994-07-21,0.0151972143939929,19.9904677073161
1994-07-22,0,20.7539129257202
1994-07-23,0.00464766647201031,21.6836616198222
1994-07-24,0.00157479420386153,21.9432180722555
1994-07-25,0.49713800723354,22.4480230013529
1994-07-26,0.869678632045786,22.4254210789998
1994-07-27,0.0645039864660551,23.5799112319946
1994-07-28,0.0264315173359743,23.1982913017273
1994-07-29,0.0797274201177061,23.0892999966939
1994-07-30,2.65136053040624,22.224091053009
1994-07-31,7.00096968809764,22.5584193865458
1994-08-01,9.23427760601044,20.8247858683268
1994-08-02,0.00543536299543727,20.9033732414246
1994-08-03,0,22.4563557306925
1994-08-04,0,24.1340233484904
1994-08-05,0.00115763225282232,24.6618245442708
1994-08-06,2.20675683952868,24.3071387608846
1994-08-07,3.5992281238238,22.37113904953
1994-08-08,3.56159686607619,20.2433880170186
1994-08-09,0.000111896098436167,20.5997494061788
1994-08-10,16.2291674613953,20.8502219518026
1994-08-11,2.47927968700727,18.5756446520487
1994-08-12,1.8341083029906,16.3014574050903
1994-08-13,1.03502700229486,14.952684879303
1994-08-14,0.0012994430329248,13.8790255387624
1994-08-15,1.80739152710885e-05,14.0998176733653
1994-08-16,0.384177395453056,16.3580063184102
1994-08-17,14.8386071523031,16.3725277582804
1994-08-18,0.702863665918509,13.9951632817586
1994-08-19,10.7357457081477,14.9149641195933
1994-08-20,0.430297556643685,17.3243188858032
1994-08-21,0.0282778349937871,20.0158802668254
1994-08-22,0.0994137804955244,21.1359462738037
1994-08-23,6.43865079681079,20.758518854777
1994-08-24,14.6072454452515,17.6185444196065
1994-08-25,3.81434126694997,13.609589099884
1994-08-26,0.610878062744935,16.7055099805196
1994-08-27,0.00121765923965237,17.765210946401
1994-08-28,2.70377994825443,16.7309695879618
1994-08-29,0.045510764180411,14.3531374136607
1994-08-30,0.000585923776573812,16.1471957365672
1994-08-31,14.8652958075205,18.0301211675008
1994-09-01,12.0421284834544,17.0684053103129
1994-09-02,0.849014433721701,15.4386539459229
1994-09-03,0.0312128749016362,12.8545773824056
1994-09-04,1.48886086511387e-06,13.7952484289805
1994-09-05,0.548538294310371,15.6376170317332
1994-09-06,10.9769179026286,16.8537279764811
1994-09-07,3.73069391647975,16.4480341275533
1994-09-08,14.664532661438,14.4229938983917
1994-09-09,0.686957707007726,12.6526452700297
1994-09-10,4.70432372887929,13.4680722554525
1994-09-11,8.97871824105581,14.7905746301015
1994-09-12,2.36363898714383,16.5591616630554
1994-09-13,5.81449335813522,14.2768412431081
1994-09-14,5.74446789423625,13.0420494874318
1994-09-15,0.930972952395678,10.3122757275899
1994-09-16,0.77196737503012,10.4516630172729
1994-09-17,0.100918109800356,7.43206842740377
1994-09-18,1.4647324581941,7.40994719664256
1994-09-19,0.102765591853919,8.56035431226095
1994-09-20,0.0090323727078309,9.95346124966939
1994-09-21,0.000327550456252842,11.9375561873118
1994-09-22,0.00496326066786423,11.6897473335266
1994-09-23,0,15.6870580514272
1994-09-24,0.000119235389623403,16.7404435475667
1994-09-25,2.78144519446262e-06,15.8740494251251
1994-09-26,13.3194389343262,15.1071191628774
1994-09-27,0.0731614526206007,14.7608973185221
1994-09-28,0.0735534991448124,12.6466410160065
1994-09-29,0.0242179477778942,12.034485022227
1994-09-30,0.324256269882123,13.2797504266103
1994-10-01,1.01976676161091,14.0928468704224
1994-10-02,4.24474102258682,13.9539862473806
1994-10-03,4.70318285624186,12.504700422287
1994-10-04,0.0324946317244515,4.62835538387299
1994-10-05,0.44823961208264,4.29825333754222
1994-10-06,0.000510659378354224,2.7325648466746
1994-10-07,0.514870927979549,2.90135987599691
1994-10-08,0.0801961476681754,2.35563879211744
1994-10-09,0.0138080365189429,4.67469882965088
1994-10-10,0.00653870495117796,6.09098331133525
1994-10-11,0.0106760848624011,6.31130123138428
1994-10-12,0.041200033777083,7.13378087679545
1994-10-13,0.01321541668464,7.62113575140635
1994-10-14,0.027649937197566,8.5246319770813
1994-10-15,0.136320788413286,10.0916172663371
1994-10-16,0.00951129590005924,10.426164150238
1994-10-17,0,4.94794269402822
1994-10-18,8.15582238071026e-05,3.46113284428914
1994-10-19,0.00183135605038842,4.65425749619802
1994-10-20,0,6.74067191282908
1994-10-21,3.38056755329793e-06,6.94824290275574
1994-10-22,0.702794872224331,8.52932747205099
1994-10-23,7.14662726720174,8.34267624219259
1994-10-24,0.422864828258753,7.81135666370392
1994-10-25,6.56025524934133,8.18278312683105
1994-10-26,0.40811983247598,6.85751442114512
1994-10-27,0.00676351828345408,5.96362213293711
1994-10-28,4.5591898560524,6.00569041570028
1994-10-29,0.777734282116095,6.66463780403137
1994-10-30,0.374649415413539,12.1511809825897
1994-10-31,0.440825812518597,13.6199340025584
1994-11-01,0.656248020629088,8.41870828469594
1994-11-02,0.00109880675275538,6.34555180867513
1994-11-03,0.00987311503119296,7.36665678024292
1994-11-04,0.00716523426429679,8.4595555861791
1994-11-05,0.000388983626142666,11.3878599007924
1994-11-06,0.190932077355683,9.28641907374064
1994-11-07,0.661252049108346,8.02122163772583
1994-11-08,0.161119199668368,7.60897382100423
1994-11-09,0.0411322440486401,6.79113459587097
1994-11-10,33.8475763003031,7.00025924046834
1994-11-11,6.49668995539347,6.82162177562714
1994-11-12,0.168769570067525,6.14843042691549
1994-11-13,1.42699923117956,7.37034940719604
1994-11-14,0.0938881294180949,9.9747306505839
1994-11-15,1.13176630437374,10.2624293168386
1994-11-16,0.617364579190811,7.19989200433095
1994-11-17,1.94260670741399,6.29936075210571
1994-11-18,6.0522841612498,5.65845330556234
1994-11-19,3.39681764443715,7.77304565906525
1994-11-20,0.0895824135902027,10.4659383296967
1994-11-21,0.0561035377128671,9.62824749946594
1994-11-22,0.024647923943121,8.21516593297323
1994-11-23,0.0147123033530079,6.74509871006012
1994-11-24,0.0114383641533398,7.75713769594828
1994-11-25,0.00340316405830284,6.77734545866648
1994-11-26,4.87665629386902,5.3958173195521
1994-11-27,0.238389566851159,6.09029086430867
1994-11-28,0.00650455059561258,4.62657030423482
1994-11-29,0.0130585052271878,3.5224445660909
1994-11-30,0.000333809837078055,1.89393298824628
1994-12-01,0.000268032530584605,0.909679919481277
1994-12-02,0.000220680233724124,0.79227872689565
1994-12-03,2.00952858726184,2.46802243590355
1994-12-04,9.27955146630605,7.37581654389699
1994-12-05,11.1215960184733,6.52105915546417
1994-12-06,0.423562259102861,3.92614271243413
1994-12-07,0.323459694162011,0.676305656631788
1994-12-08,0.576445303857327,4.98344751199086
1994-12-09,10.9429887135824,6.86874516805013
1994-12-10,1.20211590329806,7.25900475184123
1994-12-11,0.0822925772711945,9.90098150571187
1994-12-12,0.00249728308699559,8.52266351381938
1994-12-13,3.39449230829875,7.12929503122966
1994-12-14,0.919948012878497,1.41167586545149
1994-12-15,0.00320685663124702,-2.4723969300588
1994-12-16,1.57970189551512,-0.273148102064927
1994-12-17,0.00755127328253972,1.16199450194836
1994-12-18,0.00353368137439247,0.0703109502792358
1994-12-19,6.91708628336589,2.20395347476006
1994-12-20,5.89539259672165,1.12628469367822
1994-12-21,2.27492814262708,-0.571125840147336
1994-12-22,2.63073379794757,-0.764019951224327
1994-12-23,0.0423387308255769,-2.11388837297757
1994-12-24,0.179182322305375,-3.71636017163595
1994-12-25,0.00854766124393791,-3.41434768835704
1994-12-26,0.718226060271263,-1.17590157190959
1994-12-27,3.39680858453115,5.7485560576121
1994-12-28,2.97327344616254,8.61575595537821
1994-12-29,2.03491962949435,7.57463713486989
1994-12-30,5.3918285270532,4.67296659946442
1994-12-31,4.54497689008713,3.43072926998138
1995-01-01,2.6092860798041,-0.11814917360122
1995-01-02,5.20893224080404,-2.34778926769892
1995-01-03,0.770712768038114,-4.03553096453349
1995-01-04,0.0211876726049619,-8.41171876589457
1995-01-05,0.0173224937728567,-9.94129665692647
1995-01-06,3.24625522504599e-05,-10.777228752772
1995-01-07,0.093546325340867,-6.33856268723806
1995-01-08,0.011816716073857,-6.40390439828237
1995-01-09,5.42483496665955,-1.94804233312607
1995-01-10,11.1657075087229,1.36427207787832
1995-01-11,3.26099819938342,-0.22157063218765
1995-01-12,3.46533666054408,-1.98790886998177
1995-01-13,0.572768521805604,-4.90570171674093
1995-01-14,0.00814293697476387,-6.35311222076416
1995-01-15,0.0193696369193882,-1.59508740901947
1995-01-16,0.0511214958387427,-4.96765828132629
1995-01-17,0.0453449916227934,-5.61331260204315
1995-01-18,1.30322148899237,-3.81888326009115
1995-01-19,0.295433727403482,-0.635780890782674
1995-01-20,0.55866244311134,-0.357092693448067
1995-01-21,2.64762620131175,1.40991766254107
1995-01-22,0.0868690954521298,6.8915452559789
1995-01-23,7.87251035372416,5.27331475416819
1995-01-24,7.76614904403687,2.74790581067403
1995-01-25,7.63749595483144,7.24699409802755
1995-01-26,2.25649184981982,7.07945656776428
1995-01-27,3.24282522996267,-0.238095429648335
1995-01-28,0.610327812532584,5.72451094786326
1995-01-29,2.96752585967382,6.02877926826477
1995-01-30,5.5746849278609,2.8274193406105
1995-01-31,0,-0.809645228087902
1995-02-01,0.010943861620035,3.19344768921534
1995-02-02,0.927940465509892,3.09040073553721
1995-02-03,0.025087814074747,1.43367872635523
1995-02-04,0.69521551579237,3.50380591551463
1995-02-05,0.0486996111649205,4.47424574693044
1995-02-06,0.0434684983144204,6.54908196131388
1995-02-07,0.00645793706644326,7.26433193683624
1995-02-08,4.47696603337924,7.14165568351746
1995-02-09,4.69786967833837,2.69404776891073
1995-02-10,0.488152893881003,3.3759351571401
1995-02-11,1.83587336540222,5.76846289634705
1995-02-12,1.10099220275879,5.15957510471344
1995-02-13,0.59626346702377,6.77009109656016
1995-02-14,1.0960984826088,4.79353439807892
1995-02-15,5.58380734920502,6.86051217714946
1995-02-16,4.57678492863973,5.05631951491038
1995-02-17,9.88048593203227,6.66300451755524
1995-02-18,1.10114691654841,2.57612882057826
1995-02-19,0.762430830548207,4.57481175661087
1995-02-20,0.0306660487161328,7.83216166496277
1995-02-21,0.437710163493951,8.7334414323171
1995-02-22,0.216094068561991,1.95267542203267
1995-02-23,0.0964395625827213,1.32684094707171
1995-02-24,9.03567337989807,1.87704388300578
1995-02-25,8.18629399935404,3.69976379474004
1995-02-26,1.75269005695979,0.880120327075323
1995-02-27,1.35465076565742,0.113301020115614
1995-02-28,0.00435741365436115,3.73610385258993
1995-03-01,0.000572806287285251,5.65792683760325
1995-03-02,0.0644873443137233,3.82301090161006
1995-03-03,5.79829978942871,2.68921015659968
1995-03-04,0.258984801980356,-0.0992228916535775
1995-03-05,2.64249507586161,0.369949402287602
1995-03-06,1.56606909632683,1.58877800901731
1995-03-07,0.271911935415119,-0.221981960969667
1995-03-08,0.00850151845259006,2.02628898620605
1995-03-09,0.0337091645245285,1.31424800554911
1995-03-10,7.98915777977527e-08,2.67314292987188
1995-03-11,0.000356202964515736,3.50134607156118
1995-03-12,0.000396350023947889,4.19432206948598
1995-03-13,0.0058281261948044,3.61394127209981
1995-03-14,0.42775414014856,0.553634196519852
1995-03-15,1.43110983570417,2.57894210020701
1995-03-16,0.299467450628678,1.66766411066055
1995-03-17,5.83412434657415,6.01638964811961
1995-03-18,5.24988996982574,6.32769485314687
1995-03-19,29.5915050506592,3.83557343482971
1995-03-20,2.41726794838905,0.966467541952928
1995-03-21,3.52113276720047,0.279483146034181
1995-03-22,0.00726843913556271,1.57848537961642
1995-03-23,0.00249265383657378,4.17193172375361
1995-03-24,0.0058187060385535,7.57086459795634
1995-03-25,4.64716398715973,7.78394476572673
1995-03-26,1.72070849935214,7.09604104359945
1995-03-27,8.63188930352529,1.82973266641299
1995-03-28,5.76081778605779,-1.23384302854538
1995-03-29,1.03206688165665,-1.39017094175021
1995-03-30,0.028934638792028,-1.69806544979413
1995-03-31,5.01733311017354,0.574094686967631
1995-04-01,6.98285098870595,5.05989348888397
1995-04-02,0.00644260918003662,10.1881428559621
1995-04-03,0,11.9526179631551
1995-04-04,0.000272920282441191,11.5843189557393
1995-04-05,0.324173735144238,10.6268767515818
1995-04-06,0.0726117044687271,10.7310237089793
1995-04-07,0.474579414973656,11.656085173289
1995-04-08,0.714045936862628,4.50020752350489
1995-04-09,0.0156431096159698,1.86093571782112
1995-04-10,0.133896899720033,4.46996474266052
1995-04-11,1.79341037074725,6.06629339853923
1995-04-12,2.92130408684413,6.11199990908305
1995-04-13,0.204827884833018,5.03369339307149
1995-04-14,4.80909083286921,3.0938028494517
1995-04-15,4.41365347305934,4.28464941183726
1995-04-16,1.45814476907253,4.31552730003993
1995-04-17,1.09964656829834,6.29239531358083
1995-04-18,1.67127230763435,9.06754954655965
1995-04-19,3.89376797278722,10.2453654607137
1995-04-20,0.883385660747687,4.01711533466975
1995-04-21,0.0143728821585682,10.9835727214813
1995-04-22,0.000148519986396423,14.0848181247711
1995-04-23,3.89141026365299e-07,14.6548488140106
1995-04-24,0.0253681666217744,16.3521219889323
1995-04-25,6.59148345887661,12.2126670678457
1995-04-26,5.03620402018229,8.64400788148244
1995-04-27,4.97116365035375,9.11121010780334
1995-04-28,1.2327269166708,9.3578995068868
1995-04-29,1.56882906953494,11.6078321933746
1995-04-30,5.95415608088175,11.6882202625275
1995-05-01,1.30592508117358,11.5854748090108
1995-05-02,0.00544197625034333,10.8171830177307
1995-05-03,0,11.4904520511627
1995-05-04,0,13.0948674678802
1995-05-05,0,14.6495987574259
1995-05-06,2.4507592873609e-06,16.2272992134094
1995-05-07,3.21490653666357,16.1626261870066
1995-05-08,7.50642649332682,15.7691983381907
1995-05-09,0.00296576153292942,10.466566324234
1995-05-10,0.0059558318486476,9.10828502972921
1995-05-11,0.452423095703125,10.8193790912628
1995-05-12,27.0476935704549,10.7608911991119
1995-05-13,42.7204440434774,6.74673235416412
1995-05-14,0.283695147683223,4.79621732234955
1995-05-15,0.0882719341122235,7.98535811901093
1995-05-16,1.1990146090587,10.935179233551
1995-05-17,2.34307289123535,12.5726787249247
1995-05-18,5.68229738871257,9.5908207098643
1995-05-19,5.61250271399816,7.24931681156158
1995-05-20,1.96419836084048,7.95070433616638
1995-05-21,0.177635192560653,9.34779246648153
1995-05-22,1.33010044010007e-05,10.910240093867
1995-05-23,7.25282101636064e-06,14.3890423774719
1995-05-24,2.4631328865136e-05,17.2610295613607
1995-05-25,6.25998679121646e-05,19.1032096544902
1995-05-26,4.42944657802582,16.455775419871
1995-05-27,0.706240616738796,14.2325841585795
1995-05-28,0.00959762238198891,17.0806935628255
1995-05-29,12.0140457948049,17.7974400520325
1995-05-30,1.0947965135177,14.5428834756215
1995-05-31,6.20706327756246,13.1337070465088
1995-06-01,28.2716215451558,10.582933028539
1995-06-02,3.50558584928513,10.7180199623108
1995-06-03,1.56044708192348,12.8267272313436
1995-06-04,8.91192519664764,12.3083716233571
1995-06-05,16.9689970016479,11.9423449039459
1995-06-06,21.5872469743093,11.6296339829763
1995-06-07,0.329280447835724,13.5644249916077
1995-06-08,13.6317795117696,12.4157970746358
1995-06-09,3.19163781404495,9.90657067298889
1995-06-10,9.50439095497131,12.9301972389221
1995-06-11,5.9970539410909,10.180115143458
1995-06-12,1.88654877742132,11.0805594126383
1995-06-13,29.682831287384,11.5187567075094
1995-06-14,9.62411419550578,10.1351139545441
1995-06-15,0.227543371069866,12.2400798797607
1995-06-16,2.51465805868308,11.9714524745941
1995-06-17,1.66140705347061,15.5147197246552
1995-06-18,6.67390278975169,14.3464686870575
1995-06-19,0.125371902630225,17.3169577916463
1995-06-20,0.000359423817523445,20.5904429753621
1995-06-21,1.75784726937612,19.0624953905741
1995-06-22,0.399353993435701,13.3977783521016
1995-06-23,3.14010843013724,10.0902833938599
1995-06-24,3.25900271038214,11.547106107076
1995-06-25,1.04062049587568,14.2039848168691
1995-06-26,0.00771547097247094,17.4079497655233
1995-06-27,7.19154759849516e-05,19.8091820081075
1995-06-28,0,18.9906509717305
1995-06-29,0,18.9369074503581
1995-06-30,5.02216153108748e-06,20.6312769254049
1995-07-01,1.42877141137918,21.981782913208
1995-07-02,14.2180624008179,20.6487555503845
1995-07-03,1.93924884001414,16.1031673749288
1995-07-04,0.0227471962304359,16.1367730299632
1995-07-05,0.0101493890413925,16.65935754776
1995-07-06,0,17.3307878176371
1995-07-07,0,19.3879095713298
1995-07-08,0,21.4641427993774
1995-07-09,7.53863623685902e-05,23.3221111297607
1995-07-10,0.630546583794057,23.9642877578735
1995-07-11,6.25394034385681,21.9069474538167
1995-07-12,1.76096731921037,20.6114362080892
1995-07-13,2.20523649205764,22.386794090271
1995-07-14,35.0694109598796,20.5498828887939
1995-07-15,2.30975340803464,18.7452173233032
1995-07-16,9.14508163928986,17.0650420188904
1995-07-17,0.0611955175409093,18.2763333320618
1995-07-18,0.460949168850978,19.2124614715576
1995-07-19,1.80425028399137e-06,21.0620900789897
1995-07-20,0,22.9947231610616
1995-07-21,0.00787404660756389,25.2244402567546
1995-07-22,6.54231639703115,22.9742336273193
1995-07-23,0.332629553973675,15.0544585386912
1995-07-24,0.000510265460131147,17.20387840271
1995-07-25,0,19.8965128262838
1995-07-26,0.118074680678546,22.7215520540873
1995-07-27,8.88445206483205,20.4953532218933
1995-07-28,1.13989703170955,18.2840019861857
1995-07-29,8.43438222849121e-05,19.0784781773885
1995-07-30,0.0144581122585805,20.2129327456156
1995-07-31,0,21.2271499633789
1995-08-01,9.65036742854863e-05,21.6693795522054
1995-08-02,0.000305712800278949,20.2620628674825
1995-08-03,2.19903252703565e-06,19.4311747550964
1995-08-04,0.00595231386553981,19.7193721135457
1995-08-05,0,20.9079923629761
1995-08-06,0,21.6524726549784
1995-08-07,3.4610419527938,19.131960550944
1995-08-08,11.0295398732026,16.0691105524699
1995-08-09,1.30127920924375,15.4251087506612
1995-08-10,8.79638806357737e-06,17.3434764544169
1995-08-11,0.025862264369304,19.6910354296366
1995-08-12,0.13599942997098,20.716149965922
1995-08-13,10.8871074120204,18.9648240407308
1995-08-14,10.285334944725,16.8473440806071
1995-08-15,0.00458802032517269,16.2603316307068
1995-08-16,1.65924779077371,14.9656698703766
1995-08-17,1.34181391331367e-05,15.8479971090953
1995-08-18,0.00158476419164799,18.5700677235921
1995-08-19,0.945165244241556,19.0715023676554
1995-08-20,0.495780282964309,17.896602789561
1995-08-21,2.21281792720159,17.7313744227091
1995-08-22,0.00187273075183233,19.9040676752726
1995-08-23,3.84138381481171,19.5416498184204
1995-08-24,4.36177235841751,17.6504836082458
1995-08-25,6.438192486763,16.753058274587
1995-08-26,0.880983640750249,15.837299823761
1995-08-27,21.740069548289,14.7389415899913
1995-08-28,6.44908237457275,9.9069599310557
1995-08-29,8.21921026706696,9.30242737134298
1995-08-30,2.95220300555229,8.89292486508687
1995-08-31,5.76052417357763,9.0501401424408
1995-09-01,3.65715436140696,10.4681955178579
1995-09-02,0.357968584634364,11.6729044914246
1995-09-03,3.54870533943176,11.4756936232249
1995-09-04,3.2498021821181,9.73411957422892
1995-09-05,0.0164035675503934,11.3985447088877
1995-09-06,0.0235604089684784,12.7037493387858
1995-09-07,0.635841744641463,14.2603080272675
1995-09-08,3.27663032213847,14.0006603399913
1995-09-09,8.23696206013362,12.0952814420064
1995-09-10,0.00393150916958499,12.8046927452087
1995-09-11,0.255253665770094,14.8431011041005
1995-09-12,2.74835634697229,15.4982620875041
1995-09-13,4.13106679916382,13.4895837306976
1995-09-14,0.790759099026521,12.1268920898438
1995-09-15,0.137754529714584,11.3842116991679
1995-09-16,0.727053197411199,12.3111770153046
1995-09-17,4.36311959977805e-05,13.1994699637095
1995-09-18,0.00724079628162144,13.7552000681559
1995-09-19,0.291256371885538,13.5902954737345
1995-09-20,14.2711695830027,10.7454717954
1995-09-21,2.78113636374474,9.51040085156759
1995-09-22,0.0314994363191848,9.92175873120626
1995-09-23,0.0119695648221144,11.0403397083282
1995-09-24,0.346358097468813,11.5935403505961
1995-09-25,0.0124020967632532,10.4324592749278
1995-09-26,9.17429849020361e-05,10.8981326421102
1995-09-27,9.6790984471639,12.4080979824066
1995-09-28,0.207412898230056,7.15787307421366
1995-09-29,0.0223906746444603,6.1063570578893
1995-09-30,0.00262507039102881,6.94454503059387
1995-10-01,2.0425913631916,9.53604888916016
1995-10-02,0.00993585778148069,12.7439282735189
1995-10-03,0.36487090587616,13.5015397071838
1995-10-04,0.0140018884849269,15.9596367677053
1995-10-05,1.9805281785472,15.2245965798696
1995-10-06,0.00741347861185204,14.3675507704417
1995-10-07,0.0214098092789451,14.104860941569
1995-10-08,0.0195995630929247,13.9672328631083
1995-10-09,0.0809776671230793,13.5347074667613
1995-10-10,0.147274592270454,13.1840622425079
1995-10-11,0.197783128668865,13.593585173289
1995-10-12,0.244555182754993,12.8734434445699
1995-10-13,0.00741186002172374,12.7001449267069
1995-10-14,0.0268042968430867,12.1784555117289
1995-10-15,0.19843111311396,11.5889659722646
1995-10-16,0.0332045465086897,10.9192306200663
1995-10-17,0.0205143355997279,10.0274431705475
1995-10-18,2.16833910346031,12.3836731910706
1995-10-19,0.0160554069540619,12.4527004559835
1995-10-20,0.755423427869876,9.05598052342733
1995-10-21,0.12580511936297,6.24937462806702
1995-10-22,0.0287526447355049,4.82126184304555
1995-10-23,0.0656514127428333,7.34716626008352
1995-10-24,0.0430239884493252,5.77302873134613
1995-10-25,0.0787764907193681,9.61864932378133
1995-10-26,0.0127283328523239,10.0885008970896
1995-10-27,0.382381408164899,12.5674212773641
1995-10-28,1.68041982253393,12.2457338968913
1995-10-29,0.606005984048049,12.2077770233154
1995-10-30,1.38887260357539,11.8942070802053
1995-10-31,0.017431009056357,10.0718197027842
1995-11-01,13.3034660816193,7.64218310515086
1995-11-02,1.64802165826162,3.79490248362223
1995-11-03,9.55854296684265,3.32972019910812
1995-11-04,2.68920553227266,-1.12666479001443
1995-11-05,0.463280847917,-3.21638739109039
1995-11-06,0.0835833669019242,-1.69128246108691
1995-11-07,0.520836137235165,0.81339800854524
1995-11-08,0.116910502198152,2.78499154249827
1995-11-09,0.00686555702244126,4.02052650849024
1995-11-10,0.00142346955059717,3.46254392464956
1995-11-11,0.0171267844477067,4.60303791364034
1995-11-12,0.00941466153138511,3.55330663919449
1995-11-13,0.299047763148944,4.43709071477254
1995-11-14,0.114091877515117,6.98667709032695
1995-11-15,6.00324615836143,7.10311726729075
1995-11-16,27.3286039034526,8.91276303927104
1995-11-17,9.49278728167216,4.35227354367574
1995-11-18,1.0993601034085,-1.19526068369548
1995-11-19,5.02063039938609,-0.128268413245678
1995-11-20,0.0100487393744212,-2.55630594491959
1995-11-21,0.00168804786759817,-4.23235418399175
1995-11-22,0.0414032706369956,-1.24958091974258
1995-11-23,0.493983646233877,2.17344369490941
1995-11-24,0.0896239383146167,2.24663856625557
1995-11-25,0.0284995623709013,0.419693412880103
1995-11-26,0.00370044709658638,-0.34668364127477
1995-11-27,0.0336701945440533,-0.583865612745285
1995-11-28,2.55210798233747,1.50132582585017
1995-11-29,0.0320104101362328,2.01143351197243
1995-11-30,0.269642382860184,1.3046092192332
1995-12-01,0.0389140958626134,0.155044596487035
1995-12-02,3.49126968781153,1.96347784002622
1995-12-03,0.535338814059893,-0.187991557177156
1995-12-04,0.537912743786971,-1.28913760185242
1995-12-05,0.0133907958321894,-3.15862862269084
1995-12-06,0.0237236815155484,-3.7962611913681
1995-12-07,0.00934239639900625,-3.42987205584844
1995-12-08,0.0156710682495032,-1.94189368685087
1995-12-09,0.0148764680573853,-1.86332405606906
1995-12-10,0.00726135908917058,-2.51425900061925
1995-12-11,0.984120100736618,-1.26454904675484
1995-12-12,2.01781901220481,-1.2553529292345
1995-12-13,2.40956343213717,-2.76929084459941
1995-12-14,1.68299248814583,-3.98891508579254
1995-12-15,0.0158440643184197,-3.01498178641001
1995-12-16,0.00280241884077744,-2.26158581177394
1995-12-17,1.43003510932128,-1.60183881719907
1995-12-18,2.85657532016436,1.50136877099673
1995-12-19,0.207760240106533,1.39869968096415
1995-12-20,9.95441095034281,2.39427081743876
1995-12-21,8.28473023573557,1.50753488143285
1995-12-22,6.89550681908925,6.07976841926575
1995-12-23,0.781342710057894,9.02966904640198
1995-12-24,17.1827061971029,5.78773991266886
1995-12-25,7.09866917133331,3.06939361492793
1995-12-26,2.91521320243677,-1.26390038430691
1995-12-27,0.712922455122074,-4.49195474386215
1995-12-28,0.000896019705275345,-7.92533163229624
1995-12-29,0.021601122522649,-8.61324914296468
1995-12-30,0.0154351101009524,-4.88374265034993
1995-12-31,0.0477081873298933,-3.63484464089076
1996-01-01,0.0140066804209103,-1.67881650726
1996-01-02,0.150703354428212,-1.91332236925761
1996-01-03,0.117411166895181,-2.04168399175008
1996-01-04,0.00602061042142547,-4.05093787113826
1996-01-05,0.00204275749759593,-6.43448066711426
1996-01-06,0.575008451938629,-4.86701567967733
1996-01-07,2.50853111346563,0.456818620984753
1996-01-08,0.328592634449403,1.80950766801834
1996-01-09,0.00849919074486631,0.480339412887891
1996-01-10,0.00236659143896153,0.358881637454033
1996-01-11,0.00624088663122772,1.20775258541107
1996-01-12,0.0271564282399292,1.25025945901871
1996-01-13,0.0388690942587952,0.796135308841864
1996-01-14,0.0854462763333383,-0.37639702608188
1996-01-15,0.144385681798061,-1.13860096534093
1996-01-16,0.0383682570730646,-1.98068734010061
1996-01-17,0.028751929407008,-3.38444197177887
1996-01-18,0.0025605796132974,-2.47725399335225
1996-01-19,7.43524828597704e-05,-3.52434327205022
1996-01-20,0.0221740640966649,-3.6501194636027
1996-01-21,0.0297649882656212,-4.04015547037125
1996-01-22,0.000947487753971169,-4.3080548842748
1996-01-23,1.11329067746798,-3.06891544659932
1996-01-24,0.29893604790171,-3.67818115154902
1996-01-25,0.0425190449750517,-5.85270663102468
1996-01-26,0.0299258251907304,-5.33543682098389
1996-01-27,0.0135089263591605,-3.75543741385142
1996-01-28,0.00283688171960724,-3.53193847338359
1996-01-29,0.0334907600966593,-3.40386178096135
1996-01-30,0.0043170205935894,-3.35064927736918
1996-01-31,2.34256978425644e-05,-4.74770446618398
1996-02-01,3.47584752186473e-05,-4.49382317066193
1996-02-02,0.870916763941447,-1.32201550404231
1996-02-03,0.921143365403016,0.0136167195936044
1996-02-04,0.232538229475419,-4.17274208863576
1996-02-05,0.0517489657892535,-6.15432826677958
1996-02-06,0.00864058454074742,-8.14376417795817
1996-02-07,0.00455231917051909,-7.18041141827901
1996-02-08,1.14921164015929,-5.89017009735107
1996-02-09,0.00323994099259532,-4.35583732525508
1996-02-10,0.246273677796125,-1.97652371724447
1996-02-11,0.142102421882252,0.751761118570964
1996-02-12,1.45720579226812,2.40215707818667
1996-02-13,9.20543964703878,0.609919361770153
1996-02-14,3.92681362231572,-1.59330743551254
1996-02-15,1.79782711466153,-2.41973782579104
1996-02-16,4.89372253417969,-0.0452991205578049
1996-02-17,2.50418676435947,1.8455859820048
1996-02-18,4.66881692409515,1.76849474509557
1996-02-19,2.16299616297086,0.300571268890053
1996-02-20,0.60027176886797,-0.96396566927433
1996-02-21,0.455489662786325,-4.48103777567546
1996-02-22,0.301619523515304,-6.33332534631093
1996-02-23,0.0129838180061294,-8.75473427772522
1996-02-24,0.00142331787431734,-5.03057789802551
1996-02-25,6.75860565024777e-05,1.14193989833196
1996-02-26,8.49131106406276e-05,1.96045854687691
1996-02-27,0,1.73629059394201
1996-02-28,4.36671075855581e-05,0.581677922358116
1996-02-29,0,1.21099400271972
1996-03-01,2.28758091727893,-1.08324101070563
1996-03-02,0.112706840503961,-3.32740527391434
1996-03-03,0.307031646991769,-3.27613298098246
1996-03-04,0.0582580765088399,-4.71111692984899
1996-03-05,0.115798976117124,-1.05248902738094
1996-03-06,0.123814575374126,0.121865483000875
1996-03-07,3.57207425925784e-05,0.775079575677713
1996-03-08,0,0.0381464672585328
1996-03-09,0,-0.387028012783655
1996-03-10,0.118586752253274,-0.772385254502296
1996-03-11,1.45093111445506,-4.08403593301773
1996-03-12,0.181682117904226,-6.65352940559387
1996-03-13,0.00746148481266573,-4.63904631137848
1996-03-14,3.16572791803083e-06,-0.572401735931635
1996-03-15,0.00257679669933471,0.581300638616085
1996-03-16,7.35251549789003e-05,2.23863724867503
1996-03-17,0.0139387439994607,3.64703206221263
1996-03-18,0.397087660928567,3.81936550140381
1996-03-19,0.0332229592604563,3.00236084063848
1996-03-20,1.0630828688542,3.19254581133525
1996-03-21,5.04318469762802,6.54026210308075
1996-03-22,4.24477718273799,6.47861405213674
1996-03-23,1.22579603393873,7.13437068462372
1996-03-24,0.004417821590323,9.16828552881877
1996-03-25,1.89387224117915,7.77970008055369
1996-03-26,14.1370390256246,8.13733537991842
1996-03-27,1.96360980470975,-0.065064067641894
1996-03-28,0.00876495834866849,1.47439544399579
1996-03-29,1.12990503013134,1.28955346345901
1996-03-30,3.07817550500234,0.0780470333993435
1996-03-31,0.211808003485203,-0.366981224001696
1996-04-01,0.0518828410034378,1.40762967864672
1996-04-02,0.778137769084424,0.639407654603322
1996-04-03,2.85148022572199,-0.584125721206268
1996-04-04,3.87144285440445,-0.0895234586981436
1996-04-05,0.0429655568053325,2.22016528248787
1996-04-06,0.00326462110873157,5.6212873061498
1996-04-07,0.0037196339884152,7.48902841409047
1996-04-08,0.136431834524653,8.93885032335917
1996-04-09,0.0316291040120025,7.77345490455627
1996-04-10,0.0881277644075453,8.01769173145294
1996-04-11,1.82948463161786,7.72696224848429
1996-04-12,3.14003308614095,2.45508986711502
1996-04-13,0.139634087293719,1.88722012440364
1996-04-14,0.0138965067162644,3.77337781588236
1996-04-15,0.00513509191144597,5.04114623864492
1996-04-16,0.000614110937021906,6.7729883591334
1996-04-17,1.02184268750231e-06,9.20301715532939
1996-04-18,0.0290445738670921,10.3814287185669
1996-04-19,2.55154797438687e-07,12.2023833592733
1996-04-20,0,14.2489984035492
1996-04-21,0,15.0611492792765
1996-04-22,0.0142545970932891,17.4376107851664
1996-04-23,3.72612139582634,16.6675950686137
1996-04-24,1.77147676547368,10.725307782491
1996-04-25,0.0134037917208237,10.8532249927521
1996-04-26,0.000194860793271801,10.8530706564585
1996-04-27,9.74004021069656e-05,14.0753245353699
1996-04-28,5.52445425589879,12.9349766572316
1996-04-29,0.568210368355115,11.5282769203186
1996-04-30,1.44546485692263,9.87663880983988
1996-05-01,0.0208484257649009,11.9358927408854
1996-05-02,4.81796009838581,12.1029662291209
1996-05-03,1.97217479348183,8.21521079540253
1996-05-04,1.71947644650936,8.45960346857707
1996-05-05,0.0135152971100373,9.84863678614298
1996-05-06,0.000645312703757857,13.2923831939697
1996-05-07,1.25612884759903,15.2326653003693
1996-05-08,0.0394310993821515,11.6792283058167
1996-05-09,1.01513539254665,6.06406199932098
1996-05-10,0.0805281545811643,6.70326511065165
1996-05-11,0.452237449586391,9.79958399136861
1996-05-12,9.41919402281443,10.1331813335419
1996-05-13,24.8379732767741,9.26101756095886
1996-05-14,3.14041751623154,10.8585654099782
1996-05-15,0.398740773399671,11.9723434448242
1996-05-16,4.27173866828283,13.3292901515961
1996-05-17,0.309503608693679,15.0028533140818
1996-05-18,0.093142250397553,16.0504076480865
1996-05-19,6.37876156965892,13.2277452150981
1996-05-20,11.1370135744413,9.44680960973104
1996-05-21,4.85329828162988,10.4713815848033
1996-05-22,0.514318892111381,10.0231030782064
1996-05-23,0.264993450293938,12.0602807203929
1996-05-24,2.21036127209663,16.8647928237915
1996-05-25,11.1017932891846,13.6447807153066
1996-05-26,9.01073217391968,12.4873796304067
1996-05-27,9.06403454144796,11.8705139954885
1996-05-28,0.0295723135738323,7.21707812945048
1996-05-29,0,12.4673941135406
1996-05-30,0,16.7240117390951
1996-05-31,0.389623574912548,20.6406367619832
1996-06-01,4.0523310303688,18.5612370173136
1996-06-02,0.0694762174971402,15.0512719154358
1996-06-03,0.198253471404314,13.628910223643
1996-06-04,0.000107920641312376,15.4143137931824
1996-06-05,0,18.3038965861003
1996-06-06,0.0137906536304702,21.4686371485392
1996-06-07,0.00106141677436729,23.2039492925008
1996-06-08,5.4316631257534,22.0623785654704
1996-06-09,0.0306530864133189,20.7839058240255
1996-06-10,0.129257401451468,20.6697622934977
1996-06-11,0.0241735397527615,21.9929269154867
1996-06-12,0.440210548307126,21.9813474019368
1996-06-13,0.000450160592057121,15.2946979999542
1996-06-14,0,14.508979956309
1996-06-15,0,15.7379904588064
1996-06-16,0,16.6592156092326
1996-06-17,0.000198665294495489,18.1203536987305
1996-06-18,0.00741943630176441,20.4461212158203
1996-06-19,3.97760474394696e-05,16.9590619405111
1996-06-20,4.22128335634867,14.2374869982402
1996-06-21,23.6838342348735,14.3652234872182
1996-06-22,7.67531895637512,9.34711074829102
1996-06-23,6.52667390306791,9.98175422350566
1996-06-24,0.227777952017883,11.3857536315918
1996-06-25,0.0212685627241929,12.2769474188487
1996-06-26,1.61288781759019,13.5981545448303
1996-06-27,0.615168166657289,16.3810079892476
1996-06-28,0.109464981476776,17.3831396102905
1996-06-29,5.53691083192825,15.7129343350728
1996-06-30,6.98890646298726,12.8825666109721
1996-07-01,5.229736328125,13.3079257806142
1996-07-02,1.4447947666049,13.3008251190186
1996-07-03,0.00439511199753421,15.524009625117
1996-07-04,0.314040758113454,18.5407832463582
1996-07-05,8.44551010926565,17.7556765874227
1996-07-06,4.50997507572174,13.6500392754873
1996-07-07,8.84990568955739,13.8440041542053
1996-07-08,27.6466393470764,9.61884665489197
1996-07-09,9.03125663598379,11.1530803044637
1996-07-10,13.6631084283193,12.562126159668
1996-07-11,0.327924706041813,15.4333368142446
1996-07-12,1.75687425086896,16.7665839195251
1996-07-13,8.61699315161483e-07,19.2482622464498
1996-07-14,0,20.3950160344442
1996-07-15,0.00147245695552556,20.8363706270854
1996-07-16,0.00453307697898708,15.2598141034444
1996-07-17,0,15.1184104283651
1996-07-18,0,15.2466622193654
1996-07-19,0,14.3012402852376
1996-07-20,0,14.1141917705536
1996-07-21,0,14.6933238506317
1996-07-22,0,16.4785216649373
1996-07-23,7.36607853571574,20.5220414797465
1996-07-24,0.318380865617655,18.2861903508504
1996-07-25,0.0137355540258189,14.7809658845266
1996-07-26,0.000118376384307339,16.4759459495544
1996-07-27,7.59524499376615,19.3415479660034
1996-07-28,6.8189598719279,18.8101245562236
1996-07-29,12.9864634275436,19.6956822077433
1996-07-30,2.87740096449852,16.779843489329
1996-07-31,0.000191444383138636,18.5918393135071
1996-08-01,1.50631766859442,20.9170546531677
1996-08-02,23.0257949829102,19.2386879920959
1996-08-03,21.2862464586894,14.9124157428741
1996-08-04,0.177506443268309,14.5624924500783
1996-08-05,0.0163556045736186,15.8911588986715
1996-08-06,2.81813036402067,16.4696221351624
1996-08-07,13.0420914491018,16.7412155469259
1996-08-08,0.00459612985044563,17.4258542060852
1996-08-09,0,18.8961079915365
1996-08-10,2.80577121178309,20.8117030461629
1996-08-11,17.0625148614248,16.6073182423909
1996-08-12,18.0130263169607,13.762335062027
1996-08-13,6.20478653907776,14.4116217295329
1996-08-14,2.00798585017522,15.3838443756104
1996-08-15,0.814531808098157,15.5617197354635
1996-08-16,1.66393197576205,15.6251588662465
1996-08-17,0,16.1637005011241
1996-08-18,9.26912737971482e-06,16.7501969337463
1996-08-19,0.000972950258073979,18.6544049580892
1996-08-20,2.17214402556419,18.7021032969157
1996-08-21,1.61721451456348,18.2953101793925
1996-08-22,7.03346113363902,17.9224961598714
1996-08-23,0.00519474202944063,18.3566999435425
1996-08-24,1.52783950169881,15.2697392304738
1996-08-25,0.672525588423014,15.1772267023722
1996-08-26,3.51764043172201,15.6409486134847
1996-08-27,14.5775802930196,16.3689934412638
1996-08-28,7.09541809558868,12.7749178409576
1996-08-29,0.0169782306378086,13.6420125166575
1996-08-30,0.000164670539864649,13.1612995465597
1996-08-31,2.99753154317538,12.6566232045492
1996-09-01,0.957341928035021,11.1108731428782
1996-09-02,0.0366518647448781,12.2890391349792
1996-09-03,2.40922972807311e-05,14.1492857138316
1996-09-04,0.44248047900813,15.1006201903025
1996-09-05,0.0429350751607368,12.4915936787923
1996-09-06,0.853037536144257,10.1576617558797
1996-09-07,0.222774097230285,8.35894664128621
1996-09-08,0.193246000446379,8.82860867182414
1996-09-09,0.000184097979020711,8.61374123891195
1996-09-10,1.79887865670025e-06,10.2936962445577
1996-09-11,0,11.0620918273926
1996-09-12,2.95119973023733,10.5455388228099
1996-09-13,12.3610873222351,7.47121620178223
1996-09-14,7.99153395493825,9.65953803062439
1996-09-15,2.20159447193146,9.70281028747559
1996-09-16,0.00537570124773386,8.31649212042491
1996-09-17,1.43320236626702e-05,7.30361727873484
1996-09-18,0.0114309087269551,8.02578417460124
1996-09-19,0.00795863661915064,11.0347373485565
1996-09-20,0.470621321505557,9.34758512179057
1996-09-21,1.58916475872199,10.2552924156189
1996-09-22,0.424975593962396,11.2277266979218
1996-09-23,4.65423647562663,10.3691314856211
1996-09-24,0.281499762126866,8.69105633099874
1996-09-25,0,8.48499719301859
1996-09-26,0.00104444585789073,8.93764098485311
1996-09-27,2.29911308487256,10.8782328764598
1996-09-28,0.293683891495069,9.91244220733643
1996-09-29,0.00203024725487921,11.16961201032
1996-09-30,0,14.2090154488881
1996-10-01,1.42438771824042,13.9280610879262
1996-10-02,3.74268670876821,7.44405059019725
1996-10-03,0.172977937695881,6.69972232977549
1996-10-04,0.353789779202392,9.37910119692484
1996-10-05,1.99364343285561,7.70935134092967
1996-10-06,0.451363203426202,8.27441374460856
1996-10-07,0.73991351823012,10.2511599063873
1996-10-08,0.719655701269706,11.1422453721364
1996-10-09,0.311415173190956,11.0714515050252
1996-10-10,0.00652048146973054,10.6214366753896
1996-10-11,0.000825809586482743,10.5169968605042
1996-10-12,0.0209908343337399,9.64844314257304
1996-10-13,0.0219626309311328,9.58026925722758
1996-10-14,0.00439562050936123,9.48907693227132
1996-10-15,3.61835070451101,10.8556481997172
1996-10-16,5.07842828830083,9.83183797200521
1996-10-17,9.97525946299235,6.32736968994141
1996-10-18,4.61245797077815,5.72827871640523
1996-10-19,4.57951084772746,8.09573046366374
1996-10-20,8.13076460361481,8.7282973130544
1996-10-21,6.87702004114787,10.5735765298208
1996-10-22,0.0221325858340909,6.38868021965027
1996-10-23,0.00918062627048736,5.04313023885091
1996-10-24,0.00144119651334525,4.88823525110881
1996-10-25,5.60765812794368,4.86636833349864
1996-10-26,6.78216506540775,7.7942046324412
1996-10-27,0.868719150622686,8.94272708892822
1996-10-28,0.237507679189245,12.8622539043427
1996-10-29,3.07818009455999,9.33492906888326
1996-10-30,0.00302657190089424,5.25067381064097
1996-10-31,0.899835517009099,5.70607129732768
1996-11-01,4.23941296339035,9.29404417673747
1996-11-02,0.000233762966672657,9.00846719741821
1996-11-03,0.00535824583251572,8.96868348121643
1996-11-04,0.00133684928247627,8.50970586140951
1996-11-05,0.260113116974632,7.62321023146311
1996-11-06,0.0124134737901234,9.06676824887594
1996-11-07,7.9343964656194,9.85443305969238
1996-11-08,0.295285906642675,5.3808802763621
1996-11-09,0.00563966836004208,4.51908467213313
1996-11-10,0.0358793034489887,4.2570147116979
1996-11-11,0.00507429324534314,7.79260623455048
1996-11-12,0.00199213429489949,9.32711855570475
1996-11-13,11.9873893260956,6.10263963540395
1996-11-14,6.8361297249794,2.12790856758753
1996-11-15,0.362204032018781,2.4850220878919
1996-11-16,0.206762850284576,2.37522956728935
1996-11-17,0.0826202295720577,2.14463333288829
1996-11-18,1.78847523530324,1.93384775519371
1996-11-19,0.334162843724092,2.73412877321243
1996-11-20,1.91183253129323,4.3326455950737
1996-11-21,1.45842286447684,0.970665360490481
1996-11-22,0.13853993670394,-1.71004549662272
1996-11-23,1.09195185701052,-1.69814883669217
1996-11-24,0.112410109645377,-2.15725752711296
1996-11-25,7.72712783018748,0.257686544209719
1996-11-26,4.48833658297857,2.18279961744944
1996-11-27,1.86102124055227,-0.111055123619735
1996-11-28,2.66485387086868,-1.08589404821396
1996-11-29,11.8605860074361,-0.0360313100197042
1996-11-30,2.84641809264819,1.09872565170129
1996-12-01,1.61756758888563,-0.144657848402858
1996-12-02,2.84757421414057,2.14583829045296
1996-12-03,0.00741066104577233,2.27359092235565
1996-12-04,0.00152016402413816,1.4060692191124
1996-12-05,0.00990057277158485,-0.47297478467226
1996-12-06,0.008002106527177,-1.4832349717617
1996-12-07,0.0245724519287857,-1.63128188252449
1996-12-08,0.0734600613359362,-2.5602379043897
1996-12-09,0.0358007070608437,-2.40132840474447
1996-12-10,0.0081639253476169,-1.62627587715785
1996-12-11,0.0126651684889415,-1.54600918292999
1996-12-12,0.259343134239316,-1.42811538775762
1996-12-13,5.89175029595693,2.13272323211034
1996-12-14,0.133309096670322,-0.0352849803554515
1996-12-15,0.0069601412396878,0.32077025466909
1996-12-16,0.00299889903787213,0.443755254459878
1996-12-17,7.11404387156169,1.57176344593366
1996-12-18,0.111689456757934,3.92341806491216
1996-12-19,1.38409813245138,3.25686277945836
1996-12-20,7.60969777901967,3.21994743744532
1996-12-21,0.00461800573005651,-0.138326663679133
1996-12-22,2.3181238224109,-2.46825516223907
1996-12-23,15.6342050234477,-2.93165953954061
1996-12-24,0.0339968495900393,-6.62174197038015
1996-12-25,0.0756308524869382,-9.51043764750163
1996-12-26,9.47701422167787e-05,-12.169350306193
1996-12-27,0.0113263453240506,-13.2749112447103
1996-12-28,0.0430852911279847,-14.4767647584279
1996-12-29,0.559131925304731,-14.5118491649628
1996-12-30,1.85691977540652,-10.4364148775736
1996-12-31,0.0862257790674145,-12.3375113010406
1997-01-01,0.054069439570109,-11.0588734944661
1997-01-02,0.0211680493327246,-8.58759546279907
1997-01-03,0.0179894399868014,-5.70141426722209
1997-01-04,0.0263285256999855,-3.94410365819931
1997-01-05,0.000177311342364798,-3.07380189498266
1997-01-06,0.00240563430755477,-3.74166788657506
1997-01-07,0.00635726922579731,-6.46575446923574
1997-01-08,0.00636067856794398,-6.25774331887563
1997-01-09,0.00133245132747106,-4.81814495722453
1997-01-10,0.0970877612708136,-3.87917659680049
1997-01-11,0,-3.89719957113266
1997-01-12,0.0250088901957497,-5.92321312427521
1997-01-13,0.000473233177520645,-7.47295951843262
1997-01-14,1.35729460453149e-05,-7.67804451783498
1997-01-15,3.86356380962146e-06,-5.93725744883219
1997-01-16,3.29023896483704e-05,-5.91497504711151
1997-01-17,0.00127847500213344,-6.03333580493927
1997-01-18,1.68090094424163e-05,-3.30608737468719
1997-01-19,0.532210007309914,-0.673493191599846
1997-01-20,0.0677900444716215,1.33918017148972
1997-01-21,0.0133765413193032,0.719369071225325
1997-01-22,0.00257155722404908,0.981239587068558
1997-01-23,0.00846215149310107,2.39903012911479
1997-01-24,0.011421120337521,1.74492813150088
1997-01-25,0.0488213120649258,1.19974385201931
1997-01-26,0.117208404776951,0.0694071678832794
1997-01-27,0.00145239070843672,0.650783096750577
1997-01-28,0.000212998399244195,-0.283703505992889
1997-01-29,3.87805597104792e-05,-0.870869800448418
1997-01-30,0.00144556162801261,-1.68681499361992
1997-01-31,0.00262449804480032,-2.08351016044617
1997-02-01,0.00114781199620969,-2.09850323200226
1997-02-02,1.09152545419988e-05,-3.64208434025447
1997-02-03,9.06386374784537e-06,-2.47897905111313
1997-02-04,0.120659852089981,0.631434353689353
1997-02-05,2.1258305311203,2.84915616114934
1997-02-06,0.00110564312490169,-0.120333286021681
1997-02-07,8.1491028443755e-07,1.10844060778618
1997-02-08,0.00121474559030806,2.14076813062032
1997-02-09,0,2.57804330190023
1997-02-10,0.124662513379008,4.80588738123576
1997-02-11,8.71829891204834,3.84786486625671
1997-02-12,1.19463142255942,8.45989767710368
1997-02-13,4.30333161354065,3.90523181358973
1997-02-14,16.618639866511,2.14819094538689
1997-02-15,2.59522302945455,1.05693134168784
1997-02-16,0.0906753731348241,-0.102755213156343
1997-02-17,0.0495615905771653,1.33105994264285
1997-02-18,8.416561683019,3.40214800834656
1997-02-19,0.124546063443025,2.17991212010384
1997-02-20,0.00828030390160469,6.08415448665619
1997-02-21,0.0515894733835012,6.91180376211802
1997-02-22,0.0301361165669126,6.0223396619161
1997-02-23,0.000459008650068427,6.2926504611969
1997-02-24,0.104113204870373,8.98861678441366
1997-02-25,2.92151035865148,11.4192751248678
1997-02-26,10.4629723230998,7.06372833251953
1997-02-27,1.7433112959067,3.48165533939997
1997-02-28,0.000171510485264056,4.54979395866394
1997-03-01,0.000380033745993084,7.15786226590474
1997-03-02,0.00112285667000833,10.162811199824
1997-03-03,1.49552289644877,7.32434745629628
1997-03-04,0.394881501793861,7.94300703207652
1997-03-05,7.5948185523351,8.07571744918823
1997-03-06,0.278176788861553,5.79070850213369
1997-03-07,0.196131813495109,5.69249467055003
1997-03-08,0.0032392238160052,3.80893349647522
1997-03-09,0,6.13515913486481
1997-03-10,0,6.38000639279683
1997-03-11,0,7.02674758434296
1997-03-12,0.000712806162482593,7.74003708362579
1997-03-13,0.000416105394833721,6.89182257652283
1997-03-14,0.931440653900305,6.63675773143768
1997-03-15,1.40855818490187,7.51809442043304
1997-03-16,1.48764423529307,9.2425549030304
1997-03-17,0.533088584740957,8.65349801381429
1997-03-18,3.05621262391408,8.78714100519816
1997-03-19,6.61950065692266,4.2170531352361
1997-03-20,1.11864574750264,1.15469820300738
1997-03-21,1.98914885520935,1.72098266084989
1997-03-22,0.0177855412718297,1.5963266591231
1997-03-23,4.4506102403005,3.36170128981272
1997-03-24,1.22176667799552,4.59272023042043
1997-03-25,3.04977152744929,4.76947152614594
1997-03-26,1.56066185235977,6.94025119145711
1997-03-27,0.805879553159078,9.5968177318573
1997-03-28,4.16649530331294,5.26773838202159
1997-03-29,2.06501727302869,2.92260430256526
1997-03-30,1.7601102044185,3.41948308547338
1997-03-31,0,5.29348854223887
1997-04-01,0.000406325629834707,8.01768128077189
1997-04-02,0,9.47422075271606
1997-04-03,2.52130906780561,10.5032413005829
1997-04-04,0.331665037820737,3.48111764589945
1997-04-05,5.5588903427124,4.54222933451335
1997-04-06,0.303474829842647,3.86085466543833
1997-04-07,2.44121401919983e-05,1.57892186443011
1997-04-08,5.52158538387933e-06,3.75043253103892
1997-04-09,5.70176527503463e-06,7.62817700703939
1997-04-10,3.67096861661291e-05,9.66415739059448
1997-04-11,3.89049206177394,6.58319214979808
1997-04-12,0.139791798933099,2.70239285628001
1997-04-13,0.00328848006514212,4.18985994656881
1997-04-14,0.676350298027197,7.83277026812236
1997-04-15,0.284346302971244,3.45587180058161
1997-04-16,0.0669983748036126,2.46136997143428
1997-04-17,0.00136081694169358,2.77871551116308
1997-04-18,0.00900827856579175,7.05568397045135
1997-04-19,3.43732581535975,5.19627769788106
1997-04-20,3.36998583873113,0.959053774674734
1997-04-21,0.011854237333561,1.37491108973821
1997-04-22,0.0369115949388288,3.95990751187007
1997-04-23,0.0467618163190006,4.63050484657288
1997-04-24,0,8.37436918417613
1997-04-25,2.85355716943741,11.5881275335948
1997-04-26,4.58841957648595,10.5941857496897
1997-04-27,3.90523352225622,9.54550274213155
1997-04-28,7.02971432606379,11.7859907944997
1997-04-29,6.78191181023916,8.52151143550873
1997-04-30,2.56360238790512,8.42519597212473
1997-05-01,0.0157217117230175,8.89752610524496
1997-05-02,0.000636955094402462,11.684993426005
1997-05-03,0.0129280159793173,15.742612918218
1997-05-04,2.15850161512693,15.1294213136037
1997-05-05,0.340185463428497,12.9766165415446
1997-05-06,5.90132637818654,8.82327548662821
1997-05-07,0.0832022160369282,5.23189214865367
1997-05-08,0.254083638486918,4.53096393744151
1997-05-09,0.488206123312314,7.02235122521718
1997-05-10,0.0120501426669459,10.8818544546763
1997-05-11,0,15.1452075640361
1997-05-12,0.0176382177111615,13.6864727338155
1997-05-13,0.000240874185692519,15.2811071872711
1997-05-14,0.00358790950849652,18.5907266934713
1997-05-15,0.00129003027298798,19.7573962211609
1997-05-16,0.0548364437030007,19.8480408986409
1997-05-17,0.947028637398034,19.9075659116109
1997-05-18,5.01928814252218,15.8526648680369
1997-05-19,0.405241293211778,16.9587876001994
1997-05-20,1.44187705218792,14.6001763343811
1997-05-21,0.97239276766777,13.4317724704742
1997-05-22,1.71878072122733,11.2799620628357
1997-05-23,0.970601466794809,12.1717367172241
1997-05-24,0.0208756510740689,11.132803440094
1997-05-25,7.08729257894447e-05,11.7973640759786
1997-05-26,2.54368122417266e-06,13.8614016373952
1997-05-27,0.00442840562876275,12.8498472372691
1997-05-28,0.00224704680052431,8.8933269182841
1997-05-29,0,11.9720287322998
1997-05-30,0,11.8208546638489
1997-05-31,0.00269581713170434,10.5868915716807
1997-06-01,0.0122299320840587,12.0911449591319
1997-06-02,0.29427888803184,14.5393313566844
1997-06-03,13.0898867845535,12.7086830933889
1997-06-04,0.175680118535335,14.7486316363017
1997-06-05,0.0104276298855742,18.4971000353495
1997-06-06,0.0179792152096828,18.2891227404277
1997-06-07,0.237283707285921,19.2043037414551
1997-06-08,5.24276469151179,16.8408036231995
1997-06-09,0.00706783103911827,17.9893891016642
1997-06-10,0.0059742514519409,20.4017130533854
1997-06-11,0.71947541522483,21.2988284428914
1997-06-12,2.5430195213606,19.46124903361
1997-06-13,5.29370774825414,17.2954889933268
1997-06-14,8.25676039854685,16.6827465693156
1997-06-15,0.00103549368213862,16.0659119288127
1997-06-16,2.78051764766375,16.9164830843608
1997-06-17,2.44834133734306,14.7390511035919
1997-06-18,1.77221598724524,12.1932085355123
1997-06-19,8.78672365347544,12.8525269826253
1997-06-20,2.19217287997405,13.0095901489258
1997-06-21,14.0578866004944,13.4805452823639
1997-06-22,6.78956568241119,10.4295824368795
1997-06-23,4.02613999446233,12.5813722610474
1997-06-24,6.3144998550415,12.0019750595093
1997-06-25,2.28888457020124,14.2165595690409
1997-06-26,5.93180545171102,13.2732438246409
1997-06-27,8.19185892740885,13.8444412549337
1997-06-28,0.328164768715699,16.7847181955973
1997-06-29,17.6090825398763,17.7437011400859
1997-06-30,0.358671887312084,14.2206727663676
1997-07-01,2.51954709986846,14.528965473175
1997-07-02,3.42051371311148,18.1551826794942
1997-07-03,15.4146351019541,16.663462638855
1997-07-04,8.90715591112773,14.509087006251
1997-07-05,24.4237823486328,12.9738699595133
1997-07-06,6.06023259957631,12.9601748784383
1997-07-07,0.453808337450027,14.1631385485331
1997-07-08,0.00418540335279734,15.9863653182983
1997-07-09,0.00162657050047225,16.9897182782491
1997-07-10,0.235425839976718,17.4344115257263
1997-07-11,9.1064447760582,16.6162867546082
1997-07-12,0.121674336337795,17.8023734092712
1997-07-13,3.80010549227397,18.7349408467611
1997-07-14,16.0178567171097,17.245125134786
1997-07-15,0.415948136127554,15.9635750452677
1997-07-16,0.00371533267510434,18.1915040016174
1997-07-17,15.1169078350067,19.2410225868225
1997-07-18,14.4075884819031,14.3841078281403
1997-07-19,8.00079572200775,13.3940463066101
1997-07-20,7.21022313833237,13.8584644794464
1997-07-21,0.581404781589905,14.5043762524923
1997-07-22,4.48430510004982e-05,17.3066318829854
1997-07-23,0.338551204993564,17.2136201858521
1997-07-24,3.85685321688652,18.4751456578573
1997-07-25,6.19403481483459,15.4952499866486
1997-07-26,6.53523857181426e-05,15.3937541643778
1997-07-27,0.732498752574126,19.0429530143738
1997-07-28,0.0209985884527365,17.5078892707825
1997-07-29,0.171076693882545,17.9567448298136
1997-07-30,0.000877482919131959,18.8487281799316
1997-07-31,3.83135478695234,15.4130088488261
1997-08-01,2.84487304091454,13.1426480611165
1997-08-02,0.144228744475792,15.4207755724589
1997-08-03,0.000296479268096543,17.8824809392293
1997-08-04,0.0484634035577377,20.8445301055908
1997-08-05,0.466771592851728,21.703166325887
1997-08-06,0.000171186499452839,19.7598416010539
1997-08-07,0.0194412123722335,19.3885515530904
1997-08-08,3.63959188759327,17.5471078554789
1997-08-09,3.67031170753762e-05,18.2220780054728
1997-08-10,0,19.9037369092305
1997-08-11,0,20.621161142985
1997-08-12,0,20.0418219566345
1997-08-13,0.000358080636942759,19.966277440389
1997-08-14,0.146506709357103,20.8285713195801
1997-08-15,0.0042355246647882,20.1142594019572
1997-08-16,0.000649479153556361,19.281432946523
1997-08-17,2.55289928118388,18.2480096817017
1997-08-18,0.58440953741471,17.1341320673625
1997-08-19,0.000466213513088102,18.2657198905945
1997-08-20,1.43671447100739e-05,18.7060834566752
1997-08-21,0.00634618408192485,18.9490836461385
1997-08-22,3.9344662733735e-06,19.8633117675781
1997-08-23,0.0200230790893935,20.7352476119995
1997-08-24,0.172281896385054,20.2847442626953
1997-08-25,0.000866278637355814,21.2967807451884
1997-08-26,0.00730201089754701,19.9545001983643
1997-08-27,0.000359660868222515,20.2143030166626
1997-08-28,21.8552133242289,14.9035857518514
1997-08-29,3.81220302979151,12.739870707194
1997-08-30,1.0850557188193,14.9126845200857
1997-08-31,0.0360968323269238,17.8840781847636
1997-09-01,4.24247635540572e-07,19.3246490160624
1997-09-02,0.0226286528632045,18.8570884068807
1997-09-03,5.64315147736731e-06,18.222691377004
1997-09-04,0.00204808246174556,18.6853087743123
1997-09-05,0.229418324927489,19.0388185183207
1997-09-06,7.41624490420024,17.069072564443
1997-09-07,0.00433706750239556,14.4020701249441
1997-09-08,7.59105787437875e-05,15.0208627382914
1997-09-09,1.00153192761354e-06,15.4043594996134
1997-09-10,0.00147968503491332,10.9695846239726
1997-09-11,0,13.8454039891561
1997-09-12,3.07217176755269,18.2454579671224
1997-09-13,6.89596927165985,11.6319938500722
1997-09-14,0.000322608119555904,9.31089067459106
1997-09-15,0,10.075799703598
1997-09-16,5.0138141887146e-06,12.2033170859019
1997-09-17,2.815641558603e-05,14.6995508670807
1997-09-18,0,14.9902239640554
1997-09-19,4.11052161455154,14.9193329811096
1997-09-20,0.00071840055731324,10.188715616862
1997-09-21,0.000351041118847206,9.57503032684326
1997-09-22,1.33621112278585e-06,10.1058306694031
1997-09-23,6.29115248784728e-07,10.717888991038
1997-09-24,3.01042564387899e-06,11.4816631476084
1997-09-25,8.21991307020653e-06,11.5087722937266
1997-09-26,8.18253041264446e-06,11.1703515052795
1997-09-27,1.08607091533486e-05,11.6396646499634
1997-09-28,3.55567750981815e-05,12.0006359418233
1997-09-29,9.67634908496014e-07,12.6837602456411
1997-09-30,0.000496562322950922,15.0392737388611
1997-10-01,0.288603044115007,15.935730377833
1997-10-02,0.0446112769908117,14.4638790289561
1997-10-03,0,8.21685421466827
1997-10-04,0,8.8437872727712
1997-10-05,0,10.5445374647776
1997-10-06,0.0105262322273726,13.1992109616597
1997-10-07,0.0635459925979376,15.8853268623352
1997-10-08,0.00686117006019534,16.5427447954814
1997-10-09,0.000825079051234449,18.997483253479
1997-10-10,19.6920126279195,13.1428221066793
1997-10-11,11.739733060201,10.0826978683472
1997-10-12,5.68590003252029,8.18644932905833
1997-10-13,7.42624545097351,5.60883263746897
1997-10-14,5.75019943714142,4.76626364390055
1997-10-15,4.3725933432579,4.96548744042714
1997-10-16,2.03190750877062,6.34438546498617
1997-10-17,0.0243826752824437,7.14152443408966
1997-10-18,0.0256105048659568,7.68203163146973
1997-10-19,0.0325133803805026,7.69363184769948
1997-10-20,0.359417705486218,8.66906444231669
1997-10-21,0.0451408903172705,4.91242905457815
1997-10-22,0.00654773140316441,4.01694369316101
1997-10-23,0.000390107716157218,3.53716558218002
1997-10-24,0.00152263381793697,3.06007581949234
1997-10-25,0.00233109589620047,3.43020029862722
1997-10-26,0.0397897571868574,4.49110639095306
1997-10-27,0.789359210990369,0.354706336414286
1997-10-28,1.20064263076832e-05,-1.05362357695897
1997-10-29,0,-0.455585340658824
1997-10-30,0,1.47852384050687
1997-10-31,0,0.601210460066795
1997-11-01,6.38653835001909e-07,0.708781277139982
1997-11-02,6.77216909631776e-06,1.4041962325573
1997-11-03,0,2.72920660177867
1997-11-04,0.000784615288163574,2.08280531565348
1997-11-05,2.75328493444249e-05,7.01479895909627
1997-11-06,0.000235723435859351,11.1935549577077
1997-11-07,0.607600485285123,8.85044209162394
1997-11-08,0.226295679807663,7.23452428976695
1997-11-09,2.68904126683871,4.73895704746246
1997-11-10,0.0330342410015874,6.07852812608083
1997-11-11,0.0253814190315704,5.93102693557739
1997-11-12,2.38661567370097,4.52386740843455
1997-11-13,0.0472044387521843,4.06008396546046
1997-11-14,0.0197945745118583,3.46384064356486
1997-11-15,1.90901050964991,3.99621067444483
1997-11-16,0.265459582209587,5.3546146551768
1997-11-17,0.000687132334860507,3.02853926022848
1997-11-18,0.000545258014123344,1.69525757431984
1997-11-19,0.00470855934690917,-1.97850832343102
1997-11-20,0.505086903770765,1.42585578064124
1997-11-21,0.0620801616460085,3.04478164513906
1997-11-22,0.0286543738135758,1.45266166329384
1997-11-23,0.0472194546988855,1.26267757018407
1997-11-24,0.00382665456891118,1.09009127318859
1997-11-25,0.00298183465201873,0.890852948029836
1997-11-26,0.00281764327761872,0.74140257636706
1997-11-27,0.385146339734395,0.337189216166735
1997-11-28,2.44325884183248,4.61450103918711
1997-11-29,0.123160409275442,6.11043953895569
1997-11-30,0.728198657433192,4.66255331039429
1997-12-01,0.659237618247668,2.61098380883535
1997-12-02,7.60178164641062,0.581586631635825
1997-12-03,8.83168125152588,-1.48988908529282
1997-12-04,0.0398952982698878,-1.26072853803635
1997-12-05,0.00734688870337171,-1.57142595450083
1997-12-06,0.000686234445311129,-3.21403580904007
1997-12-07,0.00295688672728526,-0.56944498916467
1997-12-08,0.581302608052889,0.566016425689062
1997-12-09,0.232905811319749,2.46329261859258
1997-12-10,3.33575719594955,5.84285990397135
1997-12-11,19.7384103139242,9.2815584341685
1997-12-12,5.19389679034551,5.34869126478831
1997-12-13,1.75735546151797,2.70182353258133
1997-12-14,7.34717305501302,0.779531372090181
1997-12-15,0.412886828184128,-2.40673381090164
1997-12-16,0.00013230302890103,-5.47039214769999
1997-12-17,0.0623426365976532,-2.1663938164711
1997-12-18,0.0104967725928873,0.0151944781343142
1997-12-19,0.0327816872353045,0.445825556914012
1997-12-20,19.9196778933207,0.802659963568052
1997-12-21,13.024321158727,1.80554855863253
1997-12-22,1.25745425621669,0.561740823090076
1997-12-23,0.887890075643857,1.36424321929614
1997-12-24,1.98851211865743,5.19224047660828
1997-12-25,1.68808884670337,9.68022346496582
1997-12-26,0.632599453131358,5.96113479137421
1997-12-27,1.37055863936742,3.27481323480606
1997-12-28,1.27217392126719,2.13767998417219
1997-12-29,1.46453106403351,0.467615323548671
1997-12-30,0.000521617281871537,0.628507018089294
1997-12-31,0.0114785772796798,2.81914726893107
1998-01-01,1.2283950522542,2.24230079849561
1998-01-02,0.98543027912577,5.74211351076762
1998-01-03,3.51800335446993,6.66998716195424
1998-01-04,2.72416723767916,5.69111422697703
1998-01-05,3.16379779577255,5.51900839805603
1998-01-06,2.0114483833313,3.79579490423203
1998-01-07,0.0286874526840014,7.94558954238892
1998-01-08,6.19373107231998e-06,6.18235592047373
1998-01-09,4.98442280634966e-07,5.76814965407054
1998-01-10,0,2.06420303384463
1998-01-11,0.00530191948079543,1.03902584562699
1998-01-12,0,0.79687252206107
1998-01-13,0.00477417627977654,-0.0181475856030981
1998-01-14,0.0894133560359478,2.94717923800151
1998-01-15,0.804026637847225,2.88421630859375
1998-01-16,5.09789983431498,4.57951390743256
1998-01-17,0.497270077311744,1.30397641162078
1998-01-18,3.51721922556559,1.53018831213315
1998-01-19,3.11047790447871,3.54571551084518
1998-01-20,2.67965614795685,0.00103603924314181
1998-01-21,0.914174055059751,-0.752646739284197
1998-01-22,0.572846514483293,-1.8467457095782
1998-01-23,0.183274757582694,-0.777348560591539
1998-01-24,2.04390471676985,-2.47787990172704
1998-01-25,0.000133439510439833,-2.99183038870494
1998-01-26,5.51416218144141e-05,-5.52703221638997
1998-01-27,0,-6.79433389504751
1998-01-28,0.0202544702236385,-5.39316443602244
1998-01-29,0.0811931195979317,-3.70178480943044
1998-01-30,0.00130390168760641,-5.28617751598358
1998-01-31,0.533543933803836,-5.23632494608561
1998-02-01,0.00133922667434187,-8.88732647895813
1998-02-02,0.0017301362240687,-6.97549351056417
1998-02-03,0.00136054489000041,-5.21137901147207
1998-02-04,2.72254586282846e-07,-5.81435334682465
1998-02-05,7.7566306420825e-06,-5.26469679673513
1998-02-06,0.00123168235465225,-3.60024791955948
1998-02-07,0.0844507550355047,-0.164277621234457
1998-02-08,0.00118797315008123,-0.583480926851431
1998-02-09,0,0.734167732298374
1998-02-10,0,2.61297901471456
1998-02-11,0,3.77287032206853
1998-02-12,0.00012089210861177,5.9626677831014
1998-02-13,0.000263027681891496,7.34321220715841
1998-02-14,0,6.15580054124196
1998-02-15,2.75859808122429e-06,6.14695020516713
1998-02-16,0.0687112836167216,8.63372031847636
1998-02-17,0.143141953895489,4.33409974972407
1998-02-18,7.7566306420825e-06,3.5714554588
1998-02-19,6.56493959165042e-06,6.33009739716848
1998-02-20,3.83073863000997e-06,5.23743923505147
1998-02-21,0.00443731680085572,7.55516910552979
1998-02-22,11.0650401910146,6.04506007830302
1998-02-23,2.01589175065358,4.84877689679464
1998-02-24,3.23839577039083,4.94218405087789
1998-02-25,0.758100137114525,6.97059647242228
1998-02-26,0.00832109877713568,5.45353110631307
1998-02-27,0.000786573435713459,6.53606100877126
1998-02-28,7.29770751794179,4.81904975573222
1998-03-01,0.118645245519777,1.60194529096286
1998-03-02,3.23549171904839e-05,5.27934153874715
1998-03-03,0.00114252980953703,9.50518981615702
1998-03-04,4.72951149940491,14.9117013613383
1998-03-05,0.692813721795877,4.30058846871058
1998-03-06,4.26312100887299,5.85599517822266
1998-03-07,6.35729841391246,8.65636571248372
1998-03-08,7.65263005097707,5.18847664197286
1998-03-09,0.0295656468175973,-1.60796817143758
1998-03-10,0.00672558470008274,-1.14699963728587
1998-03-11,0.00188672214668865,0.667510424119731
1998-03-12,1.70812177658081,1.07053357362747
1998-03-13,0.117737762629986,1.30534941454728
1998-03-14,1.45681534210841,3.73008372386297
1998-03-15,12.3378479083379,4.46835970878601
1998-03-16,2.43325832486153,5.84152166048686
1998-03-17,0.614750457306703,5.42874073982239
1998-03-18,2.22447832425435,6.68190177281698
1998-03-19,0.143284528981894,3.33982880910238
1998-03-20,2.98941709597905,2.66896818081538
1998-03-21,0.0687797972932458,0.0137333913395802
1998-03-22,3.54233849048615,1.24549940725168
1998-03-23,11.8382740020752,-0.208028633147478
1998-03-24,0.0172782787121832,-0.544285113147149
1998-03-25,0.00678625205546268,-1.09200682987769
1998-03-26,1.16545153332481e-05,1.41472705701987
1998-03-27,0,6.15729769070943
1998-03-28,0.000438577663317119,8.84636958440145
1998-03-29,0,10.717554807663
1998-03-30,0,10.4274392127991
1998-03-31,8.4779873759544e-05,11.8268052736918
1998-04-01,0.0145987409632653,12.450041214625
1998-04-02,1.59022517999013,11.0450809796651
1998-04-03,1.51163560648759,12.0177841186523
1998-04-04,1.85762213667234,7.16363000869751
1998-04-05,1.20634980127215,8.17138040065765
1998-04-06,0.449640578590333,7.3071950674057
1998-04-07,1.45071138938268,7.54972684383392
1998-04-08,1.52939717223247,5.77727484703064
1998-04-09,0.000352545369726916,6.95890259742737
1998-04-10,0.0439609888320168,8.45729744434357
1998-04-11,6.43867817521095,7.56034123897552
1998-04-12,3.65883984168371,3.1757740577062
1998-04-13,11.8267066081365,2.12581673264503
1998-04-14,0.0780451809987426,2.31190020839373
1998-04-15,0.00147808172429601,7.40218261877696
1998-04-16,8.07177578584136e-06,5.29416755835215
1998-04-17,0.112297231991154,6.61359989643097
1998-04-18,0.0908151645368586,5.2182492017746
1998-04-19,0.173972911201417,4.15087427695592
1998-04-20,2.06081007917722,8.77821326255798
1998-04-21,1.96442053715388,9.268017689387
1998-04-22,0.00200645469400721,11.2853529453278
1998-04-23,1.1171065022548,12.8304545879364
1998-04-24,0.000537104274068649,10.8886876106262
1998-04-25,0.33132886638244,13.8569370905558
1998-04-26,0.000352215448704859,15.434065580368
1998-04-27,1.61199370026588,13.1661880811056
1998-04-28,9.65485898653666,7.47387103239695
1998-04-29,0.0506902579994251,8.82086777687073
1998-04-30,0.00255754423172524,13.1777275403341
1998-05-01,29.9828791618347,11.9861311912537
1998-05-02,9.01783420642217,9.82000517845154
1998-05-03,1.54129731655121,11.0846203962962
1998-05-04,0.460481790980945,7.98621030648549
1998-05-05,0.0172735059980672,8.86854116121928
1998-05-06,0.653240449726582,10.4439678192139
1998-05-07,0,12.7600661913554
1998-05-08,0,16.0884496370951
1998-05-09,0,17.6041661898295
1998-05-10,0,18.7361316680908
1998-05-11,5.5829756699192e-05,19.0087642669678
1998-05-12,0,19.7823704083761
1998-05-13,0,20.5142758687337
1998-05-14,7.89193601728281e-07,16.1592093308767
1998-05-15,0,15.0476293563843
1998-05-16,0.00027467204745335,13.244350194931
1998-05-17,1.09554009636243,10.8608464399974
1998-05-18,3.0911511083444,11.4665539264679
1998-05-19,0.0251338614131479,14.1975531578064
1998-05-20,0.0919516024490197,15.3215274810791
1998-05-21,4.16762850681941,13.9200200239817
1998-05-22,0.0028174569621721,9.08181039492289
1998-05-23,1.16610805844797e-07,9.32137664159139
1998-05-24,0.00429248251020908,11.2857643763224
1998-05-25,0.68278948807468,12.2768495877584
1998-05-26,1.79011158148448,13.2927022775014
1998-05-27,0.150241559953429,15.5407698949178
1998-05-28,0.00493733200710267,18.2445336977641
1998-05-29,3.96581647793452,14.4945217768351
1998-05-30,0.0488545605912805,15.4520150025686
1998-05-31,5.46639855702718,15.7835244337718
1998-06-01,0.00149623085841692,14.6151671409607
1998-06-02,5.06909682353338,19.455685933431
1998-06-03,0.806820290784041,17.076207002004
1998-06-04,0.00354710708779749,19.5011224746704
1998-06-05,0,22.8808301289876
1998-06-06,0.590879862507184,24.1480852762858
1998-06-07,21.9880482355754,18.1443138122559
1998-06-08,0.430212909045319,14.6174739201864
1998-06-09,0.00053728371131001,17.9494078954061
1998-06-10,7.29409563541412,15.6035137971242
1998-06-11,21.7927265167236,12.3528256416321
1998-06-12,18.1219298044841,8.76514744758606
1998-06-13,0.575422162034859,9.29452514648438
1998-06-14,0.423083074390888,11.544332186381
1998-06-15,3.7091990907987,12.1696536540985
1998-06-16,5.88827172915141,12.1670630772909
1998-06-17,1.00658249109983,12.677891254425
1998-06-18,0.73947249352932,13.7775926589966
1998-06-19,0.00085178682396266,17.2577788035075
1998-06-20,7.6866057497682e-05,20.5474977493286
1998-06-21,0.000476887667900883,23.4028406143188
1998-06-22,0.398656786729892,19.7129371960958
1998-06-23,3.31262102311788e-06,17.3270010948181
1998-06-24,1.07542473415378e-05,18.0505820910136
1998-06-25,2.04740421691289,21.1380391120911
1998-06-26,15.1776166558266,18.6697374979655
1998-06-27,4.4782125155131,20.0513402620951
1998-06-28,0.443789628644784,16.5519618988037
1998-06-29,2.76114982019256e-05,17.6409648259481
1998-06-30,1.39834475020568,18.405432065328
1998-07-01,5.63953040043513,17.1331508954366
1998-07-02,0.945428222417831,15.7391588687897
1998-07-03,3.78486659626166,16.2519762516022
1998-07-04,0.195687845116481,15.1583011945089
1998-07-05,0.396833176414172,15.8422524134318
1998-07-06,0.0419848646658162,17.2103142738342
1998-07-07,12.1885749101639,13.377549012502
1998-07-08,8.53212873140971,10.1930437088013
1998-07-09,0.301472517972191,14.1831851800283
1998-07-10,3.33889450629552,16.1015309492747
1998-07-11,2.78045092523098,16.7747246424357
1998-07-12,0.111825887657081,17.3726743062337
1998-07-13,8.25237743059794,18.4254253705343
1998-07-14,0.378399696201086,14.5165282885234
1998-07-15,0.174346207951506,14.4435009161631
1998-07-16,4.40481626987457,13.7606149514516
1998-07-17,1.16941975150257,17.4049359957377
1998-07-18,0.00364012086841588,18.7086777687073
1998-07-19,0.0655249223733942,21.2978533109029
1998-07-20,0.00241920267581008,25.3265204429626
1998-07-21,2.77302398284276,22.7809619903564
1998-07-22,0.0146689764223993,19.9412455558777
1998-07-23,1.72937408089638,21.2289277712504
1998-07-24,0.27826500707306,19.7737072308858
1998-07-25,8.44044574101766,17.6329895655314
1998-07-26,0.383082854251067,19.6376439730326
1998-07-27,11.975075562795,16.9736830393473
1998-07-28,1.50853173434734,16.3821723461151
1998-07-29,0.689542572014034,17.4312295913696
1998-07-30,2.26068164904912,18.0575064023336
1998-07-31,0.163617794712385,16.4028765360514
1998-08-01,13.2087183793386,17.7505874633789
1998-08-02,0.0173908713234899,17.82599290212
1998-08-03,0.000909460960732152,17.1965438524882
1998-08-04,0.173610599789148,19.216356754303
1998-08-05,0.00969683278041581,16.7846949895223
1998-08-06,1.48655847927633e-06,17.655304590861
1998-08-07,0,19.767182191213
1998-08-08,0,21.8137138684591
1998-08-09,0,23.5429085095723
1998-08-10,0,22.9475838343302
1998-08-11,0,24.6883290608724
1998-08-12,2.7887832224369,24.2541262308757
1998-08-13,2.33780845130483,18.4678287506104
1998-08-14,3.22090927511454e-05,16.9440484046936
1998-08-15,2.72730527891933e-05,20.5199575424194
1998-08-16,0.000320904907615234,21.2498180071513
1998-08-17,0.0311475095804781,21.8850094477336
1998-08-18,2.4204044615229,18.7361407279968
1998-08-19,0.000484272250711607,18.9231748580933
1998-08-20,7.92989737116538e-05,19.0595639546712
1998-08-21,6.57931292057037,15.6557854016622
1998-08-22,3.79847147067388,13.9312076568604
1998-08-23,0.557578153908253,14.335710366567
1998-08-24,11.184859752655,13.9293033281962
1998-08-25,0.00294926064574004,12.9229100545247
1998-08-26,0.0021122794423718,16.3328927357992
1998-08-27,0.363018523707675,10.7014203071594
1998-08-28,0.000967327114873721,10.3392252922058
1998-08-29,0.00102572594187222,10.8285025755564
1998-08-30,1.54955329586907e-05,11.5986486275991
1998-08-31,0,13.0094939867655
1998-09-01,0.458863663719967,15.2551182905833
1998-09-02,1.44588116804759,17.8051528930664
1998-09-03,7.34632666905721,16.2739374637604
1998-09-04,4.26733994483948,17.2877456347148
1998-09-05,19.2879741986593,13.7287441094716
1998-09-06,0.569814831018448,13.3827879428864
1998-09-07,1.75675180057685,14.7261857191722
1998-09-08,0.0601042025179292,15.2802511850993
1998-09-09,0.00551368033241791,18.8897851308187
1998-09-10,20.9384566942851,17.78617699941
1998-09-11,30.5819495519002,13.4267800649007
1998-09-12,9.32350206375122,10.2099250157674
1998-09-13,1.17201345165571,8.48269502321879
1998-09-14,2.86978022257487,8.60427888234456
1998-09-15,4.87340952952703,10.0142420927684
1998-09-16,3.36712308724721,12.2035213311513
1998-09-17,13.2985438505809,9.46832688649496
1998-09-18,0.563161848112941,9.51832071940104
1998-09-19,0.00328302072981993,9.27868668238322
1998-09-20,1.28669550273723e-06,10.7509291172028
1998-09-21,0,11.0739401181539
1998-09-22,4.50161648283635e-05,11.1838364601135
1998-09-23,0,10.321257352829
1998-09-24,0.00685676494322252,11.4827577273051
1998-09-25,0.0097451987239765,12.976091225942
1998-09-26,5.46481013298035,13.7705070177714
1998-09-27,2.19585530956586,14.3959546883901
1998-09-28,0.605237268221875,12.6191064516703
1998-09-29,0.70699226607879,11.8480163415273
1998-09-30,13.8975429534912,12.3216991424561
1998-10-01,15.7732408046722,11.3439082304637
1998-10-02,0.394579219787071,9.92813475926717
1998-10-03,3.86815051237742,9.45908530553182
1998-10-04,4.92088041702906,9.01398189862569
1998-10-05,0.0516176791861653,9.53027431170146
1998-10-06,2.99994638562202,9.63667233784994
1998-10-07,26.5289572079976,8.74043893814087
1998-10-08,0.0495665092021227,8.940842628479
1998-10-09,0.0210382915198958,9.32287335395813
1998-10-10,1.3566508491834,10.60782289505
1998-10-11,1.15609089533488,9.90691757202148
1998-10-12,2.80058329304059,8.52850317955017
1998-10-13,1.0230362812678,7.57011953989665
1998-10-14,1.50854268173377,11.0932564735413
1998-10-15,3.1086960931619,12.6856460571289
1998-10-16,0.0355054287162299,12.090735356013
1998-10-17,7.5500130256017,14.0220837593079
1998-10-18,0.0171288975980133,8.03503787517548
1998-10-19,0.337913370380799,5.39182047049205
1998-10-20,0.184163276882221,5.18091221650441
1998-10-21,5.8193831743362e-05,7.36874814828237
1998-10-22,5.83629249983157e-05,10.1347342332204
1998-10-23,6.83055329322815,11.2891942660014
1998-10-24,17.0114736557007,10.1735460758209
1998-10-25,5.1234618028005,9.11398537953695
1998-10-26,4.59868896007538,6.36860791842143
1998-10-27,3.55501929918925,7.74840772151947
1998-10-28,23.4551997184753,13.8314229647319
1998-10-29,25.2827865282695,6.85545841852824
1998-10-30,7.3026549021403,4.32101515928904
1998-10-31,10.1544919808706,5.37460541725159
1998-11-01,1.8867846429348,6.39769319693248
1998-11-02,0.864813188711802,4.36751389503479
1998-11-03,19.6245597998301,6.72571913401286
1998-11-04,4.60940980911255,5.49372275670369
1998-11-05,0.185955359910925,2.2823811173439
1998-11-06,0.0157460482902631,4.69736162821452
1998-11-07,4.98426241316944e-05,3.14623858531316
1998-11-08,11.2002819379171,4.5696268081665
1998-11-09,6.11438302199046,8.93851256370544
1998-11-10,14.7866512139638,8.5686186949412
1998-11-11,0.560981267461708,2.41632035374641
1998-11-12,0.135354817650902,0.627248980104923
1998-11-13,0.30705862416653,3.14024527867635
1998-11-14,7.56128013134003,2.37578735748927
1998-11-15,9.76076916853587,2.56005392471949
1998-11-16,7.93766156832377,1.58951082825661
1998-11-17,1.24028502901395,-1.455496519804
1998-11-18,0.0205818220662574,-3.46112054586411
1998-11-19,1.20934181412061,-2.6744689544042
1998-11-20,0.61689322690169,-4.53419536352158
1998-11-21,0.23017857906719,-6.46741163730621
1998-11-22,0.0718840003246441,-8.32472538948059
1998-11-23,0.0321069505686561,-4.53657388687134
1998-11-24,0.00359315516349549,-3.73627789815267
1998-11-25,0.00239577928247551,-2.73225692907969
1998-11-26,2.07963118950526,-0.606272958219051
1998-11-27,2.85398791233699,1.02768947680791
1998-11-28,0.0887677973078098,0.344684508939584
1998-11-29,1.03089193006357,-0.834232750038306
1998-11-30,0.00713417776084195,-0.522966789081693
1998-12-01,0.00689629205832413,-2.24975672364235
1998-12-02,0.0474491323305604,-3.63782934347788
1998-12-03,0.187431102967821,-4.13147509098053
1998-12-04,1.61281449596087,-3.82543007532756
1998-12-05,5.96370768547058,-1.68316184480985
1998-12-06,3.58749067783356,-2.23720028996468
1998-12-07,3.89575264851252,-3.54396160443624
1998-12-08,0.149873433324198,-5.73470755418142
1998-12-09,2.11361514528592,-8.06807772318522
1998-12-10,6.91170597076416,-2.04938849806786
1998-12-11,3.71821945905685,-0.239065240137279
1998-12-12,4.76351670424144,2.64453818400701
1998-12-13,0.166382653173059,6.57887522379557
1998-12-14,0.316801574081182,5.89249161879222
1998-12-15,0.00525157306886589,4.3138129512469
1998-12-16,0.0146982549449604,3.64626483122508
1998-12-17,0.0486939556042974,0.382265335259338
1998-12-18,0.208300678059459,1.22595210373402
1998-12-19,1.22220434993505,3.93367248773575
1998-12-20,1.2218856960535,1.02197953561942
1998-12-21,1.12546911090612,-1.73136001825333
1998-12-22,0.11072978641217,-1.27549677590529
1998-12-23,0.0818331241219615,-3.04496584335963
1998-12-24,1.76261591414611,-0.74272158741951
1998-12-25,0.0504901502281427,0.526662341008584
1998-12-26,0.600573243495698,4.27735648552577
1998-12-27,0.190162049994494,7.97163371245066
1998-12-28,0.000527261204600412,3.67224758863449
1998-12-29,0.00802179962192895,1.84528211752574
1998-12-30,0.013160248772086,-1.11438709497452
1998-12-31,0.00234142419261237,-1.26580137014389
1999-01-01,0.00653205585937637,-0.496241321166356
1999-01-02,1.46153673529625,0.185343886104723
1999-01-03,0.941225349903107,5.22896452744802
1999-01-04,0.729157616694768,7.76496756076813
1999-01-05,0.0050305356902148,6.85538824399312
1999-01-06,0.000202219060156494,4.14136121670405
1999-01-07,12.8787829081217,7.17433134714762
1999-01-08,2.85638756553332,3.79103281100591
1999-01-09,0.706046849489212,2.04921839634577
1999-01-10,0.00327511372355123,0.893436496456464
1999-01-11,2.40806142489115,-0.0144897624850273
1999-01-12,2.5111118555069,-3.85807702938716
1999-01-13,0.462087967743476,-0.193563713226467
1999-01-14,0.542865964273612,1.89541616042455
1999-01-15,0,2.27167775233587
1999-01-16,0.00700988313352961,4.45879650115967
1999-01-17,5.16259798738853e-05,2.20597791671753
1999-01-18,0.00525174794105017,0.648614433904489
1999-01-19,0,-0.35068658242623
1999-01-20,0.000818758654835013,-0.151327677148705
1999-01-21,0.0235731079107306,-0.830905149380366
1999-01-22,0.00109312543645501,-1.52158253391584
1999-01-23,0.00532646512147039,-1.66658734281858
1999-01-24,0.00042109697824344,0.72497329612573
1999-01-25,0.0333565002268491,5.34578001499176
1999-01-26,10.6224962472916,3.58867885669072
1999-01-27,4.32945696512858,1.0335365186135
1999-01-28,10.1126730442047,0.893525848786036
1999-01-29,0.262698050588369,-4.17081727584203
1999-01-30,0.984783470630646,-6.44224580128988
1999-01-31,0.184221523193022,-8.65672850608826
1999-02-01,0.240730974202355,-6.13729166984558
1999-02-02,0.325435482586424,-0.784696519374847
1999-02-03,0.240268742665648,1.10075127581755
1999-02-04,1.77815191447735,4.1159432331721
1999-02-05,7.29174641768138,2.35028206308683
1999-02-06,4.48798497517904,-0.028839065382878
1999-02-07,2.75598949193954,-0.458260111510754
1999-02-08,2.14188854893049,-3.6893986860911
1999-02-09,3.82806597153346,-4.62919974327087
1999-02-10,1.03218635420005,-6.35717439651489
1999-02-11,0.562713188429674,-7.40385524431864
1999-02-12,1.45974418520927,-10.6224511464437
1999-02-13,4.21680144468943,-6.11674118041992
1999-02-14,2.30897930264473,-4.46480143070221
1999-02-15,0.0329515167201559,-5.48166577021281
1999-02-16,1.89684777458509,0.166371131626268
1999-02-17,4.03466429313024,-1.6572877963384
1999-02-18,3.73873579502106,-0.454573662330707
1999-02-19,14.5230371952057,3.53333093722661
1999-02-20,8.93249090512594,4.54310158888499
1999-02-21,11.1133389870326,4.0960255463918
1999-02-22,3.17043815056483,-0.0411872373272975
1999-02-23,3.67611825466156,-0.778225724895795
1999-02-24,1.56890305876732,-1.07274293402831
1999-02-25,0,-3.04426191250483
1999-02-26,0.000207557770446935,1.17543921868006
1999-02-27,0.0139138603311343,3.96517688035965
1999-02-28,0.188828432622055,3.11438433329264
1999-03-01,6.41875928640366,5.23568824927012
1999-03-02,2.69446997841199,7.98259460926056
1999-03-03,0.25189778006946,7.55535467465719
1999-03-04,3.74211609363556,4.35232603549957
1999-03-05,0.898764011760553,2.25298583507538
1999-03-06,0.546166177839041,1.58439920345942
1999-03-07,0.484246241549651,0.249371688192089
1999-03-08,15.8304665088654,2.90524433056513
1999-03-09,2.76408247152964,4.44687847296397
1999-03-10,6.38762942949931,6.94991481304169
1999-03-11,0.152532312165325,3.81298673152924
1999-03-12,0.00816501915687695,6.16651137669881
1999-03-13,0.003766569982569,8.15835765997569
1999-03-14,0.000722575751448555,8.0703688065211
1999-03-15,0.00255485351469057,6.38260761896769
1999-03-16,0,3.34588068723679
1999-03-17,1.26721608495473e-06,1.33642510573069
1999-03-18,0.146739815160496,0.82598631332318
1999-03-19,3.20170937975248,1.34021154046059
1999-03-20,0.618613384664059,2.28059618671735
1999-03-21,1.3668911755085,4.68398265043894
1999-03-22,4.42356942097346,3.96537005901337
1999-03-23,3.09548119703929,3.04493359724681
1999-03-24,0.000295117328126556,7.84520431359609
1999-03-25,0.000129018260660511,9.850687901179
1999-03-26,0.00213439531823193,9.28919665018717
1999-03-27,0.0766741152328905,7.83804722627004
1999-03-28,0.0637763107661158,4.58482106526693
1999-03-29,0.000457119424633371,5.75907671451569
1999-03-30,0.000110374381468622,6.3428985675176
1999-03-31,0,7.28275859355927
1999-04-01,0,8.97737264633179
1999-04-02,0.0106948771281168,8.81682467460632
1999-04-03,2.83038719495138,9.78755370775859
1999-04-04,7.54446931680044,9.60018754005432
1999-04-05,0.0184499627988165,9.32788197199504
1999-04-06,11.3485396703084,13.186331987381
1999-04-07,5.99991563955943,7.47224116325378
1999-04-08,0.354159028579791,6.60646160443624
1999-04-09,0.001449142850106,7.09751566251119
1999-04-10,0.374475823094447,8.8551820119222
1999-04-11,4.66061786810557,7.79505527019501
1999-04-12,1.4563073416551,6.62387990951538
1999-04-13,6.26760745048523,5.24610781669617
1999-04-14,0.217211843701079,7.58878636360168
1999-04-15,3.84035482009252,2.7568610906601
1999-04-16,12.890678246816,1.74534764885902
1999-04-17,2.16413653890292,2.71497581402461
1999-04-18,4.40001350641251,3.3373007774353
1999-04-19,1.67942089835803,3.1534250775973
1999-04-20,1.77377008398374,7.05268963177999
1999-04-21,2.63712976376216,8.62022614479065
1999-04-22,0.477976995830735,9.5043850739797
1999-04-23,0.419646690910061,11.0598724683126
1999-04-24,9.38200998306274,9.6277646223704
1999-04-25,0.000395113687166789,11.1759475866954
1999-04-26,0.13654210876363,12.472177584966
1999-04-27,1.28692005574703,12.1312150160472
1999-04-28,0,11.9356614748637
1999-04-29,0.0353258028626442,14.1189913749695
1999-04-30,0.00162406287078435,13.1026142438253
1999-05-01,0.305617342237383,13.9743974208832
1999-05-02,7.9467199005497e-05,13.7547692457835
1999-05-03,3.69838144062366e-05,15.3923061688741
1999-05-04,0.00710179147669502,13.8548155625661
1999-05-05,1.71777581299345,11.8165609836578
1999-05-06,4.22127759456635,10.592452843984
1999-05-07,2.01939125855764,14.5005184809367
1999-05-08,9.35957459608714,12.7709141572316
1999-05-09,0.00706235756903576,13.4665946165721
1999-05-10,6.8435142437617,16.1254506905874
1999-05-11,19.402752717336,12.7357484499613
1999-05-12,11.610587755839,12.8311688105265
1999-05-13,5.75113010406494,13.2937602996826
1999-05-14,5.90050395329793,11.5452535947164
1999-05-15,0.0228915612678975,11.2892143726349
1999-05-16,0.000895269001678874,9.31087390581767
1999-05-17,0.00378684703415881,13.1089588801066
1999-05-18,0.290444760583341,14.6971748669942
1999-05-19,3.55753475427628,13.6682427724202
1999-05-20,15.0202842553457,12.0957685311635
1999-05-21,54.9669761657715,11.5345099767049
1999-05-22,7.06262727578481,11.2277366320292
1999-05-23,0.00425624324998353,11.8551110426585
1999-05-24,1.13289497676305e-05,14.4327886104584
1999-05-25,1.10147638991475,16.0250391960144
1999-05-26,1.7679566857017e-05,16.7077878316243
1999-05-27,0.00185503172785199,19.314236164093
1999-05-28,0.185634998759876,19.6112051010132
1999-05-29,0.000208801252786846,20.3485941886902
1999-05-30,0.550537223617236,21.1856136322021
1999-05-31,0.0469279841830333,19.8996841112773
1999-06-01,0.534223764824371,20.5182917912801
1999-06-02,12.9850849707921,19.3131945927938
1999-06-03,7.53816068172455,18.1304936408997
1999-06-04,0.239359093829989,13.7778879006704
1999-06-05,0.0442364626408865,14.6012459595998
1999-06-06,7.75254301230113,11.0865523815155
1999-06-07,1.34528774023056,14.0879367192586
1999-06-08,8.78786528110504,11.4578633308411
1999-06-09,0.000142088225402404,13.8101244767507
1999-06-10,16.3982046445211,15.1301483313243
1999-06-11,1.79112927118937,13.3495496114095
1999-06-12,0.00549353829895457,15.3155639966329
1999-06-13,3.82531233628591,15.42023173968
1999-06-14,0.666377410292625,15.7125455538432
1999-06-15,0.27129232014219,15.9550387859344
1999-06-16,0.836872433622678,16.4241031805674
1999-06-17,5.86421489715576,16.9011125564575
1999-06-18,0.2383363203456,13.4448693593343
1999-06-19,0.311208282907804,11.4145137468974
1999-06-20,8.32201508680979,15.2155318260193
1999-06-21,5.09082241356373,10.7698423862457
1999-06-22,1.74934454262257,9.62272620201111
1999-06-23,0.00526642461879116,12.7093674341838
1999-06-24,7.96017957327422e-06,14.7197868029277
1999-06-25,0,16.5551082293193
1999-06-26,2.82005253434181,17.9174385070801
1999-06-27,2.86200038592021,17.1550393104553
1999-06-28,1.89903753995895,14.1735447247823
1999-06-29,1.46993586421013,17.5812451044718
1999-06-30,4.56838436921438,17.1264888445536
1999-07-01,0.341237044427544,18.067849000295
1999-07-02,1.54235955657593e-05,19.6551146507263
1999-07-03,0.0155084831252073,23.2561502456665
1999-07-04,0.0482472161141535,24.5373972256978
1999-07-05,23.529825925827,23.6467049916585
1999-07-06,3.1897867222627,15.8430724143982
1999-07-07,3.30060986677806,14.949435710907
1999-07-08,3.55618222554525,15.2444356282552
1999-07-09,11.1195056041082,15.5108699003855
1999-07-10,8.81843864917755,17.8450608253479
1999-07-11,25.6806456247966,18.1961353619893
1999-07-12,11.3990771770477,18.2765717506409
1999-07-13,8.5324768225352,19.1093015670776
1999-07-14,4.02335039774577,16.9501525561015
1999-07-15,0.502913865275332,15.6445978482564
1999-07-16,1.34121220558882,16.4512907663981
1999-07-17,3.13816402316055e-05,18.3902678489685
1999-07-18,0.000331497754814336,20.5743457476298
1999-07-19,8.29078209400177,20.4943186442057
1999-07-20,2.00316121180852,20.1563544273376
1999-07-21,4.64531883597374,19.8821805318197
1999-07-22,5.82548000415166,14.4313423633575
1999-07-23,7.81372209390004,12.3415452639262
1999-07-24,0,14.2023978233337
1999-07-25,0,17.3358136812846
1999-07-26,0,19.6215812365214
1999-07-27,0.000141549642042567,21.0896202723185
1999-07-28,0.0205499595698105,19.5952364603678
1999-07-29,0,18.6605696678162
1999-07-30,0,18.088924407959
1999-07-31,0.00175723771099001,18.6322574615479
1999-08-01,2.15869852884983e-05,18.8859589894613
1999-08-02,4.7297973651439e-05,18.7187531789144
1999-08-03,0.718639935056368,18.2537759145101
1999-08-04,0.75777039428552,20.5674935976664
1999-08-05,4.70637685060501,20.263196627299
1999-08-06,2.9571290910244,21.9947627385457
1999-08-07,0.214891921340798,18.9715112050374
1999-08-08,1.6545014778773,19.9489073753357
1999-08-09,4.00241554466387,21.0596777598063
1999-08-10,2.51853410899639,17.5581970214844
1999-08-11,12.0619942744573,15.8157910505931
1999-08-12,0.110079693001656,15.2127478122711
1999-08-13,0.0123572010734279,13.916617790858
1999-08-14,3.53999527295431,16.2917366027832
1999-08-15,0.989118181169033,15.988476117452
1999-08-16,10.0621110995611,14.3601995309194
1999-08-17,2.2540448953708,14.7341684500376
1999-08-18,3.91332864761353,16.4103662172953
1999-08-19,0.0937908042299872,16.0636330445607
1999-08-20,0.00453854208656897,14.8133351008097
1999-08-21,2.39457513089292e-05,14.6040288607279
1999-08-22,0,14.2229308287303
1999-08-23,0.000229149164321522,15.1705874602
1999-08-24,0.155747240176424,16.665847937266
1999-08-25,0.000144653337580773,19.859747727712
1999-08-26,0.505374200021227,18.9544672966003
1999-08-27,1.66748884816964,18.7717308998108
1999-08-28,7.6863728761673,16.2150282859802
1999-08-29,0.241328414374342,15.6304585933685
1999-08-30,0.00113883717616166,14.8297442595164
1999-08-31,0.00234582513803616,15.8277979691823
1999-09-01,0.180910830778885,15.1638639767965
1999-09-02,0.295025904430076,14.1034468809764
1999-09-03,0.00109355494108361,15.6632738113403
1999-09-04,0.0127578329605361,16.4700463612874
1999-09-05,0.0388654561247677,16.1362890402476
1999-09-06,2.49143115679423,16.7382445335388
1999-09-07,0.281947742216289,16.576779683431
1999-09-08,0.00270009313438398,16.7865703900655
1999-09-09,0.000368024605795843,17.229395866394
1999-09-10,0,17.7314898173014
1999-09-11,5.22235538369387e-07,17.4687857627869
1999-09-12,7.51147725471431e-06,18.2684526443481
1999-09-13,0,18.2274532318115
1999-09-14,0,17.9743517239888
1999-09-15,0.00158133050717879,17.7281171480815
1999-09-16,0.242454141378403,14.816669066747
1999-09-17,4.0433323631684,15.8458627065023
1999-09-18,0.0176556059159338,15.0647028287252
1999-09-19,0,17.3392152786255
1999-09-20,10.7742951711019,16.1630650361379
1999-09-21,0.175993870943785,13.9824378490448
1999-09-22,0.00113787695590872,17.2705853780111
1999-09-23,4.78302562236786,16.5094653765361
1999-09-24,0.38922506198287,16.9115805625916
1999-09-25,8.88540295759837,15.7062931060791
1999-09-26,7.64381901423136,13.3402693271637
1999-09-27,1.87181907892227,13.776158730189
1999-09-28,3.61544426282247,12.6427004337311
1999-09-29,7.36061680316925,13.9645771185557
1999-09-30,2.38835248351097,12.8642485141754
1999-10-01,0.0461629082759221,11.7259599367778
1999-10-02,1.76636095841726,13.7804192701975
1999-10-03,16.9441249370575,8.97735047340393
1999-10-04,2.05083241313696,8.03202752272288
1999-10-05,3.35895603895187,6.63926911354065
1999-10-06,0.214060705155134,6.52436578273773
1999-10-07,0.0131122797399712,5.71275281906128
1999-10-08,2.29186312357585,8.71555932362874
1999-10-09,0.738965857153138,11.4065919717153
1999-10-10,0.174166773911566,11.5115170478821
1999-10-11,0.0211995798496597,11.7839442094167
1999-10-12,0.0302390635479242,10.4972178141276
1999-10-13,0.00316588214870232,8.48433184623718
1999-10-14,5.72072622162523e-06,7.98032569885254
1999-10-15,4.39434430366722e-05,6.98539507389069
1999-10-16,3.40454486528567e-06,4.61131966114044
1999-10-17,3.30421638257879e-06,3.1811846892039
1999-10-18,8.67150879457768e-06,2.97767853736877
1999-10-19,0.456122605750958,2.95933216810226
1999-10-20,0.00114322487812994,5.49845321973165
1999-10-21,0.35615353907148,7.0482318798701
1999-10-22,0.0547271163280432,9.42668000857035
1999-10-23,0.191819047555327,8.75388749440511
1999-10-24,0.109259672773381,8.7747376759847
1999-10-25,3.60941171646118,9.07379182179769
1999-10-26,0.00105320804065438,10.3153651555379
1999-10-27,0.00508885769644015,8.05055852731069
1999-10-28,14.5830814043681,10.8547281424205
1999-10-29,0.686062231659889,11.4039117495219
1999-10-30,2.29923949639002,13.209859530131
1999-10-31,0.00894742186210351,8.22847604751587
1999-11-01,0.0210972997980813,8.4293684164683
1999-11-02,4.51717720429103,11.2954058647156
1999-11-03,1.31092097237706,6.92826676368713
1999-11-04,0.0155814142587284,6.81062650680542
1999-11-05,0.132105232526859,8.4011123975118
1999-11-06,4.05440308650335,5.58135867118835
1999-11-07,1.75076310833295,4.55214242140452
1999-11-08,4.78335400422414,5.17112235228221
1999-11-09,26.1025567054749,4.49842840433121
1999-11-10,16.6237742900848,2.53626375397046
1999-11-11,0.117895649008763,2.96258068084717
1999-11-12,0.00121268468986576,2.50461214780807
1999-11-13,0.00710211020971959,1.15336386859417
1999-11-14,3.08381702502569,0.983122701446215
1999-11-15,0.029637885997848,-0.750069682796796
1999-11-16,0.0188541557096566,-1.00599760313829
1999-11-17,2.4444231291612,-0.30662690444539
1999-11-18,2.43658557534218,-0.753615587949753
1999-11-19,0.34341436624527,-2.20442682504654
1999-11-20,0.00570886005880311,-3.99546603361766
1999-11-21,0.0133088673076903,-4.7751273115476
1999-11-22,6.95250793298086,-3.10050529241562
1999-11-23,9.60010699431101,-0.315989129245281
1999-11-24,0.0829327000925938,1.07098470131556
1999-11-25,0.00306595186702907,0.768798654278119
1999-11-26,1.0093209008725e-05,-1.36067798733711
1999-11-27,1.47617363002913e-05,0.772460214793682
1999-11-28,0,-0.529174049695333
1999-11-29,0.000140853226184845,-2.00990911324819
1999-11-30,0.00054711416836047,-1.28347769379616
1999-12-01,1.1079337199529,4.42306125164032
1999-12-02,2.82879340648651,4.86251533031464
1999-12-03,0.870918244123459,5.89019072055817
1999-12-04,19.1227418581645,2.39105739196142
1999-12-05,0.457163525124391,-0.0160719181100527
1999-12-06,0.00169991285921848,-0.164335917875481
1999-12-07,0.877083424478769,3.45982668797175
1999-12-08,0.00139075454111056,4.66954902807872
1999-12-09,0.00630429294445397,4.40112640460332
1999-12-10,0.282972586651643,3.67258505026499
1999-12-11,2.10319016377131,4.29783777395884
1999-12-12,1.47967161983252,6.7963707447052
1999-12-13,2.3637382487456,2.50022548437119
1999-12-14,10.0122426748276,1.46633085608482
1999-12-15,5.1548734108607,-1.36787598828475
1999-12-16,0.0504479970162114,-3.72976662715276
1999-12-17,2.04887209832668,-2.79772583643595
1999-12-18,27.9700956344604,3.00894625981649
1999-12-19,7.57364165782928,-1.37873818476995
1999-12-20,0.809144631028175,-3.46072381734848
1999-12-21,0.032980099087581,-5.85354193051656
1999-12-22,0.00516128967160512,-8.97720066706339
1999-12-23,0.000251108627708163,-4.71001315116882
1999-12-24,0.186912097036839,-0.468529937167962
1999-12-25,9.55095704396566,3.07543390989304
1999-12-26,4.26249353090922,3.72231664260228
1999-12-27,5.93874512116114,1.73388528823853
1999-12-28,6.08937764167786,0.0160359578828017
1999-12-29,0.862219162285328,-0.270124128398796
1999-12-30,0.181908406317234,-1.61337540050348
1999-12-31,0.47811466952165,-1.55734946330388
2000-01-01,1.03335304061572,1.11656026045481
2000-01-02,0.0132375408187121,0.787538001934687
2000-01-03,1.29219661175739e-05,-0.558305001817644
2000-01-04,0.868624185522397,2.54518903295199
2000-01-05,0.0752242448118826,3.15203293164571
2000-01-06,0.0456530825758819,0.998831190168858
2000-01-07,0.000797352600784507,2.30110257863998
2000-01-08,0.370763387531042,1.45566080013911
2000-01-09,3.81158961852392,1.52804687619209
2000-01-10,0.00311511668466361,0.763695312043031
2000-01-11,0.0248794304344907,-0.0963117356101672
2000-01-12,0.000131277723085077,-2.34327377875646
2000-01-13,6.31158767040082e-05,-2.75199823578199
2000-01-14,0.0044834337119634,-3.97811730702718
2000-01-15,0.00794267778595289,-4.59208293755849
2000-01-16,0.0246731629158603,-2.81637026866277
2000-01-17,2.94466339051723,1.47837337851524
2000-01-18,4.06597246726354,2.38862318793933
2000-01-19,0.00975820592915018,-1.30684040983518
2000-01-20,0.51486324518919,-0.707729255780578
2000-01-21,6.08716460069021,0.384858931104342
2000-01-22,4.02620820204417,0.208188999133805
2000-01-23,1.43217676753799,-2.53353633483251
2000-01-24,0.00886586046059771,-11.4567646185557
2000-01-25,0,-13.4182921250661
2000-01-26,0,-11.2244826952616
2000-01-27,0,-7.90275053183238
2000-01-28,0.00191778037212013,-1.00315296649933
2000-01-29,4.85671991109848,4.40362668037415
2000-01-30,8.26941521962484,7.09779345989227
2000-01-31,0.204533752053976,6.65476632118225
2000-02-01,3.96711129724281e-06,4.97664364178975
2000-02-02,2.33256219824155,5.56525282065074
2000-02-03,0.0264339403462751,3.11421332756678
2000-02-04,4.30759151776632,2.60927486419678
2000-02-05,0.806170051296552,4.79667480786641
2000-02-06,0,4.82331299781799
2000-02-07,0.367178313434124,5.9414568344752
2000-02-08,8.84783967336019,8.72514724731445
2000-02-09,1.70402006867031,2.81060129404068
2000-02-10,4.88766513268153,4.17820678154628
2000-02-11,1.01863319426775,1.13615198433399
2000-02-12,1.48468066751957,0.664377860724926
2000-02-13,5.68310038248698,2.74992577234904
2000-02-14,3.47029819091161,1.95793747901917
2000-02-15,4.90187505880992,5.50403678417206
2000-02-16,2.05293554067612,1.94292347629865
2000-02-17,1.50156415005525,-0.363357099394004
2000-02-18,3.8488904039065,1.2387070953846
2000-02-19,4.39635235071182,2.56968528032303
2000-02-20,3.95258038242658,-0.329874132604649
2000-02-21,0.659868293752273,-2.13592419028282
2000-02-22,0.0121771569786991,-0.375346804192911
2000-02-23,0.046647420929124,1.43143447240194
2000-02-24,2.86158320804437,3.48076413075129
2000-02-25,3.49965444207191,4.74653204282125
2000-02-26,0.000822036400980627,2.89603271087011
2000-02-27,1.63422312956148e-06,4.29014144341151
2000-02-28,2.88603642582893,8.75728042920431
2000-02-29,4.00076538324356,6.2292838493983
2000-03-01,5.35383898019791,3.83893346786499
2000-03-02,0.609045593688885,1.29360072314739
2000-03-03,7.47458966573079,5.25214791297913
2000-03-04,1.24592020114263,0.594706717257698
2000-03-05,0.0649616347315411,-0.931834583481153
2000-03-06,0.00159066190644808,0.860545342167219
2000-03-07,0.263796467334032,5.35719704627991
2000-03-08,0.771688471237818,7.82318679491679
2000-03-09,1.92825714747111,10.4203743934631
2000-03-10,0.599972130730748,7.20271329085032
2000-03-11,0.155659635551274,7.76227883497874
2000-03-12,1.53601613419596e-05,4.3272819519043
2000-03-13,0.253899929424127,4.63309073448181
2000-03-14,9.87108262379964,7.34279485543569
2000-03-15,1.25857512652874,2.47356943289439
2000-03-16,10.8396793206533,3.66319145758947
2000-03-17,17.4014370441437,5.08274885018667
2000-03-18,10.2258621851603,4.07712018489838
2000-03-19,0.233426689170301,3.05296691258748
2000-03-20,3.79230725684465e-05,3.0737343231837
2000-03-21,0,4.80134852727254
2000-03-22,0,6.48518757025401
2000-03-23,0.00034543419375647,9.46035321553548
2000-03-24,2.50682452321053,9.47858556111654
2000-03-25,0.12078694246884,7.72200918197632
2000-03-26,5.4004054069519,5.02145568529765
2000-03-27,8.40318576494853,3.76215102275213
2000-03-28,0.0508738876669668,4.11451625823975
2000-03-29,12.141250371933,5.27219152450562
2000-03-30,16.3456763426463,2.33646464347839
2000-03-31,0.00605087327615668,4.45102556546529
2000-04-01,1.06055301924547,3.52087752024333
2000-04-02,1.10372857307084e-05,6.73060894012451
2000-04-03,0.0676823124910394,10.8881706396739
2000-04-04,1.68183225890001,9.49677697817484
2000-04-05,5.46423051754634,7.27645047505697
2000-04-06,0.000213335501030087,1.67744249105453
2000-04-07,1.60436134895766e-07,3.94393875201543
2000-04-08,5.66698872717097e-06,6.16536732514699
2000-04-09,0,7.30433690547943
2000-04-10,0.0682584149762988,7.79986401398977
2000-04-11,4.99543595314026,7.36782638231913
2000-04-12,3.42246238390605,5.03862877686818
2000-04-13,4.23987682660421,6.20356742540995
2000-04-14,0.0023457945935661,10.0731712182363
2000-04-15,0.309973200705523,7.49949097633362
2000-04-16,6.26831800521662e-05,10.0442451635996
2000-04-17,6.16648483276367,8.54162120819092
2000-04-18,0.0334836620216568,8.35243693987528
2000-04-19,0.00175246911142798,9.18295892079671
2000-04-20,2.82952381288245e-06,11.1123425960541
2000-04-21,0,14.6989843845367
2000-04-22,8.46986881697376e-06,16.6318333943685
2000-04-23,1.10653081567337,16.4664053916931
2000-04-24,0.647330765922864,8.82710059483846
2000-04-25,4.75788286469954e-05,11.2422134081523
2000-04-26,0,14.9229540030162
2000-04-27,2.81467582681216e-05,15.2022240956624
2000-04-28,0.00806140431571597,17.0251185099284
2000-04-29,5.197984735171,14.7986150582631
2000-04-30,0.093112719982552,14.2625067234039
2000-05-01,10.0722482403119,14.3986521561941
2000-05-02,0.0307242712782075,15.5724898974101
2000-05-03,7.07666165630023,15.2777330080668
2000-05-04,2.80021037658056,14.4617699782054
2000-05-05,0.002244199354512,14.8072106043498
2000-05-06,4.45603091518084,15.6252856254578
2000-05-07,0.189089779693556,16.6127740542094
2000-05-08,16.045477549235,16.2175299326579
2000-05-09,2.37938055155003e-05,17.8055140177409
2000-05-10,4.35664242104394e-06,19.4731723467509
2000-05-11,0.868860850731532,20.4762167930603
2000-05-12,19.8543515205383,15.0907905101776
2000-05-13,0.014792619011132,14.8992201487223
2000-05-14,1.77945761000349e-06,15.9203046957652
2000-05-15,4.96223606205604e-06,17.4480450948079
2000-05-16,0.0467430413312589,19.0521912574768
2000-05-17,9.12862722078959,17.6455965042114
2000-05-18,6.26886606216431,11.2899172306061
2000-05-19,1.15393166740735,10.1013702551524
2000-05-20,0.880947704116503,8.35103909174601
2000-05-21,5.61037862300873,11.4483904838562
2000-05-22,0.862562326093515,9.63452426592509
2000-05-23,0.00162287709423718,12.5731819470723
2000-05-24,4.84052407045965e-06,15.5396939118703
2000-05-25,0.0105963750199104,16.0362649758657
2000-05-26,0.908516816484431,17.3490880330404
2000-05-27,0.384711711357037,11.3683269818624
2000-05-28,1.81554503242175,12.0478548208872
2000-05-29,4.35736829042435,9.63129909833272
2000-05-30,28.3098398844401,10.8653909365336
2000-05-31,4.79074174165726,10.3183774153392
2000-06-01,0.00191875876885206,14.8805198669434
2000-06-02,0.000623581559769567,19.4046012560527
2000-06-03,0.2106059648407,21.52166112264
2000-06-04,1.93544146915277,20.2280864715576
2000-06-05,14.8995631933212,20.1175026893616
2000-06-06,6.43825161457062,12.7668397426605
2000-06-07,0.0427392651132929,12.904639005661
2000-06-08,7.03898084945346e-06,16.3089134693146
2000-06-09,3.28945728445736e-05,21.0867732365926
2000-06-10,0.00696664202647905,22.1213788986206
2000-06-11,1.12695027919835,20.5331942240397
2000-06-12,0.00112272793194279,18.6264212926229
2000-06-13,15.8879082202911,21.5534504254659
2000-06-14,3.26294162869453,19.8134988149007
2000-06-15,0.199725799039394,17.0541400909424
2000-06-16,0.00167788100043254,13.7272279262543
2000-06-17,0,13.9665488402049
2000-06-18,0,18.0215018590291
2000-06-19,3.99023823168439e-06,21.4207693735758
2000-06-20,0.000539268832653761,23.0487071673075
2000-06-21,0.00848181049029032,23.6583800315857
2000-06-22,10.1989045143127,21.1053600311279
2000-06-23,2.77612425883611,15.8922156492869
2000-06-24,5.69758921861649,12.589639266332
2000-06-25,1.59783930579821,11.5225400924683
2000-06-26,0.167999137348185,11.983333269755
2000-06-27,4.58535942016169e-05,13.2972264289856
2000-06-28,0.0205191640028109,15.3081760406494
2000-06-29,0.00860899170705428,15.0315237840017
2000-06-30,2.77387783474599e-05,16.733623345693
2000-07-01,2.56531589229902,19.7394165992737
2000-07-02,9.20299343268077,21.7918480237325
2000-07-03,7.1534655491511,18.6613696416219
2000-07-04,4.24793962637583,17.0743198394775
2000-07-05,0.172364960735043,17.4830772082011
2000-07-06,2.4283101161321,18.8221955299377
2000-07-07,19.8799409866333,17.2342314720154
2000-07-08,0.689007294674714,12.0290884971619
2000-07-09,6.18944235642751,12.5682254632314
2000-07-10,4.05775425831477,14.284759759903
2000-07-11,7.18556308746338,12.7793177763621
2000-07-12,1.54134700695674,11.4798075358073
2000-07-13,2.78160760800044,12.0779620806376
2000-07-14,22.445955435435,11.3482081095378
2000-07-15,6.57711168130239,10.1424358685811
2000-07-16,4.8253645102183,10.7681146462758
2000-07-17,0.142293207036952,13.3172907829285
2000-07-18,0.0612562898701678,14.750476360321
2000-07-19,0.689348623156548,14.0586816469828
2000-07-20,8.19591756832475e-06,14.4955499172211
2000-07-21,1.94495866405002e-06,15.6803673108419
2000-07-22,0.000157359516985404,16.6244320869446
2000-07-23,3.95391011238098,17.1449235280355
2000-07-24,6.66107205549876,18.1005522410075
2000-07-25,0.65582278991739,18.2097953160604
2000-07-26,1.40326151251793,16.7082484563192
2000-07-27,5.7811104853948,18.4305583635966
2000-07-28,11.7346158822378,14.2595967451731
2000-07-29,15.4809594551722,14.1023480892181
2000-07-30,5.23602209488551,14.7126932938894
2000-07-31,0.00480644496080155,16.8686134020487
2000-08-01,0.000334451634747287,19.7094820340474
2000-08-02,4.48741573095322,18.0933980941772
2000-08-03,5.51579187313716,15.3377904891968
2000-08-04,3.07488894462585,15.0957554181417
2000-08-05,17.4049918651581,15.0739324887594
2000-08-06,25.3169901371002,14.9998576641083
2000-08-07,3.13196672995885,15.1966761747996
2000-08-08,8.87385276953379,16.3717651367188
2000-08-09,0.000783612312564704,17.3482389450073
2000-08-10,6.73743185567825e-05,19.5216455459595
2000-08-11,0.000185267266715528,19.7521085739136
2000-08-12,0.061706001831529,20.3567039171855
2000-08-13,0,20.6789398193359
2000-08-14,0.000368219377075244,21.1890535354614
2000-08-15,1.56492891907692,21.2089355786641
2000-08-16,0.000327412543507914,20.6362012227376
2000-08-17,7.7784202893575,20.7487215995789
2000-08-18,6.5965313911438,18.9082463582357
2000-08-19,0.00126057979196048,22.0233294169108
2000-08-20,5.9835958480835,23.8377795219421
2000-08-21,19.2107310295105,18.3069063822428
2000-08-22,0.027445727486338,16.2230939865112
2000-08-23,1.94007316167699e-06,17.2343923250834
2000-08-24,1.94007316167699e-06,18.6201868057251
2000-08-25,1.94007316167699e-06,17.5027669270833
2000-08-26,0.0187162940322499,18.0653295516968
2000-08-27,2.9759329756101,15.8949699401855
2000-08-28,0.0204547290535023,14.9436082839966
2000-08-29,4.90930542582646e-05,15.442499478658
2000-08-30,7.17845429976781,16.888933022817
2000-08-31,16.1811291873455,15.6287180582682
2000-09-01,3.09277828534444,16.2076647281647
2000-09-02,2.37910614411036,13.1272916793823
2000-09-03,3.73838046193123,12.0302293300629
2000-09-04,7.9499089717865,11.022242307663
2000-09-05,0.0609180963753412,11.5258750915527
2000-09-06,11.011455933253,12.1517467498779
2000-09-07,1.01686776677767,11.6687340736389
2000-09-08,0.00556395819330646,13.0333438714345
2000-09-09,0,14.8665096759796
2000-09-10,2.02594992515515e-06,16.1653326352437
2000-09-11,0.000134597672513337,16.4086571534475
2000-09-12,0.0355233104589085,16.9032845497131
2000-09-13,9.68908349672953,15.4365797837575
2000-09-14,0.000382896449688512,15.6630875269572
2000-09-15,0.000255343463019623,17.6891579627991
2000-09-16,13.5096837679545,13.3351323604584
2000-09-17,1.49411469201247,11.9293807347616
2000-09-18,0.0290957133038319,12.3467793464661
2000-09-19,7.53675267333165e-05,11.9744351704915
2000-09-20,22.8383002281189,12.9809783299764
2000-09-21,63.5415391921997,10.6033353010813
2000-09-22,0.203421300277114,11.2056769529978
2000-09-23,0.00953698796608175,10.3861714998881
2000-09-24,0.0348749879437188,10.1267906824748
2000-09-25,0.414415905872981,13.3931967417399
2000-09-26,0.0940677655938392,14.2744872570038
2000-09-27,0.0969587412061325,15.1614119211833
2000-09-28,0.0089154579861012,15.918496131897
2000-09-29,4.41556912846863e-05,15.2755935986837
2000-09-30,0.582066712280115,14.588169336319
2000-10-01,3.58238826195399,13.2163432439168
2000-10-02,8.07479242483775,11.365615049998
2000-10-03,0.237013986955086,10.866886138916
2000-10-04,0.00790820830540421,11.4475503762563
2000-10-05,7.29338518778483,11.4262332121531
2000-10-06,7.51417303085327,7.76628295580546
2000-10-07,5.76932974656423,5.52139035860697
2000-10-08,1.23357415695985,6.46272488435109
2000-10-09,1.03949360797803,7.05623229344686
2000-10-10,0.274700661189854,6.94807350635529
2000-10-11,21.2449981371562,8.36748540401459
2000-10-12,0.515592227379481,10.0496437549591
2000-10-13,0.00857286314324786,11.2638379732768
2000-10-14,0.0382362740347162,11.0265992482503
2000-10-15,0.00805239730592196,14.3317206700643
2000-10-16,0.0416196713534494,11.3490629196167
2000-10-17,0.552234979967276,10.0479673544566
2000-10-18,1.03358074525992,8.96215907732646
2000-10-19,3.14495795965195,9.93709214528402
2000-10-20,0.094134356516103,9.86824488639832
2000-10-21,0.0322147455687324,9.52869701385498
2000-10-22,0.0225086769787595,8.73772589365641
2000-10-23,0.0842782719691968,9.36737791697184
2000-10-24,0.782611240943273,11.335675239563
2000-10-25,0.161614735300342,12.7486252784729
2000-10-26,3.97806791464488,9.65848120053609
2000-10-27,0.0206795644383722,8.90700125694275
2000-10-28,0.000138364150188863,9.37600088119507
2000-10-29,0.00104167121207865,8.41787846883138
2000-10-30,3.68343249956767,9.76727390289307
2000-10-31,7.8562186161677,7.15355181694031
2000-11-01,2.83274951774122e-05,6.8115535179774
2000-11-02,0.377066658809781,8.96190929412842
2000-11-03,1.71740558743477,7.98490043481191
2000-11-04,0.515884436046084,4.54600356022517
2000-11-05,0.00310356552229981,4.29996518294017
2000-11-06,3.96022681395213,6.24740028381348
2000-11-07,0.298002538581689,6.34698903560638
2000-11-08,0.0125193855298373,5.8763192097346
2000-11-09,0.0500430445342014,6.16294507185618
2000-11-10,0.0700185208988842,3.98467955986659
2000-11-11,0.00540992478575693,2.85471451282501
2000-11-12,0.000514152881654203,5.83465627829234
2000-11-13,0.106708628280709,7.32863759994507
2000-11-14,12.690303961436,5.87743691603343
2000-11-15,0.674171571542198,5.21100358168284
2000-11-16,4.6710955897967,3.87452797094981
2000-11-17,3.05868957440058,3.01847835381826
2000-11-18,0.189075658097863,1.52765757838885
2000-11-19,2.86680973569552,1.84074453512828
2000-11-20,6.93727000554403,3.86412650346756
2000-11-21,1.58100733160973,2.4283642967542
2000-11-22,0.0764727106628319,5.71821351846059
2000-11-23,0.712673450509707,4.64691297213237
2000-11-24,6.41424254576365,4.69454423586528
2000-11-25,2.1601812740167,2.536747554938
2000-11-26,1.4676765302817,4.24514691034953
2000-11-27,2.56689004103343,3.24251806735992
2000-11-28,1.04907854894797,6.17372894287109
2000-11-29,0.0911543183028698,4.62113523483276
2000-11-30,0.0507833539353063,4.99932730197906
2000-12-01,0.00333386888087261,2.87513554096222
2000-12-02,0.028790305465615,4.3940102259318
2000-12-03,0.0395695441402495,5.2462633450826
2000-12-04,0.455092546840509,4.57842767238617
2000-12-05,0.0205453669962784,4.28266898790995
2000-12-06,0.0148057641248064,3.0530486702919
2000-12-07,0.348731306691964,4.58290934562683
2000-12-08,0.33340726668636,7.41313902537028
2000-12-09,1.50475709140301,6.38008896509806
2000-12-10,2.13535433014234,7.22578700383504
2000-12-11,0.0359526757965796,8.64633893966675
2000-12-12,0.033566006536906,9.20540086428324
2000-12-13,3.11688278316069e-05,9.46454628308614
2000-12-14,1.00528663396835,6.51168950398763
2000-12-15,3.38035368919373,3.4845615029335
2000-12-16,2.35181939601898,1.38696253299713
2000-12-17,1.04843490819136,1.99735169609388
2000-12-18,9.01278913021088,1.88440243403117
2000-12-19,2.93981079260508,3.08154308795929
2000-12-20,0.000150028469458145,-0.665236301720142
2000-12-21,0.00208694722581034,-3.48476451635361
2000-12-22,0.000312408662769788,-4.90458981196086
2000-12-23,0.00716091036641349,-3.63306355476379
2000-12-24,0.439494671920935,-2.50354784727097
2000-12-25,2.561174929142,0.770378602047761
2000-12-26,0.0598182033669824,1.90706860025724
2000-12-27,0.0319575005754208,0.783050552010536
2000-12-28,2.23249424497286,-0.458019886165857
2000-12-29,2.03246943155924,-0.984734639525414
2000-12-30,0.921637818217278,-1.81109513839086
2000-12-31,0.0625456333509646,-4.04435908794403
2001-01-01,1.04627128193776,-1.69338848193487
2001-01-02,5.13614034156005,2.74105823040009
2001-01-03,0.210104248137213,2.42928250630697
2001-01-04,0.573542108138402,2.700244029363
2001-01-05,7.96779511372248,4.52353727817535
2001-01-06,19.5806701978048,4.83083673318227
2001-01-07,13.2621701955795,1.65611877044042
2001-01-08,3.60991950829824,1.55249253412088
2001-01-09,0.0496665294437359,-0.661679732302825
2001-01-10,2.94658160209656,0.681750081479549
2001-01-11,2.27734665075938,2.50473936398824
2001-01-12,0.00122708552589756,-0.972181305289268
2001-01-13,0.000218080747496667,-4.03614836931229
2001-01-14,2.0698009999857e-05,-4.57712499300639
2001-01-15,0.000105681725168931,-6.50978155930837
2001-01-16,0.000106851813749624,-6.10975142319997
2001-01-17,0.00252198639706573,-3.63043944040934
2001-01-18,0.00133492757837909,-3.40420345465342
2001-01-19,0.61427420626084,-2.56082999706268
2001-01-20,0.490873957673709,-0.596400779982408
2001-01-21,1.88464876015981,-1.63799196481705
2001-01-22,1.76858825484912,1.20363642772039
2001-01-23,1.2044715632995,3.79410795370738
2001-01-24,3.42681572834651,4.4036826690038
2001-01-25,1.68483948210875,3.34949566920598
2001-01-26,0.18675356109937,1.48992855350177
2001-01-27,0.494366113096476,1.75648797551791
2001-01-28,0.0250155090955862,0.10934319657584
2001-01-29,0.00275452768740555,-1.00784874955813
2001-01-30,0.0157847713659673,-0.212397909878443
2001-01-31,0.23575463766853,-0.942871980369091
2001-02-01,1.8124985297521,-2.20193963249524
2001-02-02,8.31791146596273,-2.4867304166158
2001-02-03,12.8052288691203,1.79182912906011
2001-02-04,1.7839215695858,4.97650523980459
2001-02-05,1.1337982416153,7.31127961476644
2001-02-06,0.000642920305229685,8.09442687034607
2001-02-07,0.00132418786233757,7.71381771564484
2001-02-08,0.00978698620262245,6.21108615398407
2001-02-09,1.50281987587611,4.29100147883097
2001-02-10,0.00185394378301377,1.32916471362114
2001-02-11,0.00024707358534215,3.2938219110171
2001-02-12,0.164711817633361,5.54936913649241
2001-02-13,1.05332729717096,3.9718865553538
2001-02-14,2.63691969545713e-05,1.92991786201795
2001-02-15,0.0154680643657533,2.22209990024567
2001-02-16,0.30343970656395,3.40741819143295
2001-02-17,0.0128260934725404,2.31045238176982
2001-02-18,0.0239267813716045,1.6806508799394
2001-02-19,1.80076302091281,1.94588519136111
2001-02-20,0.456106420606375,1.72748404741287
2001-02-21,2.61259392897288,2.90922047694524
2001-02-22,5.72664209206899,2.81225788593292
2001-02-23,4.63401424884796,0.0839187825719516
2001-02-24,1.78583336869876,-2.66908625761668
2001-02-25,0.215154286396379,-4.27496653795242
2001-02-26,0.418963671972354,-4.34234939018885
2001-02-27,4.70664135718835e-05,-1.84836389621099
2001-02-28,0.000437087283595853,-1.01985032359759
2001-03-01,1.68471654132009,0.49147049151361
2001-03-02,6.89381937185923,1.71473171313604
2001-03-03,9.77786183357239,1.27204947670301
2001-03-04,17.2397429943085,3.85285596052806
2001-03-05,0.031944853408883,2.4604096810023
2001-03-06,0.00143827232144152,1.05610206226508
2001-03-07,1.34508688251177,3.73021113872528
2001-03-08,12.6661098798116,7.51246074835459
2001-03-09,1.4196568330129,7.44806297620138
2001-03-10,2.85175494352976,7.41404453913371
2001-03-11,5.81396385033925,9.41822417577108
2001-03-12,9.61253841718038,9.70018442471822
2001-03-13,2.48028125365575,6.36011711756388
2001-03-14,7.02221262454987,3.96518774827321
2001-03-15,0.458393653233846,8.26502052942912
2001-03-16,0.981844656169415,9.51837396621704
2001-03-17,5.6972749431928,8.372549811999
2001-03-18,3.28241165479024,8.6324671904246
2001-03-19,0.366067844132582,4.04947451750437
2001-03-20,19.4219816525777,1.61483098069827
2001-03-21,11.7940399646759,6.83285947640737
2001-03-22,5.20204915603002,8.75040419896444
2001-03-23,13.7962079048157,9.79597345987956
2001-03-24,13.7132001717885,10.8587308724721
2001-03-25,6.65711120764414,8.84729552268982
2001-03-26,0.0215060486613462,2.24321438868841
2001-03-27,0.0795203044569159,1.85234627127647
2001-03-28,1.16471387942632,5.82094554106394
2001-03-29,2.20356253782908,6.80838143825531
2001-03-30,1.6852222631375,5.35346078872681
2001-03-31,2.35150203783026e-06,6.25417272249858
2001-04-01,0,8.51226619879405
2001-04-02,0,10.2897485097249
2001-04-03,2.44908709040222e-05,10.4439186255137
2001-04-04,4.6249874830246,9.07172044118246
2001-04-05,0.62115749468406,5.99206328392029
2001-04-06,6.77054889996846,8.92689871788025
2001-04-07,7.35395834843318,6.15443738301595
2001-04-08,2.02559303243955,5.85426219304403
2001-04-09,2.24433426062266,6.45525459448497
2001-04-10,7.47263350089391,7.03187211354574
2001-04-11,0.66556212430199,6.77482795715332
2001-04-12,0.139293974575897,6.0374896923701
2001-04-13,0.259287286549807,0.967065736651421
2001-04-14,1.88099963466326,0.642695629348358
2001-04-15,5.70831976334254,2.46462025245031
2001-04-16,4.65676674246788,4.07087055842082
2001-04-17,0.919580083340406,3.99377119541168
2001-04-18,4.14327363173167,4.87096452713013
2001-04-19,0.708007608850797,3.00940116246541
2001-04-20,7.66125802199046,1.71273132165273
2001-04-21,10.7380251089732,1.42726918061574
2001-04-22,2.08964488903681,2.56399171551069
2001-04-23,0.00170631419556836,5.24341599146525
2001-04-24,0.00922887310540924,9.85357968012492
2001-04-25,0.333342722927531,9.48890233039856
2001-04-26,0.280406430674096,7.74113992849986
2001-04-27,1.87141746282578,9.69658652941386
2001-04-28,0.126849307057758,10.5498592853546
2001-04-29,0.0115651073283516,13.2364985942841
2001-04-30,2.92858749162406e-06,16.0234212080638
2001-05-01,0,17.0729471842448
2001-05-02,7.67735537010594e-05,18.1871938705444
2001-05-03,0.320904983207583,16.9188758532206
2001-05-04,0.0712958820319424,15.3065142631531
2001-05-05,4.91283186276754,11.0190910498301
2001-05-06,1.57746114333471,7.89884249369303
2001-05-07,0.0201665742012362,9.60696236292521
2001-05-08,0.000355446742711744,10.8604603608449
2001-05-09,0.000292415180107734,14.0127553145091
2001-05-10,0.00342110864585266,15.0616311232249
2001-05-11,0.00715916608290475,14.7689227263133
2001-05-12,0,14.6555282274882
2001-05-13,0.0243925381764711,15.377844731013
2001-05-14,13.1024255355199,15.7809798717499
2001-05-15,1.36856457591057,13.1384127140045
2001-05-16,2.59660963217417,15.2339262167613
2001-05-17,6.2811580101649,14.1438831488291
2001-05-18,18.8959771792094,9.30255834261576
2001-05-19,0,10.6655502319336
2001-05-20,0,13.4075748125712
2001-05-21,0,15.4620520273844
2001-05-22,0,14.7269372145335
2001-05-23,0.00118010019832582,15.9246433575948
2001-05-24,0.0748086017168437,17.6623118718465
2001-05-25,0.0196519354358315,16.9659787813822
2001-05-26,3.74148759381872e-07,17.3151701291402
2001-05-27,0,19.939189751943
2001-05-28,0.000314333971346059,20.6850301424662
2001-05-29,0,21.2794631322225
2001-05-30,1.26682697733243,19.2792393366496
2001-05-31,9.00766559441884,15.992040793101
2001-06-01,0.653647800286611,11.7942701180776
2001-06-02,5.92342456181844,11.0485263665517
2001-06-03,2.50616602102915,7.11737910906474
2001-06-04,0.0654135365427161,9.12331883112589
2001-06-05,1.70500157897671,13.3172352313995
2001-06-06,11.6760947902997,12.7626330852509
2001-06-07,0.272575053075949,15.1053053538005
2001-06-08,16.4192140102386,13.0191757678986
2001-06-09,11.7778689463933,11.6221299171448
2001-06-10,12.1282471815745,11.8159790039062
2001-06-11,3.1169299085935,9.17840639750163
2001-06-12,0.139483591929699,13.058806180954
2001-06-13,2.70094591379166,15.8584728240967
2001-06-14,0.0265177462715656,14.9846013387044
2001-06-15,6.27321306864421,17.8165464401245
2001-06-16,8.76310877005259,13.7949868043264
2001-06-17,5.68440401554108,13.7406202157338
2001-06-18,2.01144283016523,11.9579440752665
2001-06-19,0.122629986144602,11.2547188599904
2001-06-20,0.000223261545518956,13.6416008472443
2001-06-21,9.34649970076862e-05,17.6505656242371
2001-06-22,0,14.4016573429108
2001-06-23,0,15.1417933305105
2001-06-24,1.90294622370857e-06,17.748684724172
2001-06-25,0,19.2229104042053
2001-06-26,0.0502607152642061,20.1879105567932
2001-06-27,1.25202726200223,21.2451928456624
2001-06-28,2.40039273103078,17.2436591784159
2001-06-29,0.00394709635899441,18.7358380953471
2001-06-30,4.77959652245045,19.7654528617859
2001-07-01,0.150019316002727,17.1213731765747
2001-07-02,0.000234309599060604,17.7507788340251
2001-07-03,0.00023759343760806,16.984281539917
2001-07-04,2.0296185236172e-06,18.5784026781718
2001-07-05,0,20.7595655123393
2001-07-06,1.61427924467716e-05,23.8113098144531
2001-07-07,16.238017876943,16.9701549212138
2001-07-08,2.39817384568354,16.8302892049154
2001-07-09,0.0763710795048003,16.7468016942342
2001-07-10,0.0857042900267212,20.0091361999512
2001-07-11,0.872751074532668,16.4551312128703
2001-07-12,9.79300753275553,17.0418300628662
2001-07-13,4.19824151198069,16.1590980688731
2001-07-14,0.678652395377867,19.890221118927
2001-07-15,22.7211616834005,14.506113131841
2001-07-16,0.572352061669032,12.3257450262705
2001-07-17,0.141013220670478,13.7520889441172
2001-07-18,3.44065103928248,13.2862060864766
2001-07-19,0.260780116543174,14.3377752304077
2001-07-20,0.550602604945501,14.0580813884735
2001-07-21,0.00455884469556622,15.1013979117076
2001-07-22,7.47873317171373e-06,18.5637812614441
2001-07-23,2.12848957469684e-05,19.9531302452087
2001-07-24,1.56410961349805,19.899284362793
2001-07-25,0.395725876869013,20.3864254951477
2001-07-26,1.7616096859759e-06,20.9875815709432
2001-07-27,0,21.416378180186
2001-07-28,0.00249283046772083,22.0991373062134
2001-07-29,0.705877751888086,21.5936547915141
2001-07-30,0.00112689358259862,21.1420892079671
2001-07-31,0,23.4091658592224
2001-08-01,2.02483806788223e-06,21.8322849273682
2001-08-02,4.99801620841026,23.9770266215007
2001-08-03,21.7557088534037,19.4693075815837
2001-08-04,16.2793967723846,16.7962166468302
2001-08-05,0.956405139217774,16.2192003726959
2001-08-06,0.498067452261845,17.475949605306
2001-08-07,1.43412882863777,17.7673597335815
2001-08-08,0.752026410152515,17.5663431485494
2001-08-09,9.83268157641093,17.8885984420776
2001-08-10,1.6174218794331,14.2942092418671
2001-08-11,0.000167749414686114,13.2354849179586
2001-08-12,7.80478239903459e-06,15.5025748411814
2001-08-13,5.3065057651717e-07,18.3263384501139
2001-08-14,2.11381029657787e-06,21.7149653434753
2001-08-15,0.014210564957466,23.5740005175273
2001-08-16,5.42349767684937,22.9464089075724
2001-08-17,1.05099010467529,19.2321720123291
2001-08-18,0.0621886619677146,20.2137883504232
2001-08-19,0.142800827782291,20.1758958498637
2001-08-20,2.70117328564326,16.6685487429301
2001-08-21,0.00368332985090092,17.3237408002218
2001-08-22,8.57534972359038e-05,18.1087223688761
2001-08-23,1.98179441213142e-06,19.269250869751
2001-08-24,0.00594937410399628,20.1483586629232
2001-08-25,0,20.9535279273987
2001-08-26,0,21.3918814659119
2001-08-27,7.02063832183679,20.8813185691833
2001-08-28,3.99356031266507e-06,15.5386826992035
2001-08-29,8.20655871696848e-05,15.4886259237925
2001-08-30,1.10682271296779,16.1475862661997
2001-08-31,9.30292534828186,14.520572980245
2001-09-01,0.782367693881194,12.8433357079824
2001-09-02,0.0181249453453347,13.3820993900299
2001-09-03,0.356318176413576,15.6268448829651
2001-09-04,14.640065908432,12.2540027300517
2001-09-05,8.18456089496613,11.0286995569865
2001-09-06,2.25720209876696,11.901317358017
2001-09-07,1.99256200591723,12.4449249903361
2001-09-08,32.8538091977437,11.9455506801605
2001-09-09,1.81287429730097,8.52020621299744
2001-09-10,1.57660475373268,8.80221748352051
2001-09-11,0.538385396202405,9.14919686317444
2001-09-12,3.38602255781492,10.9684185187022
2001-09-13,11.2551279067993,12.5237565040588
2001-09-14,4.02595330278079,9.61626696586609
2001-09-15,8.26683680216471,10.7056318918864
2001-09-16,10.4186987082163,8.1954315106074
2001-09-17,6.54177053769429,7.82763270537059
2001-09-18,0.0553691621559362,7.6840299765269
2001-09-19,1.0815426632762,9.62814823786418
2001-09-20,9.66680781046549,12.110510746638
2001-09-21,4.94582867622375,10.6335659821828
2001-09-22,0.262196257710457,9.43064387639364
2001-09-23,6.57940868536631,10.1422142187754
2001-09-24,0.847131011386712,11.1749628384908
2001-09-25,0.242800338504215,10.0433847904205
2001-09-26,0.534692102422317,9.22380272547404
2001-09-27,0.0609074829456707,11.359696149826
2001-09-28,0.00150777965124386,11.5464272499084
2001-09-29,2.81719569365183,12.9371043046316
2001-09-30,1.54867439468702,12.3518862724304
2001-10-01,0.937023895482222,14.6452469031016
2001-10-02,8.66597383719636e-05,17.8100056648254
2001-10-03,3.11167884866397,15.8244073390961
2001-10-04,0.193970384697119,11.0835070610046
2001-10-05,0.670328964789708,10.5327061017354
2001-10-06,0.0264345615869388,14.3510636488597
2001-10-07,2.39674554268519,12.7120421727498
2001-10-08,0.33454508582751,12.7957805792491
2001-10-09,0.000231857957260218,12.198660214742
2001-10-10,0.00147325990110403,11.8574166297913
2001-10-11,0.0288080106644581,11.070528904597
2001-10-12,0.0598381625798841,11.2706646124522
2001-10-13,0.050254599598702,12.7699537277222
2001-10-14,0.0511283646386194,13.2218673229218
2001-10-15,0.0148999381247753,12.9603320757548
2001-10-16,0.00094067783599409,13.4814615249634
2001-10-17,0.0509602584255238,11.8460429509481
2001-10-18,0.0794980926439166,11.0165071487427
2001-10-19,0.00694774983700578,10.2803870836894
2001-10-20,6.49676124254862,10.5653946399689
2001-10-21,7.64936117331187,10.9414058526357
2001-10-22,0.268959926441312,9.8962500890096
2001-10-23,9.72780847549438,9.91427516937256
2001-10-24,7.27926099300385,10.3827668825785
2001-10-25,2.46331359942754,9.83846092224121
2001-10-26,0.0397342820172829,8.77772911389669
2001-10-27,2.96229627565481e-05,10.3922493457794
2001-10-28,0.00110728769989995,11.4783484141032
2001-10-29,0.00728916475782171,12.6588701407115
2001-10-30,0.000103122604476387,12.0630186398824
2001-10-31,8.44273753960927,10.9975096384684
2001-11-01,0.000196867253786574,4.57336326440175
2001-11-02,0,4.03268271684647
2001-11-03,0.0346755096931399,4.47323596477509
2001-11-04,0.00590581309127932,4.44104925791423
2001-11-05,0.000474055651769352,5.61028742790222
2001-11-06,4.4716651837031,5.38261556625366
2001-11-07,17.1268763542175,7.88737650712331
2001-11-08,3.13093815247218,6.73792545000712
2001-11-09,0.582977923254172,0.0484544970095158
2001-11-10,4.89459711729978e-05,-1.52611921230952
2001-11-11,2.73430820622404e-06,-1.77608156204224
2001-11-12,2.1584862669309,0.200271789372588
2001-11-13,6.21670234203339,0.85754568874836
2001-11-14,0.0573808189171056,-1.74002895752589
2001-11-15,0.0186069602301965,-2.30945199728012
2001-11-16,9.05984012812648e-05,-0.554443816343943
2001-11-17,0.000113194171717623,-0.115146355393032
2001-11-18,0.00652275180618744,-0.401977445930243
2001-11-19,0.175301288254559,-0.601444662859043
2001-11-20,0.000465668216444707,1.29527006795009
2001-11-21,0.0111029087226295,1.2873272250096
2001-11-22,13.3950111071269,1.63232149680456
2001-11-23,1.45601863662402,-0.493032016170522
2001-11-24,3.21051408847173,0.282971737130235
2001-11-25,10.2594106197357,2.4808140595754
2001-11-26,1.88823518281182,5.10008124510447
2001-11-27,2.59518653154373,4.298413058122
2001-11-28,5.64103031158447,1.98521136244138
2001-11-29,7.88104399045308,3.2515011827151
2001-11-30,7.69602986176809,5.66716794172923
2001-12-01,11.4792700608571,5.88177227973938
2001-12-02,0.482140990595023,5.13376013437907
2001-12-03,0.642479139069716,2.91259517272313
2001-12-04,3.79680824279785,5.90697022279104
2001-12-05,1.44771280884743,5.90741427739461
2001-12-06,1.80533455312252,5.18551560242971
2001-12-07,0.0746425107742349,1.27732170124849
2001-12-08,0.000206858105229912,-1.01554485658805
2001-12-09,0.00040551376575119,-3.09390542904536
2001-12-10,0.0463001192547381,-2.97695318857829
2001-12-11,1.62043874959151,-0.282154348834107
2001-12-12,1.10864729185899,0.719925753151377
2001-12-13,1.47633676727613,-7.53266799449921
2001-12-14,0.011102820688393,-11.6629657745361
2001-12-15,0.00100197378196754,-8.35925789674123
2001-12-16,0.121409908189283,-5.4413077433904
2001-12-17,0.0154109593580264,-3.50869695345561
2001-12-18,0.00373962489538826,-2.6879703104496
2001-12-19,0.167604749711851,-2.43015378713608
2001-12-20,1.14539458354314,-4.12214756011963
2001-12-21,4.18801645437876,-3.92978765567144
2001-12-22,1.76440033316612,-1.34181552131971
2001-12-23,0.903016418218613,-8.44944032033285
2001-12-24,0.627814774711927,-8.31815973917643
2001-12-25,6.59655570983887,1.58093222975731
2001-12-26,3.56459353367488,-1.45723721385002
2001-12-27,3.00261813402176,-2.771941502889
2001-12-28,3.66728180646896,3.95099890232086
2001-12-29,12.9813265800476,3.52138274908066
2001-12-30,2.10097302993139,-2.10255108277003
2001-12-31,0.188160334403316,-5.00966640313466
2002-01-01,0.0141986713958128,-7.22047436237335
2002-01-02,0.000420383534219582,-4.92806613445282
2002-01-03,0.000292778786388226,-7.50806415081024
2002-01-04,0.00354832095035817,-11.0638548533122
2002-01-05,7.17826757560639e-06,-10.4497032960256
2002-01-06,0.794046550989151,-7.92795324325562
2002-01-07,0.000127832783315777,-2.96718992789586
2002-01-08,0.0337902664517363,-4.80173416932424
2002-01-09,0.000362088760387754,-5.9266738096873
2002-01-10,0.00172970859178652,-6.62840255101522
2002-01-11,0.205941945624848,-5.64240864912669
2002-01-12,0.0192243933755284,-0.966965342561404
2002-01-13,1.82092926479527e-05,-1.78196786840757
2002-01-14,4.30851059718407e-07,-3.72322716315587
2002-01-15,0.00876752696543311,-5.50370077292124
2002-01-16,0.000218272320732164,-3.83142371972402
2002-01-17,0.00204787912358976,-2.05450090765953
2002-01-18,0.000347566936397925,-1.6253329316775
2002-01-19,2.41731484731038,1.22717468937238
2002-01-20,1.4837518632412,4.23913043737411
2002-01-21,0.0836565572147568,3.67316993077596
2002-01-22,0.00738707309998669,3.87928293148677
2002-01-23,0.953164582451185,3.41894527276357
2002-01-24,2.82105320692062,6.34570368131002
2002-01-25,2.6461905837059,3.47776689132055
2002-01-26,0.177925342693925,7.98896233240763
2002-01-27,3.21250889698664,8.98796780904134
2002-01-28,0.0109588311558279,10.09690062205
2002-01-29,1.30168506681609e-05,5.88715000947316
2002-01-30,1.51337826537201e-06,5.54363413651784
2002-01-31,0.0343715967804504,5.83670969804128
2002-02-01,0.00814768295701166,6.45348143577576
2002-02-02,8.74515770495539e-06,5.71037658055623
2002-02-03,0,5.14416404565175
2002-02-04,3.80521851184312e-06,5.36146175861359
2002-02-05,0.586382396519184,8.04653294881185
2002-02-06,11.7222416400909,4.99343009789785
2002-02-07,1.74523650606473,2.97200630108515
2002-02-08,2.62712326645851,4.46278238296509
2002-02-09,3.15359425544739,8.56740601857503
2002-02-10,2.58553224802017,4.99189058939616
2002-02-11,0.125294500806679,8.86168917020162
2002-02-12,0.00525114466048156,10.421817223231
2002-02-13,4.25028598308563,7.83604999383291
2002-02-14,0.00930220945156179,2.97770933310191
2002-02-15,0.000379071779510317,1.82683851321538
2002-02-16,3.3615189977354e-05,1.52495864033699
2002-02-17,0.00232449366982716,0.697153354684512
2002-02-18,0.767924785614014,2.66187260548274
2002-02-19,1.44620878001054,2.68603185812632
2002-02-20,4.70992783705394,4.4910937945048
2002-02-21,1.53586850563685,-1.46760388215383
2002-02-22,2.48435529073079,0.741262602309386
2002-02-23,9.82345740000407,3.24226607879003
2002-02-24,3.5624592701594,-0.0197588776548703
2002-02-25,2.74423122406006,4.81887984275818
2002-02-26,0.963753595948219,8.9526994228363
2002-02-27,11.4366066058477,5.35828518867493
2002-02-28,0.171029002539096,3.87011702855428
2002-03-01,4.99849249919256,4.99263719717662
2002-03-02,4.15790883700053,1.68247095743815
2002-03-03,0.0078760307126989,0.315015263855457
2002-03-04,0.0558848247552911,1.43378735582034
2002-03-05,0.0474554576988642,2.12855551640193
2002-03-06,0.165890750824474,5.8294141292572
2002-03-07,0.86174717793862,8.35277120272318
2002-03-08,2.48604895508227e-05,5.05740471680959
2002-03-09,0.0229125860484298,7.16764704386393
2002-03-10,2.14875732732859e-05,4.59769908587138
2002-03-11,0,6.39289871851603
2002-03-12,1.63566158638181e-05,8.18366992473602
2002-03-13,0,8.91138180096944
2002-03-14,0,6.53629088401794
2002-03-15,0.000244638785564651,6.97209684054057
2002-03-16,1.71841929841321e-06,7.50159227848053
2002-03-17,2.65656035480788e-06,7.28414817651113
2002-03-18,1.74868476390839,10.3823891480764
2002-03-19,30.3527377446493,7.72953848044078
2002-03-20,15.8817857106527,10.5624389648438
2002-03-21,14.0913351376851,10.1096511681875
2002-03-22,14.802007595698,5.4403217236201
2002-03-23,1.20048680404822,1.4356007874012
2002-03-24,0.381947192673882,0.735972367847959
2002-03-25,0.000470340145208562,-0.0477044383684794
2002-03-26,0.000115991946283126,-0.243993546192845
2002-03-27,5.37931915308339e-07,0.68852699175477
2002-03-28,5.37931915308339e-07,3.55324735244115
2002-03-29,0,6.18231284618378
2002-03-30,0,7.09953685601552
2002-03-31,0.0248244828932608,7.69586753845215
2002-04-01,0,8.16969776153564
2002-04-02,0,10.2599226633708
2002-04-03,0,11.5032027562459
2002-04-04,0.00592198075416187,8.94935782750448
2002-04-05,0,5.68016052246094
2002-04-06,0,2.67475618918737
2002-04-07,0.00096940403454937,3.89012638727824
2002-04-08,0.0101679934382446,3.99791264533997
2002-04-09,0.0393388727679849,5.56726654370626
2002-04-10,0.00170234206764993,5.03970853487651
2002-04-11,0,8.15634616216024
2002-04-12,2.88627582788467,10.7919308344523
2002-04-13,2.51573040088018,7.95560856660207
2002-04-14,1.33973820010821,4.93453411261241
2002-04-15,1.23504534115394,3.68429704507192
2002-04-16,0.112994786972801,4.97945813337962
2002-04-17,0.0701422680867836,6.21593538920085
2002-04-18,0.0912372214564433,7.72684089342753
2002-04-19,3.48650401830673,7.23508723576864
2002-04-20,0.852170194188754,6.4967896938324
2002-04-21,0.0250505676231114,9.17948810259501
2002-04-22,5.63808037744214e-05,9.80287377039591
2002-04-23,3.03573169310888,12.6361718972524
2002-04-24,10.0124287605286,9.66923650105794
2002-04-25,0.479057199011246,11.3609686692556
2002-04-26,11.4528121948242,11.1277084350586
2002-04-27,0.155928111091877,7.33721586068471
2002-04-28,0.00298458225249002,11.1491599877675
2002-04-29,1.98356715838114,9.15164033571879
2002-04-30,0.000632431962003466,11.7374979654948
2002-05-01,0.000123353483407603,12.6251916090647
2002-05-02,0.00513072904141154,10.7106690406799
2002-05-03,1.44790634016196,9.73973512649536
2002-05-04,7.5569322903951,7.49649397532145
2002-05-05,0.276424993140002,7.76680131753286
2002-05-06,0.000452196118809904,8.12939520676931
2002-05-07,4.10076245316304e-06,13.0476189454397
2002-05-08,0.000243198804563841,16.013267437617
2002-05-09,3.56485583384832,18.2737290064494
2002-05-10,1.15043800572554,14.5099201202393
2002-05-11,8.16416573524475,13.1248664061228
2002-05-12,0.65269590759029,12.0843076705933
2002-05-13,1.243815065672,14.1670518716176
2002-05-14,0.0122968026989838,13.7963928381602
2002-05-15,0,14.2705529530843
2002-05-16,0,17.4820833206177
2002-05-17,7.63723255658988e-06,19.4075746536255
2002-05-18,53.6024602254232,17.0712504386902
2002-05-19,1.03044262528419,11.986457268397
2002-05-20,0.0210156315006316,13.0448226928711
2002-05-21,0.000361805185093544,15.4043757120768
2002-05-22,0.832372439714769,18.9532910982768
2002-05-23,11.5730644861857,13.9559791882833
2002-05-24,0.149811486713588,12.0019844373067
2002-05-25,8.38319857915243,10.6408663590749
2002-05-26,3.10545668999354,11.8915366331736
2002-05-27,11.609340429306,10.0392542680105
2002-05-28,0.240001467367013,10.4726107120514
2002-05-29,1.66978496313095,12.1517023245494
2002-05-30,8.77761029490406e-06,13.8201912244161
2002-05-31,8.77761029490406e-06,15.1435245672862
2002-06-01,0,15.8086501757304
2002-06-02,0.00120039261431278,15.2557773590088
2002-06-03,0.00602810500034442,17.0073310534159
2002-06-04,0.000290741460048594,19.1949009895325
2002-06-05,38.1371868451436,17.5602561632792
2002-06-06,32.1378256703416,15.9075311819712
2002-06-07,2.61908693114916,13.3526975313822
2002-06-08,1.16601380923142,15.1929311752319
2002-06-09,3.84213409821192,14.2882944742839
2002-06-10,5.34772175550461,12.5227933724721
2002-06-11,0.00124035159872922,14.1712888081868
2002-06-12,0.000233618867544768,17.6964197158813
2002-06-13,0.0520617551301257,19.5893762906392
2002-06-14,0.00188009877456352,20.5322608947754
2002-06-15,4.63170961538951,21.9298849105835
2002-06-16,2.09089891302089,20.4463820457458
2002-06-17,8.78034135591103e-06,23.7408819198608
2002-06-18,9.33221023539469e-06,25.9106486638387
2002-06-19,0.476909191037218,24.7334570884705
2002-06-20,4.02662584682306,23.1316005388896
2002-06-21,3.86164305607478,21.4453803698222
2002-06-22,3.13850226424014e-05,22.5622665087382
2002-06-23,24.2978288332621,23.9442041714986
2002-06-24,7.07495017846425,17.4812140464783
2002-06-25,2.91188043775037e-05,17.3644115130107
2002-06-26,8.86714098366307e-05,18.8224506378174
2002-06-27,1.54269973436991,19.6423613230387
2002-06-28,0.0971521291260918,14.025502761205
2002-06-29,0.0118133811435352,12.747696240743
2002-06-30,8.78034135591103e-06,15.8901007970174
2002-07-01,1.61092201868693,19.2522830963135
2002-07-02,5.7411559621493,14.7828831672668
2002-07-03,4.08931803703308,17.9661037127177
2002-07-04,0.287388760596514,13.4257310231527
2002-07-05,0.565512762094537,17.1369514465332
2002-07-06,16.8862326939901,15.1543641885122
2002-07-07,0.0592140917045375,17.142281850179
2002-07-08,0,21.2977759043376
2002-07-09,8.53872961799304,21.4979901313782
2002-07-10,2.61427451173464,16.8895891507467
2002-07-11,0.659541403253873,16.2995948791504
2002-07-12,4.54995387792587,19.0543077786763
2002-07-13,11.3236116568247,15.9391365845998
2002-07-14,1.26737389465173,17.2720212936401
2002-07-15,9.90829205513,18.3170307477315
2002-07-16,4.4514351139466,17.871563911438
2002-07-17,16.0093750953674,16.0643763542175
2002-07-18,1.54989043374856,13.5689510504405
2002-07-19,2.22926527537008e-05,15.4586106141408
2002-07-20,0,18.2519135475159
2002-07-21,6.52616949876149,17.7753899892171
2002-07-22,3.12354580576842e-05,15.9890923500061
2002-07-23,0.0536721372821679,17.9677766164144
2002-07-24,10.0796450376511,16.7519351641337
2002-07-25,3.29830795526505,14.8959585030874
2002-07-26,1.55431597431501,15.1638563474019
2002-07-27,0.0640657427720726,17.6556938489278
2002-07-28,6.29675694957162e-05,19.7121303876241
2002-07-29,0.0138722305461367,21.7089675267537
2002-07-30,0.0070447352870057,22.1706199645996
2002-07-31,54.0756864547729,20.5023196538289
2002-08-01,17.5661204655965,17.8708138465881
2002-08-02,0.000249785623357942,17.1742704709371
2002-08-03,3.19699480136236,18.9635494550069
2002-08-04,7.93031024932861,17.7122872670492
2002-08-05,3.58765681367368,17.4431794484456
2002-08-06,9.87565710147222,15.3411194483439
2002-08-07,1.80910828212897,15.157429933548
2002-08-08,0.117262470225493,15.7390333811442
2002-08-09,14.6462252934774,16.8579258918762
2002-08-10,34.2380013465881,16.0948863824209
2002-08-11,37.2043409347534,14.8324372768402
2002-08-12,4.36234770218531,14.9356695810954
2002-08-13,0.00786140437897605,15.3740893999736
2002-08-14,0,16.6048665046692
2002-08-15,0,17.4747001330058
2002-08-16,0,18.5851612091064
2002-08-17,0.00555247701655996,19.1750915845235
2002-08-18,0.0400489045617481,19.5262427330017
2002-08-19,0,20.3988431294759
2002-08-20,21.1771380106608,20.3129296302795
2002-08-21,10.0151798526446,15.7442936102549
2002-08-22,0.0198177912485941,15.9975702762604
2002-08-23,0.0303983453971644,17.4309027989705
2002-08-24,0.0203659345861524,18.9378984769185
2002-08-25,0.112535182960831,19.7173816363017
2002-08-26,1.55489218172928,20.4023070335388
2002-08-27,16.718118429184,17.1926797231038
2002-08-28,0.0279229556714805,17.5462574958801
2002-08-29,0.887552410364151,18.2035153706868
2002-08-30,0.00410821685121239,18.577884833018
2002-08-31,2.401332706213,18.859933535258
2002-09-01,5.26446481545766,14.3723116715749
2002-09-02,0.0278550571141144,15.3619542916616
2002-09-03,0.283939696227511,13.7556130886078
2002-09-04,9.7525102297465,16.7668538093567
2002-09-05,0.0210822658846155,15.6024440924327
2002-09-06,0.0294003297846454,15.2291300296783
2002-09-07,0.304684127744016,16.071138938268
2002-09-08,0.133464286666519,17.3348630269368
2002-09-09,13.8003273010254,18.2015900611877
2002-09-10,4.01794666051865,12.7862391471863
2002-09-11,0.0012344118974094,12.6368076006571
2002-09-12,3.6247380800584e-07,13.7445447444916
2002-09-13,0,10.656054019928
2002-09-14,1.1416623344024,12.5220801035563
2002-09-15,0.398908441886306,11.258204460144
2002-09-16,0.0129912541015074,10.0935078461965
2002-09-17,6.00933526584413e-06,10.2134317557017
2002-09-18,0.0144023433482895,12.5482661724091
2002-09-19,5.31556252638499,14.5922368367513
2002-09-20,8.19042189915975,14.7708295981089
2002-09-21,0.470273742529874,12.8093983332316
2002-09-22,13.4440139134725,10.6470013459524
2002-09-23,21.7938612302144,8.31652271747589
2002-09-24,37.2490332921346,4.29821475346883
2002-09-25,4.9919220606486,4.37979370355606
2002-09-26,5.38382232189178,7.30056627591451
2002-09-27,5.76400115092595,8.12313544750214
2002-09-28,0.000677386185392,5.41441893577576
2002-09-29,0.0259177251323308,6.25122570991516
2002-09-30,0.00556811065083214,7.26135849952698
2002-10-01,7.90580816101283e-06,8.17330074310303
2002-10-02,5.12005559964261e-06,9.24819930394491
2002-10-03,1.40976539254189,11.886381705602
2002-10-04,4.52592279513677,9.75195089975993
2002-10-05,12.9606300989787,9.44989124933879
2002-10-06,10.2286021709442,9.22047567367554
2002-10-07,0.0177024660321573,5.69839723904928
2002-10-08,0.000170487078984631,5.36465970675151
2002-10-09,0.003636984959788,6.69882337252299
2002-10-10,0.319929035380483,7.2275911172231
2002-10-11,0.79722802589337,7.00449315706889
2002-10-12,1.63807158172131,6.54978998502096
2002-10-13,1.72623897592227,6.9599217971166
2002-10-14,3.97466611862183,9.71790226300558
2002-10-15,5.03616487979889,11.4933447043101
2002-10-16,4.96186077594757,14.2028331756592
2002-10-17,12.4163026014964,9.54056795438131
2002-10-18,2.60212024052938,6.78467404842377
2002-10-19,1.56478421390057,4.39337881406148
2002-10-20,0.000408015019881229,4.49163794517517
2002-10-21,0.896315370996793,8.67407774925232
2002-10-22,0.341104331115882,12.3380010128021
2002-10-23,1.88720246156057,9.79336524009705
2002-10-24,15.4979768594106,6.99696175257365
2002-10-25,12.0436062415441,10.5856208006541
2002-10-26,0.194150486650566,10.680771112442
2002-10-27,0.388994959493478,11.8098196983337
2002-10-28,7.79036890889984e-05,6.19899690151215
2002-10-29,6.46312352425108e-05,6.23465653260549
2002-10-30,0.936975319559375,10.1848755677541
2002-10-31,12.3729469378789,9.63171585400899
2002-11-01,8.53445299466451,10.5916602611542
2002-11-02,11.0234559377035,9.96399315198263
2002-11-03,20.0612839857737,9.46519819895426
2002-11-04,11.7364859580994,6.44417428970337
2002-11-05,0.967899161080519,3.41761551300685
2002-11-06,1.67694827268861e-05,1.69817133744558
2002-11-07,5.12722426652908,2.31876989205678
2002-11-08,1.92138479153315,3.13987082242966
2002-11-09,6.03492899735769,5.36318381627401
2002-11-10,5.85810391108195,4.46905291080475
2002-11-11,7.24486955006917,8.42334953943888
2002-11-12,0.0140030380571261,5.79168442885081
2002-11-13,0.132148715929361,5.11369736989339
2002-11-14,3.44061736265818,5.82373015085856
2002-11-15,1.52384485304356,6.97394597530365
2002-11-16,1.88594140609105,7.93683520952861
2002-11-17,0.166168252627055,5.95417308807373
2002-11-18,9.69903604189555,4.61568868160248
2002-11-19,9.2017404238383,5.57595157623291
2002-11-20,0.01852791205359,4.62940887610118
2002-11-21,0.0908447488521536,5.27562383810679
2002-11-22,8.2750840584437,5.00601947307587
2002-11-23,0.0539573849043033,5.79898639520009
2002-11-24,0.0192601263794738,5.09830013910929
2002-11-25,0.338969332476457,6.42753489812215
2002-11-26,9.54690829912821,6.6370587348938
2002-11-27,0.252597723777095,6.98528337478638
2002-11-28,2.81778782606125,5.95943419138591
2002-11-29,15.4833735624949,5.78481570879618
2002-11-30,1.05470958041648,5.34534033139547
2002-12-01,2.79245579242706,3.11210819085439
2002-12-02,1.434225872159,3.3301237821579
2002-12-03,1.98717871308327,2.16623224814733
2002-12-04,1.23851234217485,2.57583101590474
2002-12-05,2.76507304112116,3.43607529004415
2002-12-06,0.573756836354733,1.35445133845011
2002-12-07,0.0401907547687491,0.444796784470479
2002-12-08,0.000403089799874579,-1.00942267477512
2002-12-09,0.000974799518492849,-4.73330402374268
2002-12-10,0.000302349256041149,-5.8946046034495
2002-12-11,0.0311435592472359,-6.69214936097463
2002-12-12,0,-4.49952546755473
2002-12-13,0.00462325289845467,-1.90708149472872
2002-12-14,0.00159021758130014,-1.37941923737526
2002-12-15,1.07442632317543,-0.291956396152576
2002-12-16,12.0645993550618,3.621690928936
2002-12-17,0.0834903985572358,2.84071620305379
2002-12-18,0.00745612636577183,-0.496647504468759
2002-12-19,0.000168633584507916,-1.8124602039655
2002-12-20,9.59927388032277,1.05603681504726
2002-12-21,2.67792252699534,5.35861996809642
2002-12-22,12.7492704391479,7.28385519981384
2002-12-23,0.248012584944566,6.76222558816274
2002-12-24,0.0343359330048164,4.86180440584819
2002-12-25,0.0282008304639021,2.76617054144541
2002-12-26,2.23140209913254,3.48381960391998
2002-12-27,0.0421950519472981,3.39719607432683
2002-12-28,9.61192337671916,4.45474870999654
2002-12-29,4.58055979013443,6.1653683980306
2002-12-30,0.145035173123082,9.94386307398478
2002-12-31,4.53593349456787,4.60408246517181
2003-01-01,2.43602575858434,4.75824177265167
2003-01-02,8.14862632751465,9.98989017804464
2003-01-03,4.40675381819407,6.70821857452393
2003-01-04,8.9642383257548,3.30994351704915
2003-01-05,0.654466591775417,-3.67472283045451
2003-01-06,0.592298010985057,-4.9459054072698
2003-01-07,2.30102848013242,-7.06260454654694
2003-01-08,0.00403782032738794,-9.12621569633484
2003-01-09,0.00749688589712605,-10.3377543290456
2003-01-10,0.120226114988327,-8.92814985911051
2003-01-11,0.00577623144393632,-8.51183625062307
2003-01-12,0,-10.6942195097605
2003-01-13,8.73195437590281,-4.40062280495961
2003-01-14,0.0493146256776527,1.68027862906456
2003-01-15,0.0272496926093784,0.652266723414262
2003-01-16,0.198029245560368,1.10882386068503
2003-01-17,0.00537510875104393,-1.94631486137708
2003-01-18,0.00626974052768977,-1.11041824022929
2003-01-19,0.0171649450045758,-0.247114945203066
2003-01-20,0.0112407683924782,1.42450788617134
2003-01-21,0.0700241863572349,-0.171386170666665
2003-01-22,1.20776292681694,2.8211225271225
2003-01-23,6.22653694947561,2.49929177761078
2003-01-24,0.28567377726237,0.793972273667653
2003-01-25,2.03273331125577,-0.175387354878088
2003-01-26,0.947907159725825,0.065492710719506
2003-01-27,1.73991789420446,3.18428174654643
2003-01-28,3.92852328221003,3.85122811794281
2003-01-29,4.15600933631261,0.315924663271289
2003-01-30,12.0524975061417,-1.49815306067467
2003-01-31,0.477547830591599,-5.1349766254425
2003-02-01,0.546783996125062,-8.50279545783997
2003-02-02,0.733297740419706,-1.98147941629092
2003-02-03,5.67095156510671,1.65254335602125
2003-02-04,1.85435278713703,-1.28818674882253
2003-02-05,4.56695594390233,-1.84085058172544
2003-02-06,1.58141790827115,-2.67117148637772
2003-02-07,2.46421200037003,-2.61629126469294
2003-02-08,4.44358859459559,0.239541509266322
2003-02-09,0.00454842067604962,-2.57571975390116
2003-02-10,0.00586421937494682,-4.18072251478831
2003-02-11,0.0370749809468786,-4.81044447422028
2003-02-12,0.0375410448759794,-6.14190260569255
2003-02-13,5.82158221125913e-06,-7.33771212895711
2003-02-14,0.000228326423894032,-7.99537603060404
2003-02-15,0.168222261903187,-6.43220011393229
2003-02-16,0.021725846764942,-4.29622032245
2003-02-17,2.67107225226937e-06,-5.81002648671468
2003-02-18,2.3715963000844e-07,-6.89111085732778
2003-02-19,7.19506836806734e-06,-5.4296228090922
2003-02-20,0,-4.60169527928034
2003-02-21,0,-4.27714093526204
2003-02-22,0,-4.03218823671341
2003-02-23,0,-3.6666366259257
2003-02-24,0.00586316764868873,-3.17720800638199
2003-02-25,0,-2.02849639455477
2003-02-26,0,0.514821680883567
2003-02-27,0.00477960585400676,0.981728514035543
2003-02-28,0.101923010467241,3.23341582218806
2003-03-01,0.399490665644407,4.35513444741567
2003-03-02,2.75494122505188,4.75111575921377
2003-03-03,0.414197654773792,2.83408663670222
2003-03-04,7.9952339585058e-05,1.91170946756999
2003-03-05,0,4.96964514255524
2003-03-06,4.31281135479609,3.47605333725611
2003-03-07,0.00381957034187508,3.10806435346603
2003-03-08,0.0443601590814069,3.43032143513362
2003-03-09,0.00181687514123041,6.93483070532481
2003-03-10,3.36156820897789e-06,8.37111790974935
2003-03-11,0.00137440166630161,11.4977366129557
2003-03-12,4.04268143574397,6.58411264419556
2003-03-13,0.0305173362527664,2.9774715701739
2003-03-14,0.00133253953875586,0.409109519794583
2003-03-15,1.8090901752051e-05,0.440813701910277
2003-03-16,7.4742693262427e-05,1.55801795919736
2003-03-17,5.63967887501349e-06,2.33652380108833
2003-03-18,1.86464040628683e-05,2.33238129814466
2003-03-19,1.25729998217139e-05,3.83381466070811
2003-03-20,5.75213137684235e-05,3.6982480486234
2003-03-21,0.000118665242553107,2.33796348174413
2003-03-22,0.00010611494811504,2.39144923289617
2003-03-23,0,4.08012183507283
2003-03-24,1.94374543601346e-05,6.88186772664388
2003-03-25,1.11100998765323e-05,8.5430748462677
2003-03-26,0,8.96482332547506
2003-03-27,0,9.11593866348267
2003-03-28,0.00360180097050034,11.3739898204803
2003-03-29,0.048914132018884,11.4603092670441
2003-03-30,0.902204647660255,11.4364860057831
2003-03-31,0.0295137714905043,7.22447160879771
2003-04-01,5.15379975239436,9.93795943260193
2003-04-02,4.37664643923442,3.79870593547821
2003-04-03,0.364400302991271,2.73613073428472
2003-04-04,0.0324489722800839,2.49365563193957
2003-04-05,0.167193841472908,5.1127245426178
2003-04-06,0.336596915187935,0.617585082150375
2003-04-07,0.0835846284559617,-2.24331520994504
2003-04-08,0.891879488403598,0.301869065723925
2003-04-09,0.275113204649339,1.34741585453351
2003-04-10,6.43377280235291,1.52848624189695
2003-04-11,0.496336119249463,2.47514891624451
2003-04-12,0.193680373951793,6.82049445311228
2003-04-13,5.74095489961716e-07,9.49208203951518
2003-04-14,6.63302456208233e-05,11.4990287621816
2003-04-15,0,13.5146069526672
2003-04-16,0.000178060531955756,13.7571781476339
2003-04-17,2.83017610248256e-05,11.6740673383077
2003-04-18,0.000157418338403659,8.29275806744893
2003-04-19,0.00142816253666448,5.07804373900096
2003-04-20,0.000358407169793888,11.5697189966838
2003-04-21,2.60987345625957,11.5397369066874
2003-04-22,4.90160299340884,10.5852011839549
2003-04-23,0.00502395400205084,10.9724299112956
2003-04-24,1.85840084062268e-06,11.5597074826558
2003-04-25,2.93212066632501e-05,14.3190583388011
2003-04-26,0.88153816262881,14.1004813512166
2003-04-27,0.0734561135371526,11.1686704158783
2003-04-28,0.193794069734092,15.3778839111328
2003-04-29,0.0355123911382786,14.8395464420319
2003-04-30,3.57399390141169,13.9988512992859
2003-05-01,0.00173725122779918,12.9318959712982
2003-05-02,8.41501665115356,13.9874132474264
2003-05-03,0.000566402260422668,10.8691627979279
2003-05-04,6.75783678616426e-06,15.1239895025889
2003-05-05,5.22193786309799e-05,20.5774847666423
2003-05-06,8.35510072647594e-05,20.8636198043823
2003-05-07,0.000260880209680181,18.6811919212341
2003-05-08,8.98826338847478,19.7070199648539
2003-05-09,4.14735094706217,14.2876595656077
2003-05-10,10.248996257782,14.8760908444722
2003-05-11,2.7714950243632,14.8914505640666
2003-05-12,0.305206686879198,14.1693840026855
2003-05-13,6.83874114354451,9.51172908147176
2003-05-14,2.38962296644847,6.60563067595164
2003-05-15,0.699822718898455,7.34514605998993
2003-05-16,0.0126231721272537,10.3054308891296
2003-05-17,0.32154960061113,12.2912680308024
2003-05-18,1.11319235215584,14.011042992274
2003-05-19,8.97581652800242,15.953341960907
2003-05-20,4.93074232339859,10.2404361565908
2003-05-21,1.91690850257874,9.60194063186646
2003-05-22,0.48873749251167,11.0403731664022
2003-05-23,0.00567912428959971,15.9901884396871
2003-05-24,0,19.0548620223999
2003-05-25,0.10084843247508,14.6223407586416
2003-05-26,0.441988288114468,13.6968148549398
2003-05-27,2.77943150699139,16.6170110702515
2003-05-28,8.46702440579732,16.9973085721334
2003-05-29,0.366672743111849,18.6583566665649
2003-05-30,0.000285678989409159,19.5024234453837
2003-05-31,1.39209999144077,17.9613302548726
2003-06-01,0.000101100984466029,19.2759160995483
2003-06-02,0.0261266338638961,19.8942971229553
2003-06-03,0.00850448003742107,20.7849559783936
2003-06-04,0.0629269362737735,22.3659022649129
2003-06-05,26.972690820694,21.8725565274556
2003-06-06,0.0324273859150708,20.551242351532
2003-06-07,0.316137956144909,21.3826363881429
2003-06-08,0.138576790671019,21.8330982526143
2003-06-09,0.00184503318935943,20.16725842158
2003-06-10,9.4790596904204e-05,23.0404046376546
2003-06-11,0.0512935112540921,23.1217427253723
2003-06-12,0.869547278309862,24.1261213620504
2003-06-13,4.96069391568502,21.2223904927572
2003-06-14,9.40965779622396,20.8636120160421
2003-06-15,0.0229452133680752,20.3312265078227
2003-06-16,0,19.7493025461833
2003-06-17,8.46689347426097,20.8773798942566
2003-06-18,1.40596397469441,18.0244717597961
2003-06-19,2.35106175144513e-05,18.3786759376526
2003-06-20,0.899066890279452,18.8499194780986
2003-06-21,6.71203582290521e-05,16.760724067688
2003-06-22,0,20.3484692573547
2003-06-23,1.95097413659096,24.6563297907511
2003-06-24,9.48135447502136,21.0021934509277
2003-06-25,0.550769673039516,20.5228856404622
2003-06-26,0.330647980794311,20.4972448348999
2003-06-27,0.913347135453174,19.1843446095784
2003-06-28,0.0869744851564368,20.0459144910177
2003-06-29,0.000125399907119572,21.7163454691569
2003-06-30,11.8228724002838,24.5793169339498
2003-07-01,8.43492003281911,14.3287312189738
2003-07-02,1.78208270668983,16.1009362538656
2003-07-03,9.44467759132385,14.5075476169586
2003-07-04,5.50776892900467,14.1208574771881
2003-07-05,0.547903849626891,14.8235488732656
2003-07-06,0.000688463719901241,16.5102925300598
2003-07-07,7.38198383866499e-05,18.2961427370707
2003-07-08,1.06655180237188e-05,18.8101706504822
2003-07-09,0.000751189155077251,19.4200399716695
2003-07-10,0.000106655178266616,19.3786520957947
2003-07-11,7.26225456067671e-06,20.3908613522847
2003-07-12,0.00395462751960925,19.9577322006226
2003-07-13,0,19.0937779744466
2003-07-14,7.36156759254906e-07,19.6619327863057
2003-07-15,0,21.8925283749898
2003-07-16,11.8390571276347,22.6169751485189
2003-07-17,23.3351923624674,17.3481313387553
2003-07-18,7.61493914372598e-05,18.451117515564
2003-07-19,0,21.0682582855225
2003-07-20,0.0380423317740982,23.9415313402812
2003-07-21,0.876468059917291,21.45529905955
2003-07-22,3.89351154367129,22.2802753448486
2003-07-23,1.3710439746889,20.5963487625122
2003-07-24,17.8364627361298,17.7312167485555
2003-07-25,0.323704973755715,19.1798473993937
2003-07-26,0.000466353413988448,21.6040967305501
2003-07-27,16.0693960189819,21.0209992726644
2003-07-28,0.207132910688718,17.2058086395264
2003-07-29,2.25790451319578e-05,17.2299769719442
2003-07-30,0.00550295255986081,18.7949544588725
2003-07-31,1.99692020239308,18.335231145223
2003-08-01,5.17819953529397e-05,20.494340578715
2003-08-02,0,22.8764100074768
2003-08-03,0,24.6502291361491
2003-08-04,0,25.7947662671407
2003-08-05,0.00043322509736754,26.1456389427185
2003-08-06,0.000310215938346422,25.1546360651652
2003-08-07,0,24.3709127108256
2003-08-08,0.393031622438381,25.1653590202332
2003-08-09,0.38796797922502,24.6658676465352
2003-08-10,0.000179634424966935,25.3435791333516
2003-08-11,0,24.4444821675618
2003-08-12,5.27969139814862e-07,24.9431039492289
2003-08-13,5.33002410332362,26.1246412595113
2003-08-14,8.79722917079926,22.4987255732218
2003-08-15,0.295732522383332,18.3824413617452
2003-08-16,0.124986536800861,20.3260507583618
2003-08-17,0.922564188639323,22.8119249343872
2003-08-18,0.199318835046142,20.033162911733
2003-08-19,0.00178497774080218,19.6514312426249
2003-08-20,0.0858127775136381,20.1532050768534
2003-08-21,0.0515992953442037,20.914465268453
2003-08-22,5.66617321358838e-06,20.4806043306987
2003-08-23,5.73545681466688e-07,20.1187124252319
2003-08-24,5.73545681466688e-07,20.4190524419149
2003-08-25,5.73545681466688e-07,18.4869324366252
2003-08-26,0.00662516739005999,19.2530786196391
2003-08-27,0.00676695665060834,18.7724370956421
2003-08-28,2.43574476242065,19.9776123364766
2003-08-29,5.78625150521596,16.975170135498
2003-08-30,11.4885884920756,14.7953800360362
2003-08-31,6.2336395184199,11.8968826135
2003-09-01,0.665345351832608,10.8489430745443
2003-09-02,0.0140022158642144,10.3474102814992
2003-09-03,1.39321006524066e-06,10.4558436870575
2003-09-04,0,12.7325985431671
2003-09-05,0.000758988909600096,14.835871219635
2003-09-06,0.00402038164126376,15.2765872478485
2003-09-07,2.93964537978172,15.7945833206177
2003-09-08,0.778074602286021,13.6578804651896
2003-09-09,0.0772789032198489,14.2365849812826
2003-09-10,4.87150943279266,13.414383093516
2003-09-11,2.92859988411268,11.8260297775269
2003-09-12,0.832428636650244,12.2405778566996
2003-09-13,1.23167438308398,11.4906497001648
2003-09-14,9.38996619576453e-05,11.9132311344147
2003-09-15,0,12.5262225468953
2003-09-16,3.37885679376389e-06,12.9210041364034
2003-09-17,2.76817778891806e-06,14.2823199431101
2003-09-18,3.38330331336086e-06,15.6334677537282
2003-09-19,2.64202185462636e-07,17.1117846171061
2003-09-20,0,17.769584496816
2003-09-21,0,17.6293438275655
2003-09-22,0.0499198445371197,17.7248225212097
2003-09-23,1.99708981066942,13.1229056517283
2003-09-24,0.00437001826261015,8.94808030128479
2003-09-25,3.25547747100548e-06,9.81716267267863
2003-09-26,3.38978916640068e-07,13.1920060316722
2003-09-27,0.420492938409249,13.5424365997314
2003-09-28,3.41662542025248,13.8807915051778
2003-09-29,0.0077313104023536,10.0873210430145
2003-09-30,7.9852787176075e-05,8.79905645052592
2003-10-01,2.18876708547274,10.8117206891378
2003-10-02,0.381126642227173,15.0859824021657
2003-10-03,6.76642866929372,14.0054326852163
2003-10-04,10.5371830463409,11.3246817588806
2003-10-05,28.3535284996033,6.4790606101354
2003-10-06,2.5979095697403,7.83384879430135
2003-10-07,17.479950428009,5.69569536050161
2003-10-08,13.9795018831889,5.73163962364197
2003-10-09,3.61660651365916,9.56522822380066
2003-10-10,0.0529981965955812,11.4825085004171
2003-10-11,0.0160596503701527,11.6261782646179
2003-10-12,0.000384804975813798,8.66546114285787
2003-10-13,0,6.6769212881724
2003-10-14,2.29058341005839e-06,5.45033701260885
2003-10-15,5.38635243666855e-07,4.85611848036448
2003-10-16,0,4.1842232743899
2003-10-17,7.05770462445798e-05,3.88472296794256
2003-10-18,1.36290903659149e-06,2.46026792128881
2003-10-19,0.244482742932936,2.94924118121465
2003-10-20,6.44620156288147,5.42290159066518
2003-10-21,1.42860228319963,3.58489453792572
2003-10-22,0.0149321102071553,2.40020829439163
2003-10-23,0.649071957916021,1.39921654264132
2003-10-24,0.000221511834145834,-1.93126511573792
2003-10-25,1.73070453968194e-05,0.625159914847851
2003-10-26,0.000308285274513764,0.911086683471998
2003-10-27,0,0.0248089917004108
2003-10-28,0.000161585828512519,0.787226105729739
2003-10-29,4.67281818389893,5.24275096257528
2003-10-30,0.712791509926319,2.81966656446457
2003-10-31,0.845125896235307,7.76528382301331
2003-11-01,2.74906380971273,6.17183550198873
2003-11-02,0.225309235354265,6.10284447669983
2003-11-03,0.232999878935516,8.22071941693624
2003-11-04,7.39543344631481e-05,6.17481859525045
2003-11-05,0.000304998458886985,4.60256652037303
2003-11-06,0,3.2251803278923
2003-11-07,2.35664128922508e-06,4.2397233247757
2003-11-08,0.000107272471420098,4.62935690085093
2003-11-09,0.0120856500676988,3.56682060162226
2003-11-10,0.263400447865327,2.18847648302714
2003-11-11,0.075135855935514,1.67947953939438
2003-11-12,0.717560770610968,1.8435396750768
2003-11-13,3.16033269961675,4.03625609477361
2003-11-14,0.191855845972896,4.28459612528483
2003-11-15,0.0439742766320705,4.6774757305781
2003-11-16,3.37650075554848,4.07761587699254
2003-11-17,0.605261991421382,3.8603346546491
2003-11-18,0.0261702356947353,6.37215240796407
2003-11-19,0.0134799089670802,6.45990816752116
2003-11-20,0.00484503985838577,4.92505594094594
2003-11-21,8.05147319624666e-05,4.20811327298482
2003-11-22,0.000366621932092433,4.50400984287262
2003-11-23,0.00625880838682254,4.94627734025319
2003-11-24,0.0519459075488461,4.93296285470327
2003-11-25,1.39877925316493,6.45175572236379
2003-11-26,0.0853913333266973,4.75955887635549
2003-11-27,1.5462887485822,4.22429704666138
2003-11-28,24.0087569554647,3.12384454409281
2003-11-29,2.55111813545227,2.31231051683426
2003-11-30,0.0100036281534509,2.59463395675023
2003-12-01,9.57875199674163e-05,3.28836502631505
2003-12-02,0.000302446031128056,4.61019396781921
2003-12-03,0.0256820280677251,3.14592405160268
2003-12-04,0.00130557279044297,2.46112938721975
2003-12-05,0.00300640215330835,1.93488693237305
2003-12-06,1.34900773068269,0.557441954811414
2003-12-07,0.000606234206012838,-2.43435029188792
2003-12-08,0,-4.18616851170858
2003-12-09,0.00185376626359357,-2.66058252255122
2003-12-10,0.000306152237802356,-1.55483260750771
2003-12-11,1.10305360456308,0.39080881451567
2003-12-12,0.208192351895074,2.85230731964111
2003-12-13,8.83869222799937,6.3015691836675
2003-12-14,8.91866119702657,5.09315733114878
2003-12-15,1.98572358489037,0.127714520941178
2003-12-16,0.861795301238696,-0.146318967609356
2003-12-17,0.0015703217140981,-0.93498978142937
2003-12-18,0.00237656172248535,-2.64321883519491
2003-12-19,0.0824656992529829,-0.22886421578005
2003-12-20,3.22912969191869,4.49984578291575
2003-12-21,2.78372645378113,4.14701557159424
2003-12-22,1.64426013827324,-1.23851740856965
2003-12-23,0.000225340152004113,-6.49790684382121
2003-12-24,0.000188638638064731,-8.85140442848206
2003-12-25,0.00171149727733185,-4.18647662798564
2003-12-26,0.000104589195871085,-1.96665286024412
2003-12-27,0.000115688446082155,1.13465895255407
2003-12-28,2.21300866206487,2.28693834940592
2003-12-29,0.0129933797676737,0.139804303646088
2003-12-30,3.38779095808665,-0.511217592284083
2003-12-31,5.91564687093099,-0.819487373034159
2004-01-01,1.74245428045591,-1.85381140311559
2004-01-02,0.0340461833402514,-4.62091716130575
2004-01-03,0.00485426107843523,-7.19926512241364
2004-01-04,1.64762663841248,-4.77923468748728
2004-01-05,3.34478364388148,-0.641266189515591
2004-01-06,4.91625674565633,-0.0113486402357618
2004-01-07,0.139014492432276,1.48507321874301
2004-01-08,6.14693164825439,-0.153716720330218
2004-01-09,12.3305201927821,3.06420524915059
2004-01-10,0.100252907878409,1.86453141768773
2004-01-11,14.5431616306305,5.64814778168996
2004-01-12,8.85774858792623,5.87622841199239
2004-01-13,30.489089012146,6.74207810560862
2004-01-14,0.770452956358592,3.88380038738251
2004-01-15,0.879729732871056,1.42883828779062
2004-01-16,17.7999610900879,2.93797751267751
2004-01-17,1.63020152350267,1.71333023905754
2004-01-18,0.0900226595501105,-0.251056740060449
2004-01-19,7.22579809029897,-0.758811836441358
2004-01-20,3.81030240654945,0.145084058865905
2004-01-21,0.0938549591228366,-3.11560042699178
2004-01-22,0.000606937969375091,-5.49587806065877
2004-01-23,0.000143053709810677,-6.90586284796397
2004-01-24,7.30010751883189,-5.41123406092326
2004-01-25,1.02743305017551,-0.630284567674001
2004-01-26,2.21176234881083,-2.93735752503077
2004-01-27,3.88336884975433,-1.81351469953855
2004-01-28,0.437289549658696,-2.56230462590853
2004-01-29,0.736125829319159,-2.5988756219546
2004-01-30,0.0255893183057196,-3.54112150271734
2004-01-31,0.0211799143483707,2.7939561009407
2004-02-01,0.000151165898690427,7.0913686354955
2004-02-02,0.00438394519248201,8.30344545841217
2004-02-03,2.62782878053258e-05,6.57534297307332
2004-02-04,2.50171797233634e-06,5.7167827685674
2004-02-05,8.39645799715072e-05,8.40548261006673
2004-02-06,0.119271581294015,10.2621773878733
2004-02-07,1.28417613108953,6.72968916098277
2004-02-08,7.18179861704508,2.1731187303861
2004-02-09,0.343543197959661,-0.0132653874655565
2004-02-10,5.92594865957896,0.53387865719075
2004-02-11,2.28904300928116,0.332570585849074
2004-02-12,0.0382264984194383,-1.32646333177884
2004-02-13,0.0989618778694421,1.4477730691433
2004-02-14,0.0722197834790374,2.49708604812622
2004-02-15,0,2.71518548329671
2004-02-16,7.73181933861148e-05,1.64489161968231
2004-02-17,0.00204311936734788,-0.33791221305728
2004-02-18,1.04202628135681,0.028519744053483
2004-02-19,0.000627205457324938,-0.687998707095782
2004-02-20,0,-0.184729924755326
2004-02-21,0,1.28277318676313
2004-02-22,9.50460902849833,3.1680999994278
2004-02-23,3.53881633281708,-2.20767219861348
2004-02-24,0.0323118437703063,-4.81986320018768
2004-02-25,0.245461214023332,-3.18282260497411
2004-02-26,0.132776314082245,-2.33573556939761
2004-02-27,0.891343504190445,-4.35383186737696
2004-02-28,0.0034321919180608,-5.0181348323822
2004-02-29,0.204598708078265,-3.10608941316605
2004-03-01,0.661212682723999,-4.34267916282018
2004-03-02,1.6079016427199,-2.44421249628067
2004-03-03,0.0289476775409033,-0.0465345189440995
2004-03-04,6.09561830060557e-05,-0.945784928898017
2004-03-05,1.09387377897898,-2.07192246119181
2004-03-06,1.3520346780618,-0.502765171229839
2004-03-07,0.0699719122300545,0.819702317317327
2004-03-08,0.887567361195882,-0.0956036646384746
2004-03-09,0.0425796481431462,-1.85971969366074
2004-03-10,0.00250934532959945,-1.85307701428731
2004-03-11,0.00671441604693731,-1.39013758301735
2004-03-12,0.150194193042504,2.20728423198064
2004-03-13,0.415030141671499,6.27318640549978
2004-03-14,0.465131675203641,5.15539995829264
2004-03-15,0.000147556233666061,6.94703733921051
2004-03-16,1.80093396314381e-06,8.3896849155426
2004-03-17,8.01884164805718e-05,9.89285635948181
2004-03-18,0.000193803981346719,11.611029624939
2004-03-19,0.325464100887378,11.6282736460368
2004-03-20,0.0330474242412796,12.0957067012787
2004-03-21,4.40552206834157,8.50758655865987
2004-03-22,1.61151228348414,4.63988025983175
2004-03-23,12.8580218156179,2.46245112021764
2004-03-24,18.0323090553284,1.45661454399427
2004-03-25,0.156350963438551,1.0934669872125
2004-03-26,0.0536354489934941,-0.684483903149764
2004-03-27,4.24474128521979e-05,-0.771447765330474
2004-03-28,9.38633359813442e-05,1.28580675522486
2004-03-29,0.000109024204599943,3.85281411806742
2004-03-30,0,6.84538273016612
2004-03-31,0,7.93227346738179
2004-04-01,0,9.82164065043131
2004-04-02,0.000227866119227353,11.1014304161072
2004-04-03,0.00161313332622133,9.02062487602234
2004-04-04,5.38811326026917,7.90603689352671
2004-04-05,10.4169342120488,6.41013395786285
2004-04-06,8.41386047999064,3.88612749179204
2004-04-07,3.25967250267665,3.18776998917262
2004-04-08,1.90045383324226,3.21997215350469
2004-04-09,0.0860447158726553,4.46232342720032
2004-04-10,3.00299060344696,4.98862234751383
2004-04-11,0.281269543649008,4.51694496472677
2004-04-12,0.0186428110658502,5.65539340178172
2004-04-13,0.00993799262748022,6.25042283535004
2004-04-14,1.37624700945101e-05,7.09132246176402
2004-04-15,0.00391898584045218,9.25426944096883
2004-04-16,0.00237249865313061,11.3322130044301
2004-04-17,0.00580899440683424,12.2820316155752
2004-04-18,8.24451065063477,11.7458183765411
2004-04-19,3.31679219007492,5.54996375242869
2004-04-20,0.0400971238850616,9.1794327100118
2004-04-21,0,12.4048235416412
2004-04-22,0.0020596337611399,14.1138545672099
2004-04-23,7.08562849958738,12.2725335756938
2004-04-24,0.0509570827583161,8.88813726107279
2004-04-25,0.0160833480185829,7.8996144135793
2004-04-26,1.7346901510488e-05,10.3435812791189
2004-04-27,0.00186498645537843,12.2551230589549
2004-04-28,0.000559134807796606,14.3586563269297
2004-04-29,2.17592969420366e-05,15.4521244366964
2004-04-30,0.696242117633422,15.8789590994517
2004-05-01,3.97824410566439,11.9826240539551
2004-05-02,5.71492997805278,11.5832289059957
2004-05-03,1.06190135578314,12.6850867271423
2004-05-04,0.968268170952797,13.4149329662323
2004-05-05,13.4174404144287,7.76017069816589
2004-05-06,17.1406640211741,5.8673232793808
2004-05-07,2.20272059241931,6.6909460624059
2004-05-08,1.19293884436289,8.19471458594004
2004-05-09,1.57640341917674,6.56279273827871
2004-05-10,0.117489918135107,8.33222925662994
2004-05-11,0.551995499059558,11.0991578102112
2004-05-12,4.5059720998009,11.7256968021393
2004-05-13,0.111788518105944,8.78647192319234
2004-05-14,0.0041979741557346,10.7831945419312
2004-05-15,0.0619220020404706,12.7850390275319
2004-05-16,0.109950339111189,11.5575600465139
2004-05-17,8.32263519138602e-06,13.5503601233164
2004-05-18,3.77580994002832e-05,16.5270137786865
2004-05-19,6.50138654236798e-05,16.3661309878031
2004-05-20,0.168166454105328,17.7400457064311
2004-05-21,18.6275143623352,12.704298098882
2004-05-22,0.831286837657293,7.22546482086182
2004-05-23,0.0818934640847147,6.78877989451091
2004-05-24,1.97942593634555e-06,8.97040851910909
2004-05-25,7.91721618043084e-07,11.5141758124034
2004-05-26,0.438455518335104,13.7618242104848
2004-05-27,5.81682187318802,11.7253437836965
2004-05-28,0.0805172263644636,11.1323617299398
2004-05-29,3.64783167204526e-05,12.4136055310567
2004-05-30,0.0639424244873226,14.7679057916005
2004-05-31,6.16110022862752,12.336533387502
2004-06-01,8.57401502132416,12.5282360712687
2004-06-02,2.42920051018397,12.6217251618703
2004-06-03,6.22834153970083,12.0670228004456
2004-06-04,3.04573903481166,13.34872174263
2004-06-05,6.26065258185069,11.3016932010651
2004-06-06,0.00083953867094048,12.8787515163422
2004-06-07,9.49184163800965e-06,16.336682955424
2004-06-08,0,20.1305294036865
2004-06-09,0.0217463254472629,22.0303915341695
2004-06-10,2.83266798655192,21.5932588577271
2004-06-11,12.6369800567627,16.5874848365784
2004-06-12,2.78936358230809,13.9324787457784
2004-06-13,2.84449024995168,11.9518928527832
2004-06-14,0.0128421163341651,15.0843445460002
2004-06-15,3.3545402487119,16.7902805010478
2004-06-16,0.0270882372084695,13.8914380868276
2004-06-17,0.469820931553841,17.1305650075277
2004-06-18,0.906269561809798,15.3918927510579
2004-06-19,5.75442536671956,12.9251108964284
2004-06-20,4.79697334766388,10.8900577227275
2004-06-21,0.975173979997635,13.3586757977804
2004-06-22,0.809347833196322,15.3482782046
2004-06-23,3.52861703932285,17.1287754376729
2004-06-24,0.00184336801369985,16.6592979431152
2004-06-25,0.925917752164726,14.6557518641154
2004-06-26,0.000258843278667579,16.6050484975179
2004-06-27,2.39950577418009,20.1364874839783
2004-06-28,0.0183564201773455,18.4501183827718
2004-06-29,0.0160121903948796,16.3871340751648
2004-06-30,7.43285539404799e-05,18.4769268035889
2004-07-01,1.72212873399258,16.3333961963654
2004-07-02,5.422037144502,13.8843722343445
2004-07-03,0.971418942014376,14.7787628968557
2004-07-04,0.835170667618513,17.5900201797485
2004-07-05,8.71009997526805,18.3631332715352
2004-07-06,1.51163816452026,16.5057802995046
2004-07-07,0.314275356164823,18.1376365025838
2004-07-08,26.2034468650818,18.0177076657613
2004-07-09,0.268534013380607,14.2066072622935
2004-07-10,2.05274020632108,12.1351591746012
2004-07-11,2.99885117014249,12.0224370161692
2004-07-12,8.6349923213323,12.3620518843333
2004-07-13,3.78521052002907,12.3851201534271
2004-07-14,1.80719005068143,15.2917222181956
2004-07-15,0.100568953746309,16.8284066518148
2004-07-16,0.00403391097582547,19.6218756039937
2004-07-17,3.11074736714363,21.1665404637655
2004-07-18,2.91353168090185,21.7683680852254
2004-07-19,0.00936648003213728,20.530740737915
2004-07-20,1.83473975211382,20.6192981402079
2004-07-21,5.35542104641597,21.600075562795
2004-07-22,0.142794801232715,21.8235301971436
2004-07-23,5.42669802904129,21.7791304588318
2004-07-24,6.54391666253408,18.1843881607056
2004-07-25,0.00490861834259704,18.4069687525431
2004-07-26,2.61080335577329,14.676292181015
2004-07-27,0.000218700326513499,14.4823392232259
2004-07-28,2.20313515152763e-05,15.6659944852193
2004-07-29,2.20313515152763e-05,17.2798296610514
2004-07-30,1.10156757576381e-05,19.5595547358195
2004-07-31,0,21.3865753809611
2004-08-01,0.223690791676442,21.6320039431254
2004-08-02,0,20.8585340181987
2004-08-03,0.00550709585968434,20.5756460825602
2004-08-04,0.00112930642717401,21.2065184911092
2004-08-05,0.0656215469740952,21.9082608222961
2004-08-06,0.01151029431882,21.323538462321
2004-08-07,8.84382140636444,20.2767624855042
2004-08-08,0.00690272028289958,20.6400135358175
2004-08-09,0.00066216548657394,21.5893260637919
2004-08-10,0.537079505622387,21.9013525644938
2004-08-11,0.0519391997562101,20.9562834103902
2004-08-12,14.928449789683,19.9813516934713
2004-08-13,3.77337574958801,16.3845933278402
2004-08-14,6.48646676540375,14.6020429134369
2004-08-15,0.00218787087821208,17.1895387967428
2004-08-16,2.17602088054021,17.94482533137
2004-08-17,0.104016817349475,18.2110662460327
2004-08-18,0.00803989917039871,21.3469764391581
2004-08-19,9.09254384040833,18.6405030886332
2004-08-20,1.52670875191689,16.3536597887675
2004-08-21,5.52916701634725,13.7788123289744
2004-08-22,0.140808233098748,13.7466863791148
2004-08-23,1.35140657673279,17.3603274027507
2004-08-24,2.16017410159111,16.0481385389964
2004-08-25,1.2249409109354,15.9899639288584
2004-08-26,3.47406343619029,13.4159468809764
2004-08-27,0.000582500875680125,14.9161868890127
2004-08-28,0.00669006588092695,16.9964283307393
2004-08-29,1.52567561296746,16.4423387845357
2004-08-30,4.61496317386627,14.7988295555115
2004-08-31,0.00450268412896548,13.5969843069712
2004-09-01,0.000160300899551657,13.6029800573985
2004-09-02,0,15.8047851721446
2004-09-03,1.33815223692606,18.638391494751
2004-09-04,0.0108144703687382,18.827267964681
2004-09-05,3.43687976661992e-05,18.0539703369141
2004-09-06,4.20155847299005e-07,17.1547096570333
2004-09-07,0,16.836880048116
2004-09-08,0,16.0649055639903
2004-09-09,0.000438380504723076,14.6489400863647
2004-09-10,0.302782970791062,16.0735816160838
2004-09-11,3.0337265431881,18.4394977887472
2004-09-12,5.0179961125056,14.5001554489136
2004-09-13,0.539843935519457,14.4928021430969
2004-09-14,1.45898176232974,16.1727408568064
2004-09-15,2.69339895248413,13.0277082125346
2004-09-16,0.0099523314468873,10.8229556083679
2004-09-17,8.27889285043663e-05,11.066167751948
2004-09-18,7.75287783956931e-06,13.0503342151642
2004-09-19,2.67476584513982,13.9688492616018
2004-09-20,0.00135448705016946,14.3077989419301
2004-09-21,0.0774440002084399,13.0841128826141
2004-09-22,4.42526249090831,11.2715922196706
2004-09-23,13.0360469818115,12.1313925584157
2004-09-24,5.84873779614766,8.24672011534373
2004-09-25,7.35872010389964,8.15197380383809
2004-09-26,2.14254325628281,8.14782186349233
2004-09-27,0.623315917948882,10.8413887023926
2004-09-28,0.0201956569653703,12.8620622158051
2004-09-29,4.88614493608475,12.2863171100616
2004-09-30,1.53333155810833,12.1760682264964
2004-10-01,5.50029971202215,11.9768644968669
2004-10-02,0.100978816820619,12.4291120370229
2004-10-03,0.00662518205839054,11.6861191590627
2004-10-04,3.94396314125818e-06,13.8601120313009
2004-10-05,0.0549733799416572,16.2606856028239
2004-10-06,0.950195262829463,15.5990836620331
2004-10-07,2.20246747136116,12.6631259123484
2004-10-08,7.45782236258189,13.0907481511434
2004-10-09,19.9897988637288,9.26007167498271
2004-10-10,0.16142921995682,8.04198737939199
2004-10-11,0.00018632689777102,6.58240322271983
2004-10-12,0.00856287482505043,4.51897883415222
2004-10-13,0.0173569929029327,6.30244155724843
2004-10-14,0.962515023847421,8.08083442846934
2004-10-15,9.4514049688975,8.06089452902476
2004-10-16,0.161477531616886,5.33411848545074
2004-10-17,4.83729668458303,6.0879381497701
2004-10-18,0.802639943857988,7.32878418763479
2004-10-19,0.838396747907003,7.0764745871226
2004-10-20,2.55737482508024,12.1811877091726
2004-10-21,1.93474983175596,13.1126293341319
2004-10-22,0.0313098397067127,10.7869880199432
2004-10-23,0.00126801260921638,12.3616509437561
2004-10-24,0.000657981203706489,12.7023944854736
2004-10-25,4.31003739436467,12.9515682061513
2004-10-26,6.68801101048787,9.09433205922445
2004-10-27,0.0496702070813626,8.84618894259135
2004-10-28,0.39684796333313,10.0602462291718
2004-10-29,0.109014469664544,10.1471998691559
2004-10-30,0.210770786681678,9.07120180130005
2004-10-31,0.316791440360248,7.9173196554184
2004-11-01,0.40521531055371,9.41871698697408
2004-11-02,0.0336612423416227,10.0404870510101
2004-11-03,0.0179433127244314,10.3635734717051
2004-11-04,0.361044722764442,10.2475947539012
2004-11-05,4.08665345112483,7.77645321687063
2004-11-06,2.23683936397235,5.31821783383687
2004-11-07,3.38072935740153,3.37832484642665
2004-11-08,0.247511951252818,1.51832765340805
2004-11-09,4.83831238746643,-0.132886219071224
2004-11-10,0.451557903240124,0.249142269914349
2004-11-11,0.0117928678713118,1.45119245847066
2004-11-12,2.48327603936195,1.81743684411049
2004-11-13,2.56804696718852,1.59115038315455
2004-11-14,0.308950245380402,-0.208454638486728
2004-11-15,0.00106565510547322,-2.48855513334274
2004-11-16,0.00870298266575749,0.844110264753302
2004-11-17,0.0183204816227468,4.71399370829264
2004-11-18,1.70856503148874,6.82722997665405
2004-11-19,2.30665519833565,2.35335562626521
2004-11-20,0.156194431862483,-0.765842852493127
2004-11-21,2.63917708396912,-0.752168516318003
2004-11-22,1.76899005969365,6.50636819998423
2004-11-23,5.2642951409022,5.96749484539032
2004-11-24,0.00908472029186669,-0.464875866969426
2004-11-25,0.00482025850214995,-1.39960845311483
2004-11-26,0.695793700714906,2.74719846248627
2004-11-27,0.464124143744508,4.92752587795258
2004-11-28,2.42379676053921,2.59545850753784
2004-11-29,0.254334791873892,3.2599670290947
2004-11-30,0.00334182714383739,2.32117686669032
2004-12-01,0.00197863415814936,1.64450411001841
2004-12-02,0.919803795715173,0.611356697976589
2004-12-03,0.165605507325381,2.80023179451625
2004-12-04,0.00374635815872656,2.5611986319224
2004-12-05,0.0189409177013052,1.19179430107276
2004-12-06,4.87163509509022e-05,0.769114683071772
2004-12-07,0.000294670876125262,-0.661530410250028
2004-12-08,0.00279126894505074,-1.13554418087006
2004-12-09,0.00575830310117453,-1.52508700887362
2004-12-10,0.00265184368375534,-2.75611267487208
2004-12-11,0.0124266129763176,-3.19168301423391
2004-12-12,0.00768129608089415,-3.34314560890198
2004-12-13,2.42214443157233e-05,-3.07667495807012
2004-12-14,0.00160328626467769,-2.97384526332219
2004-12-15,0.00266486382073102,-3.43923270702362
2004-12-16,0.210345851878325,-2.15758041540782
2004-12-17,6.71132310231527,3.64944328864416
2004-12-18,2.3638383547465,1.0291365981102
2004-12-19,7.74730455875397,-0.95035395026207
2004-12-20,0.0014500094257528,-7.41178278128306
2004-12-21,4.60573713401876e-05,-6.97318494319916
2004-12-22,0.0713742805334429,-4.03360078732173
2004-12-23,1.80067174136639,3.30024359623591
2004-12-24,0.314503700550025,5.72374709447225
2004-12-25,5.8724106947581,3.87250582377116
2004-12-26,11.4262928962708,0.771954692900181
2004-12-27,3.05037047465642,-0.0254300367087126
2004-12-28,2.2672304213047,-0.264901417346361
2004-12-29,0.380883189539115,-0.410506168069939
2004-12-30,0.0194113550387556,-3.09548672040304
2004-12-31,1.07090809444586,0.442603973749404
2005-01-01,0.588913604617119,3.4087877869606
2005-01-02,2.78699378172557,3.40192230542501
2005-01-03,0.0686405772915653,2.27733611067136
2005-01-04,0.000714046009610077,3.07942787806193
2005-01-05,2.75403348604838,3.60333359241486
2005-01-06,1.44890523950259,4.91831441720327
2005-01-07,0.0128421007369373,3.85474141438802
2005-01-08,0.524792398015658,6.16731484731038
2005-01-09,0.427105154842138,5.41157209873199
2005-01-10,0.0012593126448337,3.41100291411082
2005-01-11,0.0563740545573334,2.84045386314392
2005-01-12,4.13713669776917,4.47489921251933
2005-01-13,0.0680991218735774,2.9297122557958
2005-01-14,0.000637785193627375,-0.733757813771566
2005-01-15,0.000906438057427295,-2.72098443905512
2005-01-16,0.000615846566991725,-3.38003142674764
2005-01-17,0.000169069253994773,-2.24267556269964
2005-01-18,4.62430278460185,1.09215724468231
2005-01-19,0.446926367779573,0.505680434405804
2005-01-20,13.8433865706126,4.50379687547684
2005-01-21,2.21347863475482,2.99979573488235
2005-01-22,0.490279443562031,0.566131055044631
2005-01-23,3.62865304946899,-1.68553507328033
2005-01-24,3.6571456293265,-3.23261030515035
2005-01-25,1.88148271044095,-4.98263510068258
2005-01-26,1.73929768800735,-6.38243118921916
2005-01-27,0.376128022869428,-8.61760520935059
2005-01-28,0.0311511817465847,-9.86594216028849
2005-01-29,0.0313741612092902,-10.0487571557363
2005-01-30,0.283375136554241,-7.87867673238118
2005-01-31,10.6130531628927,-1.54831616580486
2005-02-01,1.93007139364878,-0.983961919943492
2005-02-02,5.30186039209366,-0.0461622551083565
2005-02-03,0.322389983882507,1.11634444693724
2005-02-04,0.00205211856352131,-1.26658618450165
2005-02-05,0.00630988449362728,-5.74855399131775
2005-02-06,0.00327049976908711,-5.45198353131612
2005-02-07,4.79660238094463e-05,-6.43616350491842
2005-02-08,0.00130666200008515,-2.60963267087936
2005-02-09,0.00132846583452798,0.0211982259061188
2005-02-10,1.88933098316193,1.60612839460373
2005-02-11,2.37284769614538,3.74027903874715
2005-02-12,11.8933000564575,6.7053777774175
2005-02-13,4.30562494198481,0.936061213413874
2005-02-14,4.08233451843262,-0.77373759696881
2005-02-15,3.25008187691371,-2.66034338871638
2005-02-16,9.83808879057566,-3.22580482562383
2005-02-17,0.734718203544617,-2.91472321748734
2005-02-18,0.313790583362182,-3.17855616410573
2005-02-19,3.16370536883672,-2.46367487311363
2005-02-20,0.373945464690526,-2.60171765089035
2005-02-21,7.06692906220754,-3.22123589118322
2005-02-22,3.03550956646601,-3.6944918235143
2005-02-23,0.0552883052732795,-5.68147933483124
2005-02-24,0.00186528967848669,-7.79167703787486
2005-02-25,0.00860623159678653,-5.75439314047496
2005-02-26,3.29979852835337,-4.56678513685862
2005-02-27,1.84267733494441,-6.8767823378245
2005-02-28,0.010970926368221,-12.6447984377543
2005-03-01,9.94395433432752e-05,-12.6751068433126
2005-03-02,0,-9.32409429550171
2005-03-03,0.0161865147444284,-6.06518646081289
2005-03-04,0.0886010476533556,-6.06350453694661
2005-03-05,3.70209300518036,-3.36163371801376
2005-03-06,0.295784821112951,-5.89589850107829
2005-03-07,2.12965793410937,-5.43637390931447
2005-03-08,3.2917134364446,-0.314260243079237
2005-03-09,3.52110999822617,0.882297478616238
2005-03-10,0.0638902643695474,-1.69497794906298
2005-03-11,0.0426335063530132,-0.582893612484137
2005-03-12,5.11192989349365,0.545116471747557
2005-03-13,0.17584884801181,-0.483596201054752
2005-03-14,0.180554997680398,0.732806784411271
2005-03-15,0,4.77518705526988
2005-03-16,6.56794075742558e-05,7.16019721825918
2005-03-17,7.63629941502586e-05,10.8173978328705
2005-03-18,0.089709041484942,12.3517932097117
2005-03-19,0.925644109646479,9.68904908498128
2005-03-20,0.00106091486062117,4.66731246312459
2005-03-21,0.00057916478090192,5.12671176592509
2005-03-22,2.27373922864596,7.74268591403961
2005-03-23,0.002922003302956,10.4122575918833
2005-03-24,7.59830236434937,8.94063067436218
2005-03-25,1.10650141537189,8.30539790789286
2005-03-26,0.276718305288038,7.52365533510844
2005-03-27,8.17293993631999,9.4852549235026
2005-03-28,0.0285781322357555,9.7781875928243
2005-03-29,12.2929431597392,9.93834074338277
2005-03-30,13.1203405062358,8.46826736132304
2005-03-31,0.0280050554235155,8.00234627723694
2005-04-01,2.30506414785244e-06,5.97365963459015
2005-04-02,8.43776644406565e-07,7.61729792753855
2005-04-03,3.91323093632915e-05,8.80089632670085
2005-04-04,1.20747104877713e-06,9.67557422320048
2005-04-05,0.76056661705176,9.9782567024231
2005-04-06,0.220386601363619,11.8712660471598
2005-04-07,1.75132668515046,11.0469272931417
2005-04-08,9.99405932426453,6.17999907334646
2005-04-09,3.48303333918254,3.41973580916723
2005-04-10,0.00282371887806221,3.61874580383301
2005-04-11,0.000589731891523115,6.10339486598969
2005-04-12,0.0880805375927594,8.90647196769714
2005-04-13,0.424366798562308,9.65738407770793
2005-04-14,1.04278560479482,10.8058047294617
2005-04-15,0.0755900824442506,12.7812557220459
2005-04-16,0.428765612343947,12.9007066090902
2005-04-17,1.13798114905755,8.81794937451681
2005-04-18,13.1057173411051,8.12699965635935
2005-04-19,21.173512617747,7.77396146456401
2005-04-20,12.5782386461894,5.70072821776072
2005-04-21,0.0348866215499584,4.21137680610021
2005-04-22,4.02909669598254e-05,5.94449579715729
2005-04-23,2.29341548929612,9.20506890614828
2005-04-24,2.58593680461248,11.1757360299428
2005-04-25,20.0577683448792,9.46330730120341
2005-04-26,0.984832485516866,10.0668103694916
2005-04-27,7.97896500428518,9.49329805374146
2005-04-28,0.0113853768658979,11.4703214963277
2005-04-29,0.027757166341568,13.9148893356323
2005-04-30,4.48915071350105e-05,16.4753533999125
2005-05-01,2.1763211407233e-05,18.4777193069458
2005-05-02,0.0254169549007202,19.7812070846558
2005-05-03,4.23372717698415,14.7832214832306
2005-05-04,3.83638685941696,11.6518427530924
2005-05-05,6.76916388670603,9.85417318344116
2005-05-06,9.42117408911387,7.39857157071431
2005-05-07,10.5662724971771,7.4169135093689
2005-05-08,2.65434187650681,6.36560575167338
2005-05-09,0.826737642288208,6.3012011051178
2005-05-10,0.0694509498619785,6.25272981325785
2005-05-11,0.000181562016526489,6.9055278301239
2005-05-12,6.0579396479928e-05,9.18547789255778
2005-05-13,0.00101819801784586,12.0505838394165
2005-05-14,4.45275394121806,12.9965782960256
2005-05-15,2.75740284721057,11.1733825206757
2005-05-16,7.98741471767426,10.015055735906
2005-05-17,0.152700865330795,10.8891090552012
2005-05-18,0.149037928320467,8.288671930631
2005-05-19,0.0164282353968398,10.0356195767721
2005-05-20,0.090305698569864,14.5002668698629
2005-05-21,10.2864868839582,16.593029499054
2005-05-22,0.935771482686202,15.3955040772756
2005-05-23,7.74229264259338,11.2851318518321
2005-05-24,0.000225151175982319,12.9325903256734
2005-05-25,2.27113778237253e-05,16.1522373358409
2005-05-26,4.0873943362385e-05,18.698254108429
2005-05-27,1.42884391607367e-06,20.501202583313
2005-05-28,2.5719190792491e-05,21.913982073466
2005-05-29,0.0526815311362346,22.853861172994
2005-05-30,6.84380606810252,17.7646287282308
2005-05-31,8.11922998214717e-05,12.1357936859131
2005-06-01,6.14350707716464e-05,12.856426636378
2005-06-02,2.9505020089952e-05,15.3821965853373
2005-06-03,9.63157999515533,19.2706863085429
2005-06-04,3.94051223993301,15.3194007873535
2005-06-05,0.177461964621519,13.8271043300629
2005-06-06,4.14344595869382,12.7264122962952
2005-06-07,0.056849798556262,9.05189919471741
2005-06-08,0.032273112796247,9.8773246606191
2005-06-09,0.0743027709443898,10.043646812439
2005-06-10,0.000415269130220016,11.4038621584574
2005-06-11,0.712264104435841,12.2588485081991
2005-06-12,1.34869514405727,12.8399058977763
2005-06-13,8.24056816101074,15.9080244700114
2005-06-14,36.7118067741394,16.69669008255
2005-06-15,0.250797646430631,16.7347877820333
2005-06-16,0.0012366455157462,18.4208866755168
2005-06-17,0.0632884841567526,18.7654190063477
2005-06-18,0.000480268819956109,19.0984020233154
2005-06-19,8.30649206307044e-07,18.7941145896912
2005-06-20,0,20.4875078201294
2005-06-21,6.95164198987186e-05,22.2643483479818
2005-06-22,0.00314488769132974,21.8241413434347
2005-06-23,0.000389326950122874,21.4958453178406
2005-06-24,0.276039592921734,24.0356065432231
2005-06-25,3.15180572867393,22.2669862111409
2005-06-26,0.00333568138012197,21.4480945269267
2005-06-27,0.612670128233731,22.5353837013245
2005-06-28,1.42113431791464,23.3271323839823
2005-06-29,10.1945234735807,20.1914923985799
2005-06-30,12.37457883358,18.4322503407796
2005-07-01,8.44011282920837,14.8028572400411
2005-07-02,3.57547517617544,16.0510851542155
2005-07-03,0.0016695228550816,19.462811311086
2005-07-04,14.1590847969055,18.5915284156799
2005-07-05,9.59391299883525,12.2999650637309
2005-07-06,2.08273196220398,13.7385872999827
2005-07-07,2.13877293467522,12.5621641476949
2005-07-08,1.21484778573116,12.6468633015951
2005-07-09,0.116628245537868,15.2000353336334
2005-07-10,25.2250261306763,14.9467944304148
2005-07-11,6.16553495327632,16.6596151192983
2005-07-12,2.32939893007278,18.0778152147929
2005-07-13,1.73699635297453e-06,19.2117681503296
2005-07-14,3.55330848833546e-06,20.4182114601135
2005-07-15,0.253157935415705,21.4985049565633
2005-07-16,8.62087734540304,20.9745747248332
2005-07-17,1.31812800342838e-05,21.2887765566508
2005-07-18,7.95428264141083,19.8870929082235
2005-07-19,3.45537373920282,16.9608588218689
2005-07-20,5.17779103914897,16.8469346364339
2005-07-21,0.00769991955409447,16.1591288248698
2005-07-22,0.901566481838624,15.1537610689799
2005-07-23,0.523128690818946,15.6927858988444
2005-07-24,5.61295374234517,17.1068112055461
2005-07-25,18.0449527899424,17.3819206555684
2005-07-26,0.00451051931365024,18.9574138323466
2005-07-27,0.0202376584347803,22.6111741065979
2005-07-28,0.00247938591443623,25.1239420572917
2005-07-29,6.34870896736781,23.0983657836914
2005-07-30,0.736779404183229,17.9755592346191
2005-07-31,0.0096594801483055,17.3911836942037
2005-08-01,1.40850100914637,18.106214205424
2005-08-02,10.3722946643829,16.1215136051178
2005-08-03,0.37505034605662,14.868860801061
2005-08-04,0.00954265990003478,15.0183402697245
2005-08-05,11.5082426071167,16.376588900884
2005-08-06,0.488933051625888,14.4345989227295
2005-08-07,2.6768418053786,11.1624050140381
2005-08-08,2.09125141302745,11.6458127498627
2005-08-09,0.00234565538509438,13.3432463804881
2005-08-10,0.00555908421908195,13.9089996814728
2005-08-11,0.00264058017637581,14.7544242540995
2005-08-12,0.384401386370882,16.4550751050313
2005-08-13,0.0159732273459667,15.5197087128957
2005-08-14,6.8745475212733,13.6816310882568
2005-08-15,7.03925653298696,12.7426289717356
2005-08-16,0.340759376063943,14.0353215535482
2005-08-17,0.000453501760299938,15.8320264021556
2005-08-18,0.000364040887992208,17.8683565457662
2005-08-19,11.3344432512919,18.5061949094137
2005-08-20,4.84503600994746,15.3418433666229
2005-08-21,24.9439007441203,15.9683193365733
2005-08-22,53.1015578905741,16.0923989613851
2005-08-23,15.582738161087,14.7837911446889
2005-08-24,0.424284553776185,16.0088575681051
2005-08-25,1.59535926580429,16.409374554952
2005-08-26,0.00393163744107975,14.875130256017
2005-08-27,0.0148200546779359,15.3071064949036
2005-08-28,0.0116630283009727,16.0929777622223
2005-08-29,9.5529125246685e-05,17.6666680971781
2005-08-30,9.11229611422944e-05,19.1077332496643
2005-08-31,0.000500748584007245,19.3237153689067
2005-09-01,2.75246870517731,20.4939673741659
2005-09-02,4.32347845037778,19.6401151021322
2005-09-03,0.0517003868396083,18.5285976727804
2005-09-04,0.000768107430000479,17.0231855710347
2005-09-05,0.000116681272629648,16.8629899024963
2005-09-06,9.36194943885009e-05,17.7678291002909
2005-09-07,0.000333982558610539,18.2299334208171
2005-09-08,0.0103223330903954,19.2063789367676
2005-09-09,23.0863746007284,19.3630878130595
2005-09-10,2.37447083741426,16.8333263397217
2005-09-11,0.342938066770633,16.3901896476746
2005-09-12,5.66307497024536,15.6800413131714
2005-09-13,1.38648258149624,15.2460351785024
2005-09-14,0.452471445314586,15.0130613644918
2005-09-15,0.30820814279529,16.2122297286987
2005-09-16,16.5305564403534,14.8201781113942
2005-09-17,0.243759453607102,8.5175031820933
2005-09-18,0.0019577043155247,8.78361717859904
2005-09-19,4.29348391056313e-05,9.09331099192301
2005-09-20,0.000154089959323755,9.54765168825785
2005-09-21,7.28261056792689e-07,9.92499057451884
2005-09-22,7.31213707088803e-05,11.2015631993612
2005-09-23,0.000422289678075079,12.8215125401815
2005-09-24,9.21716949354353e-05,13.2768882115682
2005-09-25,2.01001287981247e-05,13.518120209376
2005-09-26,0.432335677789524,14.0980472564697
2005-09-27,1.68816165626049,13.4771690368652
2005-09-28,0.721773713827133,13.116312901179
2005-09-29,2.30265062053998,10.7070599397024
2005-09-30,0.0113106241721349,8.96156120300293
2005-10-01,19.1349832216899,10.3855295976003
2005-10-02,14.6285086472829,9.00311899185181
2005-10-03,3.49349438150724,9.4884831905365
2005-10-04,0.217659484692073,13.4311698277791
2005-10-05,0.00231133094833543,13.7139166196187
2005-10-06,9.26070269997581e-05,13.1908207734426
2005-10-07,0.021493307625254,11.5164993604024
2005-10-08,0.0123365914526706,11.3315062522888
2005-10-09,0.055925618003433,11.1652257442474
2005-10-10,0.0454027991121014,10.2434333165487
2005-10-11,0.023782545865591,9.34652217229207
2005-10-12,0.0141654344673346,8.92438157399496
2005-10-13,0.0249637758145885,7.64497685432434
2005-10-14,0.0130163306118144,7.58755993843079
2005-10-15,0,7.88607128461202
2005-10-16,4.26027913817961e-05,7.31189604600271
2005-10-17,7.51041504069387e-06,5.82231938838959
2005-10-18,3.84984329381647e-05,4.9154444138209
2005-10-19,0.132420469075441,5.12054133415222
2005-10-20,0.0135024678505336,8.38398845990499
2005-10-21,0.231701516235868,10.5647044976552
2005-10-22,2.43498756488164,13.485452969869
2005-10-23,0.35128248979648,11.8229419390361
2005-10-24,0.0266435423206228,10.2961065769196
2005-10-25,0.0124357876678308,12.6624705791473
2005-10-26,0.0155626361326237,13.2481779257456
2005-10-27,0.0283089284979117,10.8737305005391
2005-10-28,0.0466767200268805,9.75103799502055
2005-10-29,0.0544039078134423,9.77217666308085
2005-10-30,0.0281822990315656,8.44149629275004
2005-10-31,0.00685835807720044,7.28247364362081
2005-11-01,0.769035361707211,8.45593206087748
2005-11-02,4.16028819481532,9.03737711906433
2005-11-03,0.162332495674491,11.233538945516
2005-11-04,6.68055196603139,9.53495939572652
2005-11-05,2.50744741161664,7.72103214263916
2005-11-06,0.0112254838653219,5.70299466451009
2005-11-07,0.0193120941015271,6.33918575445811
2005-11-08,0.0325674465226863,4.58762466907501
2005-11-09,0.0343808212201111,4.71585222085317
2005-11-10,0.0156776001676917,5.30978107452393
2005-11-11,0.000412684404485238,6.39866030216217
2005-11-12,0.0264720502309501,5.45116559664408
2005-11-13,0.00143006911487949,3.3052636384964
2005-11-14,0.00209281091520097,2.59336405992508
2005-11-15,0.551074067751567,3.58241605758667
2005-11-16,1.95988400777181,4.37352923552195
2005-11-17,2.88091984391212,1.73212732871373
2005-11-18,2.7252056101958,0.528361837069193
2005-11-19,0.0149723738819982,-2.00116949280103
2005-11-20,1.46317062278589,-1.15879718462626
2005-11-21,7.37162180741628,0.350810990358392
2005-11-22,1.58930278321107,-1.23338358600934
2005-11-23,0.300750160589814,-2.12162522474925
2005-11-24,1.66500013073285,-4.76581180095673
2005-11-25,0.56527575229605,-2.6984366774559
2005-11-26,0.0057802565121771,-4.31652212142944
2005-11-27,0.00411291860897715,-3.09622627496719
2005-11-28,2.60812336206436,-0.0551279156158368
2005-11-29,0.606972195208073,-0.277099087213476
2005-11-30,0.00250285488133765,-0.884850273529688
2005-12-01,0.00856262059339012,-3.62262113889058
2005-12-02,3.30723941326141,-3.44493373235067
2005-12-03,6.91762928167979,0.79122826953729
2005-12-04,0.788976131627957,3.54854430754979
2005-12-05,0.691894518832366,2.83671273787816
2005-12-06,0.714657254517078,1.29014926155408
2005-12-07,1.22257818033298,1.52110601464907
2005-12-08,1.15515011052291,1.06308354437351
2005-12-09,0.136872191447765,0.496977039302389
2005-12-10,4.84851064660082e-05,-1.9040746986866
2005-12-11,3.10325582783359e-05,-3.77933843930562
2005-12-12,0.224069563671947,-2.75381822387377
2005-12-13,0.613854810595512,-0.58707202381144
2005-12-14,0.172970165498555,-0.147966004093178
2005-12-15,1.20527405043443,1.13647468388081
2005-12-16,13.818896373113,2.10439602533976
2005-12-17,2.50617276628812,-1.25569018721581
2005-12-18,1.03959959248702,-2.55806531508764
2005-12-19,1.96355678637822,-1.9077141781648
2005-12-20,0.0355937227141112,-0.71192305535078
2005-12-21,0.02313696887965,-1.39841527243455
2005-12-22,4.45023985703786,-1.14239752292633
2005-12-23,1.42193922400475,0.747336452205976
2005-12-24,0.515424499909083,1.2147336602211
2005-12-25,0.502816655983528,1.17512057721615
2005-12-26,1.32572711010774,-1.10580469667912
2005-12-27,4.32977193593979,-2.8784508506457
2005-12-28,4.81434909502665,-4.89184069633484
2005-12-29,0.0877224754270477,-7.26312708854675
2005-12-30,9.12945405642192,-9.80637502670288
2005-12-31,2.83270809054375,1.33807204167048
2006-01-01,2.00321641067664,1.10625527302424
2006-01-02,0.859469636032979,-0.0987922710676988
2006-01-03,0.147958802680175,-0.150039225661506
2006-01-04,0.00685205568637078,-0.868972723682721
2006-01-05,3.67749318381054e-05,-1.24820769329866
2006-01-06,0.0125512181916747,-1.64758167167505
2006-01-07,0.0164989943926533,-2.29472770293554
2006-01-08,0.0404833308421075,-3.32272507747014
2006-01-09,0.0155009908291201,-5.37931315104167
2006-01-10,0.00727470970499174,-6.48793431123098
2006-01-11,0.00570604084835698,-6.77201771736145
2006-01-12,0.000502443868754199,-4.97576495011648
2006-01-13,0.0223871797594863,-6.364217877388
2006-01-14,0.100624026653046,-7.59343067804972
2006-01-15,0.00350109154715028,-8.33620548248291
2006-01-16,0.933021108309428,-8.50739606221517
2006-01-17,15.2650934060415,-1.58243348201116
2006-01-18,2.56040080388387,1.41725039482117
2006-01-19,0.0131156702409498,-0.633253566920757
2006-01-20,1.09895770748456,0.490475049863259
2006-01-21,1.21545683840911,1.95176391800245
2006-01-22,0.073632404829065,-1.58010671536128
2006-01-23,2.23546836271756e-05,-8.07631202538808
2006-01-24,4.84335851069773e-06,-9.12693492571513
2006-01-25,0.0044642896852262,-5.60730886459351
2006-01-26,0.000559334916033549,-4.62350237369537
2006-01-27,0,-7.33819456895192
2006-01-28,0,-4.12208928664525
2006-01-29,0,-3.79798851410548
2006-01-30,0,-4.67331584294637
2006-01-31,1.29435672230708e-05,-4.75625944137573
2006-02-01,0.0038149309924241,-5.16709824403127
2006-02-02,0.0110294422174775,-5.12803113460541
2006-02-03,0.0146108546371882,-6.84603651364644
2006-02-04,0.19115549325943,-5.88141286373138
2006-02-05,0.251391681532065,-4.56462848186493
2006-02-06,1.42746224999428,-2.05488427480062
2006-02-07,0.721453055739403,0.793784238398075
2006-02-08,2.22783319155375,1.06784869730473
2006-02-09,1.87033291657766,-0.571124789615472
2006-02-10,4.49923874934514,-1.50058728456497
2006-02-11,0.211468409746885,-3.68611601988475
2006-02-12,0.00438417839662482,-6.03518919150035
2006-02-13,5.39627740560415e-05,-6.55341601371765
2006-02-14,0.423858553171158,-2.54060097535451
2006-02-15,13.0266478061676,1.91905231277148
2006-02-16,2.13145919640859,4.11155211925507
2006-02-17,0.971607928474744,3.41281720002492
2006-02-18,0.649640887975693,3.46888719002406
2006-02-19,0.00667511112017867,3.79814936717351
2006-02-20,0.00415870809229091,3.07914505402247
2006-02-21,0.000507749695922636,2.61249613761902
2006-02-22,0.0804298851483812,1.0139226069053
2006-02-23,0.126699773594737,-0.426678419113159
2006-02-24,0.000554691427775348,0.290804421684394
2006-02-25,2.24829455216726,-0.959371484816074
2006-02-26,1.07952610154947,-3.41769254207611
2006-02-27,0.00755679892608896,-4.97225534915924
2006-02-28,0.433801904320717,-3.01092620690664
2006-03-01,1.91982514659564,-2.81983594099681
2006-03-02,1.68351119259993,-3.89417352279027
2006-03-03,25.0354032516479,0.264246283099055
2006-03-04,19.7530078887939,-1.65266327063243
2006-03-05,2.6089693804582,-3.17075864473979
2006-03-06,0.765866053601106,-2.42416787147522
2006-03-07,1.06495383878549,-2.91063278913498
2006-03-08,14.5649590492249,-3.38838704427083
2006-03-09,5.01696167389552,4.91946883996328
2006-03-10,1.25794862707456,2.84985379378001
2006-03-11,3.42101460695267,0.572773192077875
2006-03-12,0.373614373306433,-5.79602944850922
2006-03-13,0.0919663552194834,-5.2438147465388
2006-03-14,0.00305646608891645,-4.06918046871821
2006-03-15,0.000152010511859165,-2.50473950306574
2006-03-16,0.0158553270545478,-1.63615359862645
2006-03-17,0.00140340016999592,-0.435223845764995
2006-03-18,0.00186033172455306,0.283232230227441
2006-03-19,0.0032529188611079,0.746581433961789
2006-03-20,0.00313369605767851,2.74635704358419
2006-03-21,3.2076872587204,5.2257772286733
2006-03-22,0.285989581917723,3.09088285764058
2006-03-23,0.123426975061496,1.01163445413113
2006-03-24,0.59822745124499,3.23428551355998
2006-03-25,4.17993783950806,8.84859251976013
2006-03-26,1.20492293685675,10.4953499635061
2006-03-27,6.38331007957458,12.5458741188049
2006-03-28,11.1521632671356,7.41037567456563
2006-03-29,0.924918942153454,6.21388876438141
2006-03-30,6.04286921024323,7.67392814159393
2006-03-31,1.43075975775719,11.1921699047089
2006-04-01,0.678182085355123,10.5285554726919
2006-04-02,4.38949350516001,9.81134764353434
2006-04-03,8.18630840380987,6.54027001063029
2006-04-04,1.6524475812912,5.81739886601766
2006-04-05,16.8018165429433,1.7797344426314
2006-04-06,0.00361539120785892,1.45567208528519
2006-04-07,0.00389617508941834,3.13802735010783
2006-04-08,1.75471025208632,7.50121533870697
2006-04-09,12.6256994406382,6.41405236721039
2006-04-10,18.7488490740458,2.651964366436
2006-04-11,0.580175243318081,2.03562654058139
2006-04-12,0.554412245750427,2.53092402219772
2006-04-13,1.05511309206486,5.35218620300293
2006-04-14,0.0346656782785431,8.90878844261169
2006-04-15,4.59516553084056,9.40865874290466
2006-04-16,1.12893328567346,10.3924235502879
2006-04-17,0.463241286575794,9.90441735585531
2006-04-18,0.0380867795514253,9.75992830594381
2006-04-19,0.14794858576109,10.1252398490906
2006-04-20,0.0029525641774247,10.7696359952291
2006-04-21,0.000205657971188581,12.6704475084941
2006-04-22,1.57843024532,12.0108218193054
2006-04-23,1.72847427427769,11.6943782965342
2006-04-24,0.0132988632170357,12.7644058068593
2006-04-25,3.29887769619624,14.3497082392375
2006-04-26,6.40166918436686,12.551874478658
2006-04-27,6.48614531755447,11.7478817303975
2006-04-28,4.97559708356857,9.44149009386698
2006-04-29,1.07429584860802,4.98588200410207
2006-04-30,0.0220901356078684,5.62830630938212
2006-05-01,0.0170103625047583,9.67795459429423
2006-05-02,0.00120558345224708,12.9884196917216
2006-05-03,0,15.3450356324514
2006-05-04,0,15.6520402431488
2006-05-05,0.000374772607756313,14.1991353829702
2006-05-06,0.00799774506109922,13.6277716954549
2006-05-07,5.79806085928188e-05,13.4381392796834
2006-05-08,0.954058056076368,14.3610192934672
2006-05-09,1.10213987156749,9.54340672492981
2006-05-10,0.140934472282728,11.1611733436584
2006-05-11,0.000561588756681886,12.9276457627614
2006-05-12,2.23274057110151,14.7266866366069
2006-05-13,13.6490306854248,13.9953999519348
2006-05-14,6.65437936782837,11.8773750464121
2006-05-15,1.75909488896529,14.7019418080648
2006-05-16,16.0269577503204,15.5229509671529
2006-05-17,0.226522518942753,16.0824975172679
2006-05-18,9.04203106959661,15.2009279727936
2006-05-19,0.535256176566084,13.8357388178507
2006-05-20,1.05103681981564,12.3327176570892
2006-05-21,0.0953239959975084,12.6158033212026
2006-05-22,1.61921540896098,15.8893231550852
2006-05-23,1.15669697398941,11.7677083015442
2006-05-24,0.0351343503862154,11.3850172360738
2006-05-25,3.23826202750206,11.3158653577169
2006-05-26,11.3256672223409,13.7774802049001
2006-05-27,6.46837373574575,16.2620200316111
2006-05-28,9.62496455510457,14.794945081075
2006-05-29,12.758219798406,9.37922930717468
2006-05-30,5.93343424797058,6.01835707823435
2006-05-31,1.01209131379922,6.91389083862305
2006-06-01,3.21173006296158,6.40380648771922
2006-06-02,0.413643458237251,8.02779734134674
2006-06-03,2.68686846892039,10.6707624594371
2006-06-04,2.28061510125796,10.4240678946177
2006-06-05,0.481517892020444,10.2760050296783
2006-06-06,0.120816056927045,9.51263960202535
2006-06-07,0.000139989211068799,10.6581448713938
2006-06-08,0,12.433026711146
2006-06-09,0,14.47603058815
2006-06-10,0,16.5594485600789
2006-06-11,0,16.6516870657603
2006-06-12,2.388491125771e-05,18.3374166488647
2006-06-13,0,19.7548602422078
2006-06-14,0.00790424043043458,20.9182980855306
2006-06-15,0.120077931943039,21.9339202245076
2006-06-16,3.05925889809926,21.7267603874207
2006-06-17,2.5602798362573,19.2740546862284
2006-06-18,9.1055060227712,21.4695334434509
2006-06-19,1.28610702852408,21.6589233080546
2006-06-20,0.00690125433417658,22.1192943255107
2006-06-21,25.5598659515381,21.7713929812113
2006-06-22,0.784362927079201,18.3711080551147
2006-06-23,2.28388046252803e-06,17.7061354319255
2006-06-24,0.00108473824608761,21.0360733668009
2006-06-25,5.7887734969457,22.6298049290975
2006-06-26,0.00153680335885535,21.2371686299642
2006-06-27,5.8486700852712,21.1677982012431
2006-06-28,1.28119669978817,19.2129797935486
2006-06-29,4.17557304600875,17.9222900072734
2006-06-30,0.000164823158039932,17.9947924613953
2006-07-01,0,18.1220451990763
2006-07-02,0,18.7989206314087
2006-07-03,0,20.2118023236593
2006-07-04,0,22.160343170166
2006-07-05,1.28474621723096,22.9845666885376
2006-07-06,4.61444175243378,19.9940576553345
2006-07-07,5.12251488367717,17.7222806612651
2006-07-08,1.17783115059137,18.6686058044434
2006-07-09,0.0725626439477007,20.4478637377421
2006-07-10,0.00342340903201451,21.5243730545044
2006-07-11,0.0104718565902052,23.1746238072713
2006-07-12,7.48141504327456,22.5862108866374
2006-07-13,0.00135591083865923,22.5982594490051
2006-07-14,2.18443327272932,21.3971540133158
2006-07-15,1.07743571788887e-05,19.6739729245504
2006-07-16,0,19.343604405721
2006-07-17,0,19.7274519602458
2006-07-18,0,21.1974538167318
2006-07-19,2.92953318421496e-05,22.7692017555237
2006-07-20,0.0225693578831851,24.5671871503194
2006-07-21,0.0343722087175896,24.6912186940511
2006-07-22,5.98154371976852,24.1313845316569
2006-07-23,1.09019922216733,22.1976464589437
2006-07-24,1.64394863683507e-05,23.6282215118408
2006-07-25,0.000140511455053153,24.6396549542745
2006-07-26,0.0717775765030334,24.7595651944478
2006-07-27,0.134031190847357,23.9078416824341
2006-07-28,8.22036508719126,21.3524042765299
2006-07-29,7.92439526319504,19.4940311113993
2006-07-30,0.672722245256106,22.0565849939982
2006-07-31,7.3352237145106,20.4617228507996
2006-08-01,5.71123193701108,17.3953056335449
2006-08-02,1.31137107561032,16.8526666959127
2006-08-03,15.4309862454732,13.3181575139364
2006-08-04,7.03411253293355,13.641450881958
2006-08-05,6.03332185745239,14.7219678560893
2006-08-06,21.7675895690918,15.031109491984
2006-08-07,1.0938116684556,17.2391676902771
2006-08-08,0.559249009781828,15.9536825815837
2006-08-09,0.00464968604501337,15.1138224601746
2006-08-10,6.5617428223292,13.207132657369
2006-08-11,9.11493098735809,12.0900407632192
2006-08-12,2.33306229114532,11.2967593669891
2006-08-13,2.61527559161186,11.5463035901388
2006-08-14,0.69341686864694,13.1241370836894
2006-08-15,0.0396278891518402,15.0928529103597
2006-08-16,0.969889332850774,15.2545134226481
2006-08-17,0.680240872005622,19.0362908045451
2006-08-18,1.59431713974724,17.5309020678202
2006-08-19,0.821472062418858,18.5127374331156
2006-08-20,9.60831413666407,15.8284813563029
2006-08-21,10.4271200497945,15.0823279221853
2006-08-22,1.38962082564831,14.5441420873006
2006-08-23,0.000890920941553001,15.0273385842641
2006-08-24,5.68798855940501,14.6521472930908
2006-08-25,0.10633852428388,13.5502828756968
2006-08-26,0.661885544657707,14.7820666631063
2006-08-27,18.5992892583211,13.9395795663198
2006-08-28,6.43008808294932,12.3461771806081
2006-08-29,11.4663589000702,10.7044769922892
2006-08-30,7.89224215348562,10.6696936289469
2006-08-31,0.000733715702760188,12.165206193924
2006-09-01,5.58841914729176e-06,14.5523207982381
2006-09-02,0.588909749562542,17.6609163284302
2006-09-03,0.0213747702194572,19.3358224232992
2006-09-04,0.00365205273556057,21.1312255859375
2006-09-05,0,19.0141350428263
2006-09-06,0,18.2228302955627
2006-09-07,7.67588301499685,20.0584980646769
2006-09-08,0,13.3861080805461
2006-09-09,0.00135272725856339,13.2681484222412
2006-09-10,0,15.5985269546509
2006-09-11,0.0078360802338769,17.9481992721558
2006-09-12,0,17.3742421468099
2006-09-13,0.00122990996169392,17.2822834650675
2006-09-14,0.000338901600722844,17.8965276082357
2006-09-15,0.385095622390509,16.6516734759013
2006-09-16,0.0190601154851417,16.8914217948914
2006-09-17,0.176718433698018,16.1473991076152
2006-09-18,9.57748291889826,15.4840402603149
2006-09-19,2.65111839771271,14.7658194700877
2006-09-20,0.0355141379526079,15.0306593577067
2006-09-21,0.0206843461007035,15.0741496086121
2006-09-22,0.0249008398095611,15.1412341594696
2006-09-23,0.000458882355208819,15.1402940750122
2006-09-24,0.00125077249443469,15.2193850676219
2006-09-25,2.12678305308024,15.6338040828705
2006-09-26,8.99023459355036,13.56059161822
2006-09-27,0.331261858344078,13.6201550960541
2006-09-28,0.0259853740766024,12.6732523441315
2006-09-29,0.0040825002361089,13.8449242909749
2006-09-30,3.57964350779851,15.4727472464244
2006-10-01,2.00336483120918,15.7617014249166
2006-10-02,0.116003090826174,15.0928664207458
2006-10-03,10.6017114321391,14.3399668534597
2006-10-04,0.815227086345355,10.4250895182292
2006-10-05,0.532848529517651,9.63735882441203
2006-10-06,0.778718461592992,11.2103554407756
2006-10-07,2.02161958813667,11.0364031791687
2006-10-08,0.00166496615565848,9.1085840066274
2006-10-09,0.00140748261643845,10.5911493301392
2006-10-10,0.00163907818205189,11.165249188741
2006-10-11,0.00170801007576908,10.9167065620422
2006-10-12,3.52029837813461e-06,12.497345050176
2006-10-13,0.0294982045888901,12.6303803126017
2006-10-14,0.000651318851547937,12.1305321852366
2006-10-15,0.00030158335842619,9.56815409660339
2006-10-16,0.000413750279828188,7.65973850091298
2006-10-17,0.024755159431758,6.09518663088481
2006-10-18,0.0209722651246314,6.91104396184285
2006-10-19,0.0199521841714159,10.3785514036814
2006-10-20,0.170347121544182,11.4787480831146
2006-10-21,0.0641773369764754,12.0085048675537
2006-10-22,0.0690805072275301,12.7174456914266
2006-10-23,1.97358776132266,13.5710261662801
2006-10-24,0.0702534268299739,13.5061237017314
2006-10-25,0.000241979288451451,9.80683692296346
2006-10-26,0.000329262061313784,12.7248438199361
2006-10-27,0.153575862447421,13.8581717809041
2006-10-28,2.78459073603153,14.154346704483
2006-10-29,3.50171709060669,12.7321483294169
2006-10-30,0.000571467976745529,8.01166395346324
2006-10-31,0.72396875359118,9.75017285346985
2006-11-01,2.32162188490232,5.85996623833974
2006-11-02,1.13316851854324,0.691537828495105
2006-11-03,2.04128464559714,0.830588137110074
2006-11-04,0.0330316502368078,2.85209570328395
2006-11-05,0.140609312802553,4.7391083240509
2006-11-06,0.0181298789927193,4.70671566327413
2006-11-07,1.03475777753677e-05,3.76223756869634
2006-11-08,0.00943951172909389,7.6030744711558
2006-11-09,2.5367471575737,8.5724249680837
2006-11-10,0.035503767314367,2.45512062311172
2006-11-11,5.04977478583654,5.10617164770762
2006-11-12,4.4494487841924,5.71997606754303
2006-11-13,0.360573817665378,6.81475969155629
2006-11-14,1.72034972906113,10.1340939998627
2006-11-15,0.0337007388782998,9.69890371958415
2006-11-16,0.0107705389770369,7.60161292552948
2006-11-17,0.114901766615124,8.89373564720154
2006-11-18,0.103334220126271,7.78559724489848
2006-11-19,1.91530074675878,6.92006719112396
2006-11-20,0.767501927912235,4.97601779301961
2006-11-21,4.44062133630117,6.00373987356822
2006-11-22,0.577014158169428,3.20263342062632
2006-11-23,0.134805482346565,4.97486142317454
2006-11-24,0.00102956781635536,8.77949261665344
2006-11-25,2.89374036886632e-05,8.14083615938822
2006-11-26,0.0392143033483687,6.50403757890065
2006-11-27,0.0650956221312905,4.14163432518641
2006-11-28,0.0212622344843112,3.00873176256816
2006-11-29,0.321778229437768,4.34612033764521
2006-11-30,0.0012765366457946,5.73498749732971
2006-12-01,5.60277714309147e-05,4.59303001562754
2006-12-02,0.000309771600162397,2.38898756106695
2006-12-03,1.59788344303767,4.90341850121816
2006-12-04,6.82079724470774,7.81716855367025
2006-12-05,0.00135169972296959,10.4120234648387
2006-12-06,7.74066440264384,6.25796012083689
2006-12-07,0.00152333094350373,5.19179709752401
2006-12-08,3.9594741264979,7.18609309196472
2006-12-09,16.3020887374878,3.51610821485519
2006-12-10,0.0254427442948023,1.96250260869662
2006-12-11,0.139245480298996,0.352003793658999
2006-12-12,1.89349538087845,2.99249702692032
2006-12-13,0.000242104676848006,2.42397866646449
2006-12-14,0.000175037234536527,1.54373813668887
2006-12-15,0.000313097296384512,1.02993005265792
2006-12-16,1.88980846107006,3.68329387903214
2006-12-17,1.83040391157071,3.53533142805099
2006-12-18,0.188919872200737,0.616745838274558
2006-12-19,0.00406977272299021,0.206236112319554
2006-12-20,0.00460368020382399,-0.601009440938166
2006-12-21,0.00134327434837663,0.0197394415736198
2006-12-22,0.000385398901319907,-0.511424424747626
2006-12-23,8.54358331707772e-05,-1.12587729593118
2006-12-24,0.00556799005668533,-1.34425059954325
2006-12-25,0.0360896858037449,-1.95459073781967
2006-12-26,0.000423843224173955,-1.74227568507195
2006-12-27,0.00256369141667771,-2.57229912281036
2006-12-28,0.733936754365762,-0.869087363903721
2006-12-29,0.00618412678401607,1.20301993687948
2006-12-30,0.174918515607715,0.782757422576348
2006-12-31,0.655282554527124,7.37432138125102
2007-01-01,6.78064390023549,7.31149224440257
2007-01-02,3.50217417875926,1.84685778617859
2007-01-03,0.530965569118659,2.83018889029821
2007-01-04,1.0014456063509,4.85468355814616
2007-01-05,0.997660140196482,5.2897961139679
2007-01-06,1.74801752964656,6.61313339074453
2007-01-07,0.0726175571326166,5.81974033514659
2007-01-08,1.2641653517882,5.64271159966787
2007-01-09,0.714599758386612,9.19586515426636
2007-01-10,0.761000168820222,8.81536849339803
2007-01-11,3.46664953231812,8.45546921094259
2007-01-12,0.0511672397187795,7.2083816130956
2007-01-13,0.000236987990016739,7.38073531786601
2007-01-14,0.129841516415278,5.52198795477549
2007-01-15,0.0189212042969302,-0.382351480424404
2007-01-16,0.0267428029813649,2.05269333720207
2007-01-17,0.0234125714438657,7.03548006216685
2007-01-18,3.51930040121078,10.9623549779256
2007-01-19,1.80326801538467,11.05073595047
2007-01-20,4.86119153102239,10.6502306461334
2007-01-21,1.42980247735977,5.5652939081192
2007-01-22,6.00460698207219,2.04779623945554
2007-01-23,5.83782418568929,-1.67605317632357
2007-01-24,7.30289924144745,-5.37341217199961
2007-01-25,0.699385903775692,-6.57985965410868
2007-01-26,0.839681421717008,-7.3274560769399
2007-01-27,1.84801096717517,-1.99404415488243
2007-01-28,0.0484587184231107,1.46204110980034
2007-01-29,0.0627672001719475,2.19814819097519
2007-01-30,1.2885050703441e-06,1.6364041864872
2007-01-31,0.121856367215514,1.27516830464204
2007-02-01,0.12778514996171,2.21378550926844
2007-02-02,0.292916151384513,3.28296492497126
2007-02-03,0.404035621633132,3.52065453926722
2007-02-04,9.72785179934969e-06,2.02113764484723
2007-02-05,4.84574699401855,2.40041174491247
2007-02-06,4.94272889693578,1.22299519181252
2007-02-07,2.92888073126475,1.99205250541369
2007-02-08,5.15259265899658,3.90020612875621
2007-02-09,9.70520720026495e-05,3.04772931337357
2007-02-10,1.67436429858208,3.08327708641688
2007-02-11,12.3968754609426,4.48087028662364
2007-02-12,5.76337997118632,5.57699418067932
2007-02-13,1.37898840506872,5.35987238089244
2007-02-14,6.9631488720576,3.62970632314682
2007-02-15,0.0897820837174853,4.52893579006195
2007-02-16,0.00855598110744419,2.46204660336177
2007-02-17,0.00126018163185411,2.47616519530614
2007-02-18,0.000254434849921381,1.06789913773537
2007-02-19,0.0206555951469151,2.93256539106369
2007-02-20,0.0177200243724656,2.88349986076355
2007-02-21,0.000486703817235442,4.42107268174489
2007-02-22,0,6.34810753663381
2007-02-23,0.00152883723073198,6.19305471579234
2007-02-24,0.0520489164822114,5.4825398127238
2007-02-25,1.25552719334761,5.39346758524577
2007-02-26,6.60121309757233,4.71051549911499
2007-02-27,4.19300552209218,3.87378780047099
2007-02-28,5.80721042553584,8.11575984954834
2007-03-01,4.20510508616765,7.14487703641256
2007-03-02,3.58574483791987,4.51990719636281
2007-03-03,6.13223572572072,7.08225818475087
2007-03-04,0.00796835544436666,6.09212708473206
2007-03-05,0.459687533477942,5.3342227935791
2007-03-06,0.000553945001835624,5.66863493124644
2007-03-07,0.354205428312222,6.52495491504669
2007-03-08,0.049642186689501,5.57326944669088
2007-03-09,1.7930212020874,5.15358710289001
2007-03-10,0.114745920834442,3.54017599423726
2007-03-11,9.8973055476866e-05,3.04079858462016
2007-03-12,1.73162061400944e-05,5.39067149162292
2007-03-13,2.16202197407256e-05,6.7580414613088
2007-03-14,0.000376472494584353,6.61187128225962
2007-03-15,0,5.95428379376729
2007-03-16,0,6.42088449001312
2007-03-17,7.42190428392557e-05,6.20764048894246
2007-03-18,4.31963688135147,7.21781380971273
2007-03-19,2.8846719066302,1.55240428447723
2007-03-20,1.64982790251573,0.830801191429297
2007-03-21,1.16706364353498,0.512899682236215
2007-03-22,7.57781263192495,0.483501609725257
2007-03-23,4.87600783507029,1.28643194337686
2007-03-24,1.33517531553904,1.61568810542425
2007-03-25,0,5.81389780839284
2007-03-26,5.84346474473326e-05,8.14653122425079
2007-03-27,0.000581908059151222,7.56139934062958
2007-03-28,0.0811542533677615,6.29100362459819
2007-03-29,0.234691245791813,6.33401310443878
2007-03-30,0.00674351907218806,6.88637395699819
2007-03-31,0.0596259743906558,6.02368295192719
2007-04-01,0.000261403426217536,8.14728236198425
2007-04-02,0.000218921476819863,9.1934007803599
2007-04-03,11.7016739050547,7.40497624874115
2007-04-04,0.324661688879132,4.39768844842911
2007-04-05,4.97957911041643e-05,5.51013886928558
2007-04-06,3.87969103030628e-05,8.56080635388692
2007-04-07,0.00835444052548458,9.47179953257243
2007-04-08,8.72930456049896e-05,7.53462072213491
2007-04-09,8.72930456049896e-05,9.28898843129476
2007-04-10,0,10.0124637285868
2007-04-11,0,10.6057963371277
2007-04-12,0,13.1498651504517
2007-04-13,0,15.3425907293955
2007-04-14,0,16.1683053175608
2007-04-15,0,15.2292537689209
2007-04-16,0,14.2497653961182
2007-04-17,0.00159968975640368,14.100464741389
2007-04-18,0.00320842646287171,9.49747927983602
2007-04-19,1.33243236935717e-05,8.77399039268494
2007-04-20,0,9.91317653656006
2007-04-21,0,10.2312716643016
2007-04-22,0,12.5542623996735
2007-04-23,0.111301129698404,14.7094461123149
2007-04-24,0.00402504564923826,14.7108331521352
2007-04-25,0,15.5435817241669
2007-04-26,0,15.1016206741333
2007-04-27,0.0157701079636657,15.4303534825643
2007-04-28,0,15.9791038831075
2007-04-29,0,15.5465533733368
2007-04-30,0,12.294942855835
2007-05-01,0,11.7467113335927
2007-05-02,0.0258204526132128,11.6377325057983
2007-05-03,0.0365815467666835,12.2971252600352
2007-05-04,5.8665695587794,14.034250497818
2007-05-05,6.38168207804362,11.9844063123067
2007-05-06,0.420691722383102,13.0487541357676
2007-05-07,0.827334865927696,13.0150400797526
2007-05-08,36.1171215375265,12.9333525498708
2007-05-09,24.5395591259003,12.1297742525736
2007-05-10,0.000799485947936773,15.960816860199
2007-05-11,0.0806982818370064,15.4580539067586
2007-05-12,0.0194849282658348,14.6737315654755
2007-05-13,0.00244616331959454,17.8164639472961
2007-05-14,2.64012422164281,15.7661700248718
2007-05-15,1.84342941641808,8.95021716753642
2007-05-16,5.17299568653107,10.3600769837697
2007-05-17,5.49831489721934,8.43154017130534
2007-05-18,4.9191316667437e-06,10.5837530295054
2007-05-19,0,14.7925853729248
2007-05-20,0,17.3773293495178
2007-05-21,0.563804232825836,20.0281459490458
2007-05-22,0.669816948473454,19.0946493148804
2007-05-23,0.141975846452018,19.7134224573771
2007-05-24,0.00763952373138939,20.3631501197815
2007-05-25,0.873833270743489,20.9713632265727
2007-05-26,0.17276402694794,20.2628925641378
2007-05-27,16.3055537541707,17.7100073496501
2007-05-28,29.2982290585836,9.60443115234375
2007-05-29,60.0118290583293,7.44784903526306
2007-05-30,0.0035810226884981,9.95355224609375
2007-05-31,0.013147270103218,12.7129422823588
2007-06-01,4.01342465480169,12.2999516328176
2007-06-02,3.31206258138021,13.520469268163
2007-06-03,0.172074552208263,16.2206705411275
2007-06-04,0.00935694548146178,17.0469237963359
2007-06-05,0.0989639037288725,17.3393648465474
2007-06-06,0.0150862989057714,18.429040590922
2007-06-07,0.00236134816805134,20.1140222549438
2007-06-08,0.010638768862312,19.8003609975179
2007-06-09,1.86365549763044,19.5331692695618
2007-06-10,0.208254378599425,19.8775293032328
2007-06-11,4.64021464188894,18.5378036499023
2007-06-12,8.73724778493246,17.9019991556803
2007-06-13,0.349197973186771,18.5896306037903
2007-06-14,4.08400549491247,20.6969186464945
2007-06-15,15.9107317129771,17.0771396954854
2007-06-16,0.794602485140786,15.6009850502014
2007-06-17,2.46505624055862,18.5691283543905
2007-06-18,0.123299984494224,19.3962880770365
2007-06-19,0.00252972710253137,21.2214822769165
2007-06-20,11.3233698010445,22.6443144480387
2007-06-21,16.3983682791392,17.5846082369487
2007-06-22,5.41801848014196,14.8895352681478
2007-06-23,0.13427616719855,15.4087268511454
2007-06-24,0.203705167397857,18.1542096138
2007-06-25,10.3366216023763,17.7783443133036
2007-06-26,3.36993222435315,12.9995471636454
2007-06-27,5.86187825600306,11.683798789978
2007-06-28,0.590471981442533,12.9971542358398
2007-06-29,0.028559789682428,15.222248951594
2007-06-30,0.0199214430467691,16.4010157585144
2007-07-01,6.18120175600052,18.6780150731405
2007-07-02,5.50790840387344,15.0145999590556
2007-07-03,10.6338405211767,14.5564660231272
2007-07-04,9.79047592480977,12.5013314088186
2007-07-05,3.46421295404434,12.0415086746216
2007-07-06,0.14330299012363,14.7936902840932
2007-07-07,0.00475174621775902,16.5740242004395
2007-07-08,4.60563210646311,17.5265463193258
2007-07-09,12.3349819580714,14.4277265071869
2007-07-10,7.40536433458328,11.1178189913432
2007-07-11,4.34549111127853,12.57905848821
2007-07-12,0.501102977742751,14.3364548683167
2007-07-13,8.16325342990846e-05,18.6844820976257
2007-07-14,0,22.1559405326843
2007-07-15,0,24.457647005717
2007-07-16,0.000128423162095714,25.1069167455037
2007-07-17,0.000705685932189226,22.911591053009
2007-07-18,0.126633429899812,21.1592566172282
2007-07-19,0.619551380475362,22.3530909220378
2007-07-20,19.2565885384878,22.2455520629883
2007-07-21,26.1992209752401,19.3200950622559
2007-07-22,0.625429148475329,16.6966307957967
2007-07-23,8.2279304265976,18.8768259684245
2007-07-24,2.51883140206337,15.9286146958669
2007-07-25,7.21525451960285e-05,16.8101652463277
2007-07-26,0.470334524541007,18.9920476277669
2007-07-27,0.248678457777714,19.6445875167847
2007-07-28,3.02314576506615,18.8907710711161
2007-07-29,14.4758745034536,17.1655723253886
2007-07-30,0.0284643078169514,12.8873298168182
2007-07-31,0,12.5137230555216
2007-08-01,0.0018926225505614,14.5612413883209
2007-08-02,7.17273147900899,17.1235394477844
2007-08-03,3.52741167942683,15.4932738145192
2007-08-04,1.33360970266949e-05,16.6359389623006
2007-08-05,0,17.840881506602
2007-08-06,0.0665724933302651,19.2859025001526
2007-08-07,16.0633854866028,18.2502999305725
2007-08-08,26.0615560213725,15.8618164857229
2007-08-09,4.23219879468282,13.5913670063019
2007-08-10,12.2831791241964,13.3750118414561
2007-08-11,1.6110047151645,15.9569884141286
2007-08-12,0.211056216425883,17.640514532725
2007-08-13,0.374646644146803,18.2544864018758
2007-08-14,0.0455291661589096,19.5274167060852
2007-08-15,0.0580482717293004,22.7525099118551
2007-08-16,13.3919923305511,17.564145565033
2007-08-17,1.34038588901361,14.4258043766022
2007-08-18,0.0177835890208371,14.9453893502553
2007-08-19,0.41008386015892,16.1772226492564
2007-08-20,7.62812832991282,14.5883638858795
2007-08-21,1.87142783403397,14.9855965773265
2007-08-22,7.38953487078349,16.269122838974
2007-08-23,1.57326099276543,16.8888775507609
2007-08-24,0.000121764465802698,17.5810980796814
2007-08-25,1.33360970266949e-05,18.9707463582357
2007-08-26,1.33360970266949e-05,19.4085709253947
2007-08-27,0,18.5098136266073
2007-08-28,7.88939412434896,15.9926807880402
2007-08-29,6.9004457394282,13.7324345111847
2007-08-30,0.0563391901087016,13.3748562335968
2007-08-31,0.259148026506106,13.0549346605937
2007-09-01,0.259749266008536,14.1076788107554
2007-09-02,0.000923689920455217,14.9394034544627
2007-09-03,13.4828878641129,13.0802646478017
2007-09-04,2.86980793873469,8.8224839369456
2007-09-05,0.87370739877224,8.52060874303182
2007-09-06,2.30787741641204,9.07236886024475
2007-09-07,0.651504556337992,11.5502362251282
2007-09-08,0.121241039286057,12.8929872512817
2007-09-09,0.474429666996002,12.973833322525
2007-09-10,7.45917085806529,11.1918666362762
2007-09-11,1.07094517846902,10.945595741272
2007-09-12,0.0386709927309615,11.87366716067
2007-09-13,0.0177785782240486,11.4715933799744
2007-09-14,0.649913161993027,14.2403461138407
2007-09-15,0.0005990552745061,13.935205300649
2007-09-16,0.000355729532505696,14.2213529745738
2007-09-17,7.84690670172373,16.6388599077861
2007-09-18,5.18415023883184,11.2302162647247
2007-09-19,0.0180585412866397,8.08911192417145
2007-09-20,0.0183683394861873,9.37083578109741
2007-09-21,0.0178145320460317,11.7494005362193
2007-09-22,0.018000217682129,13.7716600894928
2007-09-23,2.59686315378834e-05,14.3320806026459
2007-09-24,2.31317868828773,15.0927302042643
2007-09-25,4.81693285703659,10.5023178259532
2007-09-26,13.3190622329712,7.94270277023315
2007-09-27,1.10178036491076,8.85587318738302
2007-09-28,9.49084627628326,8.55230569839478
2007-09-29,0.000728182142969066,11.6809519131978
2007-09-30,0.00219744142123091,11.114862203598
2007-10-01,9.80499256305241e-06,13.1381997267405
2007-10-02,1.0440606897076,14.9349838892619
2007-10-03,0.0530242222982148,16.1719088554382
2007-10-04,1.71956555048625,15.8175352414449
2007-10-05,0.525056943297386,14.5354455312093
2007-10-06,0.0168066943624581,10.3822567462921
2007-10-07,5.21418751304736e-05,8.79374551773071
2007-10-08,0.0458702513278695,8.54706231753031
2007-10-09,0.0585907296481309,8.05417780081431
2007-10-10,0.0486189191190836,7.57773276170095
2007-10-11,0.0456860587413151,7.2417981227239
2007-10-12,0.00941300311630281,8.34946401913961
2007-10-13,0.0193076832268465,9.1823038260142
2007-10-14,1.45649646583479e-05,6.59149841467539
2007-10-15,0.000298687891093626,8.29393370946248
2007-10-16,0.00020874436449958,9.95580061276754
2007-10-17,2.5761963625749,11.6392997900645
2007-10-18,1.14204303920269,7.20679899056752
2007-10-19,3.41668514410655,3.93594934542974
2007-10-20,0.347474956264098,1.70703487594922
2007-10-21,1.33033327261607,1.39089983701706
2007-10-22,0.0338320483764013,1.99925127625465
2007-10-23,1.57091305653254,2.53843239943186
2007-10-24,0.00131377016684079,3.98759412765503
2007-10-25,0.00184967690650713,5.92588563760122
2007-10-26,1.37857829637748e-05,6.17782545089722
2007-10-27,6.80856962086788e-05,6.35720586776733
2007-10-28,0.000642543244263531,5.28258577982585
2007-10-29,0.0489347948732757,4.78586411476135
2007-10-30,0.293508688608805,6.03379197915395
2007-10-31,3.27975009592289e-05,4.42401123046875
2007-11-01,1.72802986829386e-05,2.46255324284236
2007-11-02,0.00818413334491197,4.22753127415975
2007-11-03,1.31894941131274,7.88855175177256
2007-11-04,0.110064688604325,7.53357112407684
2007-11-05,1.84065077702204,3.8056046962738
2007-11-06,4.50796111424764,4.55293420950572
2007-11-07,4.35584874947866,4.201995352904
2007-11-08,3.69521713256836,6.51144830385844
2007-11-09,6.12202211221059,3.17505153020223
2007-11-10,18.4814418156942,1.83458009362221
2007-11-11,17.7416444619497,5.31650408109029
2007-11-12,0.15448645548895,2.16052838166555
2007-11-13,5.48252097765605,1.67750390370687
2007-11-14,6.58013596137365,0.126868227496743
2007-11-15,1.3695408826073,-2.12768159310023
2007-11-16,0.00890898897341685,-3.35215389728546
2007-11-17,0.0652196830681836,-2.401194135348
2007-11-18,0.00140055846956481,-1.05830869326989
2007-11-19,0.000668455843576036,-1.34927265842756
2007-11-20,0.00291125961424162,-0.502541939417521
2007-11-21,0.0189169727770301,1.06699189047019
2007-11-22,0.000320631646900438,2.43478292226791
2007-11-23,2.22351378202438,3.62148384253184
2007-11-24,0.860505737364292,3.42965010801951
2007-11-25,5.14914155006409,2.63352698087692
2007-11-26,3.15487661957741,1.29095016419888
2007-11-27,0.28331562752525,0.506021975850066
2007-11-28,2.40630488406168e-05,-1.88547836740812
2007-11-29,1.38827553391457,-0.722928879161676
2007-11-30,0.187322608971347,3.55284116665522
2007-12-01,0.732662782073021,5.32899884382884
2007-12-02,5.43336000045141,6.9926263888677
2007-12-03,5.06192696094513,5.20398942629496
2007-12-04,0.49772713581721,3.49752749999364
2007-12-05,2.67486135164897,5.27587540944417
2007-12-06,6.97733930746714,7.22528306643168
2007-12-07,5.45029524962107,8.20215773582458
2007-12-08,2.94492830832799,3.18270921707153
2007-12-09,1.69740221897761,4.40157345930735
2007-12-10,5.11543361345927,3.71264696121216
2007-12-11,12.603667418162,2.30739424626032
2007-12-12,2.32570068041484,2.00482099254926
2007-12-13,0.371007737393181,1.61391960581144
2007-12-14,0.0223955095279962,-1.95502517620722
2007-12-15,0,-3.05547056595484
2007-12-16,7.90845670053386e-05,-2.65935232241948
2007-12-17,0.000161140500495094,-3.15305467446645
2007-12-18,2.17073684325442e-05,-4.26547465721766
2007-12-19,0.00014659882314542,-5.01975305875142
2007-12-20,0.00175274352659471,-5.42397769292196
2007-12-21,0.000633689758008889,-5.06318700313568
2007-12-22,0.000209856128473499,-4.926882147789
2007-12-23,5.42584954625151e-06,-5.37075185775757
2007-12-24,0.0208096799712318,-4.51224784056346
2007-12-25,0.00285920665677016,-4.65268218517303
2007-12-26,0.00580989258984725,-3.54185309012731
2007-12-27,0.00177332107462765,-1.54244154194991
2007-12-28,5.36531103231634e-05,-3.33683695395788
2007-12-29,5.74614936113358,-1.45923409859339
2007-12-30,0.941298936804136,1.72081199288368
2007-12-31,2.16096465289593,0.337368161727985
2008-01-01,0.00458591184966887,-2.61370891332626
2008-01-02,4.06260392082913e-06,-3.91023103396098
2008-01-03,4.316067891826e-06,-3.02307641506195
2008-01-04,1.29045197638789e-06,-1.76321802536647
2008-01-05,20.5971528689067,0.779875819881757
2008-01-06,2.12922020753225,2.43629529078801
2008-01-07,6.38756767908732,3.54217394193014
2008-01-08,7.83098644205893e-05,2.25523013869921
2008-01-09,0.0210384447127581,2.00096113483111
2008-01-10,9.41514117585029e-05,4.00189505020777
2008-01-11,0.000354875104373302,3.16403069098791
2008-01-12,0.128167517017573,2.25962255398432
2008-01-13,0.00152359361527488,0.746866196393967
2008-01-14,0.000564090209081769,0.251456786567966
2008-01-15,0.286586335549752,1.72183748086294
2008-01-16,1.33158414065838,3.36040063699087
2008-01-17,8.36419932047526,3.23122169574102
2008-01-18,1.17169947425524,6.00148745377858
2008-01-19,0.000483070970706952,9.5671079158783
2008-01-20,4.55618980292153e-05,7.84104919433594
2008-01-21,4.34190960725148,5.84610366821289
2008-01-22,4.92532432079315,3.84635337193807
2008-01-23,0.000103068227569262,0.394345417977699
2008-01-24,3.20238800843557,2.83024754126867
2008-01-25,0.00136348298110534,2.1098622183005
2008-01-26,6.38166402495699e-05,1.85411609212557
2008-01-27,0.0174776595376898,5.76450490951538
2008-01-28,0.0586156198526927,3.39094752073288
2008-01-29,3.68049028717602e-05,1.06930864353975
2008-01-30,2.06697128216426,1.42461008826892
2008-01-31,0.0241926383847992,0.913673579692841
2008-02-01,12.0394353071849,5.21618358294169
2008-02-02,0.503916457295418,0.561578026778686
2008-02-03,0.00812631812004838,-1.61769626537959
2008-02-04,1.61411770184835,0.685744889701406
2008-02-05,0.437537698696057,3.78296309709549
2008-02-06,5.08730922142665,6.75472227732341
2008-02-07,0.0349935284466483,2.26553520560265
2008-02-08,3.13883103141658e-05,0.555074440936247
2008-02-09,5.43020557112565e-06,1.35917512575785
2008-02-10,9.91269780570292e-06,1.04976893464724
2008-02-11,0,1.02091526985168
2008-02-12,1.40155710444863e-05,1.22648477554321
2008-02-13,0.00320862198229103,-1.78238001465797
2008-02-14,0.071111808763817,-1.91469200452169
2008-02-15,0.0902762815045814,-1.36772280931473
2008-02-16,0,-3.68469685316086
2008-02-17,0,-3.20988100767136
2008-02-18,2.38722441281425e-06,-0.0492519831750542
2008-02-19,0,1.55994180838267
2008-02-20,0.837582029402256,2.8459113240242
2008-02-21,0.741773990293344,6.13652749856313
2008-02-22,0.129886008178194,8.37521326541901
2008-02-23,0.000579754496660219,8.41692384084066
2008-02-24,0,7.60575449466705
2008-02-25,1.66146434518547e-05,7.24058818817139
2008-02-26,3.6549303929011,8.14583702882131
2008-02-27,0.0277406387031078,6.37347173690796
2008-02-28,3.06972136100133,4.81252384185791
2008-02-29,4.94784406820933,8.45657149950663
2008-03-01,10.9207951227824,8.1777780453364
2008-03-02,0.327366021151344,9.02958377202352
2008-03-03,5.14258509874344,7.20230702559153
2008-03-04,1.84703906377157,1.36658695836862
2008-03-05,0.355627129785717,-1.27701673905055
2008-03-06,0.000164133551265877,-2.17753851413727
2008-03-07,0.155010147020221,0.806609015911818
2008-03-08,0.452093615507086,2.23492973049482
2008-03-09,0.00017202149683726,3.9038627743721
2008-03-10,0.384144141028325,7.00108603636424
2008-03-11,1.3974866271019,6.93999326229095
2008-03-12,14.2666158676147,7.9362884759903
2008-03-13,2.04867923259735,4.86357760429382
2008-03-14,6.82882165908813,7.28319450219472
2008-03-15,0.0210198086375992,8.0420058965683
2008-03-16,2.41658647855123,8.03044617176056
2008-03-17,4.71843802928925,4.44952587286631
2008-03-18,0.00905255847222482,1.5163180132707
2008-03-19,1.02751234918833,0.229523121689757
2008-03-20,2.99911687771479,0.652100101113319
2008-03-21,4.23183099428813,1.1318463186423
2008-03-22,0.18156727279226,1.84611534078916
2008-03-23,0.342655165120959,-0.322828541199366
2008-03-24,1.22390123208364,-1.26990705728531
2008-03-25,1.48806517322858,-1.05338411033154
2008-03-26,0.0295227997315427,1.34095543622971
2008-03-27,0.10507931583561,3.70119343201319
2008-03-28,0.217151093607148,5.06586400667826
2008-03-29,0.000342308550898451,6.81745584805806
2008-03-30,1.05164310753025e-05,9.35887630780538
2008-03-31,0.0562665179216613,7.81753504276276
2008-04-01,2.41113663713137,8.92170135180155
2008-04-02,5.84920108318329,7.08527159690857
2008-04-03,6.32375260194143,3.88230941692988
2008-04-04,0.782219859150549,4.88765029112498
2008-04-05,7.64717408021291,5.14917135238647
2008-04-06,1.64214240511258,3.58377309640249
2008-04-07,0.080773468905439,1.46828488012155
2008-04-08,0.001342156661849,2.85224137703578
2008-04-09,1.24630850056807,9.33601689338684
2008-04-10,1.16975678938131,10.0775512854258
2008-04-11,10.4102674325307,10.2573267618815
2008-04-12,0.316589753764371,6.9418165286382
2008-04-13,0.00229806760277521,7.98233433564504
2008-04-14,2.13842538992564,6.89151477813721
2008-04-15,2.9466474254926,4.8597959280014
2008-04-16,3.68869042396545,3.47524988651276
2008-04-17,0.00124156949459575,4.59224228064219
2008-04-18,2.32493621110916,8.31080849965413
2008-04-19,4.41491702198982,8.34423359235128
2008-04-20,0.000512631534926792,10.3312429587046
2008-04-21,31.9429148832957,9.85802721977234
2008-04-22,7.12370606263479,8.57112940152486
2008-04-23,0.0270430706441402,9.15312314033508
2008-04-24,5.66627063353856,9.32167998949687
2008-04-25,1.14101484914621,9.20605166753133
2008-04-26,5.17969879183511e-05,9.49280778566996
2008-04-27,6.98355919060608e-05,11.2967546780904
2008-04-28,11.3478647867839,13.5496153036753
2008-04-29,0.82761013507843,9.08373045921326
2008-04-30,8.73227373758952,9.4744458993276
2008-05-01,0.0797352384154995,9.53677781422933
2008-05-02,0.853195172928584,10.9357279936473
2008-05-03,1.31654373186999e-05,11.7445670763652
2008-05-04,1.31654373186999e-05,11.5807985464732
2008-05-05,2.60400823511494e-06,10.7636678218842
2008-05-06,0.00137319943557183,12.5508789221446
2008-05-07,0,12.3501107692719
2008-05-08,1.86800768157506e-06,12.9734859466553
2008-05-09,2.72459589420275e-05,14.7363512516022
2008-05-10,0.000132119328725366,15.2870422204336
2008-05-11,0.0526129198260605,14.3493680159251
2008-05-12,0.000914738312530972,14.5815552075704
2008-05-13,0.000554319844619992,15.306479771932
2008-05-14,0.00343709027705093,15.8083081245422
2008-05-15,1.94040616850058,15.8899251619975
2008-05-16,0.220967618748546,15.8982782363892
2008-05-17,11.0913671652476,15.1082972685496
2008-05-18,14.8032511075338,12.1001781622569
2008-05-19,0.141440960190569,11.682625134786
2008-05-20,0.831457992394765,10.1786512533824
2008-05-21,0.660997619231542,9.06134438514709
2008-05-22,0.743195419510206,10.9953781763713
2008-05-23,0.0146375674909602,12.8515793482463
2008-05-24,0.539976557095846,14.5323538780212
2008-05-25,0.0798327238687004,16.8129968643188
2008-05-26,0.000953015956232169,18.0932839711507
2008-05-27,0.00116394411694879,21.5972828865051
2008-05-28,0.00016262780748851,21.4138344128927
2008-05-29,1.26110959778695e-05,21.4914023081462
2008-05-30,11.1466776132584,18.7748284339905
2008-05-31,0.764387240012487,17.3428064982096
2008-06-01,0.017931204798515,18.9959812164307
2008-06-02,1.58800393094619,20.4513708750407
2008-06-03,0.128652301927408,16.7254662513733
2008-06-04,14.1874074935913,16.2062870661418
2008-06-05,5.55907400449117,15.6772435506185
2008-06-06,0.123814155658086,16.3866400718689
2008-06-07,4.28094132741292,14.0642069180806
2008-06-08,0.903356627871593,15.3414231141408
2008-06-09,0.00110110931564122,16.4450168609619
2008-06-10,7.96637560923894,18.626949151357
2008-06-11,7.3501111070315,16.1623515288035
2008-06-12,2.34489068388939,14.2797935009003
2008-06-13,0.267986095199982,10.6948914527893
2008-06-14,0.0278903549769893,11.1795220375061
2008-06-15,0.97946752111117,11.6852253278097
2008-06-16,2.44013979037603,11.9566888014475
2008-06-17,0.467424201468627,13.347460826238
2008-06-18,0.00627575667264561,15.8296027978261
2008-06-19,0.245164511104425,17.8627594312032
2008-06-20,0.248382108363633,18.7563366889954
2008-06-21,0,19.9238793055216
2008-06-22,3.90812849998474,23.0784018834432
2008-06-23,5.16148272156715,21.3834300041199
2008-06-24,2.94509109295905,20.3495400746663
2008-06-25,0.405089303851128,22.067200978597
2008-06-26,0.00498128800730531,18.9453290303548
2008-06-27,7.47599697206169e-05,18.7432786623637
2008-06-28,1.782873217356e-05,18.7964275677999
2008-06-29,17.489842414856,20.9300607045492
2008-06-30,0.0380491404018054,19.9548905690511
2008-07-01,0.0359560803578158,21.0918207168579
2008-07-02,1.92800448338191,21.9239341417948
2008-07-03,13.6182386875153,19.3332457542419
2008-07-04,0.00576949333966089,16.480761607488
2008-07-05,0.00189563100623976,17.6344641049703
2008-07-06,15.0898644924164,18.0711582501729
2008-07-07,1.8435470610857,15.1768234570821
2008-07-08,2.10681850711505,15.1720578670502
2008-07-09,0.725824842850367,15.6119586626689
2008-07-10,0.0119862614277129,20.1783088048299
2008-07-11,13.3482226530711,20.6985495885213
2008-07-12,17.0061802864075,15.9235819975535
2008-07-13,29.4883036613464,14.0827348232269
2008-07-14,1.15395499020815,14.2675121625264
2008-07-15,2.3159183607883e-06,16.6740563710531
2008-07-16,6.0977256099383,18.5415061314901
2008-07-17,7.87695014476776,14.1519392331441
2008-07-18,1.45249864086509,15.1773655414581
2008-07-19,1.16367060318589,18.2062524159749
2008-07-20,8.35385342439016,16.5109430948893
2008-07-21,0.992848088343938,13.1470660368601
2008-07-22,0.254684677968423,12.4655437469482
2008-07-23,0.00354890249824772,14.2670563856761
2008-07-24,4.56767391672959e-05,16.2453456719716
2008-07-25,0.00132033643361259,18.8358448346456
2008-07-26,1.14300375183423,19.8751174608866
2008-07-27,0.00983295434465011,21.189715385437
2008-07-28,0.119119106947134,21.3600433667501
2008-07-29,0.927205085754395,20.9974438349406
2008-07-30,1.0964414079984,21.8516755104065
2008-07-31,0.00158121808707771,22.4705853462219
2008-08-01,13.9581226905187,20.4413070678711
2008-08-02,0.582631683597962,19.9071669578552
2008-08-03,0.0738512071159979,20.5880842208862
2008-08-04,4.52714600165685,19.1845347086589
2008-08-05,0.0411685935687274,17.8389620780945
2008-08-06,0.0153880207411324,19.6866315205892
2008-08-07,6.13620543479919,21.4636603991191
2008-08-08,3.14755654831727,17.6750151316325
2008-08-09,0.87242978066206,16.1186903317769
2008-08-10,1.60327260042929e-05,18.0089316368103
2008-08-11,14.5632383823395,19.0699396133423
2008-08-12,9.47359784444173,17.4144908587138
2008-08-13,0.00147808817079446,16.9144476254781
2008-08-14,10.4202861388524,17.2290736834208
2008-08-15,6.91209731499354,13.2623909314473
2008-08-16,0.00703128780636083,13.2488474845886
2008-08-17,0.0240993850554029,14.6007630825043
2008-08-18,5.96763987535572e-05,18.0258320172628
2008-08-19,2.85394700368245,19.2796104749044
2008-08-20,0.00149901208351366,16.2348382472992
2008-08-21,1.64811444847146e-06,16.3294967015584
2008-08-22,3.22978493571281,16.3765645027161
2008-08-23,4.82637844483058,13.6416428089142
2008-08-24,0.0583293831829602,13.7691850662231
2008-08-25,0.0350731960691822,15.3285363515218
2008-08-26,0.000104176741842821,17.2008190155029
2008-08-27,1.140933318311e-05,17.4244313240051
2008-08-28,0,17.4858330090841
2008-08-29,5.53099186314891e-05,16.1801005999247
2008-08-30,0,16.8719967206319
2008-08-31,0.332101144517461,18.4623235066732
2008-09-01,8.48802131414413,17.8612394332886
2008-09-02,0.00338781506676848,17.7507772445679
2008-09-03,9.39021615187327,18.812350432078
2008-09-04,1.87585307161013,16.087508281072
2008-09-05,4.43183307652362e-05,19.0787836710612
2008-09-06,10.9368462562561,18.1887114842733
2008-09-07,6.00910504659017,13.6885484059652
2008-09-08,0.00536422972678944,13.860543012619
2008-09-09,0.00833146407846167,15.4800442854563
2008-09-10,0.02223030217768,17.5940845807393
2008-09-11,0.829372296730677,18.1045611699422
2008-09-12,2.00880718231201,15.6164468924205
2008-09-13,1.48163596789042,12.252336025238
2008-09-14,0.070214614039287,8.23208216826121
2008-09-15,3.60960131883621,7.05261997381846
2008-09-16,0.000105345592601225,7.49007360140483
2008-09-17,0.0360361210890308,6.33169678846995
2008-09-18,0.0261877383745741,7.34821633497874
2008-09-19,0.00285836403660748,8.67037010192871
2008-09-20,1.64001188143933e-05,7.67875893910726
2008-09-21,1.42379961411158,8.13081991672516
2008-09-22,2.65589194496473,7.71445568402608
2008-09-23,0.0699715645362933,7.64426370461782
2008-09-24,0.211779670789838,8.11837542057037
2008-09-25,0.45074542472139,9.27517072359721
2008-09-26,0.0338904032784436,9.19538799921671
2008-09-27,5.47285268718648e-06,8.32675949732463
2008-09-28,0.0359141610266912,7.22428274154663
2008-09-29,0.00367348423484752,9.00196043650309
2008-09-30,3.36150129636129,10.1390393575033
2008-10-01,0.0745957375232441,11.9752858479818
2008-10-02,0.35441904142499,10.3630142211914
2008-10-03,2.31308035552502,6.47405385971069
2008-10-04,1.48113037645817,5.11681167284648
2008-10-05,0.414847480754058,7.68208769957225
2008-10-06,1.1350128253301,12.9813148180644
2008-10-07,0.000837462430354208,12.5569030443827
2008-10-08,0.0202701104960094,12.1268063386281
2008-10-09,0.0462108895056493,11.3986167112986
2008-10-10,0.0123945251495267,10.8390550613403
2008-10-11,0.00164913454902186,10.3220694859823
2008-10-12,0.00191016681492329,11.5018479824066
2008-10-13,0.166330077995857,12.4393193721771
2008-10-14,4.32675555348396,14.8429260253906
2008-10-15,0.922156423330307,14.4236238797506
2008-10-16,16.3270367781321,11.049712896347
2008-10-17,0.000338030602203313,6.03700168927511
2008-10-18,0.000565620168951379,4.92911088466644
2008-10-19,0,6.62696202596029
2008-10-20,2.86043984184895e-05,9.78077069918315
2008-10-21,0.0250444257399067,12.8028685251872
2008-10-22,4.97344905138016,7.45140306154887
2008-10-23,0.0175930101734896,5.27674754460653
2008-10-24,0.000274261676774283,5.37063654263814
2008-10-25,0.0188231698654514,5.08888737360636
2008-10-26,0.0328077488751054,5.49813250700633
2008-10-27,6.38520816961924,8.80925345420837
2008-10-28,7.73131553332011,6.88467788696289
2008-10-29,3.3738849957784,4.02465502421061
2008-10-30,0.0890743398631457,1.93580660223961
2008-10-31,0.0035226508625783,2.54380695025126
2008-11-01,0,5.20064043998718
2008-11-02,0.00101960167618624,6.57261125246684
2008-11-03,0.259332259496053,9.32131973902384
2008-11-04,0.000943056904361583,8.25081861019135
2008-11-05,0.113145861396333,9.08034841219584
2008-11-06,0.0263831785996445,7.36391913890839
2008-11-07,0.000280908206832464,6.86364428202311
2008-11-08,0.00055978181262617,5.40290991465251
2008-11-09,0.0630303632739621,7.53438850243886
2008-11-10,1.29004424707091e-05,9.43825960159302
2008-11-11,1.48418554663658,8.12121065457662
2008-11-12,0.743191421031952,5.713561018308
2008-11-13,0.858625804384549,4.27804291248322
2008-11-14,0.00147795021378746,3.40484478076299
2008-11-15,0.0339646225232476,2.4475245376428
2008-11-16,1.84831912815571,4.62937724590302
2008-11-17,0.00105391896795481,2.28692596157392
2008-11-18,0.786501047511896,1.69792318344116
2008-11-19,0.213182955980301,5.04547870159149
2008-11-20,3.99235357840856,6.53501458962758
2008-11-21,19.2781325976054,3.87062813838323
2008-11-22,0.253335079333435,-1.39551753799121
2008-11-23,8.04402613639832,-2.04372798403104
2008-11-24,0.0913581559434533,0.448564200351636
2008-11-25,0.00953264275449328,-1.58408679564794
2008-11-26,4.1123357732431e-06,-1.7940792342027
2008-11-27,1.35006127190233e-05,-2.45688100655874
2008-11-28,5.27449024190219e-06,-3.30027427275976
2008-11-29,0.00112334219738841,-1.18187687794367
2008-11-30,0.00332117862308223,0.362069729715586
2008-12-01,2.24145942926407,0.798880661527316
2008-12-02,0.0641577082375685,1.17433972656727
2008-12-03,0.121311085997149,0.836767137050629
2008-12-04,3.84511178731918,2.28413477540016
2008-12-05,1.64942052960396,3.42418114344279
2008-12-06,4.01084929704666,3.10325843095779
2008-12-07,2.33800290028254,1.8565053542455
2008-12-08,0.0123206010515181,-0.857427244385084
2008-12-09,1.00378581881523,-0.951553950707118
2008-12-10,6.30619911352793,-0.267459464569887
2008-12-11,8.41431069374084,-0.740369143585364
2008-12-12,0.817562878131866,-1.24853374560674
2008-12-13,0.0149419674417004,-1.80470968286196
2008-12-14,0.00103139491208519,-0.935154020786285
2008-12-15,0.00953172744872669,-0.710012746353944
2008-12-16,0.0981993454818924,-0.386176494260629
2008-12-17,1.98719570040703,-0.285757660012071
2008-12-18,1.47325121363004,-0.266000155514727
2008-12-19,3.53487277030945,1.03561689953009
2008-12-20,4.83300846815109,2.8393573363622
2008-12-21,2.26492052276929,5.51272789637248
2008-12-22,0.732191115617752,5.36191972096761
2008-12-23,0.00223328255060551,3.13061958551407
2008-12-24,1.04081956048807,1.57309702038765
2008-12-25,0.216732654099663,0.907545059919357
2008-12-26,3.03969560870125e-05,-2.7442320783933
2008-12-27,0.000513916102742466,-3.02842980623245
2008-12-28,0.000175120126035229,-3.85527420043945
2008-12-29,2.2154313531549e-05,-5.59156270821889
2008-12-30,0,-5.4447269042333
2008-12-31,0.408667366951704,-4.65759936968486
2009-01-01,0.345880107333263,-1.54118803143501
2009-01-02,0.193877648562193,-3.8141373594602
2009-01-03,0.285275434454282,-6.71658209959666
2009-01-04,0.978587862104177,-5.28874810536702
2009-01-05,1.38907448699077,-4.65678350130717
2009-01-06,0,-5.35484135150909
2009-01-07,0,-6.54426046212514
2009-01-08,0,-8.81186358133952
2009-01-09,0,-10.4669824441274
2009-01-10,0,-10.5811814467112
2009-01-11,0,-9.12533450126648
2009-01-12,0,-8.43553296724955
2009-01-13,0,-6.86058251063029
2009-01-14,0.214310400187969,-4.89764010906219
2009-01-15,0,-1.71834973494212
2009-01-16,0,-3.13335347175598
2009-01-17,0,-1.84476600090663
2009-01-18,1.12603090703487,0.538784258067608
2009-01-19,6.82376150290171,2.27871369322141
2009-01-20,0.686893259485563,1.85813173651695
2009-01-21,2.24286023775736,0.2514131248851
2009-01-22,0,-1.53008994460106
2009-01-23,5.88289213180542,0.614016745239496
2009-01-24,0.148147869855165,0.718779417375723
2009-01-25,0,-0.0444238887478908
2009-01-26,0,-2.37178111076355
2009-01-27,0.0195841938257217,-2.67593348026276
2009-01-28,0.0289517063647509,-1.40252656737963
2009-01-29,0,-1.53797834118207
2009-01-30,0,-2.50828131039937
2009-01-31,0,-2.658993323644
2009-02-01,0.0836015219489733,-3.07230418920517
2009-02-02,0,-0.286429665982723
2009-02-03,0,0.77556091050307
2009-02-04,0.0711728061238925,-0.41527209058404
2009-02-05,0,0.0744092054665089
2009-02-06,0,0.495038084685802
2009-02-07,1.84912312527498,0.818296114603678
2009-02-08,0.57777729878823,0.105679838607709
2009-02-09,5.88583528995514,-0.220105174463242
2009-02-10,1.81147696574529,3.56599092483521
2009-02-11,1.11996277670066,-0.106703960647186
2009-02-12,1.8281455039978,-2.33833422263463
2009-02-13,1.17904065052668,-3.01287088791529
2009-02-14,0.457652412354946,-3.40452643235525
2009-02-15,1.27470763524373,-5.26554846763611
2009-02-16,5.22008367379506,-2.36004661520322
2009-02-17,6.48820424079895,-1.41596225897471
2009-02-18,0,-8.81276361147563
2009-02-19,0.31759920095404,-8.91216198603312
2009-02-20,1.01689822475115,-2.80612619717916
2009-02-21,4.32422347863515,0.662806329627832
2009-02-22,2.16907400886218,0.974664573868116
2009-02-23,2.74596718947093,1.64244065682093
2009-02-24,1.18419904013475,0.698244495938222
2009-02-25,0.329744963596265,-0.103185782209039
2009-02-26,1.59080921113491,1.51028421521187
2009-02-27,0.249951197455327,3.29805747667948
2009-02-28,0.303078446537256,4.62581606705983
2009-03-01,0.207217783356706,3.41350515683492
2009-03-02,3.91213260094325,4.41585830847422
2009-03-03,0.127790121361613,4.07271252075831
2009-03-04,0,3.63589042425156
2009-03-05,7.96679095427195,2.34327730536461
2009-03-06,6.4619566599528,1.30533738434315
2009-03-07,1.60520952939987,0.80385797470808
2009-03-08,5.59105392297109,2.36139065027237
2009-03-09,2.20776420334975,2.49834913015366
2009-03-10,4.72646506627401,2.81532833973567
2009-03-11,2.95076111952464,2.37649117906888
2009-03-12,5.51686346530914,2.4064733684063
2009-03-13,1.36650967473785,5.25392444928487
2009-03-14,1.88127470016479,5.64837618668874
2009-03-15,0.859977468848228,5.73568828900655
2009-03-16,0.160289855673909,5.34825348854065
2009-03-17,0,4.74356865882874
2009-03-18,0,3.59801109631856
2009-03-19,0.0481874793767929,2.47066058715185
2009-03-20,0.00857832779486974,-0.789330350855986
2009-03-21,0,-0.848208449780941
2009-03-22,0.0736876018345356,2.8475235303243
2009-03-23,5.77110958099365,5.93283685048421
2009-03-24,3.05960134665171,1.31399414439996
2009-03-25,3.70116321245829,0.664967831224203
2009-03-26,6.18148565292358,3.71333316961924
2009-03-27,1.64459630598625,6.18187189102173
2009-03-28,2.87970621387164,5.69982194900513
2009-03-29,2.0036382873853,3.74503968159358
2009-03-30,0,3.99430700143178
2009-03-31,0,5.16441059112549
2009-04-01,0,7.45017615954081
2009-04-02,0,12.3981296221415
2009-04-03,0,11.7899244626363
2009-04-04,0.529359473536412,11.0570367972056
2009-04-05,3.7623582482338,11.3529194990794
2009-04-06,0,11.1727631092072
2009-04-07,0.41047777980566,12.3777537345886
2009-04-08,0.116880292693774,11.7008024851481
2009-04-09,0,12.0199917157491
2009-04-10,0,13.5028117497762
2009-04-11,0,13.6386743386587
2009-04-12,0,13.2001938025157
2009-04-13,0,12.9687871138255
2009-04-14,0,12.8766132990519
2009-04-15,0,13.6742876370748
2009-04-16,1.54034055272738,12.3348507086436
2009-04-17,5.0201167066892,8.40556009610494
2009-04-18,1.01234023024638,7.91048117478689
2009-04-19,0,10.7294218540192
2009-04-20,0,13.274827559789
2009-04-21,0,13.1963270505269
2009-04-22,0.147345915436745,11.6573584874471
2009-04-23,1.12772826850414,6.35014931360881
2009-04-24,0,8.25361128648122
2009-04-25,0,12.6883233388265
2009-04-26,0,13.5071852207184
2009-04-27,0,13.2293650309245
2009-04-28,2.51309664050738,9.36230413118998
2009-04-29,3.88401444753011,6.94265262285868
2009-04-30,1.38512386381626,8.22228713830312
2009-05-01,2.83980774879456,11.2445506254832
2009-05-02,3.07846710085869,12.6118819713593
2009-05-03,4.85656094551086,12.6596837838491
2009-05-04,0.619611520320177,8.62370959917704
2009-05-05,2.84074072043101,7.51647969086965
2009-05-06,0.595319009696444,11.5149161020915
2009-05-07,0,13.6720572312673
2009-05-08,5.19707626104355,14.6782590548197
2009-05-09,9.94486363728841,15.8377175331116
2009-05-10,1.77046123892069,15.8320866425832
2009-05-11,9.40669465065002,15.549033721288
2009-05-12,4.86864696939786,12.4894389311473
2009-05-13,5.31261233488719,13.5453131993612
2009-05-14,2.47082979480426,13.0825403531392
2009-05-15,9.25956491629283,12.9921267827352
2009-05-16,0.0748254768550396,12.2025101979574
2009-05-17,6.38007640838623,16.8183197975159
2009-05-18,0.835223510861397,13.7583479881287
2009-05-19,0.140683636690179,14.8437743186951
2009-05-20,0.0756639701624711,17.7842206954956
2009-05-21,14.644297281901,16.9490191141764
2009-05-22,1.97863005101681,16.1082067489624
2009-05-23,0,15.8427146275838
2009-05-24,0,20.3390781084696
2009-05-25,0,21.6467111905416
2009-05-26,24.4592599868774,18.3533670107524
2009-05-27,0,11.9731863339742
2009-05-28,2.6166933675607,12.8653792540232
2009-05-29,0,11.6710625489553
2009-05-30,0.197086360305548,12.0948468844096
2009-05-31,0.392782481387258,12.3838499387105
2009-06-01,0,13.6753966808319
2009-06-02,0.44476480782032,15.1892122427622
2009-06-03,0,14.4594647884369
2009-06-04,0.513835291688641,11.2515912850698
2009-06-05,0.659597108761469,12.3513162136078
2009-06-06,7.14664240678151,12.1547336578369
2009-06-07,1.7002332881093,14.4639270305634
2009-06-08,0.438913356512785,15.0866168340047
2009-06-09,0.779477844635646,14.8427549203237
2009-06-10,2.55495126048724,16.2114282449086
2009-06-11,1.38945939640204,14.7799166043599
2009-06-12,0,14.2131206989288
2009-06-13,0,15.4676194190979
2009-06-14,0.849231258034706,18.6409430503845
2009-06-15,8.63003460566203,18.4901269276937
2009-06-16,0.786237938950459,15.6831729412079
2009-06-17,0,16.15367436409
2009-06-18,7.53348442663749,20.3841425577799
2009-06-19,6.7888693412145,15.2228921254476
2009-06-20,0.224423124144475,13.0344456831614
2009-06-21,5.14574255545934,11.8936646779378
2009-06-22,9.34360222021739,10.8159356117249
2009-06-23,25.7578872044881,11.2179063955943
2009-06-24,2.34016755223274,13.7876355648041
2009-06-25,2.49987964828809,16.8108603159587
2009-06-26,7.16688374678294,17.5399222373962
2009-06-27,9.50240039825439,17.0788245201111
2009-06-28,0.250750239938498,18.4679522514343
2009-06-29,0,19.3273482322693
2009-06-30,0.316881244381269,20.0232761700948
2009-07-01,1.56513507415851,20.3081763585409
2009-07-02,0.0214167597393195,20.3165316581726
2009-07-03,1.87364994982878,19.100234190623
2009-07-04,0.340083134671052,19.7233282725016
2009-07-05,3.0511486629645,19.3726604779561
2009-07-06,13.2999614278475,17.8533501625061
2009-07-07,5.91467618942261,15.2703251043955
2009-07-08,3.16463528076808,13.8255924383799
2009-07-09,7.19865306218465,14.1480945746104
2009-07-10,0.949041311939557,13.6541719436646
2009-07-11,0.00867048713068167,14.0928296248118
2009-07-12,1.64057997862498,15.5055198669434
2009-07-13,0.0237533245235682,20.3157205581665
2009-07-14,14.0566381812096,21.0484083493551
2009-07-15,2.32920904954275,19.1983116467794
2009-07-16,0,21.6071917215983
2009-07-17,27.9042194684347,18.2385004361471
2009-07-18,3.34889190395673,12.3035112222036
2009-07-19,1.27918157974879,14.3395918210347
2009-07-20,1.67769480744998,16.1301121711731
2009-07-21,0.493190517028173,20.5658361117045
2009-07-22,0,21.2369357744853
2009-07-23,4.4760643641154,20.5200320879618
2009-07-24,6.39726662635803,18.4362936019897
2009-07-25,2.82625535130501,15.3800232410431
2009-07-26,0,16.0660047531128
2009-07-27,10.2723833719889,19.7874341011047
2009-07-28,0,17.1592958768209
2009-07-29,0,18.8457024892171
2009-07-30,0,18.4577447573344
2009-07-31,0,16.9637525876363
2009-08-01,0,19.4420364697774
2009-08-02,3.34129578868548,17.9094672203064
2009-08-03,3.45380787054698,15.8353340625763
2009-08-04,0,16.3643987178802
2009-08-05,0,17.5596036911011
2009-08-06,0,19.2406066258748
2009-08-07,0,19.944180170695
2009-08-08,0.0326972492039204,19.6411296526591
2009-08-09,0.0715686728556951,19.5690534909566
2009-08-10,9.17406626542409,17.5029808680216
2009-08-11,0.23623501136899,18.2885862986247
2009-08-12,0.143040302519997,19.1955471038818
2009-08-13,13.1999478737513,17.8540124893188
2009-08-14,0,17.5646193822225
2009-08-15,0,19.6822717984517
2009-08-16,0,21.4973273277283
2009-08-17,2.16628404458364,21.7389990488688
2009-08-18,0,19.9644246101379
2009-08-19,0,21.5971493721008
2009-08-20,0.154503773277005,23.3580495516459
2009-08-21,8.19040767351786,20.1710473696391
2009-08-22,0.949442910651366,15.096259355545
2009-08-23,0,15.4286198616028
2009-08-24,0,19.1322965621948
2009-08-25,2.87179712454478,20.3519360224406
2009-08-26,0.0686547824492057,18.9368241628011
2009-08-27,0,20.605002562205
2009-08-28,0.594726879149675,19.7396931648254
2009-08-29,0.696469103296598,14.5750281016032
2009-08-30,0,13.4035866260529
2009-08-31,0,15.8139973481496
2009-09-01,1.91283418238163,20.8623108863831
2009-09-02,11.4667486349742,18.8922408421834
2009-09-03,1.72052101790905,17.2813847859701
2009-09-04,2.27119251092275,13.9647842248281
2009-09-05,0.179131841907899,11.7852719624837
2009-09-06,0,12.3270116647085
2009-09-07,0,13.582285563151
2009-09-08,0,14.8390642801921
2009-09-09,0,14.6026442845662
2009-09-10,0,15.7411548296611
2009-09-11,0,14.5506328741709
2009-09-12,0,14.1359538237254
2009-09-13,3.16389435529709,12.624492486318
2009-09-14,4.3508697450161,9.89330037434896
2009-09-15,0.176605088015397,11.9199860095978
2009-09-16,1.00517523785432,15.0515226523081
2009-09-17,5.46825478474299,15.203443368276
2009-09-18,0.32216896985968,16.4583015441895
2009-09-19,0.122616030275822,16.3114883899689
2009-09-20,0,15.7312133312225
2009-09-21,0,16.1322476069132
2009-09-22,0,15.8672453562419
2009-09-23,0,15.7600270112356
2009-09-24,0,14.9269184271495
2009-09-25,0,14.1001970767975
2009-09-26,0,12.9468509356181
2009-09-27,0,12.7683095932007
2009-09-28,0,13.5940594673157
2009-09-29,0.466305246576667,12.9390096664429
2009-09-30,0.160307079553604,12.18115345637
2009-10-01,0.754242980231841,12.928452650706
2009-10-02,0.110340091710289,11.1254293123881
2009-10-03,0.26754043623805,10.4904295603434
2009-10-04,0,12.049522002538
2009-10-05,1.65407292048136,11.7478903929392
2009-10-06,1.93724580109119,16.4769605000814
2009-10-07,3.04027496278286,18.7612862586975
2009-10-08,7.54356062412262,16.8375638326009
2009-10-09,2.17930502692858,12.9442367553711
2009-10-10,8.57059280077616,12.4440004030863
2009-10-11,12.7594207922618,11.2815632820129
2009-10-12,6.78048757712046,7.17670897642771
2009-10-13,2.66213252147039,5.08005527655284
2009-10-14,0,1.87992841998736
2009-10-15,1.9358124434948,0.649165307482084
2009-10-16,5.81808364391327,2.92089879512787
2009-10-17,4.88094532489777,3.89292504390081
2009-10-18,1.71510096391042,3.27872623999914
2009-10-19,0,1.43935478727023
2009-10-20,0,1.60291720430056
2009-10-21,0,3.65709465742111
2009-10-22,3.25264306863149,5.7490709622701
2009-10-23,0.68475782374541,6.11012709140778
2009-10-24,0.652843480308851,8.005939245224
2009-10-25,2.65051952004433,10.6357866923014
2009-10-26,0.46853654893736,10.1817334493001
2009-10-27,0.116868980228901,8.88214373588562
2009-10-28,0.142982583492994,6.05624508857727
2009-10-29,0,6.35429545243581
2009-10-30,0,6.41562414169312
2009-10-31,0,3.19580936431885
2009-11-01,2.13597822189331,5.17771895726522
2009-11-02,14.796440521876,6.89196995894114
2009-11-03,3.29143985112508,5.31804219881694
2009-11-04,2.0993697543939,6.93746801217397
2009-11-05,0,5.16375311215719
2009-11-06,0,3.31846590836843
2009-11-07,0,2.68506799141566
2009-11-08,5.37568891048431,3.25991328557332
2009-11-09,2.74690672755241,2.99285688002904
2009-11-10,0,3.19496806462606
2009-11-11,0.117230921983719,3.64308838049571
2009-11-12,1.4506001273791,2.68864989280701
2009-11-13,0.0712978225201368,8.13433146476746
2009-11-14,0.654984340071678,7.1293975909551
2009-11-15,4.99305740992228,7.16081658999125
2009-11-16,4.00776658455531,9.49171296755473
2009-11-17,3.33878461519877,11.0776300430298
2009-11-18,0.0296193274358908,7.73535160223643
2009-11-19,0,5.37328906853994
2009-11-20,0,5.8869278828303
2009-11-21,0,6.50602316856384
2009-11-22,0,7.75036092599233
2009-11-23,3.08486740787824,9.44661060969035
2009-11-24,1.4278800090154,9.76971499125163
2009-11-25,0.246452911446492,8.10029383500417
2009-11-26,0.0669136655827363,7.09745494524638
2009-11-27,0.386358259245753,5.54412297407786
2009-11-28,0.366084344685078,6.0183033545812
2009-11-29,0,4.3566437959671
2009-11-30,5.84999632835388,3.46882549921672
2009-12-01,5.45267005761464,2.29918326934179
2009-12-02,0,1.59099235137304
2009-12-03,2.51468487580617,1.35673720637957
2009-12-04,0.336420594404141,1.6125207344691
2009-12-05,1.11751102904479,0.596554679175218
2009-12-06,3.02516843875249,4.77511052290599
2009-12-07,7.5331103404363,7.1669499874115
2009-12-08,5.3587774236997,5.0131045182546
2009-12-09,0,2.72218813498815
2009-12-10,7.51647428671519,3.09632301330566
2009-12-11,10.2621624469757,2.59284045298894
2009-12-12,1.23724304139614,-0.293143038948377
2009-12-13,0.116123623525103,-2.55498969554901
2009-12-14,0,-4.30298614501953
2009-12-15,0,-3.96495435635249
2009-12-16,0,-4.50394296646118
2009-12-17,0.108626555030545,-6.1536511182785
2009-12-18,0.404070064425468,-8.44651754697164
2009-12-19,0.544799268245697,-12.5750421682994
2009-12-20,1.0457434207201,-10.2888329029083
2009-12-21,2.38558190067609,-2.29512245456378
2009-12-22,8.0630065202713,2.91692213217417
2009-12-23,1.02549101412296,1.34362921118736
2009-12-24,1.48565871268511,1.24050292869409
2009-12-25,0.353115825603406,4.02578643957774
2009-12-26,0,-0.265905866709848
2009-12-27,0.507339262713989,-0.797435695926348
2009-12-28,0,0.767563410103321
2009-12-29,4.58949899673462,0.695791545013587
2009-12-30,7.13795598347982,5.71132258574168
2009-12-31,2.69744541247686,4.58681774139404
2010-01-01,3.37480016549428,1.48155864079793
2010-01-02,0.135632164776325,-3.58504507939021
2010-01-03,0,-4.76011848449707
2010-01-04,0,-6.43958751360575
2010-01-05,0,-6.65174861749013
2010-01-06,0.0370334256440401,-4.97953283786774
2010-01-07,1.32975798969467,-4.0174157222112
2010-01-08,2.36393187443415,-3.98035794496536
2010-01-09,0.967335902154446,-5.08563653628031
2010-01-10,1.13281994561354,-4.72189525763194
2010-01-11,5.0206160346667,-4.56476553281148
2010-01-12,0.0734093971550465,-4.38040026028951
2010-01-13,2.7409873008728,-5.0701367855072
2010-01-14,0,-2.30060096581777
2010-01-15,0,-2.81153414646784
2010-01-16,6.65342517693837,-3.28432941436768
2010-01-17,3.67882720629374,2.14715019861857
2010-01-18,0.0472212620079517,1.41791468858719
2010-01-19,0,-1.18090027570724
2010-01-20,0,-2.02391959230105
2010-01-21,0.332790891329447,-0.852285529176394
2010-01-22,0,-1.16753100852172
2010-01-23,0,-2.97027307748795
2010-01-24,0.164826149741809,-3.27677979071935
2010-01-25,2.16110925873121,-2.66212749481201
2010-01-26,1.46407650907834,-5.12848293781281
2010-01-27,2.91795659065247,-8.78628571828206
2010-01-28,0.784428209066391,-2.53509378433228
2010-01-29,2.64564845959345,-0.551538776606321
2010-01-30,0.604990921914577,-2.59933169682821
2010-01-31,0.25121254598101,-4.99839945634206
2010-02-01,1.50368120272954,-4.08442056179047
2010-02-02,0.421429965645075,-1.11803658306599
2010-02-03,4.96368626753489,1.89490053057671
2010-02-04,0,1.40393061439196
2010-02-05,3.75489999850591,-0.0473066306052109
2010-02-06,2.04978805283705,1.51108079155286
2010-02-07,0,-0.190305137851586
2010-02-08,0,-4.10584986209869
2010-02-09,1.87653439243635,-4.89079300562541
2010-02-10,5.96867390473684,-6.50649543603261
2010-02-11,4.69587711493174,-6.68976322809855
2010-02-12,0.20711350813508,-6.04090452194214
2010-02-13,0,-5.09970084826152
2010-02-14,0.310788373152415,-4.95496567090352
2010-02-15,0,-5.37763436635335
2010-02-16,0,-5.87811942895253
2010-02-17,0.43296434233586,-2.81921178102493
2010-02-18,0,0.689968888337413
2010-02-19,5.25468118985494,0.477161633471648
2010-02-20,0.0634028278291225,0.312691696919501
2010-02-21,0,0.695831127464771
2010-02-22,0.94500494748354,2.59971259037654
2010-02-23,0.351527837415536,4.8123588959376
2010-02-24,0.340089097619057,4.96523487567902
2010-02-25,1.85815486311913,6.46761039892832
2010-02-26,0.350094535698493,5.51266050338745
2010-02-27,0.575129143893719,5.23130977153778
2010-02-28,0.446408003568649,7.47865684827169
2010-03-01,0,4.89154807726542
2010-03-02,2.94372004270554,1.16389035185178
2010-03-03,0,0.131874741675953
2010-03-04,0,-0.0112522182365259
2010-03-05,0.627540767192841,-2.8903580904007
2010-03-06,5.10623155037562,-3.35728007555008
2010-03-07,0,-6.22281626860301
2010-03-08,0,-7.13572057088216
2010-03-09,0,-5.75461725393931
2010-03-10,0.750854708254337,-2.83850534756978
2010-03-11,6.12874428431193,-2.62019874652227
2010-03-12,0,-2.89982243378957
2010-03-13,0.0306403202315172,0.549224112881348
2010-03-14,0.375039049734672,1.61385866006215
2010-03-15,6.04131118456523,2.19908982515335
2010-03-16,1.23556439578533,2.8692115743955
2010-03-17,0,3.65539997816086
2010-03-18,0,7.57551685969035
2010-03-19,0.0214201671381791,9.10007564226786
2010-03-20,3.89609382549922,10.9918417135874
2010-03-21,3.80341447393099,10.6265792051951
2010-03-22,0,8.37002523740133
2010-03-23,0,7.74080034097036
2010-03-24,0,9.35847496986389
2010-03-25,0,11.8425567944845
2010-03-26,1.26887034376462,9.75196878115336
2010-03-27,2.50083484252294,7.37229251861572
2010-03-28,1.6796622077624,7.36987125873566
2010-03-29,0,10.3237261772156
2010-03-30,0.409783478826284,11.2079035441081
2010-03-31,1.31981182595094,6.47670257091522
2010-04-01,1.08086573084195,2.46886647741
2010-04-02,0.382043831671278,3.17901579538981
2010-04-03,0,7.86973559856415
2010-04-04,1.01083269094427,7.15719024340312
2010-04-05,1.26478919386864,5.41767847537994
2010-04-06,0,6.45595105489095
2010-04-07,0,9.05310400327047
2010-04-08,0,9.67862168947856
2010-04-09,0,8.57947405179342
2010-04-10,0.0416871719062328,6.61728723843892
2010-04-11,1.42195870478948,3.01588167746862
2010-04-12,0,3.88470453023911
2010-04-13,7.11680654684703,5.46914128462474
2010-04-14,13.170093814532,5.6270078420639
2010-04-15,0,5.78874830404917
2010-04-16,0.0361096542328596,7.78181958198547
2010-04-17,0,8.24972089131673
2010-04-18,0.0173405216385921,8.357674797376
2010-04-19,0.169680763036013,11.3950655460358
2010-04-20,0.0943669602274895,10.6099901994069
2010-04-21,0,8.07877051830292
2010-04-22,0,6.55434175332387
2010-04-23,0,8.60723193486532
2010-04-24,0,10.9459017912547
2010-04-25,0.037580863883098,13.2597410678864
2010-04-26,2.425696849823,12.1976028283437
2010-04-27,0,11.7675081888835
2010-04-28,0,12.6546099980672
2010-04-29,0.333779266104102,16.1117250124613
2010-04-30,2.05902942021688,16.1319177150726
2010-05-01,6.46389782428741,12.2757155895233
2010-05-02,12.5180107752482,10.1764947573344
2010-05-03,1.13760931789875,9.42772062619527
2010-05-04,3.2531000773112,8.9889592329661
2010-05-05,1.64696444074313,7.76944835980733
2010-05-06,9.85838214556376,7.11796895662944
2010-05-07,0.978490367531776,6.66238141059875
2010-05-08,0.059669766575098,9.51702801386515
2010-05-09,2.95735735694567,10.4230032761892
2010-05-10,2.61051966746648,10.8599759737651
2010-05-11,10.2556160291036,12.376718600591
2010-05-12,3.72904433806737,11.3202907244364
2010-05-13,6.67926001548767,8.03508460521698
2010-05-14,2.97889047861099,7.23980394999186
2010-05-15,2.33495469888051,6.8285338083903
2010-05-16,0.172802029798428,8.17417812347412
2010-05-17,0.889287814497948,10.1877137025197
2010-05-18,5.64523622393608,7.96198546886444
2010-05-19,10.8592383861542,6.64832854270935
2010-05-20,0.783363573253155,8.11986128489176
2010-05-21,0,11.0862946510315
2010-05-22,0.697366310904423,14.0263384977976
2010-05-23,0,14.8832845687866
2010-05-24,0.366268520553907,17.448024113973
2010-05-25,0,18.8922257423401
2010-05-26,5.59756271044413,16.0641752084096
2010-05-27,5.18844719727834,13.9384946028392
2010-05-28,0.359386177733541,14.3548255761464
2010-05-29,7.19376242160797,14.8980741500854
2010-05-30,15.8214390277863,13.2329990069071
2010-05-31,9.63964021205902,8.71972910563151
2010-06-01,1.98037473360697,10.8413921197255
2010-06-02,16.0603755315145,10.9374157587687
2010-06-03,9.64196010430654,11.4350610574087
2010-06-04,0.0125855368872484,15.6585397720337
2010-06-05,0,17.4149101575216
2010-06-06,3.45227934916814,19.7609858512878
2010-06-07,0,17.9791544278463
2010-06-08,3.0214341233174,18.9649998346965
2010-06-09,0.794074818491936,21.1267253557841
2010-06-10,0,23.1060085296631
2010-06-11,0.196838175257047,20.8492973645528
2010-06-12,0.172705487037698,18.9959192276001
2010-06-13,10.2940934101741,15.0315650304159
2010-06-14,0,15.7010525067647
2010-06-15,1.33398761848609,15.4687658945719
2010-06-16,9.31492702166239,13.7452357610067
2010-06-17,12.0289560755094,14.294849952062
2010-06-18,6.75029273827871,13.3678267796834
2010-06-19,3.95104988416036,10.4687685171763
2010-06-20,0.833514839410782,9.94029982884725
2010-06-21,0.414773434400558,11.3459254900614
2010-06-22,0,12.6311298211416
2010-06-23,0,14.2452994187673
2010-06-24,0,16.3109650611877
2010-06-25,0.11848181920747,18.0482788085938
2010-06-26,0,18.8274482091268
2010-06-27,0,19.6742181777954
2010-06-28,0,20.2627259890238
2010-06-29,1.69323306282361,21.2218610445658
2010-06-30,2.44932168722153,21.242192586263
2010-07-01,0,21.5727561314901
2010-07-02,0,22.6036459604899
2010-07-03,0.0151355390747388,23.365139802297
2010-07-04,2.57880663250883,20.8806130091349
2010-07-05,0.369472562024991,21.040340423584
2010-07-06,0,17.7163689931234
2010-07-07,0,17.4587128957113
2010-07-08,0,19.9803867340088
2010-07-09,0,23.0590035120646
2010-07-10,0.00895444552103678,24.9555451075236
2010-07-11,1.65315229197343,24.4646021525065
2010-07-12,2.93147720396519,24.0244781176249
2010-07-13,0.788305914650361,21.6920380592346
2010-07-14,4.69044266144435,24.7033993403117
2010-07-15,0.228210295860966,20.5039033889771
2010-07-16,8.98794039090475,23.5319741566976
2010-07-17,12.1080501079559,18.7523864110311
2010-07-18,0,16.8000877698263
2010-07-19,0,18.1602932612101
2010-07-20,0,19.611279964447
2010-07-21,0.106264896069964,22.9183274904887
2010-07-22,13.2157135009766,21.3310840924581
2010-07-23,19.8437544504801,16.9330232938131
2010-07-24,10.6064465443293,13.8851849238078
2010-07-25,0,14.8255230585734
2010-07-26,6.59538654486338,14.6435790856679
2010-07-27,1.33702543377876,15.052811384201
2010-07-28,3.36019498109818,15.5556212266286
2010-07-29,10.6524627606074,14.2982785701752
2010-07-30,2.08103860418002,14.0982733567556
2010-07-31,0,16.2050159772237
2010-08-01,12.2055886189143,20.0634587605794
2010-08-02,9.81687251726786,18.1689089139303
2010-08-03,1.70969734837612,16.0699446996053
2010-08-04,0.054032855356733,15.7205591996511
2010-08-05,29.3535215059916,14.1367409229279
2010-08-06,14.7479911645254,12.9566628932953
2010-08-07,0.376165104409059,15.5285696188609
2010-08-08,4.10201984643936,15.271181344986
2010-08-09,0.3297889487197,16.937758286794
2010-08-10,0,18.2713239987691
2010-08-11,5.1209201614062,19.2299393018087
2010-08-12,9.13152241706848,17.2514419555664
2010-08-13,7.7154092391332,15.7547809282939
2010-08-14,0.315267273535331,15.7897388140361
2010-08-15,1.83363170425097,16.3725092411041
2010-08-16,5.08771183093389,13.9112325509389
2010-08-17,2.74102453390757,14.2618460655212
2010-08-18,1.52047844603658,15.1920870145162
2010-08-19,0,16.4228912989299
2010-08-20,0,18.1745429039001
2010-08-21,0,20.7213338216146
2010-08-22,0.647970106452703,21.8003339767456
2010-08-23,1.24806873003642,19.9898103078206
2010-08-24,4.41160255670547,17.9169750213623
2010-08-25,0.403094759831826,15.5822377204895
2010-08-26,5.4683501124382,20.9983971913656
2010-08-27,10.0084683100382,18.9711434046427
2010-08-28,0.553277266522249,12.7449972629547
2010-08-29,8.2209091981252,12.343417485555
2010-08-30,12.6718080043793,9.57172218958537
2010-08-31,0.951518068710963,10.4623980522156
2010-09-01,0.116670768707991,10.5838926633199
2010-09-02,0.815219109257062,12.2400245666504
2010-09-03,0.774780110145609,14.0146748224894
2010-09-04,2.72515415151914,13.0369851589203
2010-09-05,0,11.598623196284
2010-09-06,1.0402968103687,11.7657984892527
2010-09-07,1.12664833664894,12.4915341536204
2010-09-08,6.13252421220144,12.786337852478
2010-09-09,2.33679826557636,12.7912872632345
2010-09-10,2.5838390092055,12.9666557312012
2010-09-11,0,13.8410712083181
2010-09-12,14.980738401413,14.2768840789795
2010-09-13,2.39399245381355,11.8138480186462
2010-09-14,3.55357977251212,12.099658648173
2010-09-15,1.80645746986071,13.8577485084534
2010-09-16,0,12.6966087818146
2010-09-17,0.0216452603538831,11.132385969162
2010-09-18,0,9.45440196990967
2010-09-19,0,8.98009435335795
2010-09-20,0,10.8591844240824
2010-09-21,0,12.6557630697886
2010-09-22,0,12.9788343906403
2010-09-23,0,14.4366683165232
2010-09-24,7.52728339036306,14.116902589798
2010-09-25,18.183876991272,9.88267000516256
2010-09-26,9.57777059078217,8.07379957040151
2010-09-27,5.46050005157789,8.20617242654165
2010-09-28,2.32889586190383,8.26381655534109
2010-09-29,0.150876109798749,9.41037623087565
2010-09-30,0.528239369392395,9.52034298578898
2010-10-01,1.55121207237244,10.2219484647115
2010-10-02,0.0215577408671379,10.9915416240692
2010-10-03,0,12.7320068677266
2010-10-04,0.305839033176502,13.1581384340922
2010-10-05,0.550217628479004,13.0860004425049
2010-10-06,0.176331791405876,12.9786949952443
2010-10-07,0.01952482201159,12.548995256424
2010-10-08,0,11.6170876820882
2010-10-09,0,9.31262453397115
2010-10-10,0,8.46416250864665
2010-10-11,0,8.65040969848633
2010-10-12,0,6.78109089533488
2010-10-13,0,5.44587361812592
2010-10-14,0,5.79885407288869
2010-10-15,1.35573063790798,5.96031741301219
2010-10-16,5.03857159614563,5.84729361534119
2010-10-17,1.5727978075544,5.65009701251984
2010-10-18,0.215928801645835,4.23688725630442
2010-10-19,3.95979668696721,5.2173638343811
2010-10-20,4.0180074373881,4.50908927122752
2010-10-21,0,2.61044275760651
2010-10-22,0.145577313999335,2.0214590827624
2010-10-23,3.5814256866773,6.67884576320648
2010-10-24,2.61646121740341,6.04447666803996
2010-10-25,0.130162081991633,3.14541365702947
2010-10-26,0,1.99204169710477
2010-10-27,0.116977047796051,2.88702515761058
2010-10-28,0,6.22607143719991
2010-10-29,0,6.8812050819397
2010-10-30,0,6.92183899879456
2010-10-31,0,8.98535482088725
2010-11-01,0,9.06373071670532
2010-11-02,0,6.60666652520498
2010-11-03,1.16132753963272,9.05089370409648
2010-11-04,0,13.2597778638204
2010-11-05,2.33558624237776,12.3485073248545
2010-11-06,0.403382609287898,10.8517050743103
2010-11-07,6.15897059440613,7.31763660907745
2010-11-08,0.0828018362323443,3.76093733310699
2010-11-09,0,3.95581632852554
2010-11-10,1.40441266198953,4.76405354340871
2010-11-11,7.99725264310837,5.24141625563304
2010-11-12,3.71473704775174,10.5447883605957
2010-11-13,0.733337270716826,12.8722347418467
2010-11-14,0,9.78998223940531
2010-11-15,4.444735566775,8.19843045870463
2010-11-16,9.47656997044881,3.21153523524602
2010-11-17,0.0433158216377099,2.93696016073227
2010-11-18,2.33692715317011,3.34262404839198
2010-11-19,0,4.00337427854538
2010-11-20,0,1.322488134106
2010-11-21,6.76854264736176,2.59573084115982
2010-11-22,9.00982956091563,2.11574640870094
2010-11-23,2.14619034528732,1.23670404652754
2010-11-24,0.803581550717354,1.340838616093
2010-11-25,1.21221266190211,0.792513395349185
2010-11-26,0.802355905373891,-1.28552735845248
2010-11-27,0,-2.982277572155
2010-11-28,3.81120886405309,-2.61395128568014
2010-11-29,2.48592728376389,-2.45051395893097
2010-11-30,0,-6.18781805038452
2010-12-01,7.85690565903981,-4.81080909570058
2010-12-02,0.140617320934931,-5.56451491514842
2010-12-03,0,-7.09368177254995
2010-12-04,0.181689109653234,-6.88274542490641
2010-12-05,9.07909619808197,-4.16800659894943
2010-12-06,29.4272066752116,0.516075655817986
2010-12-07,5.54121859868367,3.06080865859985
2010-12-08,7.82801282405853,4.82310086488724
2010-12-09,1.32069574296474,-1.14739868541559
2010-12-10,5.15601100524267,-1.03002667427063
2010-12-11,2.09430023034414,1.34112939238548
2010-12-12,2.89052530129751,1.03300358851751
2010-12-13,0.362453414748112,-4.85381110509237
2010-12-14,2.09662463267644,-6.6570516427358
2010-12-15,3.30139029026031,-6.22541348139445
2010-12-16,2.81833151976267,-6.44452265898387
2010-12-17,2.67164280017217,-4.48878711462021
2010-12-18,0.669992044568062,-8.19608902931213
2010-12-19,1.99291664361954,-2.05231753985087
2010-12-20,7.52643851439158,1.72081471482913
2010-12-21,0.8846715092659,1.12651548534632
2010-12-22,1.62351478636265,1.73883055647214
2010-12-23,1.73264502485593,1.002711477379
2010-12-24,12.7264382044474,-0.622812325755755
2010-12-25,0.907956649859746,-5.37992827097575
2010-12-26,0.36418437709411,-8.98747817675273
2010-12-27,1.396470832328,-6.2213902870814
2010-12-28,0.796432236830393,-4.57514087359111
2010-12-29,0.409284648795923,-3.77497237920761
2010-12-30,0.14011864302059,-3.80740610758464
2010-12-31,0,-2.20829979578654
