"Date","Qobs","Qsim_HYRAS","Qsim_EDK"
1988-01-01,0.765354330708661,0.760193572690391,0.713974151305878
1988-01-02,0.792566929133858,0.77643972445734,0.768969277954883
1988-01-03,0.795968503937008,0.7908525206701,0.83108269443114
1988-01-04,0.819779527559055,0.788631657880794,0.801164986675094
1988-01-05,0.823181102362205,0.860333761516247,0.799340834283194
1988-01-06,0.77555905511811,0.832178683486635,0.764810110836074
1988-01-07,0.768755905511811,0.775336930596674,0.723841793965894
1988-01-08,0.748346456692914,0.752919953355712,0.717065868461976
1988-01-09,0.748346456692914,0.736961077651905,0.708404552694856
1988-01-10,0.710929133858268,0.725004684204591,0.696946778149614
1988-01-11,0.687118110236221,0.7312040346762,0.706609901934267
1988-01-12,0.768755905511811,0.775916583172402,0.764416088115783
1988-01-13,0.710929133858268,0.762999150636042,0.749654950918673
1988-01-14,0.714330708661417,0.728340186141726,0.707144695206222
1988-01-15,0.704125984251968,0.714197768363802,0.69035224371913
1988-01-16,0.710929133858268,0.709707249098172,0.685433439273112
1988-01-17,0.69051968503937,0.734143246596274,0.705007614533756
1988-01-18,0.724535433070866,0.844856915373928,0.795704327377737
1988-01-19,0.751748031496063,0.829929518776832,0.781179296233735
1988-01-20,0.748346456692914,0.752535309835865,0.717286761334317
1988-01-21,0.744944881889764,0.729506946766349,0.698844928777926
1988-01-22,0.758551181102362,0.799325214426627,0.753264187921551
1988-01-23,0.829984251968504,0.940622566721327,0.857289225146224
1988-01-24,0.833385826771654,0.897749780536701,0.844856220976255
1988-01-25,1.04428346456693,0.893717406301695,0.938118837181446
1988-01-26,0.928629921259843,0.968013858618174,1.03615029192683
1988-01-27,0.881007874015748,0.942011856351651,0.991559014644261
1988-01-28,0.816377952755906,0.826406710988236,0.841540378655361
1988-01-29,0.806173228346457,0.751125237771461,0.742733392841694
1988-01-30,0.785763779527559,0.751998750715038,0.748771287139544
1988-01-31,0.812976377952756,0.852070187187215,0.905241850003457
1988-02-01,0.782362204724409,0.838890276344117,0.883832505773042
1988-02-02,0.77896062992126,0.769373080600306,0.767805252454295
1988-02-03,0.758551181102362,0.737257692361472,0.721160315989873
1988-02-04,0.77555905511811,0.745107402825429,0.733815296034914
1988-02-05,0.727937007874016,0.755019027214907,0.752964071188086
1988-02-06,0.744944881889764,0.950738290818498,0.990843891224276
1988-02-07,1.02047244094488,1.63614400819375,1.66927698486134
1988-02-08,1.18714960629921,1.74550167774827,1.78059444919445
1988-02-09,1.37083464566929,1.42854337699684,1.38817925697793
1988-02-10,1.58173228346457,1.3131832565958,1.16189353319511
1988-02-11,1.22456692913386,1.17742145050805,1.03397952736735
1988-02-12,1.05108661417323,1.11401624683285,1.03279445305919
1988-02-13,1.04428346456693,1.07216418087854,1.03681083219089
1988-02-14,0.996661417322835,0.919585563644401,0.897161074279949
1988-02-15,0.904818897637795,0.804636577106109,0.782435868521444
1988-02-16,0.843590551181102,0.76147003629745,0.739574507457915
1988-02-17,0.826582677165354,0.744631423615432,0.723199364474812
1988-02-18,0.806173228346457,0.739316346113175,0.719765725396693
1988-02-19,0.816377952755906,0.766656602924422,0.765797869620383
1988-02-20,0.870803149606299,0.826413349206773,0.881785646646372
1988-02-21,0.857196850393701,0.798301925044615,0.854430344015155
1988-02-22,0.785763779527559,0.747014696003811,0.76387383978191
1988-02-23,0.77896062992126,0.72787737043389,0.722865809200853
1988-02-24,0.819779527559055,0.726982187853218,0.716139925112237
1988-02-25,0.806173228346457,0.721062279490456,0.70795502406533
1988-02-26,0.812976377952756,0.713296141657623,0.698747462761104
1988-02-27,0.816377952755906,0.708594815755278,0.693252580990297
1988-02-28,0.806173228346457,0.705439640624121,0.689678077910332
1988-02-29,0.792566929133858,0.702670199721315,0.686745603100338
1988-03-01,0.806173228346457,0.70002011768519,0.684017184799506
1988-03-02,0.802771653543307,0.69760581716107,0.681540297456418
1988-03-03,0.833385826771654,0.695224091348599,0.679118673658901
1988-03-04,0.806173228346457,0.692664490857316,0.676536650742843
1988-03-05,0.792566929133858,0.689874854525212,0.673725789396489
1988-03-06,0.799370078740158,0.687285733035182,0.671139112958341
1988-03-07,0.802771653543307,0.716819957566268,0.71576179431072
1988-03-08,0.826582677165354,0.848871420315651,0.922046710063671
1988-03-09,0.802771653543307,0.821667475445763,0.882852344867742
1988-03-10,0.785763779527559,0.729651369100867,0.742026217050781
1988-03-11,0.806173228346457,0.817549566661417,0.816939943191384
1988-03-12,1.88107086614173,1.83617103091313,1.92059291070882
1988-03-13,3.14985826771654,4.22375995246451,4.76373282227581
1988-03-14,4.01385826771654,5.52473366755521,5.90397791529153
1988-03-15,5.95275590551181,5.8375903283331,5.9221685517353
1988-03-16,6.66708661417323,5.20455561850582,5.47105455149092
1988-03-17,6.8711811023622,5.50001216846122,5.38925085915736
1988-03-18,3.0035905511811,3.77175054845351,3.53587915407337
1988-03-19,1.7620157480315,1.9769708222066,1.87463308455208
1988-03-20,1.51710236220472,1.33416773006223,1.31530336606284
1988-03-21,1.7416062992126,1.41585623811796,1.3610076655376
1988-03-22,2.08516535433071,1.99521462636398,1.85962813670053
1988-03-23,1.7620157480315,2.17540134314514,2.07501723260858
1988-03-24,2.31647244094488,3.32727065813052,3.21292185214792
1988-03-25,2.6124094488189,3.46202309675221,3.31229881231991
1988-03-26,3.36075590551181,5.0309803735656,4.80277112931366
1988-03-27,2.01713385826772,3.64637942839113,3.65491022554625
1988-03-28,1.7143937007874,2.22223478361765,2.34455297943017
1988-03-29,1.44226771653543,1.48885939513241,1.54540908817069
1988-03-30,1.24157480314961,1.16861162362711,1.17288256880655
1988-03-31,1.31981102362205,1.16505154415452,1.20450385898808
1988-04-01,1.49329133858268,1.71572821440351,2.01763699416264
1988-04-02,1.44566929133858,1.73925196881269,1.82207370720902
1988-04-03,1.23817322834646,1.31038445687007,1.25966017969302
1988-04-04,1.12932283464567,1.06645801903654,1.03491773129848
1988-04-05,1.05788976377953,0.979208640000302,0.95399228537937
1988-04-06,1.02387401574803,0.938048250124182,0.914313855671853
1988-04-07,0.983055118110236,0.909650753857616,0.886362522280745
1988-04-08,0.966047244094488,0.950045871361063,0.928112643957835
1988-04-09,1.03748031496063,1.41248127722845,1.31626215135315
1988-04-10,1.74500787401575,2.40018723935219,1.83698170129806
1988-04-11,1.3028031496063,1.85276330192753,1.46365518340774
1988-04-12,1.05788976377953,1.19889628477534,1.05119378938088
1988-04-13,1.67017322834646,1.33710263737469,1.11879591802542
1988-04-14,2.58179527559055,2.84801192485318,2.12225750549892
1988-04-15,1.36062992125984,2.22896926841387,1.79736009522944
1988-04-16,1.17694488188976,1.2860456918723,1.14728395577233
1988-04-17,1.05448818897638,1.0280414035369,0.94710039129552
1988-04-18,0.993259842519685,0.913571995508269,0.865717439987938
1988-04-19,0.962645669291339,0.873669911195211,0.833494812647343
1988-04-20,0.918425196850394,0.853668266801245,0.840949909168337
1988-04-21,0.935433070866142,0.860150413629531,0.943515538982221
1988-04-22,0.894614173228346,0.843283960586183,0.908308209616885
1988-04-23,0.870803149606299,0.817944568897049,0.822971191387977
1988-04-24,0.857196850393701,0.803667651136753,0.787247330396974
1988-04-25,0.836787401574803,0.795136614355741,0.774641938963822
1988-04-26,0.864,0.7876101881959,0.765638295028768
1988-04-27,0.850393700787402,0.780587602845029,0.758084055341875
1988-04-28,0.836787401574803,0.774701484288248,0.752463216322766
1988-04-29,0.829984251968504,0.769951067899855,0.748143466862506
1988-04-30,0.823181102362205,0.765486869939293,0.743929337972373
1988-05-01,0.829984251968504,0.760857221832549,0.739473108122989
1988-05-02,0.857196850393701,0.766291668839885,0.73512547037691
1988-05-03,0.95244094488189,0.811888837118192,0.740593185338855
1988-05-04,0.877606299212599,0.842621402678466,0.77081721239478
1988-05-05,0.843590551181102,0.803160062016796,0.760937633016622
1988-05-06,0.829984251968504,0.762187502944551,0.73527903788422
1988-05-07,0.789165354330709,0.747529050928944,0.724284920365606
1988-05-08,0.795968503937008,0.742131079332621,0.720118695929839
1988-05-09,0.809574803149606,0.738338132671298,0.717069494972923
1988-05-10,0.823181102362205,0.735326892085022,0.731919676260621
1988-05-11,0.826582677165354,0.732900609082075,0.797993313519123
1988-05-12,0.806173228346457,0.730691135772908,0.779804555331942
1988-05-13,0.792566929133858,0.728383129203935,0.728669063465536
1988-05-14,0.761952755905512,0.726104610891156,0.709980765850799
1988-05-15,0.772157480314961,0.724056400439378,0.706165533011889
1988-05-16,0.891212598425197,0.743220366296868,0.72301688052224
1988-05-17,0.986456692913386,0.839101558341604,0.80470843702885
1988-05-18,0.938834645669291,0.914299508382153,0.868947943351131
1988-05-19,1.04428346456693,1.05206430650623,1.05685487573245
1988-05-20,1.10551181102362,1.18633525765246,1.17014560625615
1988-05-21,0.996661417322835,1.04551672365579,1.00825171038669
1988-05-22,0.816377952755906,0.848391360985777,0.822269947005176
1988-05-23,0.765354330708661,0.760306440372158,0.740711653594593
1988-05-24,0.77896062992126,0.734743189765383,0.71645586321711
1988-05-25,0.751748031496063,0.725191275697421,0.707327103191854
1988-05-26,0.765354330708661,0.719674939034227,0.702059681222448
1988-05-27,0.77896062992126,0.716048488339446,0.705433357726999
1988-05-28,0.751748031496063,0.713659843810924,0.728318230491857
1988-05-29,0.741543307086614,0.711981180071889,0.720110398856062
1988-05-30,0.799370078740158,0.710685223065432,0.700839109101757
1988-05-31,0.816377952755906,0.709464896490066,0.693721877345441
1988-06-01,0.792566929133858,0.718687822650873,0.70724398711282
1988-06-02,0.884409448818898,0.757140984977203,0.76494083646901
1988-06-03,0.833385826771654,0.748618691317726,0.751514175622051
1988-06-04,0.891212598425197,0.785093759858748,0.759598339065705
1988-06-05,1.26538582677165,1.34752317645376,1.15760457798699
1988-06-06,4.08188976377953,3.77281141834553,2.78826703043118
1988-06-07,5.57858267716535,4.38300508671897,3.22996663261665
1988-06-08,1.7552125984252,2.19270625033325,1.77148134925641
1988-06-09,1.54771653543307,1.17236621117209,1.05876468221423
1988-06-10,1.25177952755906,0.914064531641168,0.847203599679102
1988-06-11,1.09870866141732,0.844351726253593,0.831792800300771
1988-06-12,1.58173228346457,1.015342018703,1.13367568899568
1988-06-13,1.02047244094488,0.951582519034998,1.0432742244361
1988-06-14,0.976251968503937,0.813018270883091,0.824344727710882
1988-06-15,0.918425196850394,0.759562613153576,0.74394420562874
1988-06-16,1.01026771653543,0.744742531072887,0.723483667046207
1988-06-17,1.01707086614173,0.737219001698059,0.713783109080899
1988-06-18,0.904818897637795,0.731838809562205,0.707744682538659
1988-06-19,0.870803149606299,0.72732484179871,0.703414282197398
1988-06-20,0.833385826771654,0.72365399682758,0.70029384446075
1988-06-21,0.864,0.720779278293996,0.697941004131054
1988-06-22,0.846992125984252,0.723848647697483,0.717489947034368
1988-06-23,0.850393700787402,0.742114081656199,0.801679425903547
1988-06-24,0.846992125984252,0.735096637687402,0.77972253948722
1988-06-25,0.795968503937008,0.718537166100313,0.716175417851815
1988-06-26,0.772157480314961,0.711955627566481,0.698193249118054
1988-06-27,0.840188976377953,0.710195270182356,0.710550077834726
1988-06-28,0.857196850393701,0.789372325275987,0.735408845789298
1988-06-29,1.42525984251969,1.20367162302947,0.848757779173598
1988-06-30,0.945637795275591,1.12777084100179,0.814201610537665
1988-07-01,0.874204724409449,0.83748698635679,0.722866042632509
1988-07-02,0.816377952755906,0.737273628774862,0.69113323017737
1988-07-03,0.877606299212599,0.745413780142854,0.698620842121397
1988-07-04,0.938834645669291,0.847851227326526,0.743702799795421
1988-07-05,0.901417322834646,0.838103810172702,0.730144090778378
1988-07-06,0.908220472440945,0.761853691977211,0.696484231874382
1988-07-07,0.95244094488189,0.753967510562104,0.699238837430967
1988-07-08,1.04768503937008,0.811289057911183,0.738439335925802
1988-07-09,0.959244094488189,0.780840708627574,0.723838724550566
1988-07-10,0.850393700787402,0.7267154653715,0.691753120901846
1988-07-11,0.812976377952756,0.707387979745606,0.680499427001633
1988-07-12,0.823181102362205,0.702993000633182,0.678403712155653
1988-07-13,0.792566929133858,0.702908994842376,0.678026518357543
1988-07-14,0.782362204724409,0.709445273002384,0.679842498412847
1988-07-15,0.795968503937008,0.711874378814141,0.684662428305243
1988-07-16,0.850393700787402,0.753102981179068,0.730347510349552
1988-07-17,0.874204724409449,0.851489130876132,0.824541893013059
1988-07-18,0.86059842519685,0.808776104032345,0.787950474311914
1988-07-19,0.836787401574803,0.726778079449268,0.707979253155951
1988-07-20,0.748346456692914,0.699040683352325,0.678009320874489
1988-07-21,0.676913385826772,0.693838980870203,0.672286116594872
1988-07-22,0.676913385826772,0.691198817900651,0.67010719117229
1988-07-23,0.683716535433071,0.689288103458269,0.668641059679932
1988-07-24,0.649700787401575,0.698538533794098,0.682033330553898
1988-07-25,0.727937007874016,0.737878881272041,0.736912622068724
1988-07-26,0.676913385826772,0.725911256681182,0.721378653915256
1988-07-27,0.721133858267717,0.712058769210009,0.695173513198023
1988-07-28,0.755149606299213,0.767653521906605,0.741410918433738
1988-07-29,0.697322834645669,0.748798434083261,0.723566695279786
1988-07-30,0.69392125984252,0.699676053597124,0.67890342679091
1988-07-31,0.649700787401575,0.682822399812764,0.663649011500533
1988-08-01,0.615685039370079,0.683125443308547,0.663613946780739
1988-08-02,0.704125984251968,0.69223029905865,0.670288738706662
1988-08-03,0.915023622047244,0.733826326234454,0.707656538681731
1988-08-04,0.932031496062992,0.919241785424542,0.87428687436268
1988-08-05,0.755149606299213,0.873640394679311,0.833744189588508
1988-08-06,0.656503937007874,0.734511936988507,0.709030935132999
1988-08-07,0.656503937007874,0.686434033302223,0.666137987856135
1988-08-08,0.673511811023622,0.678789940798886,0.65972353561977
1988-08-09,0.60888188976378,0.676145244787295,0.657568082063917
1988-08-10,0.629291338582677,0.674614557269506,0.656340223134015
1988-08-11,0.625889763779528,0.673522501112293,0.655506006512873
1988-08-12,0.666708661417323,0.672667665809012,0.6548613446292
1988-08-13,0.622488188976378,0.671978683212616,0.654338411710625
1988-08-14,0.612283464566929,0.671312190366418,0.653816430830799
1988-08-15,0.656503937007874,0.670581563124793,0.653233000548034
1988-08-16,0.700724409448819,0.689825770839609,0.653922181441751
1988-08-17,1.04768503937008,0.768666605475271,0.657979728348734
1988-08-18,0.789165354330709,0.747712130797819,0.655972044259328
1988-08-19,0.656503937007874,0.687678887532138,0.652734460209249
1988-08-20,0.864,0.72188151317528,0.690477279259351
1988-08-21,1.25177952755906,0.963599391336736,0.843973432262553
1988-08-22,0.833385826771654,0.915872521260375,0.805943421782202
1988-08-23,0.799370078740158,0.760221978237651,0.691468634817115
1988-08-24,0.744944881889764,0.696962497807089,0.652958802369948
1988-08-25,0.799370078740158,0.701822804928365,0.66586833759125
1988-08-26,0.812976377952756,0.776511004580251,0.733632649740052
1988-08-27,0.751748031496063,0.756897334695423,0.720598246422224
1988-08-28,0.748346456692914,0.713140886036034,0.678496937661652
1988-08-29,0.887811023622047,0.797482577767745,0.700402486227547
1988-08-30,1.53070866141732,1.0024482000943,0.825750110917172
1988-08-31,0.959244094488189,0.903633781737009,0.783341680862622
1988-09-01,0.768755905511811,0.789980512718274,0.732932209108985
1988-09-02,1.11231496062992,1.04632909650562,0.961496681332626
1988-09-03,2.02733858267717,1.49123179188852,1.23451437919769
1988-09-04,1.32661417322835,1.4231654034893,1.26216293623732
1988-09-05,1.41165354330709,1.17279373937005,1.16373208993158
1988-09-06,1.19055118110236,0.995743218119092,1.00832305938535
1988-09-07,0.976251968503937,0.827219943157367,0.816523155719427
1988-09-08,0.843590551181102,0.730301847729922,0.70805925293441
1988-09-09,0.795968503937008,0.697107763911077,0.673098820611982
1988-09-10,0.748346456692914,0.68527572178259,0.661783813032037
1988-09-11,0.724535433070866,0.678782266527123,0.656023775858053
1988-09-12,0.704125984251968,0.674639380328761,0.652585805583041
1988-09-13,0.697322834645669,0.67196548615817,0.650473630788536
1988-09-14,0.717732283464567,0.693618640269339,0.675063831408875
1988-09-15,0.840188976377953,0.786121772911637,0.779241258925111
1988-09-16,0.741543307086614,0.772164998404086,0.754191672658796
1988-09-17,0.772157480314961,0.735597601916481,0.678446416026988
1988-09-18,0.738141732283465,0.703880645076678,0.652516037889511
1988-09-19,0.772157480314961,0.678690422187314,0.64888409919378
1988-09-20,0.772157480314961,0.669437157267543,0.647338680717028
1988-09-21,0.741543307086614,0.66690253146462,0.646119054062504
1988-09-22,0.751748031496063,0.668938817387779,0.645143482883725
1988-09-23,0.795968503937008,0.681354470810629,0.644536663265692
1988-09-24,0.785763779527559,0.678133790972308,0.644323471349626
1988-09-25,0.741543307086614,0.667307118779901,0.643557138972667
1988-09-26,0.748346456692914,0.66227320314856,0.642482213511816
1988-09-27,0.751748031496063,0.660570399768478,0.64146957774119
1988-09-28,0.714330708661417,0.659264790523331,0.640468618329115
1988-09-29,0.670110236220472,0.668222059113899,0.650789784227618
1988-09-30,0.731338582677165,0.706676392122423,0.694058729624033
1988-10-01,0.734740157480315,0.698142135856168,0.685082838608846
1988-10-02,0.714330708661417,0.668231311350031,0.651509888902839
1988-10-03,0.656503937007874,0.656563066333996,0.63836582980515
1988-10-04,0.680314960629921,0.654666472424327,0.63639604147719
1988-10-05,0.680314960629921,0.665908744203166,0.646358429250629
1988-10-06,0.734740157480315,0.753531471301058,0.728068804069863
1988-10-07,0.819779527559055,0.942320134826373,0.913914775374204
1988-10-08,0.853795275590551,0.917115362517192,0.882393680853217
1988-10-09,0.69051968503937,0.824280447007461,0.781975383536737
1988-10-10,0.942236220472441,1.01969921751646,0.918606301429199
1988-10-11,0.925228346456693,1.00125979065012,0.876982943654936
1988-10-12,0.792566929133858,0.825602321265405,0.744603081772122
1988-10-13,0.809574803149606,0.798592851010031,0.731036618280615
1988-10-14,0.799370078740158,0.74967226696984,0.700604895055318
1988-10-15,0.734740157480315,0.691260799794764,0.660115683795674
1988-10-16,0.676913385826772,0.669085328171447,0.644897704522846
1988-10-17,0.683716535433071,0.663059214970245,0.641096207723629
1988-10-18,0.683716535433071,0.659874362635132,0.639086100772512
1988-10-19,0.629291338582677,0.657634966182843,0.637582797943648
1988-10-20,0.636094488188976,0.656038920287255,0.638554607182278
1988-10-21,0.656503937007874,0.654870573673166,0.645465707965166
1988-10-22,0.639496062992126,0.65385641176676,0.6426619223391
1988-10-23,0.625889763779528,0.652880631315738,0.636285890017918
1988-10-24,0.636094488188976,0.654730609250823,0.633718359699421
1988-10-25,0.659905511811024,0.664262916390157,0.632970014753234
1988-10-26,0.670110236220472,0.660639479175413,0.632329408810315
1988-10-27,0.656503937007874,0.652120123582726,0.631619281397529
1988-10-28,0.659905511811024,0.677445681734967,0.665012701078054
1988-10-29,0.853795275590551,0.861803795785723,0.84685539990611
1988-10-30,1.13272440944882,1.1469077579599,0.973846764498572
1988-10-31,0.809574803149606,0.984018084161713,0.826074864963851
1988-11-01,0.741543307086614,0.75414610014819,0.687951732060657
1988-11-02,0.734740157480315,0.684860116318731,0.652064054890386
1988-11-03,0.717732283464567,0.686349321253165,0.661707026864281
1988-11-04,0.704125984251968,0.675296865676431,0.653249471068507
1988-11-05,0.721133858267717,0.660049323260818,0.638605102087879
1988-11-06,0.622488188976378,0.653734470726747,0.632964893601843
1988-11-07,0.656503937007874,0.65150006167226,0.63139947101147
1988-11-08,0.673511811023622,0.650045835613763,0.630426129768928
1988-11-09,0.636094488188976,0.648929731234501,0.629659682214798
1988-11-10,0.649700787401575,0.647966655728314,0.628974655044066
1988-11-11,0.642897637795276,0.6470279183495,0.628281853316989
1988-11-12,0.653102362204724,0.646101774088364,0.627574415770063
1988-11-13,0.649700787401575,0.659291723797101,0.636093453389532
1988-11-14,0.663307086614173,0.719258156000655,0.67732408833738
1988-11-15,0.659905511811024,0.734793989903101,0.698782744793277
1988-11-16,0.659905511811024,0.710934671447681,0.682277013202267
1988-11-17,0.663307086614173,0.675164274370647,0.650181326751129
1988-11-18,0.653102362204724,0.672235061258629,0.646915526828371
1988-11-19,0.676913385826772,0.743706624706434,0.7081531483328
1988-11-20,0.704125984251968,0.749647957293237,0.738613324538009
1988-11-21,0.697322834645669,0.787632448664934,0.789613975595497
1988-11-22,0.727937007874016,0.744043261230895,0.735161415658422
1988-11-23,0.673511811023622,0.676356204061565,0.659515018633219
1988-11-24,0.69392125984252,0.652484681142201,0.634101885288916
1988-11-25,0.761952755905512,0.648350680664896,0.637393610348947
1988-11-26,0.840188976377953,0.648238170252019,0.67072337871959
1988-11-27,0.86740157480315,0.646350630965039,0.689840740031877
1988-11-28,0.850393700787402,0.643919729513985,0.690361291014093
1988-11-29,0.826582677165354,0.712116734719022,0.730005477899965
1988-11-30,1.30620472440945,1.10735080986661,0.963147637174352
1988-12-01,1.61234645669291,1.30746311236114,1.05298057827169
1988-12-02,1.03748031496063,1.05128447381,0.879956601854034
1988-12-03,0.986456692913386,0.941303711711038,0.807868507171778
1988-12-04,1.40144881889764,1.22805071064962,1.02236097638472
1988-12-05,2.92195275590551,3.06034489457626,2.89244987777745
1988-12-06,5.68062992125984,6.863313593894,6.49415108580359
1988-12-07,2.68724409448819,4.22143374570432,3.88880931755755
1988-12-08,1.70418897637795,1.7629157766914,1.67800220637389
1988-12-09,1.49329133858268,1.2360550045293,1.3441326999219
1988-12-10,2.80629921259843,1.51468505941218,1.63170987336848
1988-12-11,5.40850393700787,2.46662640935231,2.11776770897514
1988-12-12,2.23483464566929,2.27141077842426,1.80243052643843
1988-12-13,2.01033070866142,2.04014366215783,1.63340433431831
1988-12-14,1.47628346456693,1.6880230913017,1.4008813114994
1988-12-15,1.53751181102362,1.65602998629149,1.45090045553505
1988-12-16,1.38444094488189,1.30134741409855,1.19221100585028
1988-12-17,1.09530708661417,0.990203064082482,0.926899414088405
1988-12-18,1.04088188976378,0.881710137206058,0.840037821099301
1988-12-19,1.07829921259843,0.982638825389394,0.97743875049322
1988-12-20,1.36062992125984,1.56412704596588,1.59293826313194
1988-12-21,1.18034645669291,1.45866825364685,1.42235623935811
1988-12-22,1.08850393700787,1.12236495711632,1.07856742498562
1988-12-23,1.08510236220472,1.15959776473775,1.05559429178622
1988-12-24,1.22456692913386,1.39207810074994,1.29571496729551
1988-12-25,1.08170078740157,1.29138378626456,1.3252638463819
1988-12-26,1.00006299212598,1.05819442016307,1.08333417445315
1988-12-27,0.904818897637795,0.941972015142867,0.914745276407352
1988-12-28,0.891212598425197,0.902070765262897,0.855645318497313
1988-12-29,0.857196850393701,0.863323468135282,0.821656122260588
1988-12-30,0.857196850393701,0.833360985020689,0.797992971033701
1988-12-31,0.792566929133858,0.817949045253597,0.785089386245426
1989-01-01,0.782362204724409,0.808809650625817,0.77706842137879
1989-01-02,0.782362204724409,0.801909374277044,0.771062868287552
1989-01-03,0.748346456692914,0.796290574498411,0.766059203149626
1989-01-04,0.727937007874016,0.791318190746592,0.761557962803874
1989-01-05,0.755149606299213,0.808773930089438,0.772515381578536
1989-01-06,0.809574803149606,0.921313272921287,0.85175201272
1989-01-07,0.857196850393701,1.07624734055224,1.0271538719431
1989-01-08,0.887811023622047,1.28610610980822,1.45336717460672
1989-01-09,0.932031496062992,1.20466035321361,1.40103818989462
1989-01-10,0.908220472440945,0.981680952875271,1.06544592151271
1989-01-11,0.846992125984252,0.873412234078548,0.943069171960676
1989-01-12,0.802771653543307,0.840152136484506,0.874867034608982
1989-01-13,0.789165354330709,0.852326039343841,0.835537034057946
1989-01-14,0.724535433070866,0.830914539758441,0.803568821680115
1989-01-15,0.741543307086614,0.7996283184878,0.778341626823484
1989-01-16,0.744944881889764,0.784605702793575,0.76515071742044
1989-01-17,0.751748031496063,0.777224989706791,0.757604502525768
1989-01-18,0.724535433070866,0.771646035551836,0.751914524908707
1989-01-19,0.700724409448819,0.766869632531729,0.747130376860294
1989-01-20,0.683716535433071,0.762694991927205,0.743008617072666
1989-01-21,0.700724409448819,0.758845570885519,0.739243607090646
1989-01-22,0.69051968503937,0.755100547906726,0.735572238799237
1989-01-23,0.714330708661417,0.75162706195577,0.732201087919792
1989-01-24,0.731338582677165,0.74857668463525,0.729309802943967
1989-01-25,0.710929133858268,0.745821193488476,0.726715878625422
1989-01-26,0.707527559055118,0.743093541915492,0.724133985056166
1989-01-27,0.697322834645669,0.740469608761722,0.721649183032555
1989-01-28,0.676913385826772,0.737972676624417,0.719289020981592
1989-01-29,0.670110236220472,0.735379635110074,0.716833870262799
1989-01-30,0.629291338582677,0.732671195370645,0.714264521895444
1989-01-31,0.619086614173228,0.730148132828353,0.711876871177314
1989-02-01,0.632692913385827,0.727780359542282,0.709641120209597
1989-02-02,0.656503937007874,0.725321070326377,0.707314111956188
1989-02-03,0.639496062992126,0.72275398931901,0.704879853828285
1989-02-04,0.615685039370079,0.72029887796829,0.702554815411628
1989-02-05,0.612283464566929,0.717872684500345,0.700246259407566
1989-02-06,0.619086614173228,0.715270048135276,0.697722740473212
1989-02-07,0.612283464566929,0.712536310094657,0.695081556160326
1989-02-08,0.629291338582677,0.709791580999729,0.692460250689092
1989-02-09,0.632692913385827,0.707185305606181,0.689986954374203
1989-02-10,0.625889763779528,0.704948706836922,0.687877114447673
1989-02-11,0.615685039370079,0.703009411999173,0.686056753368589
1989-02-12,0.612283464566929,0.71584589542821,0.69821727080899
1989-02-13,0.649700787401575,0.78204907447188,0.757296092907998
1989-02-14,0.659905511811024,0.813790040663288,0.77257898072732
1989-02-15,0.670110236220472,0.788583027149329,0.74965129402272
1989-02-16,0.625889763779528,0.75947934722645,0.738211752328089
1989-02-17,0.646299212598425,0.756917510821603,0.740254122084832
1989-02-18,0.653102362204724,0.771060013245923,0.739375627985062
1989-02-19,0.707527559055118,0.892361047219085,0.802532476340959
1989-02-20,0.744944881889764,0.950815233246225,0.862233759399095
1989-02-21,0.993259842519685,1.49720592397368,1.37167198820427
1989-02-22,1.66677165354331,2.32881548994318,2.06039109324398
1989-02-23,1.12592125984252,1.65654906442732,1.49302929590522
1989-02-24,0.966047244094488,1.03360841219417,0.96675903256176
1989-02-25,0.932031496062992,0.845004504559259,0.801641095028821
1989-02-26,0.77555905511811,0.776966920904993,0.750281520083466
1989-02-27,0.761952755905512,0.784990727743218,0.766463691683224
1989-02-28,0.714330708661417,0.804671470269085,0.785263092754551
1989-03-01,0.785763779527559,0.835394984099301,0.791653875493806
1989-03-02,0.751748031496063,0.79774791519759,0.756938726273347
1989-03-03,0.731338582677165,0.778968094304209,0.761020547619975
1989-03-04,0.755149606299213,0.859102034781582,0.863914792753794
1989-03-05,0.741543307086614,0.84075451439625,0.82706261924534
1989-03-06,0.724535433070866,0.768035030446645,0.742499757631019
1989-03-07,0.710929133858268,0.731618042962134,0.708941887437499
1989-03-08,0.69051968503937,0.71919805239268,0.698990794049072
1989-03-09,0.676913385826772,0.712689645025539,0.693223243175973
1989-03-10,0.663307086614173,0.707689678752802,0.688594605755839
1989-03-11,0.666708661417323,0.702943064944726,0.684149563584303
1989-03-12,0.649700787401575,0.698264667307464,0.679767388760154
1989-03-13,0.612283464566929,0.697617188167171,0.677839195851306
1989-03-14,0.629291338582677,0.707695123851904,0.682241197692647
1989-03-15,0.649700787401575,0.708309563192924,0.685959507666767
1989-03-16,0.697322834645669,0.725367898248726,0.711594664033869
1989-03-17,0.656503937007874,0.769168129442727,0.737540211533998
1989-03-18,0.714330708661417,0.895075497718308,0.815134001873207
1989-03-19,0.809574803149606,0.943272058868894,0.857868330387725
1989-03-20,0.799370078740158,0.82781101460633,0.777246922870449
1989-03-21,0.717732283464567,0.733591359920336,0.703622692173921
1989-03-22,0.69392125984252,0.702951453997277,0.679310222523512
1989-03-23,0.656503937007874,0.693723279893881,0.672260532590101
1989-03-24,0.670110236220472,0.688166426530243,0.667859102788583
1989-03-25,0.622488188976378,0.683804471126568,0.664197231092633
1989-03-26,0.639496062992126,0.68011213825015,0.6610329244899
1989-03-27,0.639496062992126,0.676585125034166,0.657983555789954
1989-03-28,0.636094488188976,0.67291999212798,0.654763867351906
1989-03-29,0.615685039370079,0.669261298572351,0.651520024582184
1989-03-30,0.615685039370079,0.66589313548145,0.648526861620172
1989-03-31,0.588472440944882,0.662833842411506,0.645801636577611
1989-04-01,0.656503937007874,0.749768836318091,0.724055657579194
1989-04-02,0.989858267716536,1.43579174316134,1.34391122068337
1989-04-03,1.92188976377953,2.4832672977761,2.38477051520698
1989-04-04,1.03407874015748,1.70226952273552,1.66738270349026
1989-04-05,0.870803149606299,1.00168789835791,0.977274007696121
1989-04-06,0.77896062992126,0.8028041958503,0.781576059246345
1989-04-07,0.755149606299213,0.719885083772301,0.700769561584111
1989-04-08,0.717732283464567,0.733662551622957,0.697923383784439
1989-04-09,0.761952755905512,0.861048714307046,0.753063641286903
1989-04-10,0.748346456692914,0.821635468242217,0.730124583739628
1989-04-11,0.707527559055118,0.72362290293707,0.680603910837666
1989-04-12,0.683716535433071,0.68610121621924,0.660633657921858
1989-04-13,0.683716535433071,0.726182125829633,0.682437700484996
1989-04-14,1.00346456692913,1.06943567966191,0.888839334564462
1989-04-15,1.38444094488189,1.69136332364321,1.33808134502574
1989-04-16,0.959244094488189,1.33893894401823,1.13884072993932
1989-04-17,1.18714960629921,1.36984281265447,1.11798479030189
1989-04-18,5.34047244094488,4.07399515218574,2.73157846196435
1989-04-19,1.89467716535433,2.85889761305447,2.11284509059577
1989-04-20,1.28579527559055,1.31667602331797,1.11575756647941
1989-04-21,1.2823937007874,1.22487969292229,1.10271065629362
1989-04-22,2.76548031496063,2.29628679526493,2.12920131770187
1989-04-23,1.55451968503937,1.90696190822752,1.89620956744853
1989-04-24,1.3096062992126,1.14594421643349,1.14525124432914
1989-04-25,1.01026771653543,0.898692539275058,0.869958769565802
1989-04-26,0.979653543307087,0.844995861281382,0.791485863209387
1989-04-27,1.05108661417323,1.06216380924967,0.953820605099485
1989-04-28,1.16674015748032,1.10912630783651,1.06490302723749
1989-04-29,1.19395275590551,1.02948848506207,0.991442179840097
1989-04-30,1.01366929133858,0.88871285198597,0.838095199490708
1989-05-01,0.94903937007874,0.790369907181594,0.746903659358865
1989-05-02,0.891212598425197,0.751919257518833,0.714201511076375
1989-05-03,0.833385826771654,0.734487141261833,0.699363760177457
1989-05-04,0.789165354330709,0.721820182867888,0.688688573500124
1989-05-05,0.792566929133858,0.71175877477188,0.680328729911315
1989-05-06,0.751748031496063,0.703551890597054,0.673588982133453
1989-05-07,0.697322834645669,0.69712906960975,0.668369549603692
1989-05-08,0.721133858267717,0.691999629231385,0.664232600221966
1989-05-09,0.717732283464567,0.687393335437872,0.660518273870108
1989-05-10,0.700724409448819,0.683258068150926,0.65712045711301
1989-05-11,0.707527559055118,0.697671035551916,0.676398584074454
1989-05-12,0.792566929133858,0.763076591647517,0.761567648898487
1989-05-13,0.744944881889764,0.849245388565611,0.803164738219141
1989-05-14,1.11911811023622,1.3537919942919,1.05533246065811
1989-05-15,1.11911811023622,1.38226179601082,1.1525513917938
1989-05-16,0.881007874015748,0.978600859096979,0.907850178979628
1989-05-17,0.816377952755906,0.773409890104186,0.732959605723506
1989-05-18,0.721133858267717,0.714326925949925,0.679498780664028
1989-05-19,0.683716535433071,0.694271650111678,0.663519292154795
1989-05-20,0.704125984251968,0.683264575227078,0.655176192973268
1989-05-21,0.676913385826772,0.676263785356456,0.649904604982878
1989-05-22,0.666708661417323,0.671533601237781,0.646341975409835
1989-05-23,0.636094488188976,0.668207044715615,0.643840037767913
1989-05-24,0.632692913385827,0.665621536868201,0.641893628557385
1989-05-25,0.629291338582677,0.663422525420447,0.640228427450528
1989-05-26,0.625889763779528,0.661526958749721,0.638782968316951
1989-05-27,0.625889763779528,0.659899697566866,0.637530631887299
1989-05-28,0.60888188976378,0.658527570432329,0.636463825175322
1989-05-29,0.622488188976378,0.658841619174779,0.635549228879269
1989-05-30,0.734740157480315,0.680586953850038,0.646666994764941
1989-05-31,0.741543307086614,0.748077260897064,0.692027329425618
1989-06-01,0.755149606299213,0.769064072018398,0.72867002328983
1989-06-02,0.853795275590551,0.868599654239677,0.895436295415203
1989-06-03,0.836787401574803,0.827757678815598,0.868726450087336
1989-06-04,0.77896062992126,0.77796190584556,0.845942463868798
1989-06-05,0.741543307086614,0.723291951028127,0.786530962139951
1989-06-06,0.707527559055118,0.676062828386067,0.694611070960486
1989-06-07,0.683716535433071,0.659366038256889,0.6504242223029
1989-06-08,0.625889763779528,0.655446821804867,0.63891708994794
1989-06-09,0.642897637795276,0.653448976509732,0.635189365985178
1989-06-10,0.60548031496063,0.651919158966748,0.633007061197016
1989-06-11,0.60888188976378,0.650651071872949,0.631443799258111
1989-06-12,0.591874015748032,0.649652336241575,0.630380596922224
1989-06-13,0.60548031496063,0.648797598514387,0.629595914418277
1989-06-14,0.60888188976378,0.647942769110356,0.628858057436106
1989-06-15,0.581669291338583,0.647090950794873,0.628137448858246
1989-06-16,0.547653543307087,0.646295133026265,0.627477543578453
1989-06-17,0.537448818897638,0.645543377399504,0.626858698468361
1989-06-18,0.554456692913386,0.644781516490036,0.626223089246604
1989-06-19,0.534047244094488,0.644021006903858,0.625582574756202
1989-06-20,0.544251968503937,0.643280244289464,0.624957295797273
1989-06-21,0.571464566929134,0.64255999294474,0.624350143793531
1989-06-22,0.571464566929134,0.653779370846933,0.636092008252453
1989-06-23,0.673511811023622,0.715235482300199,0.715567545894704
1989-06-24,0.687118110236221,0.768499950401307,0.843230288970189
1989-06-25,0.622488188976378,0.715737868833492,0.772860539232536
1989-06-26,0.585070866141732,0.656648128181803,0.661883626642794
1989-06-27,0.585070866141732,0.655535595262839,0.642562805743488
1989-06-28,0.629291338582677,0.713986767333098,0.696071641839749
1989-06-29,0.632692913385827,0.697171762796526,0.678755947008323
1989-06-30,0.571464566929134,0.652651608966053,0.636126897503764
1989-07-01,0.561259842519685,0.640203439486539,0.621567920018217
1989-07-02,0.60207874015748,0.662171374584175,0.629464737978134
1989-07-03,0.704125984251968,0.736945978863119,0.685307971054522
1989-07-04,0.816377952755906,0.80559961533667,0.754100804078804
1989-07-05,0.710929133858268,0.738519737782229,0.705982528019758
1989-07-06,0.639496062992126,0.661564526975955,0.640625278016326
1989-07-07,0.60207874015748,0.638145318239891,0.620414916996641
1989-07-08,0.537448818897638,0.634406693570513,0.618035751382979
1989-07-09,0.666708661417323,0.633902994672632,0.623940624549031
1989-07-10,0.731338582677165,0.640774950178439,0.654537193939222
1989-07-11,0.884409448818898,0.777517086544756,0.840894375122882
1989-07-12,2.6124094488189,1.46251499639142,1.64895201073574
1989-07-13,1.23817322834646,1.3088536642653,1.41048932073887
1989-07-14,0.792566929133858,0.839864215616841,0.857750305204571
1989-07-15,0.666708661417323,0.68937084503404,0.697265924772035
1989-07-16,0.591874015748032,0.654649329258749,0.644659519498779
1989-07-17,0.585070866141732,0.643331840544924,0.631169197893104
1989-07-18,0.595275590551181,0.637827828746016,0.624665488027768
1989-07-19,0.588472440944882,0.635117859599134,0.621533746763934
1989-07-20,0.591874015748032,0.63354689523954,0.619751783060597
1989-07-21,0.557858267716535,0.632370063023969,0.618423582446069
1989-07-22,0.527244094488189,0.631406191101786,0.617357774185052
1989-07-23,0.554456692913386,0.642657507032169,0.61755039878017
1989-07-24,0.717732283464567,0.687879715363473,0.6206484458045
1989-07-25,0.683716535433071,0.681280078795043,0.632837171558878
1989-07-26,0.622488188976378,0.669354448155962,0.688715406148566
1989-07-27,0.734740157480315,0.704380972398668,0.738497032886795
1989-07-28,1.13952755905512,0.92099389004946,0.859766112951724
1989-07-29,0.77555905511811,0.864191802700602,0.788191455948712
1989-07-30,0.663307086614173,0.7401704779481,0.699815704760093
1989-07-31,0.864,0.886691187732301,0.824578548767311
1989-08-01,1.10891338582677,1.03372603554441,0.951039326402744
1989-08-02,1.48988976377953,0.951410529936497,1.0136807165279
1989-08-03,1.04428346456693,0.772983724781302,0.843835173455908
1989-08-04,0.908220472440945,0.674452316175429,0.687765817551026
1989-08-05,0.744944881889764,0.64499490838495,0.636959343629328
1989-08-06,0.69051968503937,0.63620726067278,0.624584780166856
1989-08-07,0.69051968503937,0.639001199451255,0.620605280639598
1989-08-08,0.738141732283465,0.68782249620941,0.63019229861692
1989-08-09,0.983055118110236,0.787200239014131,0.655490309019201
1989-08-10,1.42866141732283,0.760127705932436,0.643874302582112
1989-08-11,0.846992125984252,0.676380973304238,0.621930043237564
1989-08-12,0.962645669291339,0.638715826178614,0.614577249775558
1989-08-13,0.727937007874016,0.630408792280759,0.61357821019451
1989-08-14,0.659905511811024,0.6280919163603,0.613026890693815
1989-08-15,0.646299212598425,0.626659964813151,0.612293302093523
1989-08-16,0.629291338582677,0.625477534475645,0.611461319441927
1989-08-17,0.585070866141732,0.629203203897896,0.610698699768841
1989-08-18,0.619086614173228,0.645793595829136,0.610154344917381
1989-08-19,0.731338582677165,0.640352904950939,0.609677521339041
1989-08-20,0.625889763779528,0.626779923353166,0.609090987077207
1989-08-21,0.554456692913386,0.621910802486101,0.608429314973417
1989-08-22,0.564661417322835,0.620994277993601,0.60779626047589
1989-08-23,0.697322834645669,0.629142206388323,0.60729139564399
1989-08-24,0.656503937007874,0.661315939173722,0.606851759201129
1989-08-25,0.554456692913386,0.657704386018006,0.614884824844564
1989-08-26,0.615685039370079,0.659887341220312,0.64871149778709
1989-08-27,0.622488188976378,0.677673939881636,0.657940983938114
1989-08-28,0.670110236220472,0.70542851726892,0.670345256879746
1989-08-29,0.656503937007874,0.688946990805279,0.648866065261833
1989-08-30,0.60548031496063,0.645762826918186,0.616766848027866
1989-08-31,0.60548031496063,0.62256180904242,0.604570768208401
1989-09-01,0.574866141732283,0.617122726552952,0.602680932837325
1989-09-02,0.527244094488189,0.620857913639976,0.607664845305371
1989-09-03,0.598677165354331,0.659583758937677,0.660470426110753
1989-09-04,0.69051968503937,0.747252645162273,0.802678530142504
1989-09-05,0.683716535433071,0.735832981632622,0.784169994819014
1989-09-06,0.615685039370079,0.661994284519812,0.669994279225884
1989-09-07,0.598677165354331,0.624104202181926,0.615845483823157
1989-09-08,0.557858267716535,0.615766274582474,0.604335675656865
1989-09-09,0.554456692913386,0.61411709497925,0.601836957043601
1989-09-10,0.544251968503937,0.613334675597908,0.600749501628817
1989-09-11,0.564661417322835,0.612802429088703,0.600144779982636
1989-09-12,0.554456692913386,0.6123739003107,0.599750643827095
1989-09-13,0.571464566929134,0.612007939323169,0.599470947156811
1989-09-14,0.574866141732283,0.612291506552036,0.599924119663046
1989-09-15,0.578267716535433,0.622192760423539,0.608092103665017
1989-09-16,0.622488188976378,0.651050419469092,0.629011940337023
1989-09-17,0.551055118110236,0.640494190319328,0.620493642881638
1989-09-18,0.571464566929134,0.616900777682505,0.602902076971628
1989-09-19,0.534047244094488,0.609188156323256,0.597190136853878
1989-09-20,0.540850393700787,0.608408485091073,0.596592827945253
1989-09-21,0.571464566929134,0.608126773374583,0.596350753311728
1989-09-22,0.537448818897638,0.607829101735463,0.596090028791403
1989-09-23,0.551055118110236,0.637268077034704,0.617070317750188
1989-09-24,0.983055118110236,0.761264080924438,0.702040425307405
1989-09-25,0.707527559055118,0.756838042984387,0.694035270244376
1989-09-26,0.932031496062992,0.758619509623838,0.681518311152166
1989-09-27,0.887811023622047,0.725820756154058,0.668258859667239
1989-09-28,1.20075590551181,0.747241673016665,0.701783394324703
1989-09-29,0.829984251968504,0.718418906412456,0.676296272698751
1989-09-30,0.772157480314961,0.6505515954161,0.62197819556004
1989-10-01,0.69051968503937,0.617114964487705,0.599125008705029
1989-10-02,0.642897637795276,0.609270328075239,0.594848158260136
1989-10-03,0.629291338582677,0.607327479620996,0.593905068220801
1989-10-04,0.588472440944882,0.606472559382067,0.59350855452055
1989-10-05,0.568062992125984,0.605943385748724,0.593243390987905
1989-10-06,0.585070866141732,0.631214844307988,0.611696609867065
1989-10-07,0.697322834645669,0.772451386777333,0.721131328273269
1989-10-08,1.04428346456693,0.912779899442895,0.862034683723287
1989-10-09,1.13612598425197,0.837085029868085,0.819951221956287
1989-10-10,0.962645669291339,0.789265602493777,0.830096536945196
1989-10-11,0.959244094488189,0.737824579790111,0.797287282872415
1989-10-12,0.887811023622047,0.705973965449802,0.75081195233517
1989-10-13,0.829984251968504,0.661583400169525,0.67685396295659
1989-10-14,0.77555905511811,0.637354291259468,0.63966274052877
1989-10-15,0.799370078740158,0.669122138964755,0.688339276346813
1989-10-16,0.799370078740158,0.654376628490021,0.666284097766891
1989-10-17,0.768755905511811,0.621787038936953,0.617819012660742
1989-10-18,0.761952755905512,0.610137369605264,0.600583296160587
1989-10-19,0.707527559055118,0.607961271850728,0.597431566058235
1989-10-20,0.639496062992126,0.606892246088208,0.596069716743382
1989-10-21,0.612283464566929,0.606091500875186,0.595176282388409
1989-10-22,0.588472440944882,0.605407001577449,0.59449403010735
1989-10-23,0.588472440944882,0.60475283741917,0.593886394838939
1989-10-24,0.544251968503937,0.60410792043962,0.593306695436414
1989-10-25,0.561259842519685,0.603495655549791,0.592765410709676
1989-10-26,0.561259842519685,0.602909877527654,0.59225062015576
1989-10-27,0.537448818897638,0.602335732811879,0.591745274549993
1989-10-28,0.537448818897638,0.619942321017603,0.61100562697377
1989-10-29,0.629291338582677,0.702312988641137,0.704218380506
1989-10-30,0.663307086614173,0.737042186253339,0.756340198919047
1989-10-31,0.659905511811024,0.711139316785782,0.729964972641935
1989-11-01,0.619086614173228,0.665708969348364,0.667976330057738
1989-11-02,0.585070866141732,0.625457520851081,0.618267970523751
1989-11-03,0.551055118110236,0.633347140566588,0.61522103975377
1989-11-04,0.60548031496063,0.745575606272051,0.684338888789365
1989-11-05,0.829984251968504,0.821635187069208,0.751181689638308
1989-11-06,1.06809448818898,1.13794507411069,1.1590254718278
1989-11-07,2.70765354330709,1.77365232069366,2.31484755672202
1989-11-08,1.83004724409449,1.41677153087052,1.81035127007007
1989-11-09,1.07149606299213,0.958521505806402,1.02631645726177
1989-11-10,0.962645669291339,0.764194546254534,0.781731664259529
1989-11-11,0.829984251968504,0.670595323027559,0.665949663220652
1989-11-12,0.761952755905512,0.641626745478479,0.639023351645211
1989-11-13,0.758551181102362,0.631075442036479,0.627452972861165
1989-11-14,0.697322834645669,0.625752792112902,0.621453898461788
1989-11-15,0.683716535433071,0.622691738505994,0.617994263578931
1989-11-16,0.683716535433071,0.620762243446946,0.615739462921892
1989-11-17,0.721133858267717,0.619404812623974,0.614109124320466
1989-11-18,0.710929133858268,0.618315546004256,0.612850704411331
1989-11-19,0.697322834645669,0.61733930111115,0.61178057882529
1989-11-20,0.639496062992126,0.616402928877412,0.610779877869242
1989-11-21,0.639496062992126,0.615507016778351,0.60982996506352
1989-11-22,0.632692913385827,0.625217278158514,0.616358102857306
1989-11-23,0.639496062992126,0.664948425130539,0.643721515940155
1989-11-24,0.625889763779528,0.654651198343214,0.636267383011396
1989-11-25,0.615685039370079,0.625136228648391,0.615569198570843
1989-11-26,0.588472440944882,0.614841076148836,0.608232819543398
1989-11-27,0.588472440944882,0.613220611176289,0.606927449183648
1989-11-28,0.612283464566929,0.612327177257512,0.606224112764371
1989-11-29,0.574866141732283,0.611528001884322,0.605933295308774
1989-11-30,0.595275590551181,0.610822060130471,0.605256223525374
1989-12-01,0.574866141732283,0.610171514000768,0.604389757216751
1989-12-02,0.547653543307087,0.609555353908719,0.603695410621888
1989-12-03,0.527244094488189,0.60895975663045,0.603094170416919
1989-12-04,0.561259842519685,0.608379777012534,0.602514820559688
1989-12-05,0.564661417322835,0.607816663774025,0.601954135248038
1989-12-06,0.571464566929134,0.607276187328892,0.601418572033477
1989-12-07,0.557858267716535,0.606765442126292,0.600915877240471
1989-12-08,0.554456692913386,0.606247012172907,0.600405474733392
1989-12-09,0.585070866141732,0.6057288022486,0.599895782281099
1989-12-10,0.551055118110236,0.605213286288059,0.599389330980353
1989-12-11,0.51703937007874,0.604687359090421,0.59887185383132
1989-12-12,0.612283464566929,0.636078437105726,0.625693763674936
1989-12-13,0.809574803149606,0.822871229232835,0.79615596444582
1989-12-14,1.00006299212598,1.11864423015624,1.12189667946666
1989-12-15,1.65316535433071,1.65423772714617,1.67122009376266
1989-12-16,2.91174803149606,2.86953976132431,2.97188811789281
1989-12-17,1.54431496062992,2.25932619589711,2.38009401916155
1989-12-18,1.3368188976378,1.61379627671357,1.69742437292725
1989-12-19,1.57492913385827,1.88406709741536,1.77768816642723
1989-12-20,1.48648818897638,1.52747301538162,1.42097068194074
1989-12-21,1.11231496062992,1.12887619140672,1.12528581277083
1989-12-22,1.10211023622047,1.04445253426156,1.12580491711194
1989-12-23,0.918425196850394,0.994327574885228,1.02673898034614
1989-12-24,0.993259842519685,1.04210457691295,1.08508639030066
1989-12-25,1.02387401574803,0.915636762748234,0.985099028136037
1989-12-26,0.877606299212599,0.769784141703995,0.809395925184082
1989-12-27,0.823181102362205,0.712616989496129,0.725246331012138
1989-12-28,0.795968503937008,0.694384086673573,0.698035596779562
1989-12-29,0.758551181102362,0.684939310101579,0.686001679060446
1989-12-30,0.738141732283465,0.678807865947597,0.678590589961505
1989-12-31,0.714330708661417,0.674470717899066,0.673492484680375
1990-01-01,0.687118110236221,0.671142112508811,0.669677903699522
1990-01-02,0.69392125984252,0.668365915393111,0.66656819114297
1990-01-03,0.656503937007874,0.665888205551334,0.663844820822461
1990-01-04,0.649700787401575,0.663699151739748,0.661469565406593
1990-01-05,0.653102362204724,0.66179545268261,0.659398950425818
1990-01-06,0.666708661417323,0.66009608398334,0.657473780261267
1990-01-07,0.670110236220472,0.658542705634177,0.65573863438897
1990-01-08,0.629291338582677,0.657046301429929,0.654135764887491
1990-01-09,0.591874015748032,0.655564267716932,0.652576876014272
1990-01-10,0.625889763779528,0.654082740989467,0.651027054841451
1990-01-11,0.615685039370079,0.652621855517694,0.649504082739379
1990-01-12,0.60888188976378,0.651239326270469,0.64806696187086
1990-01-13,0.629291338582677,0.649870486710239,0.646647238666402
1990-01-14,0.656503937007874,0.648447131524786,0.645173043936584
1990-01-15,0.680314960629921,0.647021025612674,0.643697106380962
1990-01-16,0.707527559055118,0.688508283094724,0.667998922576058
1990-01-17,0.874204724409449,0.909689418829331,0.796575015809941
1990-01-18,0.870803149606299,1.01671641956338,0.872201891191528
1990-01-19,0.833385826771654,0.850567114709527,0.776770893849648
1990-01-20,0.721133858267717,0.747169082095885,0.70154218434302
1990-01-21,0.704125984251968,0.829059028040397,0.724762086104719
1990-01-22,0.806173228346457,0.816627108939904,0.71509627061028
1990-01-23,0.727937007874016,0.753834880437705,0.699522849327117
1990-01-24,0.789165354330709,0.859731819677761,0.808730635282352
1990-01-25,1.01026771653543,1.07228917556143,1.03209431932897
1990-01-26,1.02727559055118,1.0442090309225,0.995373841213504
1990-01-27,0.938834645669291,0.844509979158893,0.806304618519333
1990-01-28,0.809574803149606,0.778847834275092,0.746723191859292
1990-01-29,0.840188976377953,0.955240120876617,0.882090805440231
1990-01-30,0.86740157480315,0.892121183707013,0.832518740806933
1990-01-31,0.772157480314961,0.747116779249128,0.718414858244883
1990-02-01,0.727937007874016,0.691935890318768,0.674514836554288
1990-02-02,0.697322834645669,0.688520211631824,0.678175406370456
1990-02-03,0.714330708661417,0.725858639149172,0.733251283005839
1990-02-04,0.687118110236221,0.710168590829429,0.714927218417197
1990-02-05,0.670110236220472,0.675821166599683,0.670123378315976
1990-02-06,0.659905511811024,0.66127570393376,0.652023341268711
1990-02-07,0.670110236220472,0.655894311089219,0.646207128293381
1990-02-08,0.653102362204724,0.653875668085653,0.652495992042727
1990-02-09,0.666708661417323,0.658219221034017,0.689149689835231
1990-02-10,0.642897637795276,0.667799313640831,0.694304550074652
1990-02-11,0.704125984251968,0.717635453250784,0.743704745200756
1990-02-12,0.707527559055118,0.765877802988727,0.829992074410031
1990-02-13,0.666708661417323,1.02949368626343,1.0852650428972
1990-02-14,1.79943307086614,2.28162313490315,2.32022220421181
1990-02-15,7.38141732283465,6.72350840959374,6.57096978017552
1990-02-16,3.94582677165354,5.57726243869716,5.76786951806428
1990-02-17,1.37423622047244,2.37610901960325,2.4964318600319
1990-02-18,1.15653543307087,1.21603486504962,1.23844976246217
1990-02-19,1.04768503937008,0.941324247140841,0.948883288006953
1990-02-20,0.95244094488189,0.8204229568073,0.81883265407819
1990-02-21,0.918425196850394,0.783867666728338,0.779879061554146
1990-02-22,0.829984251968504,0.761377761146742,0.75652849603219
1990-02-23,0.823181102362205,0.745904849474142,0.740632569329516
1990-02-24,0.816377952755906,0.734262070161804,0.728786412538089
1990-02-25,0.748346456692914,0.724469201625199,0.718879245203677
1990-02-26,0.738141732283465,0.821417192502668,0.797043183164841
1990-02-27,1.24157480314961,1.5940647730847,1.43379114588347
1990-02-28,1.47288188976378,2.78493760501595,2.61050514952181
1990-03-01,1.33341732283465,2.27057762820298,2.38049609033258
1990-03-02,1.11231496062992,1.33291137554109,1.430993117508
1990-03-03,0.955842519685039,0.968211627092671,0.995041074011733
1990-03-04,0.938834645669291,0.82569891871264,0.83549906984301
1990-03-05,0.870803149606299,0.782232655391319,0.780356914400006
1990-03-06,0.846992125984252,0.759754517925918,0.755997239881451
1990-03-07,0.809574803149606,0.744536460421042,0.739831923969822
1990-03-08,0.789165354330709,0.733107360422286,0.727870210144975
1990-03-09,0.748346456692914,0.723447097036475,0.71792796685503
1990-03-10,0.731338582677165,0.715338222937153,0.709784626671769
1990-03-11,0.772157480314961,0.708857024893845,0.703342877970472
1990-03-12,0.714330708661417,0.702758504897653,0.697224132957314
1990-03-13,0.724535433070866,0.696844647559701,0.691222910296406
1990-03-14,0.741543307086614,0.730304137725641,0.704912384803753
1990-03-15,0.795968503937008,0.891713437566903,0.776813739066442
1990-03-16,0.744944881889764,0.8571710550501,0.758033629826158
1990-03-17,0.738141732283465,0.743773766549065,0.70363016183768
1990-03-18,0.731338582677165,0.699576640875371,0.681107676240494
1990-03-19,0.659905511811024,0.686677709979411,0.673135811412353
1990-03-20,0.670110236220472,0.684711884744086,0.669156786657265
1990-03-21,0.673511811023622,0.701531295257868,0.671550523221357
1990-03-22,0.653102362204724,0.785473503544069,0.762175241368149
1990-03-23,0.795968503937008,1.23067980261998,1.24623418182538
1990-03-24,0.94903937007874,1.13351787619701,1.15250616057206
1990-03-25,0.751748031496063,0.830876403586964,0.826175645348468
1990-03-26,0.744944881889764,0.739825031136679,0.714147101875967
1990-03-27,0.710929133858268,0.728557434161625,0.697582592084631
1990-03-28,0.761952755905512,0.80952444730342,0.748401439474059
1990-03-29,0.983055118110236,1.00021757222893,0.910507306507691
1990-03-30,1.04428346456693,1.24492633326071,1.12309602931103
1990-03-31,0.935433070866142,1.04099620924015,0.965650224928486
1990-04-01,0.846992125984252,0.798663150276578,0.766369258035911
1990-04-02,0.772157480314961,0.714419413717017,0.696326656295161
1990-04-03,0.761952755905512,0.730947553400439,0.697643618915668
1990-04-04,0.826582677165354,0.885850151944169,0.770992201561894
1990-04-05,0.755149606299213,0.848978056907937,0.752721915169268
1990-04-06,0.768755905511811,0.760101610098696,0.718612534845119
1990-04-07,0.761952755905512,0.746848255557522,0.730629485598696
1990-04-08,0.819779527559055,0.87076702077278,0.883010065340515
1990-04-09,0.846992125984252,0.864694260317934,0.871311808383216
1990-04-10,0.792566929133858,0.756899833997129,0.74825109530252
1990-04-11,0.792566929133858,0.741529871008058,0.803031370998472
1990-04-12,0.843590551181102,0.904718611700661,1.36826627066382
1990-04-13,0.819779527559055,0.857879245899232,1.23344754299949
1990-04-14,0.772157480314961,0.767940064160322,0.866808106983567
1990-04-15,0.850393700787402,0.884980391042355,0.824285273985244
1990-04-16,0.932031496062992,0.959081656834422,0.9470825276625
1990-04-17,0.894614173228346,0.893440547015288,0.887147258866333
1990-04-18,0.979653543307087,1.01807193634669,0.930256976894122
1990-04-19,1.02387401574803,1.00864957519228,1.28433499769258
1990-04-20,1.02387401574803,0.903404915093879,1.40878223065601
1990-04-21,0.908220472440945,0.787629410502916,1.05667868598133
1990-04-22,0.850393700787402,0.716008569462323,0.807221129853048
1990-04-23,0.901417322834646,0.765290372522896,0.83561834528663
1990-04-24,1.13612598425197,1.13093267984006,1.24758087486897
1990-04-25,1.17694488188976,1.212736993579,1.23266309429748
1990-04-26,1.35382677165354,1.06638438443269,0.93736236085515
1990-04-27,1.30620472440945,0.968666517327551,0.843507903098942
1990-04-28,1.10211023622047,0.885096500459512,0.83401500847042
1990-04-29,0.993259842519685,0.782354755953516,0.770424733446882
1990-04-30,0.915023622047244,0.716886772068902,0.713787721856258
1990-05-01,0.857196850393701,0.689558164729489,0.688489522773197
1990-05-02,0.819779527559055,0.675680806031505,0.675366712083145
1990-05-03,0.812976377952756,0.665984430295208,0.665811009802054
1990-05-04,0.758551181102362,0.658967525838574,0.658688371992299
1990-05-05,0.738141732283465,0.653398625492727,0.652901439281964
1990-05-06,0.738141732283465,0.648798961933094,0.647898605106475
1990-05-07,0.802771653543307,0.645774674921514,0.643991877651945
1990-05-08,0.77555905511811,0.643672744711151,0.646206135211989
1990-05-09,0.744944881889764,0.642044786740465,0.662934169759158
1990-05-10,0.717732283464567,0.640555163107928,0.656197811089452
1990-05-11,0.758551181102362,0.667740853666994,0.665035828403833
1990-05-12,0.785763779527559,0.784835279425796,0.755741583684748
1990-05-13,0.710929133858268,0.774144849504453,0.737560049965524
1990-05-14,0.751748031496063,0.750595424823747,0.691616826644513
1990-05-15,0.772157480314961,0.70870586923219,0.67333931874207
1990-05-16,0.697322834645669,0.660985881069404,0.651651211160006
1990-05-17,0.642897637795276,0.641153184680696,0.636106490237568
1990-05-18,0.683716535433071,0.635456716094366,0.630353784139835
1990-05-19,0.636094488188976,0.63230203663988,0.627798522409216
1990-05-20,0.625889763779528,0.629945138163525,0.625898461581934
1990-05-21,0.60207874015748,0.628141444075686,0.624368876872167
1990-05-22,0.653102362204724,0.62681475840815,0.623138288066094
1990-05-23,0.60207874015748,0.625606585245288,0.622017138313322
1990-05-24,0.564661417322835,0.629363221140586,0.623406585189285
1990-05-25,0.629291338582677,0.64671515540272,0.631522065289085
1990-05-26,0.639496062992126,0.641018283181957,0.628426574480804
1990-05-27,0.622488188976378,0.626660912346564,0.621077260530056
1990-05-28,0.581669291338583,0.621405348166807,0.618151438006418
1990-05-29,0.598677165354331,0.620300774092866,0.617266673100854
1990-05-30,0.554456692913386,0.619554197880936,0.616568826718737
1990-05-31,0.581669291338583,0.618827463187348,0.615881631102304
1990-06-01,0.585070866141732,0.618100139436186,0.615193317639635
1990-06-02,0.591874015748032,0.637728874077865,0.631939195936425
1990-06-03,0.741543307086614,0.718311988000597,0.699932410571511
1990-06-04,0.578267716535433,0.697545495822762,0.681817523792521
1990-06-05,0.598677165354331,0.652153542628453,0.636484091854501
1990-06-06,0.646299212598425,0.698329509612269,0.650648396556698
1990-06-07,0.765354330708661,0.713974458851174,0.673312438486453
1990-06-08,0.789165354330709,0.714873950027471,0.682948065713789
1990-06-09,0.993259842519685,0.899746434139566,0.799678804571599
1990-06-10,0.721133858267717,0.887156381762925,0.78607044838795
1990-06-11,0.806173228346457,0.914365406064243,0.791090012029569
1990-06-12,0.751748031496063,0.881068092013241,0.786655849657615
1990-06-13,1.02047244094488,1.06242243001318,0.97455153389227
1990-06-14,1.22456692913386,1.03900990093815,0.958929217574625
1990-06-15,0.843590551181102,0.806890153971843,0.783980483813108
1990-06-16,0.744944881889764,0.67662000914735,0.751828546857264
1990-06-17,0.636094488188976,0.639449560691815,0.701553715644556
1990-06-18,0.564661417322835,0.628120246408469,0.643593298821437
1990-06-19,0.60207874015748,0.622722063032482,0.622004351292585
1990-06-20,0.581669291338583,0.650792201748281,0.642026971577737
1990-06-21,0.768755905511811,0.77624807220203,0.740563073910172
1990-06-22,0.663307086614173,0.755469753940085,0.728895259380695
1990-06-23,0.622488188976378,0.700516655107593,0.709567976673878
1990-06-24,0.581669291338583,0.659026416670791,0.670056960518517
1990-06-25,0.595275590551181,0.62912875739007,0.629150435717146
1990-06-26,0.551055118110236,0.618184323272772,0.614488042069249
1990-06-27,0.595275590551181,0.672090200205132,0.663463123759491
1990-06-28,0.983055118110236,0.929376027877891,0.894858438466833
1990-06-29,0.710929133858268,0.901014267102278,0.874216190588408
1990-06-30,0.877606299212599,0.933979024619099,0.933578499921027
1990-07-01,1.69738582677165,1.41591208115739,1.38857437321931
1990-07-02,0.904818897637795,1.176666575758,1.148130693994
1990-07-03,0.802771653543307,0.860329068601215,0.859399086254478
1990-07-04,0.959244094488189,0.984195375137039,1.04132697973144
1990-07-05,0.850393700787402,0.939256504622473,0.989092714441985
1990-07-06,0.969448818897638,0.969782007893178,1.00573544813109
1990-07-07,0.836787401574803,0.901700936402775,0.903496024310044
1990-07-08,0.874204724409449,0.953920635106874,0.878964645812032
1990-07-09,1.06469291338583,0.844703471582368,0.781992811893087
1990-07-10,0.802771653543307,0.703653967450885,0.680081364124284
1990-07-11,0.77896062992126,0.651838168370068,0.641909680104976
1990-07-12,0.653102362204724,0.6377059976252,0.630723701742077
1990-07-13,0.60548031496063,0.630181414311958,0.624461631647634
1990-07-14,0.585070866141732,0.625129812644249,0.620133031918315
1990-07-15,0.561259842519685,0.621756910880139,0.617190326752672
1990-07-16,0.551055118110236,0.619299052312443,0.615009446575198
1990-07-17,0.537448818897638,0.617357977847264,0.613251080475305
1990-07-18,0.547653543307087,0.616032715449938,0.612003559469279
1990-07-19,0.537448818897638,0.615021004812719,0.611048425053473
1990-07-20,0.527244094488189,0.614044753112097,0.610148043741873
1990-07-21,0.513637795275591,0.613057128653032,0.60924057908677
1990-07-22,0.503433070866142,0.612107845772481,0.608364449468437
1990-07-23,0.500031496062992,0.611259111195115,0.607577267073331
1990-07-24,0.51703937007874,0.610525515970845,0.606893144344361
1990-07-25,0.534047244094488,0.609873245975687,0.606281676526819
1990-07-26,0.527244094488189,0.609256376211279,0.605701321560599
1990-07-27,0.510236220472441,0.60865996322379,0.605138752314889
1990-07-28,0.51703937007874,0.608083384976974,0.604593645392953
1990-07-29,0.493228346456693,0.608766711074604,0.604079854404177
1990-07-30,0.52044094488189,0.612738496156613,0.605445816146849
1990-07-31,0.530645669291339,0.624653605337903,0.61312220329561
1990-08-01,0.649700787401575,0.67350662113931,0.616178136451927
1990-08-02,0.557858267716535,0.657708864685689,0.608997489541281
1990-08-03,0.503433070866142,0.617431532755999,0.602772681868432
1990-08-04,0.479622047244094,0.604200084251008,0.600991805597875
1990-08-05,0.486425196850394,0.603053271190745,0.601161979724357
1990-08-06,0.581669291338583,0.60616587283958,0.60414454008133
1990-08-07,0.598677165354331,0.617996984710777,0.607753122240137
1990-08-08,0.547653543307087,0.61424326761494,0.604456852213968
1990-08-09,0.506834645669291,0.604878536216032,0.60010331336711
1990-08-10,0.506834645669291,0.601720745608285,0.598636099639801
1990-08-11,0.503433070866142,0.601317267602534,0.598262928553038
1990-08-12,0.489826771653543,0.601074786040453,0.597943331097075
1990-08-13,0.486425196850394,0.600800978458829,0.597607037233443
1990-08-14,0.479622047244094,0.61313441101503,0.604538861287911
1990-08-15,0.748346456692914,0.66128163192041,0.631365096349246
1990-08-16,0.537448818897638,0.655914445307618,0.624470450678656
1990-08-17,0.588472440944882,0.64932143243063,0.608230568581675
1990-08-18,0.659905511811024,0.628507284670226,0.599818853399501
1990-08-19,0.554456692913386,0.60504589422954,0.595502803598034
1990-08-20,0.537448818897638,0.597578617828613,0.594186855080519
1990-08-21,0.534047244094488,0.596903433499994,0.593984793535217
1990-08-22,0.510236220472441,0.596785579736754,0.593823686232079
1990-08-23,0.52044094488189,0.596680453741662,0.593623241196062
1990-08-24,0.51703937007874,0.596534210451483,0.593382334154039
1990-08-25,0.523842519685039,0.614001631684307,0.598613942504795
1990-08-26,0.642897637795276,0.68317881255481,0.618671833043032
1990-08-27,0.561259842519685,0.666188965492836,0.612309709187477
1990-08-28,0.581669291338583,0.619158963105728,0.596298025030683
1990-08-29,0.486425196850394,0.600380984682162,0.591081200497738
1990-08-30,0.476220472440945,0.594999086867847,0.590658747612691
1990-08-31,0.479622047244094,0.593544415427164,0.590527940899473
1990-09-01,0.510236220472441,0.593375444694222,0.590360067179609
1990-09-02,0.476220472440945,0.593638207286057,0.5901561545304
1990-09-03,0.493228346456693,0.603496117876173,0.595492944594167
1990-09-04,0.578267716535433,0.661364693219654,0.637525339635598
1990-09-05,0.884409448818898,0.755814172711209,0.7191575313997
1990-09-06,0.622488188976378,0.705320257981292,0.680417292994798
1990-09-07,0.60548031496063,0.648600733689704,0.627413330116176
1990-09-08,0.741543307086614,0.704313869497679,0.668622729493801
1990-09-09,0.659905511811024,0.678415942321493,0.650831490368266
1990-09-10,0.554456692913386,0.630145113165764,0.617736818447978
1990-09-11,0.598677165354331,0.654111322008435,0.648827730530716
1990-09-12,0.60207874015748,0.63804574415679,0.633741651329402
1990-09-13,0.561259842519685,0.604368690778679,0.599155636150656
1990-09-14,0.534047244094488,0.592871178063717,0.587594887476959
1990-09-15,0.544251968503937,0.591310502768113,0.586336114918988
1990-09-16,0.51703937007874,0.590828952140591,0.586073577593509
1990-09-17,0.513637795275591,0.590563097887182,0.585944492573909
1990-09-18,0.534047244094488,0.590391690717868,0.585856557339674
1990-09-19,0.547653543307087,0.590208050010449,0.585744095872452
1990-09-20,0.506834645669291,0.589953087762314,0.585567792787682
1990-09-21,0.523842519685039,0.618644970806179,0.616364978357679
1990-09-22,0.935433070866142,0.896465970508123,0.84877917842213
1990-09-23,1.91848818897638,1.88254220380022,1.39573925101252
1990-09-24,1.296,1.79502574829767,1.3052342311946
1990-09-25,1.04088188976378,1.05121885929543,0.869354038270761
1990-09-26,0.721133858267717,0.762532458928687,0.67512924140564
1990-09-27,0.629291338582677,0.644014420340042,0.616521372153605
1990-09-28,0.612283464566929,0.620421884050247,0.601890285146489
1990-09-29,0.557858267716535,0.610006260797572,0.595507027772031
1990-09-30,0.568062992125984,0.634813820355356,0.606221660292141
1990-10-01,0.69051968503937,0.868100720311701,0.744912785770556
1990-10-02,1.13272440944882,1.42537083412506,1.16798249064963
1990-10-03,0.901417322834646,1.18409133132386,1.03169224356456
1990-10-04,0.710929133858268,0.840895652533339,0.76736664278737
1990-10-05,0.843590551181102,0.911914782483423,0.803527624125184
1990-10-06,0.738141732283465,0.825493440347563,0.744160033712275
1990-10-07,0.639496062992126,0.737109658092846,0.672329989165995
1990-10-08,0.642897637795276,0.892341578387639,0.736215132578196
1990-10-09,0.829984251968504,0.827114480747833,0.701949883557601
1990-10-10,0.656503937007874,0.684894731655895,0.630640706315021
1990-10-11,0.60207874015748,0.632953642466425,0.60470688855858
1990-10-12,0.578267716535433,0.62063313654524,0.599120560979826
1990-10-13,0.568062992125984,0.614719689807698,0.596459263965499
1990-10-14,0.551055118110236,0.610959450039756,0.594700826526142
1990-10-15,0.540850393700787,0.60837569337416,0.593438204413329
1990-10-16,0.564661417322835,0.606486974422993,0.59245844592229
1990-10-17,0.554456692913386,0.605330589636165,0.59269159259157
1990-10-18,0.568062992125984,0.604981267492491,0.595717741573657
1990-10-19,0.557858267716535,0.604142757276892,0.594321677223349
1990-10-20,0.540850393700787,0.603063244261532,0.591267814706494
1990-10-21,0.537448818897638,0.602279371177991,0.589998427240416
1990-10-22,0.554456692913386,0.601622766539345,0.589516835147411
1990-10-23,0.544251968503937,0.600955226825546,0.589062733993956
1990-10-24,0.568062992125984,0.60025078376832,0.588573387563992
1990-10-25,0.564661417322835,0.599497757697033,0.588042436698747
1990-10-26,0.564661417322835,0.601904982480073,0.591792050611813
1990-10-27,0.574866141732283,0.612822155666524,0.607132836041497
1990-10-28,0.591874015748032,0.635093264656184,0.622446938907861
1990-10-29,0.653102362204724,0.809683134752951,0.752370461467654
1990-10-30,0.799370078740158,1.19060906381842,1.04764971319562
1990-10-31,0.874204724409449,1.1845650815387,1.05108017762991
1990-11-01,0.898015748031496,1.09210386583002,0.939090415459315
1990-11-02,0.812976377952756,0.881266423379267,0.800724823886357
1990-11-03,0.666708661417323,0.735147122988029,0.701240340726804
1990-11-04,0.707527559055118,0.821711475503983,0.782429286604546
1990-11-05,0.894614173228346,0.974833308385346,0.967049388594958
1990-11-06,0.812976377952756,0.905077677645682,0.875325054409068
1990-11-07,0.734740157480315,0.742230730508626,0.704365852869893
1990-11-08,0.673511811023622,0.658459376170731,0.632538086861259
1990-11-09,0.642897637795276,0.633736201801027,0.613978773956326
1990-11-10,0.60888188976378,0.625434121023112,0.607426003804746
1990-11-11,0.615685039370079,0.674670996847433,0.645084076084752
1990-11-12,0.738141732283465,0.909421091441541,0.817507973366309
1990-11-13,0.751748031496063,0.870481096741981,0.785940956996162
1990-11-14,0.731338582677165,0.806184006916991,0.730212811011044
1990-11-15,0.972850393700787,1.04663396036572,0.899555778369644
1990-11-16,1.05108661417323,1.14228245005961,1.02579950618551
1990-11-17,1.03748031496063,0.898222064459435,0.847626328742095
1990-11-18,0.748346456692914,0.791216704390525,0.780546700130657
1990-11-19,0.983055118110236,1.12029573453906,1.3181229080273
1990-11-20,1.07829921259843,1.54556745199952,2.25787529208406
1990-11-21,1.24497637795276,1.93368524417785,2.6922925612335
1990-11-22,1.46267716535433,1.85839424096453,2.29024878485768
1990-11-23,1.51029921259843,1.62915437039992,2.01229706608089
1990-11-24,1.15653543307087,1.14943489339956,1.32973843101077
1990-11-25,0.972850393700787,0.856757012614227,0.923578284409454
1990-11-26,0.829984251968504,0.740363762525288,0.795460784857136
1990-11-27,0.782362204724409,0.741928679973482,0.778270466503645
1990-11-28,0.799370078740158,0.867346067644107,0.883444744327582
1990-11-29,0.809574803149606,0.879792825536036,0.878201696634114
1990-11-30,0.826582677165354,0.861230585057713,0.845567442852064
1990-12-01,0.836787401574803,0.785829174121609,0.774006437902255
1990-12-02,0.795968503937008,0.716468716129782,0.712064339413934
1990-12-03,0.707527559055118,0.689698919302616,0.687611810139626
1990-12-04,0.710929133858268,0.685099107460708,0.700238429135063
1990-12-05,0.704125984251968,0.697313100757394,0.780518358403214
1990-12-06,0.683716535433071,0.68952361944289,0.759175860347414
1990-12-07,0.649700787401575,0.674737927748873,0.700029302330642
1990-12-08,0.649700787401575,0.667927394544181,0.676845837150221
1990-12-09,0.615685039370079,0.66480715276215,0.67012117833231
1990-12-10,0.622488188976378,0.66229827933669,0.665867213627606
1990-12-11,0.60207874015748,0.660152407670331,0.66261299705957
1990-12-12,0.622488188976378,0.65962343508193,0.662259202936728
1990-12-13,0.598677165354331,0.663197204217348,0.668767609063913
1990-12-14,0.632692913385827,0.660637992067053,0.665136590764801
1990-12-15,0.581669291338583,0.655728040418372,0.657696644276056
1990-12-16,0.60548031496063,0.653113035203856,0.65406033876421
1990-12-17,0.60207874015748,0.651606853918806,0.652242939280844
1990-12-18,0.591874015748032,0.650276589507063,0.650712368424398
1990-12-19,0.598677165354331,0.648957455485886,0.649234649537075
1990-12-20,0.598677165354331,0.647607847327418,0.647752264142118
1990-12-21,0.581669291338583,0.657190107765654,0.667367196828152
1990-12-22,0.663307086614173,0.815192678608339,0.863708160840752
1990-12-23,1.05448818897638,1.51421638310203,1.52267756573398
1990-12-24,1.3300157480315,1.67395134183518,1.70248400884374
1990-12-25,1.06129133858268,1.12785355667096,1.16191251035202
1990-12-26,0.938834645669291,0.929521348843708,0.925727837702085
1990-12-27,1.24837795275591,1.43275590127815,1.28301025454273
1990-12-28,1.62255118110236,1.69510537527773,1.37438469819752
1990-12-29,1.03067716535433,1.24704134551357,1.08846484213148
1990-12-30,1.19395275590551,1.35658015586884,1.20448724303423
1990-12-31,2.29606299212598,3.14964717613636,2.88917389903149
1991-01-01,2.66683464566929,3.63510666039296,3.3502272247864
1991-01-02,1.67357480314961,2.59528371348258,2.26685489222936
1991-01-03,1.64976377952756,2.07152102230865,1.86055585121118
1991-01-04,1.23817322834646,1.45841144187707,1.37687155356527
1991-01-05,1.06129133858268,1.31567539376759,1.24798721199493
1991-01-06,1.02387401574803,1.41420223794277,1.28527978315605
1991-01-07,1.11571653543307,1.65233081264336,1.4500569168986
1991-01-08,1.36062992125984,1.93323661102967,1.95282596943839
1991-01-09,1.07489763779528,1.43323972535233,1.50427341640634
1991-01-10,0.969448818897638,1.00972458425047,1.01815383150284
1991-01-11,0.925228346456693,1.03332812948506,1.05671045940904
1991-01-12,1.13612598425197,1.91025670416041,2.06879684902422
1991-01-13,1.24157480314961,2.11603167330676,2.05199544097828
1991-01-14,1.3096062992126,1.61251743740697,1.57965446333528
1991-01-15,1.08170078740157,1.14881227076001,1.1608149540692
1991-01-16,0.925228346456693,0.930899134818713,0.92819264056787
1991-01-17,0.846992125984252,0.850094208674018,0.841602041527819
1991-01-18,0.823181102362205,0.819299112418569,0.809652311296085
1991-01-19,0.782362204724409,0.801207815338563,0.791315892498714
1991-01-20,0.765354330708661,0.788691463284461,0.778756091388086
1991-01-21,0.741543307086614,0.785439512764846,0.774320281246833
1991-01-22,0.765354330708661,0.801449193268184,0.785622525204925
1991-01-23,0.758551181102362,0.791538529168872,0.776707892524863
1991-01-24,0.744944881889764,0.772125143844254,0.760420362942654
1991-01-25,0.765354330708661,0.761991645049659,0.751571792567482
1991-01-26,0.680314960629921,0.756256040798866,0.746261635160582
1991-01-27,0.707527559055118,0.751446764887252,0.741733989671671
1991-01-28,0.653102362204724,0.747260978966209,0.737767681450988
1991-01-29,0.717732283464567,0.743358807135894,0.73404806339367
1991-01-30,0.659905511811024,0.739617923029632,0.73046611516971
1991-01-31,0.673511811023622,0.736021051757261,0.727011779045164
1991-02-01,0.653102362204724,0.732674695331193,0.723793793359086
1991-02-02,0.653102362204724,0.729543821002692,0.72078049011559
1991-02-03,0.653102362204724,0.726352946418089,0.717703200903025
1991-02-04,0.653102362204724,0.72299987004082,0.714462790984067
1991-02-05,0.653102362204724,0.719779877609923,0.711350099017772
1991-02-06,0.653102362204724,0.716925096750624,0.708593662306886
1991-02-07,0.659905511811024,0.714439190292091,0.706197297712084
1991-02-08,0.734740157480315,0.712043717543956,0.70388761124735
1991-02-09,0.710929133858268,0.709480869942655,0.701411502266229
1991-02-10,0.670110236220472,0.70668620355295,0.698705975975054
1991-02-11,0.69051968503937,0.70382047555395,0.695929344659324
1991-02-12,0.721133858267717,0.701092890149013,0.693287405477039
1991-02-13,0.653102362204724,0.698513256354684,0.690789782990604
1991-02-14,0.649700787401575,0.696147809880686,0.68850156430033
1991-02-15,0.656503937007874,0.693883820990222,0.686311880761297
1991-02-16,0.683716535433071,0.691595611703413,0.684105746253299
1991-02-17,0.670110236220472,0.689308670952015,0.681931579777019
1991-02-18,0.659905511811024,0.686978234303358,0.6797046503415
1991-02-19,0.639496062992126,0.684625074581798,0.677698794710063
1991-02-20,0.697322834645669,0.682575368701976,0.676734678320582
1991-02-21,0.673511811023622,0.680349823820779,0.674443952236685
1991-02-22,0.714330708661417,0.685129041594201,0.675264583040812
1991-02-23,0.785763779527559,0.789423118871612,0.795632977031004
1991-02-24,0.993259842519685,1.19289358866971,1.39993488453941
1991-02-25,1.06809448818898,1.207014192285,1.40665982630956
1991-02-26,1.04768503937008,0.929180489745832,0.995342538298732
1991-02-27,0.928629921259843,0.774476209258434,0.793134651731471
1991-02-28,0.819779527559055,0.725944611668905,0.741113104354227
1991-03-01,0.792566929133858,0.719242993304976,0.747460162252733
1991-03-02,0.704125984251968,0.734708969518636,0.765444331653371
1991-03-03,0.833385826771654,0.831870693354608,0.890782940611152
1991-03-04,0.966047244094488,0.801949534720753,0.84673939463982
1991-03-05,0.894614173228346,0.725676098615082,0.74303252407635
1991-03-06,0.870803149606299,0.695758103447453,0.70244482624953
1991-03-07,0.836787401574803,0.686663462722299,0.690052045730236
1991-03-08,0.772157480314961,0.680522199441371,0.682147771757311
1991-03-09,0.734740157480315,0.694916680373218,0.68848501144746
1991-03-10,0.802771653543307,0.768774450572087,0.732777200205051
1991-03-11,0.761952755905512,0.749547783182276,0.718808762904468
1991-03-12,0.755149606299213,0.694161873755301,0.682569182078082
1991-03-13,0.727937007874016,0.67220686830875,0.667311900161091
1991-03-14,0.717732283464567,0.66587871717066,0.662033125159142
1991-03-15,0.700724409448819,0.661548566117998,0.658057666936925
1991-03-16,0.649700787401575,0.657567947320044,0.654242512487926
1991-03-17,0.659905511811024,0.653871053719303,0.650577009517988
1991-03-18,0.615685039370079,0.652537170406679,0.647335672646355
1991-03-19,0.656503937007874,0.767100827147785,0.734553263703724
1991-03-20,1.07829921259843,1.38615175775662,1.19748737160533
1991-03-21,1.02047244094488,1.33744634219158,1.11868630267967
1991-03-22,0.972850393700787,1.04029961608342,0.894868497748308
1991-03-23,1.13272440944882,1.41653843006567,1.14877220561309
1991-03-24,0.955842519685039,1.20861219626495,1.02669556488835
1991-03-25,0.802771653543307,0.849139669219167,0.78299960195462
1991-03-26,0.802771653543307,0.726792723932987,0.695670954159686
1991-03-27,0.751748031496063,0.703056381863007,0.674046324907302
1991-03-28,0.741543307086614,0.687210406724581,0.663840226350745
1991-03-29,0.700724409448819,0.673957860129208,0.657346454808166
1991-03-30,0.683716535433071,0.666481201644656,0.652853225239765
1991-03-31,0.629291338582677,0.661753056511944,0.649323562387345
1991-04-01,0.639496062992126,0.657641378306162,0.646029011636599
1991-04-02,0.639496062992126,0.653673696324515,0.642734775129629
1991-04-03,0.615685039370079,0.679645165454354,0.670169395498059
1991-04-04,0.707527559055118,0.855483185092851,0.828694928374768
1991-04-05,0.765354330708661,1.13939756624665,1.00124545299034
1991-04-06,1.19395275590551,1.22481290328074,1.10429632146611
1991-04-07,0.983055118110236,0.956486145435488,0.913229223644782
1991-04-08,0.802771653543307,0.768171228104966,0.740342291194271
1991-04-09,0.765354330708661,0.757163480792486,0.710490107764533
1991-04-10,0.744944881889764,0.723825313442643,0.68607282103362
1991-04-11,0.687118110236221,0.678332152088109,0.657321643080714
1991-04-12,0.659905511811024,0.658411587620124,0.644003846655955
1991-04-13,0.619086614173228,0.650454522212645,0.63803414450262
1991-04-14,0.591874015748032,0.645280164292779,0.633890424506259
1991-04-15,0.591874015748032,0.641444107815023,0.630687635877932
1991-04-16,0.571464566929134,0.638292679880867,0.628019997566693
1991-04-17,0.585070866141732,0.635808701486782,0.625800586872157
1991-04-18,0.574866141732283,0.634040082459174,0.624225735534518
1991-04-19,0.60888188976378,0.63883613281212,0.627884210804251
1991-04-20,0.636094488188976,0.660074169558969,0.644258224915495
1991-04-21,0.629291338582677,0.65369408879944,0.639131426964856
1991-04-22,0.571464566929134,0.636844526564729,0.625864927077617
1991-04-23,0.595275590551181,0.633172734217964,0.620989424217314
1991-04-24,0.625889763779528,0.64088897125741,0.620053749876825
1991-04-25,0.619086614173228,0.637746368745107,0.619266075492857
1991-04-26,0.619086614173228,0.630071280585605,0.618121949101628
1991-04-27,0.591874015748032,0.626339124740753,0.61676656600598
1991-04-28,0.571464566929134,0.624599690194115,0.61546622176235
1991-04-29,0.646299212598425,0.623514185243925,0.616146879896389
1991-04-30,0.642897637795276,0.629112348207702,0.627609692326019
1991-05-01,0.697322834645669,0.67161270514676,0.654311892053519
1991-05-02,0.724535433070866,0.744099794108791,0.666250771829899
1991-05-03,0.646299212598425,0.707332840692137,0.641298473387
1991-05-04,0.653102362204724,0.645075624491852,0.618596380539887
1991-05-05,0.714330708661417,0.625060940403613,0.612273595232638
1991-05-06,0.547653543307087,0.621990688263597,0.611233072278225
1991-05-07,0.598677165354331,0.620547846802093,0.610457425789705
1991-05-08,0.581669291338583,0.619260618461311,0.609610228341544
1991-05-09,0.585070866141732,0.617901157053374,0.608665679244468
1991-05-10,0.581669291338583,0.61659476255806,0.607708847065618
1991-05-11,0.850393700787402,1.04668673621996,0.949464167164729
1991-05-12,5.23842519685039,5.16255975518116,4.07509907490246
1991-05-13,5.1703937007874,3.74535273310859,3.14150870254488
1991-05-14,1.45587401574803,1.50070726554069,1.36613005835836
1991-05-15,1.3096062992126,1.19427804815935,1.12325813212338
1991-05-16,1.26538582677165,1.24441650847652,1.03859710366529
1991-05-17,1.33341732283465,1.00813369735705,0.946640691304598
1991-05-18,1.20415748031496,0.805444045381157,0.87928322806801
1991-05-19,1.06129133858268,0.72672093135892,0.770616186048489
1991-05-20,0.870803149606299,0.69456945404546,0.692955844437147
1991-05-21,0.799370078740158,0.677374226399844,0.663087885311207
1991-05-22,0.761952755905512,0.666133863722263,0.650430158848489
1991-05-23,0.744944881889764,0.657746132861546,0.642196449404253
1991-05-24,0.676913385826772,0.651766411772479,0.636674653184021
1991-05-25,0.673511811023622,0.650410042565318,0.635428399315322
1991-05-26,0.700724409448819,0.657971093572959,0.641983359184419
1991-05-27,0.663307086614173,0.653595035925585,0.638155785283286
1991-05-28,0.619086614173228,0.644048249894141,0.62989286838871
1991-05-29,0.60888188976378,0.638646200772887,0.625304400127893
1991-05-30,0.60207874015748,0.63550119239255,0.622696214530106
1991-05-31,0.574866141732283,0.632830546898406,0.620490045079206
1991-06-01,0.60548031496063,0.630417042644186,0.618473703090228
1991-06-02,0.571464566929134,0.628442193549356,0.616724184708114
1991-06-03,0.595275590551181,0.645477126581046,0.632990883912269
1991-06-04,0.629291338582677,0.717348456807648,0.701294185127096
1991-06-05,0.571464566929134,0.700517680812812,0.683598351922687
1991-06-06,0.629291338582677,0.677612005841495,0.649050280256605
1991-06-07,0.666708661417323,0.763419973593196,0.700525869081788
1991-06-08,0.663307086614173,0.759445976911929,0.706645457388181
1991-06-09,0.632692913385827,0.708848742896355,0.6696125518857
1991-06-10,0.639496062992126,0.696697057445202,0.635973925871749
1991-06-11,0.581669291338583,0.66600134802693,0.61868517346686
1991-06-12,0.588472440944882,0.636565776693649,0.61327342688822
1991-06-13,0.568062992125984,0.626137461216685,0.611440790615835
1991-06-14,0.568062992125984,0.623267645877035,0.610304931628114
1991-06-15,0.564661417322835,0.62171539734334,0.609518672790838
1991-06-16,0.588472440944882,0.844645246300948,0.805580722575061
1991-06-17,3.4696062992126,4.16791320254438,3.68957969689591
1991-06-18,9.38834645669291,11.9856806547436,10.9255083869004
1991-06-19,10.6469291338583,7.18208029815209,6.44967998546508
1991-06-20,1.97631496062992,2.6434292832596,2.37861844838739
1991-06-21,1.85045669291339,2.01805722055896,1.77216498402338
1991-06-22,1.50009448818898,1.4600405562563,1.35852532530127
1991-06-23,1.36403149606299,1.0227793734181,1.13038859928041
1991-06-24,1.10551181102362,0.856271101317084,0.948662497748574
1991-06-25,0.94903937007874,0.791141452187095,0.814438614192267
1991-06-26,1.05108661417323,0.82914499184486,0.806818208130212
1991-06-27,1.06809448818898,1.21798476472882,1.07990162867738
1991-06-28,1.08510236220472,1.87144818839124,1.68941206943635
1991-06-29,1.65656692913386,2.41105484465952,2.64960989170193
1991-06-30,1.17694488188976,1.64511475753204,1.83717634052087
1991-07-01,0.911622047244095,1.04920929772458,1.0821157875487
1991-07-02,0.785763779527559,0.856366454317983,0.861707026040908
1991-07-03,0.744944881889764,0.772073647564473,0.760451920178591
1991-07-04,0.717732283464567,0.741311686697744,0.72742915344287
1991-07-05,0.717732283464567,0.722110298866484,0.70729043517201
1991-07-06,0.700724409448819,0.709167403887927,0.69396227470555
1991-07-07,0.629291338582677,0.699806536295339,0.684466030694365
1991-07-08,0.636094488188976,0.712612523506131,0.677281892225204
1991-07-09,0.86059842519685,0.786134760617292,0.672601770875344
1991-07-10,0.806173228346457,0.764811535950743,0.669323529897185
1991-07-11,0.707527559055118,0.706812331699576,0.665961692557616
1991-07-12,0.69392125984252,0.729253330622743,0.716308727433006
1991-07-13,1.01026771653543,0.916510942302563,0.959620643550493
1991-07-14,0.94903937007874,0.927415471718645,0.938918894269589
1991-07-15,1.05788976377953,1.00572137137795,0.866007163151772
1991-07-16,0.850393700787402,0.900772890296383,0.776539019413478
1991-07-17,0.755149606299213,0.766668474407853,0.698729703977116
1991-07-18,0.955842519685039,0.77798229075168,0.681570394360942
1991-07-19,0.765354330708661,0.772536851310788,0.714505174786893
1991-07-20,0.836787401574803,0.721047708412445,0.700861554164939
1991-07-21,0.748346456692914,0.687979585285145,0.670376738491452
1991-07-22,0.639496062992126,0.676899533637924,0.658260069900377
1991-07-23,0.659905511811024,0.672303648998091,0.654675536334248
1991-07-24,0.656503937007874,0.682075782132181,0.664770031164106
1991-07-25,0.751748031496063,0.769208900100383,0.736719583307415
1991-07-26,0.881007874015748,1.05721843467805,0.87143775919395
1991-07-27,1.23137007874016,1.7013530828672,0.98376317850802
1991-07-28,1.296,1.62835795671512,0.851838221266162
1991-07-29,0.874204724409449,1.07405326657441,0.71130183706043
1991-07-30,0.748346456692914,0.817258149444779,0.665951634185149
1991-07-31,0.69392125984252,0.827463263025595,0.750450755037804
1991-08-01,1.2891968503937,1.46111921719628,1.3055224477901
1991-08-02,2.07496062992126,1.92508578131095,1.59097253442683
1991-08-03,1.14292913385827,1.33321286847995,1.12278665600625
1991-08-04,0.891212598425197,0.90710931438314,0.808852354648161
1991-08-05,0.785763779527559,0.759320715649641,0.700010077191277
1991-08-06,0.734740157480315,0.710974047595625,0.674482442567547
1991-08-07,0.683716535433071,0.693926400054956,0.662507862362071
1991-08-08,0.727937007874016,0.703641324595689,0.695697483577765
1991-08-09,0.881007874015748,0.7732496082307,0.858678918450518
1991-08-10,0.687118110236221,0.751276741228831,0.818629624394807
1991-08-11,0.639496062992126,0.696115541716078,0.700918501670204
1991-08-12,0.69051968503937,0.699170112907839,0.682934142907974
1991-08-13,0.86740157480315,0.787107402469284,0.767012166407981
1991-08-14,0.724535433070866,0.762469386790669,0.740659520211394
1991-08-15,0.714330708661417,0.695658200130515,0.674419619779889
1991-08-16,0.653102362204724,0.671674746234329,0.650592894230273
1991-08-17,0.676913385826772,0.66726856997088,0.646013424377011
1991-08-18,0.629291338582677,0.665101695983038,0.643902844188871
1991-08-19,0.598677165354331,0.663444980862463,0.642511715699815
1991-08-20,0.639496062992126,0.662089430409998,0.641475990297229
1991-08-21,0.629291338582677,0.660840961888865,0.640552101627101
1991-08-22,0.612283464566929,0.659649082147805,0.639673752766743
1991-08-23,0.622488188976378,0.658548105428052,0.638846329382712
1991-08-24,0.676913385826772,0.657708743563524,0.638174004915098
1991-08-25,0.646299212598425,0.657003901121727,0.637629638751717
1991-08-26,0.615685039370079,0.656217395363635,0.637036365231681
1991-08-27,0.615685039370079,0.655335992450629,0.636353239685658
1991-08-28,0.60207874015748,0.654445825635265,0.635650289308845
1991-08-29,0.585070866141732,0.653581214385572,0.634960041757631
1991-08-30,0.612283464566929,0.65275662406376,0.634294855752991
1991-08-31,0.598677165354331,0.651956782109964,0.633644441468856
1991-09-01,0.591874015748032,0.651160641198474,0.63299409499582
1991-09-02,0.60207874015748,0.650374468472013,0.632349077500982
1991-09-03,0.595275590551181,0.64961036797564,0.631718779435341
1991-09-04,0.585070866141732,0.648865537401197,0.63110150844171
1991-09-05,0.598677165354331,0.648134189221145,0.630493307045868
1991-09-06,0.60888188976378,0.647416734821586,0.629894698483935
1991-09-07,0.554456692913386,0.646720577048512,0.629311238595094
1991-09-08,0.540850393700787,0.646045047295421,0.628742542416582
1991-09-09,0.557858267716535,0.645377279541971,0.62817934416188
1991-09-10,0.574866141732283,0.644711694191691,0.627616948372278
1991-09-11,0.612283464566929,0.657531936701428,0.647671544676665
1991-09-12,0.734740157480315,0.708946237671081,0.729722412999177
1991-09-13,0.710929133858268,0.694176035899819,0.708159048353941
1991-09-14,0.625889763779528,0.654096647616794,0.64566235087768
1991-09-15,0.632692913385827,0.640892975642921,0.625036485980486
1991-09-16,0.578267716535433,0.639687981505091,0.623129643041431
1991-09-17,0.60548031496063,0.639373503841273,0.622787104160285
1991-09-18,0.622488188976378,0.639059083451167,0.622559735759587
1991-09-19,0.581669291338583,0.638693494098601,0.622328102831363
1991-09-20,0.588472440944882,0.638271442051852,0.62205050406817
1991-09-21,0.585070866141732,0.637813477652339,0.621733555526702
1991-09-22,0.60207874015748,0.650538232623661,0.635105962605377
1991-09-23,0.734740157480315,0.700896557352484,0.687656883381485
1991-09-24,0.632692913385827,0.68652078970261,0.67290314566871
1991-09-25,0.625889763779528,0.647501487804717,0.632511410768487
1991-09-26,0.585070866141732,0.650212190870613,0.632794953280479
1991-09-27,0.69392125984252,0.708852374186321,0.683161714297068
1991-09-28,0.731338582677165,0.692560782594756,0.668923725024135
1991-09-29,0.598677165354331,0.648010542377061,0.630516543104213
1991-09-30,0.615685039370079,0.646799270631836,0.627534654941108
1991-10-01,0.673511811023622,0.696731835243248,0.66249335367415
1991-10-02,0.598677165354331,0.682386957856786,0.652113200060887
1991-10-03,0.578267716535433,0.644240057739026,0.625072524922003
1991-10-04,0.585070866141732,0.631515334819705,0.616126145309367
1991-10-05,0.574866141732283,0.630151765009427,0.615251518138739
1991-10-06,0.585070866141732,0.629897442950716,0.615005075552963
1991-10-07,0.578267716535433,0.630096472688667,0.614786618760813
1991-10-08,0.591874015748032,0.62966433716936,0.614550949740553
1991-10-09,0.554456692913386,0.628960870794344,0.614268632659898
1991-10-10,0.561259842519685,0.628459303205414,0.613936833924796
1991-10-11,0.574866141732283,0.628030820281821,0.613567565651564
1991-10-12,0.581669291338583,0.62759232292058,0.613223247324195
1991-10-13,0.571464566929134,0.627150567725502,0.612983935124816
1991-10-14,0.551055118110236,0.626696695561994,0.612548745803061
1991-10-15,0.568062992125984,0.626215555614089,0.612024128978518
1991-10-16,0.540850393700787,0.62571082640656,0.611554155874205
1991-10-17,0.557858267716535,0.629538185217085,0.616993471022927
1991-10-18,0.591874015748032,0.645003293473209,0.638382579192305
1991-10-19,0.561259842519685,0.644986906451707,0.633775647617026
1991-10-20,0.591874015748032,0.654351769336749,0.63024140433281
1991-10-21,0.591874015748032,0.655400890352959,0.643524103421816
1991-10-22,0.571464566929134,0.637095804219336,0.631916227984435
1991-10-23,0.564661417322835,0.624017305322572,0.613716129374573
1991-10-24,0.571464566929134,0.620877110815674,0.607587350479995
1991-10-25,0.578267716535433,0.620485332811674,0.606865064611484
1991-10-26,0.554456692913386,0.620236400246484,0.606688798860594
1991-10-27,0.561259842519685,0.619949954611312,0.60649373597132
1991-10-28,0.537448818897638,0.619624503776697,0.606258302399454
1991-10-29,0.557858267716535,0.619265156669256,0.605985144009072
1991-10-30,0.534047244094488,0.61887746047962,0.605679409859527
1991-10-31,0.513637795275591,0.618468664344162,0.605348875684174
1991-11-01,0.534047244094488,0.618042894962444,0.604997420397221
1991-11-02,0.557858267716535,0.619221469679051,0.605671784284001
1991-11-03,0.554456692913386,0.643686091161192,0.623194228191248
1991-11-04,0.795968503937008,0.728947970122147,0.685386117547023
1991-11-05,0.772157480314961,0.754101072502552,0.703751325325984
1991-11-06,0.636094488188976,0.697316574264109,0.660093602722172
1991-11-07,0.649700787401575,0.649417607383978,0.627899610059224
1991-11-08,0.642897637795276,0.643376171892386,0.625431427224141
1991-11-09,0.659905511811024,0.661563642635884,0.638062433761099
1991-11-10,0.738141732283465,0.730118643127761,0.686974892803847
1991-11-11,0.687118110236221,0.707034573960781,0.67118519351098
1991-11-12,0.653102362204724,0.673912259416994,0.65475856305113
1991-11-13,0.653102362204724,0.672428791683476,0.65389030940032
1991-11-14,0.704125984251968,0.746260336610527,0.70373647727746
1991-11-15,0.765354330708661,0.71297788694922,0.675379211362554
1991-11-16,0.69392125984252,0.711343246646079,0.68244708864791
1991-11-17,0.945637795275591,0.997523999271561,0.941567671835122
1991-11-18,0.976251968503937,0.969251514535213,0.935176599875739
1991-11-19,1.02047244094488,0.826920909052628,0.815769596750127
1991-11-20,1.08850393700787,0.763767278334944,0.752683650193771
1991-11-21,1.00346456692913,0.850266322430587,0.841278508062298
1991-11-22,0.986456692913386,0.81131831704117,0.787310714163271
1991-11-23,0.86059842519685,0.71407307070592,0.679824069323657
1991-11-24,0.782362204724409,0.664885137417249,0.634084995827591
1991-11-25,0.721133858267717,0.641787239436606,0.620328817492725
1991-11-26,0.69051968503937,0.630509658633057,0.614266485142553
1991-11-27,0.673511811023622,0.626346935147766,0.611393912765965
1991-11-28,0.69051968503937,0.624553448257424,0.610040111773386
1991-11-29,0.649700787401575,0.623421659516098,0.609266391670178
1991-11-30,0.656503937007874,0.622601350023679,0.608709677569112
1991-12-01,0.656503937007874,0.62195263207404,0.608235709381328
1991-12-02,0.649700787401575,0.621390844411703,0.607793060557365
1991-12-03,0.642897637795276,0.620868246300402,0.607366247239891
1991-12-04,0.653102362204724,0.620355105497256,0.606939176694271
1991-12-05,0.629291338582677,0.619847979344347,0.606511879738403
1991-12-06,0.649700787401575,0.619331009264901,0.606071771662029
1991-12-07,0.629291338582677,0.618801953493132,0.605617946867811
1991-12-08,0.636094488188976,0.618272089930379,0.605161693996257
1991-12-09,0.619086614173228,0.617753657639079,0.604715478665791
1991-12-10,0.60207874015748,0.617234924870608,0.604267403249878
1991-12-11,0.557858267716535,0.616735069511095,0.603834437476639
1991-12-12,0.52044094488189,0.616243550311729,0.603407913358552
1991-12-13,0.523842519685039,0.615740020486176,0.602969879674434
1991-12-14,0.588472440944882,0.615231291463523,0.602526635210264
1991-12-15,0.60548031496063,0.614721916051893,0.602082389337205
1991-12-16,0.578267716535433,0.614201849673308,0.601628119942718
1991-12-17,0.619086614173228,0.635560805560868,0.619857642099495
1991-12-18,0.721133858267717,0.755637871541543,0.727535484938262
1991-12-19,0.979653543307087,0.927673635788109,0.917279189472636
1991-12-20,1.13952755905512,1.09173639624362,1.13107729777557
1991-12-21,0.959244094488189,1.07509639424946,1.12864623677308
1991-12-22,1.67017322834646,1.18002140271089,1.27987478957945
1991-12-23,1.66337007874016,1.2482311429102,1.39329275886696
1991-12-24,1.15313385826772,1.05724025402849,1.17733266036749
1991-12-25,0.969448818897638,0.845559271603369,0.912111033074707
1991-12-26,0.826582677165354,0.729526501410824,0.774117425125463
1991-12-27,0.819779527559055,0.71246406189997,0.779603404920507
1991-12-28,0.812976377952756,0.733099349186973,0.793583315152328
1991-12-29,0.761952755905512,0.697599891814625,0.722587840511982
1991-12-30,0.717732283464567,0.657080223102142,0.661412743033065
1991-12-31,0.710929133858268,0.642376935964274,0.640434765108246
1992-01-01,0.704125984251968,0.638046968547836,0.633998164427567
1992-01-02,0.683716535433071,0.636893122030287,0.630393666742124
1992-01-03,0.663307086614173,0.640139295944583,0.627863256063369
1992-01-04,0.622488188976378,0.640978090478828,0.630910164570365
1992-01-05,0.625889763779528,0.649452442445552,0.649213928793005
1992-01-06,0.663307086614173,0.647728163436448,0.648022185884366
1992-01-07,0.615685039370079,0.63765563628345,0.633274557706905
1992-01-08,0.615685039370079,0.631811248434817,0.627748581475641
1992-01-09,0.615685039370079,0.629964833284538,0.635535120042866
1992-01-10,0.625889763779528,0.655880309201235,0.679300734815241
1992-01-11,0.680314960629921,0.765965605867904,0.867509900337514
1992-01-12,0.642897637795276,0.742553610857413,0.826022406827084
1992-01-13,0.619086614173228,0.665236425918266,0.694209633911418
1992-01-14,0.622488188976378,0.637831061144532,0.647332799021586
1992-01-15,0.619086614173228,0.63304863592471,0.636319872928621
1992-01-16,0.60888188976378,0.630892761274922,0.630777521550608
1992-01-17,0.595275590551181,0.629373801428236,0.62774920924534
1992-01-18,0.60207874015748,0.628147390297822,0.625789358691375
1992-01-19,0.581669291338583,0.627025532624322,0.630336949465581
1992-01-20,0.588472440944882,0.625989823145139,0.652134699551961
1992-01-21,0.581669291338583,0.62504438856536,0.645689006224834
1992-01-22,0.561259842519685,0.624196511784611,0.628700145909799
1992-01-23,0.557858267716535,0.623411486742469,0.622311648152872
1992-01-24,0.551055118110236,0.622624849161718,0.620716052537722
1992-01-25,0.554456692913386,0.621823633347178,0.619574047080197
1992-01-26,0.551055118110236,0.621055600109605,0.618566033926658
1992-01-27,0.534047244094488,0.620335198450883,0.617673538866601
1992-01-28,0.551055118110236,0.619642434904132,0.616851752103068
1992-01-29,0.551055118110236,0.618968162414328,0.616076868262573
1992-01-30,0.571464566929134,0.618216717861961,0.615228244940839
1992-01-31,0.513637795275591,0.61735393356626,0.614260356302902
1992-02-01,0.561259842519685,0.616491445751874,0.613300130906988
1992-02-02,0.540850393700787,0.615630768289795,0.612347048768771
1992-02-03,0.534047244094488,0.628680724101051,0.617857478339139
1992-02-04,0.578267716535433,0.721309320071498,0.68078300674258
1992-02-05,0.744944881889764,0.96672824801221,0.940111307331219
1992-02-06,1.51029921259843,1.30911515352646,1.35335038053623
1992-02-07,1.08170078740157,1.1095463614453,1.15802874578886
1992-02-08,0.857196850393701,0.801285079856645,0.83073375510279
1992-02-09,0.795968503937008,0.682101313604484,0.696856298517216
1992-02-10,0.683716535433071,0.652380059764896,0.658039211633649
1992-02-11,0.704125984251968,0.692275627525548,0.705016192379053
1992-02-12,0.904818897637795,0.88567835512707,0.974541005021878
1992-02-13,0.983055118110236,0.896223535829189,0.962771643084629
1992-02-14,0.921826771653543,0.881837849971325,0.906400035481831
1992-02-15,0.887811023622047,0.802249551692484,0.821205886435975
1992-02-16,0.816377952755906,0.792279581984509,0.828248245621945
1992-02-17,0.853795275590551,0.825311752712772,0.817082241800592
1992-02-18,0.792566929133858,0.750881866238426,0.73037837492913
1992-02-19,0.714330708661417,0.676069481789285,0.669760144903544
1992-02-20,0.710929133858268,0.64985682913781,0.649189294655466
1992-02-21,0.673511811023622,0.641771268576459,0.641488375101843
1992-02-22,0.656503937007874,0.638583183085958,0.64142524870866
1992-02-23,0.680314960629921,0.643067616031768,0.656138003568242
1992-02-24,0.727937007874016,0.646663302495311,0.649892174805883
1992-02-25,0.802771653543307,0.63971016738171,0.635937623752305
1992-02-26,0.738141732283465,0.632305164327699,0.629943757436925
1992-02-27,0.704125984251968,0.629069696551662,0.627547438398324
1992-02-28,0.697322834645669,0.627192481826075,0.625425155257686
1992-02-29,0.653102362204724,0.625333691295821,0.623282050918135
1992-03-01,0.636094488188976,0.623443808166559,0.6211431652817
1992-03-02,0.642897637795276,0.641103868921633,0.64020948764852
1992-03-03,0.659905511811024,0.717704389384481,0.723732570335162
1992-03-04,0.622488188976378,0.69944913517447,0.704152543932373
1992-03-05,0.649700787401575,0.643485375726752,0.6434584088269
1992-03-06,0.615685039370079,0.622885666671292,0.620957833852914
1992-03-07,0.612283464566929,0.618637737755139,0.61618076458129
1992-03-08,0.612283464566929,0.616195703860806,0.613437588772348
1992-03-09,0.591874015748032,0.614146187308856,0.611149472247425
1992-03-10,0.615685039370079,0.612302862739884,0.609104245509917
1992-03-11,0.574866141732283,0.610620736110678,0.607245128984557
1992-03-12,0.578267716535433,0.609156943358789,0.605660261881737
1992-03-13,0.60207874015748,0.639063828227632,0.653343401209795
1992-03-14,0.629291338582677,0.797753452147963,0.913955689780772
1992-03-15,0.785763779527559,0.933337356607342,1.11158109475306
1992-03-16,0.996661417322835,0.978157426103346,1.16943660557772
1992-03-17,0.799370078740158,0.819679207076355,0.924481761871902
1992-03-18,0.710929133858268,0.680075202910108,0.716731486719682
1992-03-19,0.666708661417323,0.639055018954112,0.649496090204806
1992-03-20,0.69051968503937,0.646101167574486,0.647742051590047
1992-03-21,0.659905511811024,0.6457569342572,0.683669537112094
1992-03-22,0.755149606299213,0.78766810077556,0.857210295915204
1992-03-23,1.68377952755906,1.76983860360816,2.18584553331826
1992-03-24,2.53757480314961,2.41037421407906,2.88508884736967
1992-03-25,1.75861417322835,1.6654694078797,1.89821495940495
1992-03-26,1.2619842519685,1.0485116092437,1.10973334486582
1992-03-27,1.03407874015748,0.832431730026891,0.863191581183745
1992-03-28,0.94903937007874,0.826886284430036,0.897381004529304
1992-03-29,0.959244094488189,0.809945761003778,0.926095685084333
1992-03-30,0.986456692913386,0.72843834194201,0.808912453044285
1992-03-31,0.881007874015748,0.675439652739666,0.713571559171552
1992-04-01,0.887811023622047,0.661962562249062,0.684252824114161
1992-04-02,0.86740157480315,0.679248481379859,0.694902675896307
1992-04-03,0.795968503937008,0.901779505387304,0.863921319684555
1992-04-04,2.53077165354331,2.46196080490118,2.1919171748539
1992-04-05,2.42872440944882,3.59083287291096,3.43937066094863
1992-04-06,2.41511811023622,3.01981135472484,2.95937034124757
1992-04-07,1.45927559055118,1.67700851388263,1.64718737927176
1992-04-08,1.07489763779528,1.03165067558979,1.02454512948685
1992-04-09,0.887811023622047,0.827755937328955,0.825023007472599
1992-04-10,0.789165354330709,0.741955477341143,0.741681286820113
1992-04-11,0.707527559055118,0.713428442060241,0.712992211783165
1992-04-12,0.697322834645669,0.695075005726492,0.694379420346441
1992-04-13,0.676913385826772,0.681908341503872,0.680975801598356
1992-04-14,0.656503937007874,0.672996392147313,0.672028017460585
1992-04-15,0.649700787401575,0.667895151511452,0.667160879394369
1992-04-16,0.659905511811024,0.668701111673093,0.668833259019549
1992-04-17,0.60207874015748,0.664185946722182,0.663937715903987
1992-04-18,0.60207874015748,0.658743258567914,0.656744987859722
1992-04-19,0.612283464566929,0.689997446075144,0.675971530259045
1992-04-20,0.676913385826772,0.815620610339216,0.766343034166766
1992-04-21,0.670110236220472,0.784455509011078,0.744456142983444
1992-04-22,0.612283464566929,0.692555422230233,0.677498369025777
1992-04-23,0.615685039370079,0.676558178047656,0.676358231493526
1992-04-24,0.636094488188976,0.743448108083707,0.770335838859751
1992-04-25,0.60548031496063,0.719914981222904,0.742843604670588
1992-04-26,0.571464566929134,0.662463304886067,0.66875554262253
1992-04-27,0.60548031496063,0.659176838949816,0.658182431842716
1992-04-28,0.663307086614173,0.796418741884726,0.796221413780989
1992-04-29,0.785763779527559,1.07585610056072,1.11664860207932
1992-04-30,0.744944881889764,0.95032421857913,0.985719070644591
1992-05-01,0.642897637795276,0.735983131425577,0.74669916111832
1992-05-02,0.598677165354331,0.663090451794612,0.68004164408968
1992-05-03,0.612283464566929,0.648706097652032,0.718016180574604
1992-05-04,0.615685039370079,0.640180900566878,0.694645720010567
1992-05-05,0.595275590551181,0.633276428720611,0.650834180902451
1992-05-06,0.537448818897638,0.628714277411515,0.633066136336477
1992-05-07,0.537448818897638,0.62501101737368,0.626834983920905
1992-05-08,0.530645669291339,0.621554194882234,0.622284465323505
1992-05-09,0.51703937007874,0.618620891961176,0.618710978985007
1992-05-10,0.523842519685039,0.616368227607158,0.616098352204703
1992-05-11,0.537448818897638,0.614671434594496,0.61420157579992
1992-05-12,0.544251968503937,0.613352249777278,0.612785284522185
1992-05-13,0.489826771653543,0.611852045826228,0.611198784587563
1992-05-14,0.493228346456693,0.610059167487289,0.609301150186611
1992-05-15,0.445606299212598,0.608286355329559,0.607429833402384
1992-05-16,0.493228346456693,0.606722643718901,0.605783615251523
1992-05-17,0.479622047244094,0.605402162924925,0.604388705495829
1992-05-18,0.469417322834646,0.604339649559461,0.603276694618934
1992-05-19,0.455811023622047,0.603454957182161,0.602365684392675
1992-05-20,0.462614173228347,0.6026713609189,0.6015655856414
1992-05-21,0.479622047244094,0.601975107652932,0.600830709768419
1992-05-22,0.574866141732283,0.601411222391683,0.600141283842985
1992-05-23,0.466015748031496,0.600803885095461,0.599455663938646
1992-05-24,0.469417322834646,0.602681166429321,0.605436522914707
1992-05-25,0.629291338582677,0.611390319125578,0.629637552823821
1992-05-26,0.489826771653543,0.608089381424268,0.622016891204361
1992-05-27,0.486425196850394,0.60039919980081,0.602595541171831
1992-05-28,0.493228346456693,0.59763089235318,0.596107048036804
1992-05-29,0.462614173228347,0.59707432034073,0.595408939795322
1992-05-30,0.469417322834646,0.596667608670545,0.595109382585107
1992-05-31,0.472818897637795,0.596266136234454,0.594804673774816
1992-06-01,0.469417322834646,0.595864616453852,0.594483347956531
1992-06-02,0.489826771653543,0.598370372155896,0.597034789558213
1992-06-03,0.683716535433071,0.66868227234664,0.649740184880075
1992-06-04,1.24837795275591,0.954967814311764,0.835693340630484
1992-06-05,0.676913385826772,0.910473199556717,0.800224472326346
1992-06-06,0.670110236220472,0.774236691113056,0.710190896195374
1992-06-07,0.591874015748032,0.681012061456327,0.648827549987657
1992-06-08,0.77896062992126,0.637989862150232,0.638827936663133
1992-06-09,0.707527559055118,0.680817305865521,0.74477384558334
1992-06-10,0.612283464566929,0.666675373190485,0.711835236337299
1992-06-11,0.595275590551181,0.619860023967133,0.626924327220319
1992-06-12,0.527244094488189,0.599311580548307,0.597631178811042
1992-06-13,0.530645669291339,0.595128788922434,0.6019722671074
1992-06-14,0.60888188976378,0.594114720123157,0.632628340266073
1992-06-15,0.534047244094488,0.593513317104454,0.622947716645263
1992-06-16,0.51703937007874,0.592960743866259,0.599040706967849
1992-06-17,0.513637795275591,0.592480341517417,0.590938368463122
1992-06-18,0.51703937007874,0.592118570971426,0.590009511277856
1992-06-19,0.540850393700787,0.613615310304131,0.610056379130087
1992-06-20,0.636094488188976,0.700823996125753,0.690235170007652
1992-06-21,0.574866141732283,0.678594162260112,0.669598949113362
1992-06-22,0.540850393700787,0.613274434671825,0.609979275603627
1992-06-23,0.622488188976378,0.609499047593921,0.595650667868643
1992-06-24,0.659905511811024,0.677933200694385,0.61378289089923
1992-06-25,0.591874015748032,0.727409972431263,0.642165583776206
1992-06-26,1.07829921259843,0.948048693236006,0.769694129859709
1992-06-27,0.772157480314961,0.863895796281733,0.731085842461071
1992-06-28,0.595275590551181,0.673723034113424,0.62845882005343
1992-06-29,0.523842519685039,0.608206037792963,0.593419946103932
1992-06-30,0.527244094488189,0.596170623931618,0.588483045524454
1992-07-01,0.472818897637795,0.591855367888386,0.587014931082817
1992-07-02,0.489826771653543,0.58988424680919,0.586427291967399
1992-07-03,0.493228346456693,0.589042124692066,0.586209108417034
1992-07-04,0.510236220472441,0.591681383678691,0.589343326979166
1992-07-05,0.534047244094488,0.602637988155797,0.604182898836778
1992-07-06,0.534047244094488,0.599242999734626,0.611200306794539
1992-07-07,0.523842519685039,0.590633044029129,0.598702211679807
1992-07-08,0.523842519685039,0.587687205452054,0.587525692723527
1992-07-09,0.523842519685039,0.587262609227295,0.598091412543302
1992-07-10,0.581669291338583,0.610545939067269,0.667340829824714
1992-07-11,0.782362204724409,0.727325627804702,0.748063679058054
1992-07-12,0.870803149606299,0.818954235329427,0.801702764146965
1992-07-13,0.86059842519685,0.8207720142703,0.77909485215902
1992-07-14,0.670110236220472,0.707705162860942,0.677302460512651
1992-07-15,0.574866141732283,0.619731528943491,0.608961976410261
1992-07-16,0.523842519685039,0.593625149646499,0.589564783227056
1992-07-17,0.523842519685039,0.588564060396924,0.585540259791099
1992-07-18,0.510236220472441,0.586556390675493,0.583891233133276
1992-07-19,0.51703937007874,0.585489421850275,0.583050467253999
1992-07-20,0.483023622047244,0.584848439894984,0.58255605586988
1992-07-21,0.500031496062992,0.613145606990968,0.680298045220237
1992-07-22,0.976251968503937,0.735065156539328,1.22796738881747
1992-07-23,0.544251968503937,0.721641168661626,1.16637836227641
1992-07-24,0.598677165354331,0.630605319592265,0.779414112238275
1992-07-25,0.60888188976378,0.591478600275978,0.634404455838002
1992-07-26,0.591874015748032,0.584688040364515,0.603473690281232
1992-07-27,0.534047244094488,0.583311259031009,0.592659684202495
1992-07-28,0.523842519685039,0.582628134281142,0.587515003448349
1992-07-29,0.466015748031496,0.582239226349977,0.58500868330012
1992-07-30,0.493228346456693,0.58196241233737,0.583643278376357
1992-07-31,0.551055118110236,0.590890119016142,0.583058012377457
1992-08-01,0.585070866141732,0.625152367211921,0.583527256788215
1992-08-02,0.534047244094488,0.615267331428683,0.583155531090042
1992-08-03,0.496629921259843,0.588991918031852,0.582299263763154
1992-08-04,0.503433070866142,0.580426657992369,0.581789415170425
1992-08-05,0.496629921259843,0.579783303872353,0.581475417108115
1992-08-06,0.466015748031496,0.579671289685311,0.581120385440645
1992-08-07,0.483023622047244,0.579513551157138,0.580713028016544
1992-08-08,0.452409448818898,0.579328216614559,0.580307015173248
1992-08-09,0.459212598425197,0.579124252997264,0.579922099528144
1992-08-10,0.462614173228347,0.578906784492453,0.579562135315126
1992-08-11,0.455811023622047,0.578693921739493,0.579250316327948
1992-08-12,0.455811023622047,0.578465041458672,0.578950660724431
1992-08-13,0.449007874015748,0.578209794200359,0.57863534393705
1992-08-14,0.466015748031496,0.581284420174401,0.581348182891427
1992-08-15,0.489826771653543,0.593243986793128,0.592122500273485
1992-08-16,0.493228346456693,0.589244852727313,0.588446563055983
1992-08-17,0.452409448818898,0.579467569651008,0.579532975906443
1992-08-18,0.452409448818898,0.576236407952886,0.576548714769207
1992-08-19,0.432,0.575914167341413,0.576203969400265
1992-08-20,0.432,0.575761130953309,0.576018686738459
1992-08-21,0.455811023622047,0.575580424540592,0.581273403481338
1992-08-22,0.472818897637795,0.575380742084021,0.601213214732288
1992-08-23,0.489826771653543,0.575161850593202,0.59733175082958
1992-08-24,0.52044094488189,0.574927110051746,0.590001291424951
1992-08-25,0.574866141732283,0.574677033557094,0.582338006185704
1992-08-26,0.540850393700787,0.576300428565828,0.579898736328955
1992-08-27,0.683716535433071,0.582873972321717,0.593761600793631
1992-08-28,0.472818897637795,0.58047960702859,0.588827691949854
1992-08-29,0.486425196850394,0.581531634698963,0.585027542401474
1992-08-30,0.622488188976378,0.604356211874536,0.612671852562038
1992-08-31,0.564661417322835,0.621837760955763,0.645318862100621
1992-09-01,0.816377952755906,0.703174047704625,0.805232430449013
1992-09-02,0.680314960629921,0.671709245820506,0.772742865317694
1992-09-03,0.513637795275591,0.597562756539004,0.638715702131899
1992-09-04,0.483023622047244,0.579796958656052,0.597597726604577
1992-09-05,0.527244094488189,0.601655136045631,0.635585310370338
1992-09-06,0.510236220472441,0.59427546695371,0.620134924983232
1992-09-07,0.455811023622047,0.578370174140512,0.585354196961335
1992-09-08,0.472818897637795,0.580026346497837,0.573629796787241
1992-09-09,0.493228346456693,0.577393113049044,0.572233276182739
1992-09-10,0.479622047244094,0.571796711213216,0.571913141288878
1992-09-11,0.459212598425197,0.570000688180575,0.571789496111845
1992-09-12,0.486425196850394,0.569873811348639,0.571706283899145
1992-09-13,0.469417322834646,0.569842810550946,0.571618198547985
1992-09-14,0.574866141732283,0.584863364882147,0.595250677542748
1992-09-15,0.625889763779528,0.643277723792373,0.691279490432274
1992-09-16,0.527244094488189,0.627434518444654,0.667504491531139
1992-09-17,0.510236220472441,0.583159624123492,0.596118031367581
1992-09-18,0.486425196850394,0.568731556557573,0.572342659495588
1992-09-19,0.540850393700787,0.567655432881284,0.56993037980149
1992-09-20,0.459212598425197,0.567627899536524,0.569505854569235
1992-09-21,0.476220472440945,0.567627031210045,0.569318845047392
1992-09-22,0.493228346456693,0.567595267862229,0.569188501460021
1992-09-23,0.493228346456693,0.568979061065995,0.569957273436063
1992-09-24,0.510236220472441,0.574150057064183,0.573089762966187
1992-09-25,0.523842519685039,0.572433541653107,0.5720312850653
1992-09-26,0.476220472440945,0.56823016910032,0.569428663592499
1992-09-27,0.506834645669291,0.566785805988223,0.568458641376968
1992-09-28,0.496629921259843,0.573603914600072,0.588732008631631
1992-09-29,0.649700787401575,0.631576231187395,0.743821520538996
1992-09-30,0.840188976377953,0.760174187482135,1.08623813664108
1992-10-01,0.591874015748032,0.709856310248739,0.94074840684275
1992-10-02,0.568062992125984,0.629956385013396,0.750642827223606
1992-10-03,0.615685039370079,0.688705189424035,0.952079609564267
1992-10-04,0.60548031496063,0.659326512001189,0.858903939923068
1992-10-05,0.544251968503937,0.59264919798678,0.664987020153552
1992-10-06,0.51703937007874,0.617098986383733,0.657860737127385
1992-10-07,0.891212598425197,0.81513522320031,0.89781099325258
1992-10-08,0.785763779527559,0.768408693330374,0.831445907370851
1992-10-09,0.60888188976378,0.63485640498665,0.675113792633138
1992-10-10,0.598677165354331,0.611876949956613,0.673615689031845
1992-10-11,0.561259842519685,0.596934067696269,0.645332377334429
1992-10-12,0.513637795275591,0.57680877711191,0.60076900205175
1992-10-13,0.513637795275591,0.569626389161901,0.584328916790423
1992-10-14,0.513637795275591,0.568256970773481,0.580542694830432
1992-10-15,0.513637795275591,0.570661021471542,0.582754101485717
1992-10-16,0.51703937007874,0.591815190653233,0.608923632151698
1992-10-17,0.680314960629921,0.682579272159226,0.73688745338656
1992-10-18,0.850393700787402,0.912702584799694,1.13430160865987
1992-10-19,0.799370078740158,0.85388004572723,1.01177685722245
1992-10-20,0.659905511811024,0.669976103057003,0.721263983287746
1992-10-21,0.629291338582677,0.630477034564687,0.661776222168451
1992-10-22,0.680314960629921,0.754532581425691,0.806050350553005
1992-10-23,0.680314960629921,0.770207926148869,0.839077748911303
1992-10-24,0.727937007874016,0.927526040847322,1.03636870970883
1992-10-25,1.00346456692913,1.25848997394,1.4782355458773
1992-10-26,1.71099212598425,1.81179715253406,2.13530666269681
1992-10-27,1.19055118110236,1.44467778386394,1.67370123022919
1992-10-28,1.40144881889764,1.65903755949135,1.91754526949424
1992-10-29,3.37096062992126,3.99424200289137,4.20536448581381
1992-10-30,2.01713385826772,2.71251184714145,2.77947228696367
1992-10-31,1.16333858267717,1.59313294053465,1.66680368703447
1992-11-01,1.03748031496063,1.10212290988698,1.14424318429759
1992-11-02,0.86059842519685,0.885900116563017,0.928082117375197
1992-11-03,0.843590551181102,1.04774406283528,1.14201874668507
1992-11-04,0.969448818897638,1.0747263858514,1.12800103224501
1992-11-05,1.00006299212598,1.01476271777361,1.02957752488569
1992-11-06,0.853795275590551,0.854216132106588,0.87353938163323
1992-11-07,0.758551181102362,0.730097089396811,0.756563570406523
1992-11-08,0.731338582677165,0.74173318887989,0.756141958587498
1992-11-09,0.761952755905512,0.968239133144664,0.919360197795234
1992-11-10,0.772157480314961,1.03202252563029,0.967085757682706
1992-11-11,1.21096062992126,1.59940365344178,1.506801435975
1992-11-12,1.46607874015748,2.28977829608868,2.65834912221423
1992-11-13,1.2551811023622,1.93234655911162,2.2509615495771
1992-11-14,1.3300157480315,1.56910619229352,1.63412424932747
1992-11-15,1.24837795275591,1.72784032090203,2.00883016615458
1992-11-16,2.79609448818898,3.3439051845992,4.26839599866509
1992-11-17,2.18381102362205,2.62969455400989,3.24074363641329
1992-11-18,1.29940157480315,1.50317433367224,1.75044969111772
1992-11-19,1.14633070866142,1.28664405755494,1.39580104224664
1992-11-20,1.22116535433071,1.24647763620446,1.24313248651541
1992-11-21,1.09870866141732,1.48854716647403,1.38669176048655
1992-11-22,2.46954330708661,3.49594676085542,3.28603721151589
1992-11-23,2.82330708661417,3.74788310771088,4.44857910113565
1992-11-24,1.56132283464567,1.9907526166484,2.44120615001945
1992-11-25,1.23477165354331,1.16513638031004,1.28626710704338
1992-11-26,1.29940157480315,1.17723807257008,1.17461515640231
1992-11-27,2.00692913385827,2.43890584739509,1.995646840418
1992-11-28,1.35382677165354,2.4763029096649,2.07439958114334
1992-11-29,2.14979527559055,3.85284043506793,3.10762585372019
1992-11-30,3.40157480314961,4.32723905550413,3.55554460436648
1992-12-01,1.60894488188976,2.33682848270757,2.08899378219204
1992-12-02,1.24837795275591,1.3421303496404,1.27666963238705
1992-12-03,1.24837795275591,1.39978990682047,1.29618085150518
1992-12-04,1.34022047244094,2.18640854413224,2.15699272341323
1992-12-05,2.08856692913386,3.68485356984218,3.55150500548965
1992-12-06,1.92188976377953,2.68656320498595,2.62795079659348
1992-12-07,1.34702362204724,1.62171322221864,1.70506365299904
1992-12-08,1.45587401574803,1.70967747422783,2.15713990262963
1992-12-09,1.52390551181102,1.71405087976278,2.14710450963422
1992-12-10,1.3096062992126,1.41643392536581,1.6281106629091
1992-12-11,1.14633070866142,1.17826139451606,1.31106133962002
1992-12-12,1.79943307086614,1.48033056214393,1.56583065552305
1992-12-13,2.63622047244094,2.76640354754252,2.37597247044224
1992-12-14,1.44226771653543,2.49270385001872,2.07406082459785
1992-12-15,1.11911811023622,1.62238917824834,1.467857062372
1992-12-16,1.02727559055118,1.18364680563001,1.14248101437369
1992-12-17,0.928629921259843,1.01004554952812,1.00665695512826
1992-12-18,0.908220472440945,0.947465886819603,0.952370236514869
1992-12-19,0.846992125984252,0.9168924138002,0.924869082638182
1992-12-20,0.86740157480315,0.972314222629972,0.970079173255406
1992-12-21,0.894614173228346,1.44500194887185,1.38205655622191
1992-12-22,1.04428346456693,2.08151654173592,2.0135847265551
1992-12-23,0.976251968503937,1.66945451498174,1.62545837463222
1992-12-24,0.877606299212599,1.16826146629191,1.16349668383886
1992-12-25,0.864,0.983269576167125,0.994462557775113
1992-12-26,0.802771653543307,0.92498074217038,0.936119257315726
1992-12-27,0.772157480314961,0.896961951423266,0.907290547517706
1992-12-28,0.761952755905512,0.879189359168832,0.889552258242483
1992-12-29,0.724535433070866,0.866496403872637,0.876879021183699
1992-12-30,0.809574803149606,0.856706816129243,0.867058962102843
1992-12-31,0.823181102362205,0.848619757863834,0.858915256472689
1993-01-01,0.77896062992126,0.841568746458002,0.851793376718178
1993-01-02,0.908220472440945,0.835275459703846,0.845422000317398
1993-01-03,1.43546456692913,0.829696466116415,0.839762383797167
1993-01-04,1.24157480314961,0.824645613686544,0.834630237792265
1993-01-05,0.874204724409449,0.819845658841518,0.82974853133291
1993-01-06,0.680314960629921,0.925946823895787,0.917052477156517
1993-01-07,0.86740157480315,1.57361251613693,1.45310463820713
1993-01-08,0.921826771653543,1.90775963109744,1.81465639559983
1993-01-09,0.942236220472441,1.60331511342189,1.53960788583763
1993-01-10,0.819779527559055,1.18102130193024,1.1461416036153
1993-01-11,0.772157480314961,0.959338090138777,0.94975921724573
1993-01-12,0.785763779527559,0.909522291618114,0.907886885089457
1993-01-13,0.809574803149606,0.996727109371594,1.00355128847983
1993-01-14,0.891212598425197,1.07047977251004,1.11709239432859
1993-01-15,0.972850393700787,1.19024459245738,1.18450783976074
1993-01-16,0.846992125984252,1.06838918497734,1.04436714591709
1993-01-17,0.843590551181102,0.912732904617085,0.907288947476406
1993-01-18,0.809574803149606,0.851727473784268,0.854376650234584
1993-01-19,0.792566929133858,0.8295343315705,0.833783103124702
1993-01-20,0.772157480314961,0.815855284605569,0.820730543230578
1993-01-21,0.761952755905512,0.80585397125052,0.811071065136077
1993-01-22,0.772157480314961,0.820119770359358,0.825713706423536
1993-01-23,0.812976377952756,0.909460119555278,0.912300340934944
1993-01-24,0.809574803149606,1.07158441654322,1.09654664871431
1993-01-25,1.10211023622047,1.82513886448606,2.11037854936849
1993-01-26,1.00686614173228,1.67690806242966,1.92225591480884
1993-01-27,0.969448818897638,1.16520795921749,1.24941411733573
1993-01-28,0.915023622047244,1.07103142024094,1.08958480211077
1993-01-29,1.10211023622047,1.17050518666658,1.129962853169
1993-01-30,1.34702362204724,1.48898327335049,1.39377499000631
1993-01-31,1.08510236220472,1.27207401858004,1.21961488156849
1993-02-01,0.94903937007874,0.976010879032185,0.965845806161293
1993-02-02,0.891212598425197,0.869496076417685,0.871900362887469
1993-02-03,0.840188976377953,0.836586577644374,0.842119313300267
1993-02-04,0.789165354330709,0.818849373147098,0.825647005157189
1993-02-05,0.792566929133858,0.806781153988901,0.814033707623887
1993-02-06,0.765354330708661,0.800129981772247,0.80496319954378
1993-02-07,0.765354330708661,0.801686977447677,0.798659463081304
1993-02-08,0.755149606299213,0.796437612796283,0.794934133945205
1993-02-09,0.761952755905512,0.787531126397844,0.790883746734632
1993-02-10,0.734740157480315,0.781461538396032,0.78661444844175
1993-02-11,0.724535433070866,0.777301977005682,0.782863981415424
1993-02-12,0.738141732283465,0.773556289582337,0.779334964963579
1993-02-13,0.724535433070866,0.769907366236284,0.77582967848687
1993-02-14,0.717732283464567,0.76630515479545,0.772323521565006
1993-02-15,0.69392125984252,0.762819807084134,0.768901912481877
1993-02-16,0.717732283464567,0.759603652135004,0.765725673938926
1993-02-17,0.724535433070866,0.769320002488177,0.78396961923208
1993-02-18,0.77896062992126,0.827501478734366,0.880683954850185
1993-02-19,0.795968503937008,0.907931969164188,0.975041567232305
1993-02-20,0.846992125984252,1.11959335402375,1.2328706572245
1993-02-21,0.86740157480315,1.22104554848161,1.44757140523698
1993-02-22,0.833385826771654,1.0182552935285,1.16687605914077
1993-02-23,0.782362204724409,0.850911136985835,0.908692548438511
1993-02-24,0.768755905511811,0.794415038862467,0.822213304882888
1993-02-25,0.744944881889764,0.775332825824475,0.795239693342136
1993-02-26,0.731338582677165,0.764109703356598,0.780523892330175
1993-02-27,0.731338582677165,0.756052497064135,0.770528881099696
1993-02-28,0.710929133858268,0.749705212515317,0.763004834159162
1993-03-01,0.673511811023622,0.744533164833381,0.757067181992874
1993-03-02,0.69051968503937,0.74008663786935,0.773431034731806
1993-03-03,0.69051968503937,0.736518002797883,0.855276336597572
1993-03-04,0.697322834645669,0.733551645502408,0.835493857082226
1993-03-05,0.717732283464567,0.730689695454565,0.776062376311438
1993-03-06,0.697322834645669,0.727880619511479,0.759766078213334
1993-03-07,0.731338582677165,0.755181483661152,0.832120120840604
1993-03-08,0.809574803149606,0.876629267881666,1.04643015547421
1993-03-09,0.724535433070866,0.851254486549078,0.979169778829577
1993-03-10,0.731338582677165,0.776887504846227,0.859306430791744
1993-03-11,0.765354330708661,0.82930581882635,0.962230232612229
1993-03-12,0.795968503937008,1.0185565767526,1.00827863505467
1993-03-13,0.891212598425197,0.98920171763314,0.889913442742969
1993-03-14,0.983055118110236,0.839760882148254,0.795564729028422
1993-03-15,1.05448818897638,0.763872150142047,0.761863400548856
1993-03-16,1.02387401574803,0.740240276783484,0.748749264049786
1993-03-17,1.08510236220472,0.760787465126176,0.776982220069542
1993-03-18,1.15653543307087,0.879850297823571,0.922820063946929
1993-03-19,0.898015748031496,0.848103295244166,0.887306692144216
1993-03-20,0.829984251968504,0.759764200332885,0.782146491557288
1993-03-21,0.785763779527559,0.724687369437166,0.740648916382426
1993-03-22,0.751748031496063,0.730115225230384,0.749965465815625
1993-03-23,0.792566929133858,0.799196273655094,0.832281036104
1993-03-24,0.799370078740158,0.841010700153616,0.83269407473918
1993-03-25,0.755149606299213,0.785078097347548,0.769209941850834
1993-03-26,0.758551181102362,0.731070846270772,0.732636172760253
1993-03-27,0.755149606299213,0.712642564011275,0.721196816468817
1993-03-28,0.744944881889764,0.706393576319075,0.715910794569505
1993-03-29,0.727937007874016,0.702056491645287,0.711812995636143
1993-03-30,0.721133858267717,0.698424074921701,0.708246314880639
1993-03-31,0.683716535433071,0.69519734720551,0.704989448199767
1993-04-01,0.680314960629921,0.691808187514558,0.701508322771285
1993-04-02,0.670110236220472,0.714000380994128,0.719191403246209
1993-04-03,0.727937007874016,0.83053101487229,0.806907659390946
1993-04-04,0.731338582677165,0.864111944013597,0.806353769719259
1993-04-05,0.676913385826772,0.798687259220671,0.763638506117976
1993-04-06,0.704125984251968,0.884571752755706,0.862887950158038
1993-04-07,0.850393700787402,1.12243219307314,1.03620228641041
1993-04-08,0.819779527559055,0.990876596496681,0.925351515811696
1993-04-09,0.748346456692914,0.791925920633218,0.772701347820118
1993-04-10,0.731338582677165,0.723747608736327,0.720268807157315
1993-04-11,0.734740157480315,0.708386906219135,0.706527015098575
1993-04-12,0.755149606299213,0.724432882451001,0.73061977735028
1993-04-13,0.738141732283465,0.792284771098877,0.851588728250416
1993-04-14,0.676913385826772,0.767882331364797,0.820870843803495
1993-04-15,0.636094488188976,0.712780361442104,0.732828477965242
1993-04-16,0.629291338582677,0.692011844055355,0.700516072215516
1993-04-17,0.60207874015748,0.706985175509799,0.719353083814829
1993-04-18,0.642897637795276,0.784670667545334,0.823930606516678
1993-04-19,0.649700787401575,0.770677546983959,0.817758331155617
1993-04-20,0.619086614173228,0.71257026445554,0.739625970161922
1993-04-21,0.60207874015748,0.686176682918122,0.698747326586798
1993-04-22,0.571464566929134,0.677555367142391,0.685945323897124
1993-04-23,0.585070866141732,0.672190213992879,0.679628973957478
1993-04-24,0.564661417322835,0.667993408732988,0.675043952073132
1993-04-25,0.578267716535433,0.664452773047122,0.671325428568882
1993-04-26,0.564661417322835,0.661381540730104,0.668183116766995
1993-04-27,0.564661417322835,0.658762035252562,0.665542428508786
1993-04-28,0.540850393700787,0.656414803204566,0.663195841933516
1993-04-29,0.537448818897638,0.654342202769639,0.661121758596329
1993-04-30,0.527244094488189,0.652553824804059,0.659330231981611
1993-05-01,0.547653543307087,0.655443505401607,0.691068589627642
1993-05-02,0.557858267716535,0.6816315348156,0.864940110643856
1993-05-03,0.642897637795276,0.754666228314744,1.00304718847716
1993-05-04,0.656503937007874,0.877095193203917,0.940179852384712
1993-05-05,0.547653543307087,0.806343397417448,0.78451387921467
1993-05-06,0.557858267716535,0.708855801307458,0.699613229503834
1993-05-07,0.625889763779528,0.725511584538627,0.688207282187835
1993-05-08,0.547653543307087,0.70476010765371,0.677224278615016
1993-05-09,0.506834645669291,0.664811946456076,0.663469268359609
1993-05-10,0.527244094488189,0.649838525258813,0.657374009528645
1993-05-11,0.523842519685039,0.646289135899103,0.654799569883965
1993-05-12,0.547653543307087,0.645397448274802,0.658273308758302
1993-05-13,0.659905511811024,0.654421718803939,0.682928541438489
1993-05-14,0.588472440944882,0.687839751915015,0.723702479044492
1993-05-15,0.704125984251968,0.713863788024179,0.792995113912244
1993-05-16,0.615685039370079,0.690952890753125,0.747744327470483
1993-05-17,0.51703937007874,0.657633903630076,0.676933084034014
1993-05-18,0.51703937007874,0.646415756704979,0.653382372019728
1993-05-19,0.551055118110236,0.654306499245809,0.649405715050685
1993-05-20,0.510236220472441,0.673741884880372,0.658057386268036
1993-05-21,0.894614173228346,0.803376070026812,0.731887865196554
1993-05-22,0.782362204724409,0.973002327698894,0.873546677298881
1993-05-23,0.591874015748032,0.854621083360025,0.807931857816477
1993-05-24,0.523842519685039,0.701040658083728,0.691710465287586
1993-05-25,0.506834645669291,0.651897603254081,0.653098100188486
1993-05-26,0.479622047244094,0.641964298094324,0.646176144384866
1993-05-27,0.489826771653543,0.703263502340101,0.702800746663356
1993-05-28,0.966047244094488,1.00284999735771,0.972461567394127
1993-05-29,0.557858267716535,0.938555849663364,0.915021665806768
1993-05-30,0.469417322834646,0.729054240130255,0.725109628277991
1993-05-31,0.466015748031496,0.656452624176907,0.659294505369916
1993-06-01,0.466015748031496,0.643290077032316,0.647796393980163
1993-06-02,0.493228346456693,0.688806362683843,0.678498150035327
1993-06-03,0.659905511811024,0.975190069719411,0.867880699333835
1993-06-04,0.843590551181102,1.23829564146763,1.04107140083779
1993-06-05,0.656503937007874,0.988276720492859,0.880603763544864
1993-06-06,0.500031496062992,0.741867032013834,0.711246272587575
1993-06-07,0.469417322834646,0.665644873881262,0.658456322303849
1993-06-08,0.510236220472441,0.648098035698777,0.647157811794977
1993-06-09,0.438803149606299,0.640712934260634,0.642423915397894
1993-06-10,0.459212598425197,0.636604050159964,0.639664279794515
1993-06-11,0.421795275590551,0.659168674596253,0.656808352666534
1993-06-12,0.489826771653543,0.757235872216498,0.729086187980067
1993-06-13,0.42859842519685,0.732089507450893,0.70973400008351
1993-06-14,0.43540157480315,0.659948766756736,0.65583249661749
1993-06-15,0.43540157480315,0.647957544895276,0.645265041666271
1993-06-16,0.513637795275591,0.692071546174678,0.671156481367466
1993-06-17,0.523842519685039,0.694553318540813,0.670892843483508
1993-06-18,0.612283464566929,0.720446275883577,0.679802349326298
1993-06-19,0.469417322834646,0.691983808774763,0.664045453439254
1993-06-20,0.466015748031496,0.655263534001679,0.642884141225897
1993-06-21,0.615685039370079,0.686073141298288,0.651833300993586
1993-06-22,0.60207874015748,0.772872831936535,0.711418794091916
1993-06-23,0.710929133858268,0.930254085926471,0.835997890481836
1993-06-24,0.966047244094488,0.917311359462936,0.907609594932185
1993-06-25,0.700724409448819,0.759771004710625,0.786561792306297
1993-06-26,0.534047244094488,0.665999614890846,0.675262812342855
1993-06-27,0.564661417322835,0.650143720996279,0.648621746398889
1993-06-28,0.530645669291339,0.679780682844353,0.666563606137024
1993-06-29,0.459212598425197,0.666816990159451,0.656922440336705
1993-06-30,0.418393700787402,0.639222478776298,0.637681357249313
1993-07-01,0.411590551181102,0.628902619273816,0.630463240314246
1993-07-02,0.387779527559055,0.626516484742718,0.62875853452494
1993-07-03,0.394582677165354,0.625189251819738,0.627776647297281
1993-07-04,0.387779527559055,0.624204341970671,0.62701797477331
1993-07-05,0.404787401574803,0.675748240117673,0.665884096766735
1993-07-06,0.676913385826772,0.915426477603346,0.83707634680905
1993-07-07,0.649700787401575,0.866281703839218,0.799096450877593
1993-07-08,0.445606299212598,0.694344291350532,0.674315883979479
1993-07-09,0.425196850393701,0.635010567518052,0.631641306259588
1993-07-10,0.418393700787402,0.712327537135978,0.697529125416878
1993-07-11,0.925228346456693,1.16941886813646,1.07967029706742
1993-07-12,1.52730708661417,1.28526981413246,1.2408234744005
1993-07-13,1.16333858267717,1.12166062698695,1.0967142583964
1993-07-14,0.731338582677165,0.905052391639849,0.868221850718253
1993-07-15,0.758551181102362,0.881976659490614,0.798901237426015
1993-07-16,1.14633070866142,0.964920768017272,0.879459203149676
1993-07-17,1.82664566929134,2.05645252896147,1.70087243690321
1993-07-18,4.62614173228346,4.74347915148028,3.5362577505429
1993-07-19,6.56503937007874,3.57946100935502,3.26643337094935
1993-07-20,1.63275590551181,1.78869828159152,1.86233555344109
1993-07-21,1.74500787401575,1.53913268391883,1.39364636636921
1993-07-22,1.24157480314961,1.24951447355251,1.1133431445588
1993-07-23,1.34022047244094,1.1237188209254,1.09689025943586
1993-07-24,0.976251968503937,0.944899782271789,0.942728674579999
1993-07-25,0.864,0.800565290851784,0.780625250354768
1993-07-26,0.792566929133858,0.7777995414087,0.726356463228732
1993-07-27,0.717732283464567,0.883261950193116,0.780979273739894
1993-07-28,1.01366929133858,1.67882501194977,1.2601054411192
1993-07-29,1.56812598425197,2.155780852034,1.90508895421679
1993-07-30,1.06469291338583,1.47202488416181,1.41166242705647
1993-07-31,0.962645669291339,1.11306095151538,0.928020430131274
1993-08-01,1.05788976377953,0.917054566580825,0.773630223810151
1993-08-02,0.738141732283465,0.786815362776182,0.718900929445365
1993-08-03,0.666708661417323,0.730958507185409,0.696613515131601
1993-08-04,0.829984251968504,0.793785625087854,0.802504512674142
1993-08-05,1.63615748031496,1.24993377250201,1.49703006685121
1993-08-06,1.22116535433071,1.44335625182726,1.68154170426362
1993-08-07,0.748346456692914,1.0723892967177,1.13509125318524
1993-08-08,0.673511811023622,0.811065581691174,0.835055571918645
1993-08-09,0.687118110236221,0.729781376041809,0.725153909306503
1993-08-10,1.04428346456693,0.993397035969752,1.04709105728921
1993-08-11,2.04094488188976,2.87794520979679,3.46259065337332
1993-08-12,1.12932283464567,2.28419825090088,2.62004199068874
1993-08-13,0.816377952755906,1.15546599496928,1.22052376906375
1993-08-14,0.738141732283465,0.877767444736582,0.896063848300856
1993-08-15,0.676913385826772,0.751505570205874,0.757668129872644
1993-08-16,0.721133858267717,0.719421059433606,0.715429775029843
1993-08-17,0.619086614173228,0.701770051585488,0.696851505098133
1993-08-18,0.588472440944882,0.690460781200598,0.685714595652481
1993-08-19,0.574866141732283,0.682900707574995,0.678561516565915
1993-08-20,0.571464566929134,0.677266435247366,0.673304517167089
1993-08-21,0.547653543307087,0.672614577475977,0.669020592731931
1993-08-22,0.551055118110236,0.668782548136506,0.665562320494442
1993-08-23,0.60888188976378,0.707742115030975,0.68869233997089
1993-08-24,0.697322834645669,0.909624066617467,0.80414473307246
1993-08-25,0.656503937007874,0.967123362312002,0.836541786735705
1993-08-26,0.632692913385827,0.81339874888822,0.747965911497574
1993-08-27,0.588472440944882,0.826030179331826,0.780673622573725
1993-08-28,0.904818897637795,1.39017448408836,1.23471344038961
1993-08-29,1.04088188976378,1.31777958606969,1.14194451847134
1993-08-30,0.758551181102362,1.02236041305709,0.916890541087277
1993-08-31,0.928629921259843,1.29728101379114,1.17874603853364
1993-09-01,0.966047244094488,1.12341696516793,1.04943074787671
1993-09-02,0.707527559055118,0.828957445291232,0.797314713782428
1993-09-03,0.829984251968504,0.917451772757636,0.910021431216587
1993-09-04,1.41505511811024,1.97665788192866,2.07116117698813
1993-09-05,1.07829921259843,1.87215741828277,1.93423416092419
1993-09-06,0.904818897637795,1.13094674132646,1.14056779742466
1993-09-07,0.77555905511811,0.857824440436552,0.859459481786342
1993-09-08,0.741543307086614,0.758894146153467,0.760944778874145
1993-09-09,0.77896062992126,0.798506809485656,0.824147810191486
1993-09-10,0.772157480314961,0.835071998582915,0.857231703074238
1993-09-11,0.744944881889764,0.810024268821245,0.826838506955279
1993-09-12,0.792566929133858,0.872686358746395,0.928686325817282
1993-09-13,0.734740157480315,0.830987054311127,0.866359820795139
1993-09-14,0.673511811023622,0.773897753904708,0.750138056602219
1993-09-15,0.612283464566929,0.741202901443341,0.713846138644895
1993-09-16,0.622488188976378,0.740875767362238,0.730668606594126
1993-09-17,0.585070866141732,0.721895018392046,0.717236261659088
1993-09-18,0.574866141732283,0.697558788421379,0.693006637722884
1993-09-19,0.561259842519685,0.686325173625983,0.681905681505935
1993-09-20,0.595275590551181,0.681186032954262,0.677033710924462
1993-09-21,0.578267716535433,0.67712810716785,0.673201581004023
1993-09-22,0.554456692913386,0.673523400432677,0.669823281343096
1993-09-23,0.574866141732283,0.67035277515084,0.666971976037126
1993-09-24,0.557858267716535,0.667962279683926,0.664792805099398
1993-09-25,0.578267716535433,0.681071270245514,0.679115354170339
1993-09-26,0.581669291338583,0.742858970713471,0.740493995454183
1993-09-27,0.578267716535433,0.74852658711506,0.724887901270147
1993-09-28,0.591874015748032,0.734679672104904,0.725116703122643
1993-09-29,0.656503937007874,0.843167169787827,0.907310717624029
1993-09-30,0.591874015748032,0.804679490122959,0.862902396609678
1993-10-01,0.60207874015748,0.707827288369541,0.724943640771673
1993-10-02,0.622488188976378,0.749365724281122,0.720006544585519
1993-10-03,0.829984251968504,1.09809093633253,0.893601941685491
1993-10-04,0.717732283464567,1.02132549509797,0.847858659540908
1993-10-05,0.676913385826772,0.781186996881364,0.721360162924993
1993-10-06,0.663307086614173,0.754752857069211,0.720736760738012
1993-10-07,0.785763779527559,0.980069511101369,0.897529098009173
1993-10-08,0.704125984251968,0.979120004482469,0.876908356202292
1993-10-09,0.843590551181102,1.05804162424549,0.842186357951977
1993-10-10,0.789165354330709,0.929887982094469,0.770142408805168
1993-10-11,0.724535433070866,0.758878283072795,0.698360849443099
1993-10-12,0.670110236220472,0.746923894992552,0.722894421056407
1993-10-13,0.724535433070866,0.9344526013652,0.933300514399429
1993-10-14,0.908220472440945,0.907375725804867,0.902280940544722
1993-10-15,0.809574803149606,0.866846783464039,0.823617420492469
1993-10-16,0.761952755905512,0.789093827517731,0.75052581684385
1993-10-17,0.707527559055118,0.737622936717729,0.718323821302643
1993-10-18,0.724535433070866,0.801165172157191,0.792970199162608
1993-10-19,0.673511811023622,0.770980268115121,0.763687016736052
1993-10-20,0.670110236220472,0.706360511804076,0.695813378317326
1993-10-21,0.676913385826772,0.768566342920048,0.747913144333491
1993-10-22,0.86059842519685,1.25135993438161,1.18086921117548
1993-10-23,1.25177952755906,2.04091424359645,1.89596366884676
1993-10-24,3.39137007874016,4.01643600089122,3.78669217542671
1993-10-25,2.69064566929134,2.74538262542663,2.63435324112657
1993-10-26,1.27218897637795,1.33239943477936,1.29196672715391
1993-10-27,1.08170078740157,0.95987436457246,0.937070833980751
1993-10-28,0.921826771653543,0.8121693271341,0.793006286206869
1993-10-29,0.846992125984252,0.765514633671229,0.749049746357503
1993-10-30,0.806173228346457,0.746907198908453,0.731502440287525
1993-10-31,0.782362204724409,0.735935934182792,0.721270521863492
1993-11-01,0.717732283464567,0.72861574836626,0.714518582391106
1993-11-02,0.707527559055118,0.723297756394927,0.709666187658138
1993-11-03,0.687118110236221,0.719197461869836,0.705946183960318
1993-11-04,0.673511811023622,0.715857457251719,0.702893827176696
1993-11-05,0.670110236220472,0.729099824554687,0.720164552090708
1993-11-06,0.751748031496063,0.856784805315684,0.844795882871052
1993-11-07,0.809574803149606,1.17921346463771,1.05737509203619
1993-11-08,0.836787401574803,1.17636012498907,1.0397343656318
1993-11-09,0.782362204724409,0.936589900685695,0.876843958641774
1993-11-10,0.755149606299213,0.804314278651167,0.771823706368939
1993-11-11,0.768755905511811,0.81062967982245,0.77887312869006
1993-11-12,0.908220472440945,1.00978742988368,0.958454253085021
1993-11-13,0.823181102362205,0.957762300653762,0.917181106967039
1993-11-14,0.772157480314961,0.834895361863649,0.826900404457843
1993-11-15,0.77896062992126,0.887204425569785,0.9386099202777
1993-11-16,0.921826771653543,1.31699977107017,1.43589481047816
1993-11-17,0.979653543307087,1.19137792609383,1.27780738020352
1993-11-18,0.894614173228346,0.891133536002392,0.919102408258913
1993-11-19,0.840188976377953,0.783740816476817,0.785545554191578
1993-11-20,0.77896062992126,0.755883361002836,0.750178920008449
1993-11-21,0.727937007874016,0.742382371141933,0.7345626511043
1993-11-22,0.721133858267717,0.733927730512543,0.725251055307314
1993-11-23,0.670110236220472,0.728077126401689,0.719032945206329
1993-11-24,0.676913385826772,0.723748960492904,0.714568063416491
1993-11-25,0.673511811023622,0.720377605404747,0.71117320874072
1993-11-26,0.642897637795276,0.717586632667424,0.70841814629595
1993-11-27,0.649700787401575,0.715231996645665,0.706128153411095
1993-11-28,0.632692913385827,0.713205642615164,0.704179735747534
1993-11-29,0.632692913385827,0.71135021750174,0.702411379525602
1993-11-30,0.619086614173228,0.709552940254701,0.700708955180146
1993-12-01,0.612283464566929,0.70778201282246,0.699038151512571
1993-12-02,0.612283464566929,0.714912376318243,0.708275227040887
1993-12-03,0.636094488188976,0.752802839446731,0.754988584067946
1993-12-04,0.69392125984252,0.774282070985778,0.77696131664801
1993-12-05,0.69051968503937,0.787639935666242,0.784255260092656
1993-12-06,0.704125984251968,0.758758389817353,0.762642610212408
1993-12-07,0.710929133858268,0.758773989393557,0.757003412504867
1993-12-08,0.795968503937008,0.969694861275731,0.946440118437279
1993-12-09,1.17014173228346,1.31061389747404,1.32334490124907
1993-12-10,0.938834645669291,1.23271536686322,1.30295683026719
1993-12-11,0.996661417322835,1.36447707327789,1.44859886748759
1993-12-12,1.03407874015748,1.39778793141086,1.5069537440644
1993-12-13,1.01707086614173,1.29625088517807,1.54524426183805
1993-12-14,1.21436220472441,1.41445440387475,1.64375899570497
1993-12-15,1.09530708661417,1.21794292467593,1.32081175178432
1993-12-16,0.972850393700787,1.05222028054366,1.15225494375694
1993-12-17,1.07829921259843,1.15586658601706,1.55066397439614
1993-12-18,1.22796850393701,1.46287598357046,2.22142509982093
1993-12-19,1.04768503937008,1.37269434560106,1.85809192747338
1993-12-20,1.50009448818898,1.83538238096869,2.4536959802703
1993-12-21,1.61234645669291,2.05587703113536,3.03999879570531
1993-12-22,1.27218897637795,1.46909613625958,1.9609580061257
1993-12-23,1.08510236220472,1.05960527687013,1.25871314615249
1993-12-24,0.94903937007874,0.920672091111361,1.10982168856777
1993-12-25,0.966047244094488,0.904094661385964,1.03891603772047
1993-12-26,0.904818897637795,0.856340809785576,0.928601054733942
1993-12-27,0.853795275590551,0.808754196514185,0.856873983491588
1993-12-28,0.819779527559055,0.787124582508635,0.827128858724481
1993-12-29,0.819779527559055,0.793063814693326,0.822650663152803
1993-12-30,0.833385826771654,0.855784340535442,0.859416303148617
1993-12-31,0.904818897637795,1.08533364191854,1.06859798458131
1994-01-01,1.52050393700787,2.32831482143474,2.12298986339471
1994-01-02,1.62935433070866,2.10155939254259,2.00557102795535
1994-01-03,1.3368188976378,1.66126653779254,1.92040421124627
1994-01-04,1.27218897637795,1.697791072736,2.03786796264775
1994-01-05,1.20075590551181,1.37075659918233,1.49881055971335
1994-01-06,1.00686614173228,1.0312973358933,1.0785124615584
1994-01-07,0.938834645669291,0.900268710081101,0.932476541789861
1994-01-08,0.874204724409449,0.89297707571154,0.931791256953602
1994-01-09,0.812976377952756,0.876609212543256,0.927404474400411
1994-01-10,0.864,0.838250599834645,0.881560510313253
1994-01-11,0.853795275590551,0.81244662340406,0.844416330136098
1994-01-12,0.823181102362205,0.800626228564594,0.829155440740001
1994-01-13,0.836787401574803,0.988280208020865,1.03855337575527
1994-01-14,1.26538582677165,2.24927571955203,2.4545377944212
1994-01-15,1.50349606299213,2.5051130950511,2.83032012013881
1994-01-16,1.17354330708661,1.53939118887664,1.70253873174755
1994-01-17,1.04088188976378,1.06741638535586,1.1317935334753
1994-01-18,0.915023622047244,0.909081695327455,0.953153383765056
1994-01-19,0.874204724409449,0.856298948971844,0.887911399896796
1994-01-20,0.86059842519685,0.832508970543129,0.861020348272968
1994-01-21,0.826582677165354,0.817419317198816,0.844028204157578
1994-01-22,0.826582677165354,0.80708629530096,0.832395062884074
1994-01-23,0.826582677165354,0.889022306203807,0.929923694863937
1994-01-24,1.21096062992126,1.50629880494474,1.64710420352587
1994-01-25,1.88787401574803,2.54428684692674,2.67591858344538
1994-01-26,2.10557480314961,2.73652261168374,2.85528794255022
1994-01-27,1.91848818897638,2.22964436079613,2.48703858332437
1994-01-28,1.47628346456693,1.90229474499598,2.20310250405753
1994-01-29,1.35042519685039,1.40146453169576,1.5990690207078
1994-01-30,1.18034645669291,1.08315397671573,1.16181718222356
1994-01-31,1.14292913385827,1.05610513478137,1.00759903568547
1994-02-01,1.12932283464567,1.04083067811328,0.954149635131165
1994-02-02,1.17354330708661,1.22114903101233,1.18560065326415
1994-02-03,1.87086614173228,2.29055645708877,2.48600834140861
1994-02-04,1.3164094488189,1.88698723065351,2.05414588485365
1994-02-05,1.10211023622047,1.19090770871134,1.25402864151829
1994-02-06,1.00346456692913,0.994667487482665,1.03105004228475
1994-02-07,0.938834645669291,1.13068745555672,1.12742035444106
1994-02-08,1.07829921259843,1.80930627563105,1.70101089871291
1994-02-09,1.23477165354331,1.65636195524449,1.57262425966887
1994-02-10,1.19395275590551,1.28018091102872,1.2746750537376
1994-02-11,1.09530708661417,1.32702809565293,1.45160787959812
1994-02-12,1.03067716535433,1.16989970999082,1.27857302381319
1994-02-13,0.962645669291339,0.979005232347472,1.02951386857735
1994-02-14,0.887811023622047,0.903635443145444,0.933896359474839
1994-02-15,0.857196850393701,0.875922958292136,0.901046660013709
1994-02-16,0.806173228346457,0.859144878251969,0.881881592843878
1994-02-17,0.802771653543307,0.847121519907256,0.868407853394584
1994-02-18,0.741543307086614,0.837690735495422,0.857992882458352
1994-02-19,0.751748031496063,0.829831222429725,0.849403985085735
1994-02-20,0.744944881889764,0.822838463064639,0.841823896504275
1994-02-21,0.792566929133858,0.817336789817223,0.834707724710513
1994-02-22,0.877606299212599,0.894911672672862,0.910649716107136
1994-02-23,1.07149606299213,1.2879296138826,1.32088230498145
1994-02-24,1.04768503937008,1.3882863774347,1.41043430294171
1994-02-25,1.18714960629921,1.41646167327197,1.39500776413786
1994-02-26,1.29259842519685,1.25858093539759,1.32316621263747
1994-02-27,1.04768503937008,1.0167596488219,1.08706176565653
1994-02-28,0.979653543307087,0.890948898019712,0.926913638238982
1994-03-01,0.932031496062992,0.889706105449688,0.917375022120664
1994-03-02,0.966047244094488,1.10171012557853,1.15321727483287
1994-03-03,1.12932283464567,1.35796362588646,1.41278852656124
1994-03-04,1.21776377952756,1.45569244123763,1.46555981692327
1994-03-05,1.08170078740157,1.17472854588699,1.19074016948978
1994-03-06,1.03407874015748,1.01397641147705,1.06351162334247
1994-03-07,1.08510236220472,1.21762525301807,1.15564771753876
1994-03-08,0.942236220472441,1.11807720694508,1.05341757773576
1994-03-09,0.887811023622047,0.924238535198801,0.923115733783264
1994-03-10,0.833385826771654,0.847019558680929,0.865037182203709
1994-03-11,0.823181102362205,0.821451804710031,0.839183121673655
1994-03-12,0.809574803149606,0.816664988745967,0.839522562615226
1994-03-13,0.870803149606299,0.875916705307757,0.921693005961848
1994-03-14,0.894614173228346,0.98822800674585,1.03882259533188
1994-03-15,0.877606299212599,0.971181613660021,1.00040613706178
1994-03-16,0.850393700787402,1.03352295669133,1.04758249352616
1994-03-17,0.853795275590551,0.985555266399038,1.07859988690528
1994-03-18,0.846992125984252,0.96205340685021,1.10433834236845
1994-03-19,0.829984251968504,0.986668102852504,1.13937168345761
1994-03-20,0.898015748031496,1.37600010882203,1.46688579367899
1994-03-21,1.24157480314961,1.61721175119835,1.61246666875765
1994-03-22,1.2755905511811,1.50111368203731,1.63991773460136
1994-03-23,1.03748031496063,1.14914411272148,1.27774486709826
1994-03-24,0.935433070866142,0.922377790783103,0.987513001861958
1994-03-25,0.894614173228346,0.967879698116665,1.0309926295446
1994-03-26,1.08510236220472,1.52064878310347,1.63276650519049
1994-03-27,1.22456692913386,1.36475038256893,1.44486283557256
1994-03-28,0.966047244094488,0.990381250755278,1.03553988482424
1994-03-29,0.877606299212599,0.854458643865324,0.889150252411314
1994-03-30,0.826582677165354,0.814663151154113,0.845758770999194
1994-03-31,0.819779527559055,0.79240347127327,0.820925183304445
1994-04-01,0.853795275590551,0.900509566861448,0.932494609846864
1994-04-02,1.14973228346457,1.53584950219159,1.61583065639254
1994-04-03,1.01026771653543,1.43419347095895,1.58179209223016
1994-04-04,0.959244094488189,1.04472029084856,1.13776809425675
1994-04-05,0.996661417322835,0.999239929766986,1.02301671011933
1994-04-06,0.925228346456693,0.923334635091735,0.935282552778507
1994-04-07,0.857196850393701,0.853038803823878,0.871398546381914
1994-04-08,0.901417322834646,0.912989725837206,0.931763638524103
1994-04-09,0.94903937007874,0.931932353862041,0.99348213554048
1994-04-10,0.925228346456693,0.864156290003796,0.977733341700809
1994-04-11,0.887811023622047,0.831396165533997,0.922088299474506
1994-04-12,1.3300157480315,1.7021180494013,2.07822101669895
1994-04-13,8.43590551181102,8.55055551139696,11.0096682477727
1994-04-14,12.0415748031496,8.86245967665796,10.8527650082714
1994-04-15,2.99338582677165,3.54906215250212,4.11551007668359
1994-04-16,1.79262992125984,1.53817246208186,1.68265995453976
1994-04-17,1.53411023622047,1.3363445020995,1.37225056332532
1994-04-18,2.08856692913386,2.34263945976884,2.10191071061478
1994-04-19,1.80623622047244,1.95571661285523,1.82201956897558
1994-04-20,1.39124409448819,1.26288252018478,1.26786744873847
1994-04-21,1.20075590551181,1.05756879774753,1.11374459786487
1994-04-22,1.18714960629921,1.05681569514113,1.27318461813209
1994-04-23,1.04428346456693,0.999764074887932,1.18020938052869
1994-04-24,1.01707086614173,0.922143230498444,1.01183205551333
1994-04-25,0.972850393700787,1.05880982550241,1.03449965357044
1994-04-26,1.34362204724409,1.99321095863002,1.44222977401741
1994-04-27,1.2823937007874,1.74748753121393,1.32875786864456
1994-04-28,1.04428346456693,1.1481013224552,1.04073300116536
1994-04-29,0.986456692913386,0.956380703857753,0.92779558756921
1994-04-30,0.911622047244095,0.881680169380336,0.888837209755551
1994-05-01,0.911622047244095,0.849481128418831,0.864889388315679
1994-05-02,0.891212598425197,0.829833073614495,0.848764475299256
1994-05-03,0.894614173228346,0.815992883866356,0.83648108190379
1994-05-04,0.935433070866142,0.836975911116463,0.869875166719745
1994-05-05,0.938834645669291,0.961502429397668,1.0498779587271
1994-05-06,0.911622047244095,0.928510692550383,1.00739808697475
1994-05-07,0.874204724409449,0.83444561449448,0.877012889716222
1994-05-08,0.843590551181102,0.795797766796151,0.82519094714477
1994-05-09,0.840188976377953,0.782776439748408,0.809145512939279
1994-05-10,0.816377952755906,0.774406238645063,0.799641516984757
1994-05-11,0.819779527559055,0.768340718892104,0.793787085947277
1994-05-12,0.819779527559055,0.763386406054195,0.788997809882523
1994-05-13,0.765354330708661,0.758653462114399,0.783920365205923
1994-05-14,0.795968503937008,0.765366525388124,0.77936620275353
1994-05-15,0.86740157480315,0.8036828657207,0.776176064438941
1994-05-16,0.782362204724409,0.790809857097136,0.773081555129881
1994-05-17,0.877606299212599,0.783170074528358,0.78903696428063
1994-05-18,0.915023622047244,0.869234334420549,0.862653708309459
1994-05-19,0.921826771653543,0.90516971588581,0.91609165197407
1994-05-20,0.955842519685039,1.07488081699292,1.19379651873757
1994-05-21,0.843590551181102,1.04549456708047,1.15954169795626
1994-05-22,0.959244094488189,1.07965782428546,1.13525676289126
1994-05-23,1.10211023622047,0.995901694825212,1.06190056918122
1994-05-24,1.36743307086614,1.14929582485051,1.36245648053259
1994-05-25,1.96270866141732,1.97656086417738,2.11795948718324
1994-05-26,1.2823937007874,1.75689552113305,1.72609558830815
1994-05-27,1.7552125984252,1.81665082478724,1.63134252252969
1994-05-28,1.86746456692913,1.85449456781034,1.72797905237021
1994-05-29,1.36743307086614,1.38559078170478,1.36475248079646
1994-05-30,1.62935433070866,1.2842612823722,1.28165282963237
1994-05-31,1.17694488188976,1.08479087450559,1.09096593651495
1994-06-01,1.01026771653543,0.889226872923907,0.902122290365064
1994-06-02,0.918425196850394,0.828814336106532,0.828190244604338
1994-06-03,0.935433070866142,0.862848285330966,0.80412706732877
1994-06-04,0.908220472440945,0.836711230517568,0.793889974940027
1994-06-05,0.881007874015748,0.81952767759636,0.824031550502486
1994-06-06,0.908220472440945,0.910728329546063,0.952757471722988
1994-06-07,0.874204724409449,0.878714123575493,0.917129918263346
1994-06-08,0.836787401574803,0.810294055711554,0.820995053761491
1994-06-09,0.843590551181102,0.819870106932019,0.785068886262185
1994-06-10,0.904818897637795,0.802200594353734,0.776480693761051
1994-06-11,0.857196850393701,0.779055211550392,0.780842074719996
1994-06-12,0.850393700787402,0.795904572834989,0.810762352865982
1994-06-13,0.812976377952756,0.783664295412141,0.799376195278794
1994-06-14,0.812976377952756,0.758575992049125,0.772354797452801
1994-06-15,0.782362204724409,0.746992679093344,0.760640625253742
1994-06-16,0.802771653543307,0.741685896707819,0.75598855585862
1994-06-17,0.77555905511811,0.737459484822344,0.752410830567061
1994-06-18,0.751748031496063,0.733930173784377,0.749348932224697
1994-06-19,0.734740157480315,0.732922117132879,0.747236828448745
1994-06-20,0.77896062992126,0.738437473925329,0.747755521772813
1994-06-21,0.772157480314961,0.734409217251901,0.745258502386026
1994-06-22,0.727937007874016,0.726562979259814,0.741300141801153
1994-06-23,0.714330708661417,0.72246544588903,0.738504374404032
1994-06-24,0.721133858267717,0.720284731455679,0.736437332529455
1994-06-25,0.69392125984252,0.718339342723692,0.734501292160467
1994-06-26,0.659905511811024,0.716468512285104,0.73262717972513
1994-06-27,0.666708661417323,0.714742190825409,0.730874683759747
1994-06-28,0.670110236220472,0.713186212652364,0.729266504358746
1994-06-29,0.683716535433071,0.757262012637259,0.736466057112445
1994-06-30,1.3232125984252,0.960522888071997,0.76774811829064
1994-07-01,0.792566929133858,0.91724452418518,0.757388779331288
1994-07-02,0.710929133858268,0.76865289588908,0.731432798218138
1994-07-03,0.639496062992126,0.717196269475054,0.722260757642832
1994-07-04,0.629291338582677,0.776857077479319,0.764526850245089
1994-07-05,1.16333858267717,1.12063602443429,0.973806506139121
1994-07-06,1.02727559055118,1.40799849255469,1.16573775583568
1994-07-07,2.28245669291339,2.14139216528843,1.84071387991295
1994-07-08,1.21436220472441,1.68985742610498,1.49971634934708
1994-07-09,0.925228346456693,1.0818066351044,0.968972296519021
1994-07-10,0.816377952755906,0.869318121238068,0.807914204969211
1994-07-11,0.744944881889764,0.765601802424483,0.750897310122401
1994-07-12,0.707527559055118,0.737392364715191,0.735678284447829
1994-07-13,0.683716535433071,0.724877054716785,0.727610967238959
1994-07-14,0.659905511811024,0.726387857260854,0.722943648027089
1994-07-15,0.744944881889764,0.753638724244602,0.720141950862357
1994-07-16,0.727937007874016,0.742776202880406,0.718235434869578
1994-07-17,0.649700787401575,0.718274249258579,0.716623370858222
1994-07-18,0.659905511811024,0.72774037031226,0.719612448210006
1994-07-19,0.833385826771654,0.82521527208625,0.74341774393811
1994-07-20,0.881007874015748,0.96450260237977,0.800120551271861
1994-07-21,0.942236220472441,1.10331821723126,0.896704975218028
1994-07-22,0.77896062992126,0.951186516459389,0.837998599597453
1994-07-23,0.680314960629921,0.779941471323887,0.745193574245131
1994-07-24,0.666708661417323,0.723690491405333,0.714709637571789
1994-07-25,0.649700787401575,0.710600036027424,0.709443748001461
1994-07-26,0.632692913385827,0.704753446601547,0.707198845902038
1994-07-27,0.659905511811024,0.7013541155121,0.7057013518344
1994-07-28,0.646299212598425,0.699109775721487,0.704531120850761
1994-07-29,0.639496062992126,0.697456615923151,0.703505330613341
1994-07-30,0.646299212598425,0.696147877971317,0.702563013049219
1994-07-31,0.666708661417323,0.695658890766245,0.704104778312771
1994-08-01,0.710929133858268,0.729737195787629,0.719743936847803
1994-08-02,0.850393700787402,0.866993049458002,0.745243547371794
1994-08-03,0.721133858267717,0.832898106621659,0.729428655596698
1994-08-04,0.632692913385827,0.730620929931572,0.70461998403509
1994-08-05,0.632692913385827,0.695573175252978,0.696612593805944
1994-08-06,0.625889763779528,0.690537622907343,0.695350105320432
1994-08-07,0.653102362204724,0.688832901362028,0.694602044876773
1994-08-08,0.69392125984252,0.687818185620265,0.693880900961606
1994-08-09,0.632692913385827,0.686996568653557,0.693143596329524
1994-08-10,0.625889763779528,0.702118809528149,0.707094265530843
1994-08-11,0.806173228346457,0.763137692724151,0.763427649769395
1994-08-12,0.738141732283465,0.746276800809676,0.747294760282042
1994-08-13,0.683716535433071,0.699793629149128,0.703445932583968
1994-08-14,0.653102362204724,0.684162915937705,0.688772397381318
1994-08-15,0.646299212598425,0.682252417696758,0.687110450086459
1994-08-16,0.622488188976378,0.681415662664986,0.68642979616973
1994-08-17,0.653102362204724,0.702937185798246,0.701700805422904
1994-08-18,0.908220472440945,0.79143687149683,0.762896495392999
1994-08-19,0.77896062992126,0.78927940122816,0.761606914472938
1994-08-20,0.795968503937008,0.800937351890015,0.773999362052322
1994-08-21,0.69051968503937,0.757540415235541,0.742102751741173
1994-08-22,0.663307086614173,0.699431013192736,0.697405556625035
1994-08-23,0.615685039370079,0.690484825739955,0.686438154323503
1994-08-24,0.724535433070866,0.782313077745893,0.724535433930477
1994-08-25,1.04088188976378,1.01604525889186,0.827039355859853
1994-08-26,0.979653543307087,0.933978588209079,0.808172905230339
1994-08-27,0.765354330708661,0.755387031905415,0.725015983675716
1994-08-28,0.639496062992126,0.693011701828944,0.686861045169214
1994-08-29,0.642897637795276,0.681079267024248,0.679025639442203
1994-08-30,0.629291338582677,0.676767545936034,0.677183110951823
1994-08-31,0.632692913385827,0.709165455466031,0.701922923213121
1994-09-01,0.823181102362205,0.86813980192478,0.836203067206253
1994-09-02,0.741543307086614,0.908133575797108,0.941454798854279
1994-09-03,0.77896062992126,0.817450482892264,0.83016041535138
1994-09-04,0.714330708661417,0.729665702687715,0.716801181183451
1994-09-05,0.663307086614173,0.688204426283911,0.682937871028286
1994-09-06,0.659905511811024,0.715090408986878,0.701796503203697
1994-09-07,0.877606299212599,0.876160035424941,0.801820427882119
1994-09-08,0.932031496062992,0.925286964484176,0.843686668014796
1994-09-09,1.2755905511811,1.11903908951066,0.9905979043679
1994-09-10,0.969448818897638,0.99973667484131,0.912228425850371
1994-09-11,0.86740157480315,0.846983853631417,0.830185603683067
1994-09-12,0.846992125984252,0.866375338438796,0.905398249252024
1994-09-13,0.772157480314961,0.835964968786667,0.857168641402837
1994-09-14,0.935433070866142,0.936775026404952,0.871885706069239
1994-09-15,1.02727559055118,1.05670644929919,0.906293758969123
1994-09-16,0.918425196850394,0.904280593502116,0.806418378184493
1994-09-17,0.768755905511811,0.752479547650777,0.717596918497932
1994-09-18,0.734740157480315,0.703936155289653,0.689545843153967
1994-09-19,0.683716535433071,0.694006990578159,0.683618670019147
1994-09-20,0.673511811023622,0.687539205182092,0.6799002514361
1994-09-21,0.656503937007874,0.68201163907964,0.676717196629163
1994-09-22,0.636094488188976,0.67855183959007,0.674571434912618
1994-09-23,0.636094488188976,0.676188252788494,0.672982468711444
1994-09-24,0.619086614173228,0.674131610625083,0.671527960321772
1994-09-25,0.625889763779528,0.672235565108159,0.6701362747548
1994-09-26,0.646299212598425,0.735671350404649,0.71250836272285
1994-09-27,0.884409448818898,1.0484662135998,0.904940025595783
1994-09-28,0.850393700787402,0.989726077976429,0.864603908618645
1994-09-29,0.738141732283465,0.770557526518981,0.726143182469058
1994-09-30,0.704125984251968,0.693786309384878,0.678001338275135
1994-10-01,0.69392125984252,0.679506419176946,0.670253967760764
1994-10-02,0.717732283464567,0.687416942749041,0.676793678553363
1994-10-03,0.731338582677165,0.752872639753616,0.724447459159551
1994-10-04,0.829984251968504,0.810853071146346,0.770364954560053
1994-10-05,0.836787401574803,0.755745573424305,0.729795394474634
1994-10-06,0.806173228346457,0.693298352008144,0.681365198177021
1994-10-07,0.721133858267717,0.673573758271249,0.666400998370217
1994-10-08,0.748346456692914,0.669533596281627,0.663837125448791
1994-10-09,0.744944881889764,0.667526144878072,0.662617612559531
1994-10-10,0.751748031496063,0.665964725843788,0.661599116059914
1994-10-11,0.697322834645669,0.664561522743583,0.660627625626629
1994-10-12,0.60548031496063,0.663279839752599,0.659692611000627
1994-10-13,0.619086614173228,0.66210678075103,0.658788030180861
1994-10-14,0.636094488188976,0.660995479955751,0.657903857176463
1994-10-15,0.622488188976378,0.659904252203021,0.65702629738825
1994-10-16,0.625889763779528,0.658813545391255,0.656142171934074
1994-10-17,0.60207874015748,0.65776546521695,0.655273265197306
1994-10-18,0.591874015748032,0.656826769436208,0.654461339602419
1994-10-19,0.591874015748032,0.655965324741481,0.65369413045934
1994-10-20,0.585070866141732,0.655105227478912,0.652926366930234
1994-10-21,0.588472440944882,0.654217969456811,0.652138797926711
1994-10-22,0.581669291338583,0.653333730343842,0.651351813840981
1994-10-23,0.629291338582677,0.679009952316176,0.668672043942396
1994-10-24,0.676913385826772,0.787723762059745,0.739551528979941
1994-10-25,0.649700787401575,0.796362601145719,0.740585869288421
1994-10-26,0.687118110236221,0.850940850972542,0.7615711991733
1994-10-27,0.751748031496063,0.790308163835098,0.724345495045768
1994-10-28,0.646299212598425,0.718312146437298,0.683919568730495
1994-10-29,0.69051968503937,0.776335233858087,0.719536750566533
1994-10-30,0.697322834645669,0.746869192347321,0.702512867792727
1994-10-31,0.639496062992126,0.681701519235887,0.663020307474522
1994-11-01,0.588472440944882,0.658516557200256,0.649287316000313
1994-11-02,0.598677165354331,0.654192710509371,0.647175535660346
1994-11-03,0.612283464566929,0.652253804490076,0.646266703851233
1994-11-04,0.60548031496063,0.650916301349999,0.645549422091777
1994-11-05,0.598677165354331,0.649885488474382,0.644913770384658
1994-11-06,0.591874015748032,0.648986936694267,0.644287853759433
1994-11-07,0.60888188976378,0.648260307615349,0.644281910831191
1994-11-08,0.615685039370079,0.647666872729048,0.645862526760106
1994-11-09,0.619086614173228,0.647066163078335,0.644705199024115
1994-11-10,0.700724409448819,0.798452200291516,0.788596066389738
1994-11-11,1.89127559055118,1.90736415125207,1.81056926231261
1994-11-12,1.94570078740157,2.20446758483183,1.94317136522339
1994-11-13,1.18034645669291,1.32128647438252,1.16809425644555
1994-11-14,0.966047244094488,0.938412510487272,0.858629354690203
1994-11-15,0.843590551181102,0.786093059667835,0.733303523453306
1994-11-16,0.806173228346457,0.7435015252451,0.707590795258072
1994-11-17,0.77896062992126,0.718100305924309,0.696923984365289
1994-11-18,0.77896062992126,0.748892523137118,0.751614703789257
1994-11-19,0.864,0.914259148363761,0.9257459139964
1994-11-20,0.911622047244095,1.01036899416475,0.958559715820313
1994-11-21,0.877606299212599,0.865151968801591,0.81027079580937
1994-11-22,0.785763779527559,0.735441238786883,0.708134119922821
1994-11-23,0.721133858267717,0.693864714008537,0.677702009878599
1994-11-24,0.710929133858268,0.682599111039919,0.669205084646375
1994-11-25,0.659905511811024,0.676791489180733,0.664790066487887
1994-11-26,0.683716535433071,0.693662580452761,0.690691816388245
1994-11-27,0.687118110236221,0.772579614251396,0.8060927464972
1994-11-28,0.673511811023622,0.752843839210714,0.779517507054928
1994-11-29,0.656503937007874,0.695539840373193,0.697508118733432
1994-11-30,0.656503937007874,0.674684064608948,0.668261586787019
1994-12-01,0.659905511811024,0.670417922657753,0.662876605887696
1994-12-02,0.649700787401575,0.668127438252985,0.660355866321943
1994-12-03,0.615685039370079,0.67125447229827,0.665960048948256
1994-12-04,0.636094488188976,0.746644478125033,0.752432004417999
1994-12-05,1.02387401574803,1.12096579156388,1.14029589395786
1994-12-06,1.3028031496063,1.57542944916823,1.62333740081482
1994-12-07,0.989858267716536,1.22359252577337,1.24752824181324
1994-12-08,0.843590551181102,0.852223266057498,0.855825326989328
1994-12-09,0.846992125984252,0.858876888705904,0.84370555624028
1994-12-10,1.19735433070866,1.40426797770727,1.33722154873573
1994-12-11,1.23817322834646,1.2622808603308,1.24570235692898
1994-12-12,0.983055118110236,0.889081256309125,0.894731662792079
1994-12-13,0.870803149606299,0.782299347872928,0.78365442570428
1994-12-14,0.870803149606299,0.857874613451482,0.870033744789567
1994-12-15,0.874204724409449,0.836496665627447,0.833877518774664
1994-12-16,0.840188976377953,0.756248879419959,0.744945534685703
1994-12-17,0.812976377952756,0.716035330754602,0.70629507176467
1994-12-18,0.792566929133858,0.706057426758503,0.695049825974597
1994-12-19,0.77896062992126,0.754854078014167,0.740222159627927
1994-12-20,0.911622047244095,1.0514941692201,1.00656025317683
1994-12-21,1.20415748031496,1.2498011484066,1.16713336147326
1994-12-22,1.03067716535433,1.01320552687855,0.960201142866717
1994-12-23,0.938834645669291,0.804969966465404,0.781612309502649
1994-12-24,0.870803149606299,0.738060825725859,0.72435293818754
1994-12-25,0.829984251968504,0.718736248570691,0.707827391920295
1994-12-26,0.812976377952756,0.708877066515072,0.699334149127137
1994-12-27,0.806173228346457,0.762859946369731,0.747606440265581
1994-12-28,1.13612598425197,1.09572247713399,1.03572902616542
1994-12-29,1.56812598425197,1.39093767646935,1.26243355481115
1994-12-30,1.16333858267717,1.50835855034507,1.27811585981634
1994-12-31,2.03754330708661,1.93649806474381,1.47668574690906
1995-01-01,1.38784251968504,1.79544693313252,1.54600329161529
1995-01-02,1.2619842519685,1.2067524949399,1.16702640594513
1995-01-03,1.09870866141732,0.911647819506047,0.882601233593464
1995-01-04,1.02387401574803,0.795714647059999,0.777317827601486
1995-01-05,0.966047244094488,0.764136372275796,0.745861757142199
1995-01-06,0.904818897637795,0.747865365301855,0.730810773379619
1995-01-07,0.898015748031496,0.737920797729598,0.721757929168237
1995-01-08,0.891212598425197,0.731078457906144,0.715585411628294
1995-01-09,0.884409448818898,0.726019529914935,0.711058301049442
1995-01-10,0.877606299212599,0.840886602237273,0.825112029296705
1995-01-11,0.870803149606299,1.4720917447585,1.45734522272332
1995-01-12,0.864,1.35601118666069,1.35866204975462
1995-01-13,0.857196850393701,0.946701966249296,0.943618109535665
1995-01-14,0.887811023622047,0.800633821173082,0.789842662470657
1995-01-15,0.955842519685039,0.763898399332274,0.751072653578193
1995-01-16,0.911622047244095,0.746727869612632,0.733909065703534
1995-01-17,0.86059842519685,0.736147951257139,0.723582043319057
1995-01-18,0.911622047244095,0.729012259927599,0.716728798262521
1995-01-19,0.840188976377953,0.723709995275774,0.711716480319703
1995-01-20,0.864,0.719367758746062,0.707699638597107
1995-01-21,0.812976377952756,0.765611504377579,0.773676565764417
1995-01-22,1.16333858267717,1.16372140235272,1.25126675384784
1995-01-23,3.35395275590551,2.35317679775724,2.19911351537103
1995-01-24,2.57499212598425,3.23369649087115,2.98297031053864
1995-01-25,2.06815748031496,2.95032194560977,3.16687683333083
1995-01-26,2.36069291338583,2.45856871081451,2.92104402861219
1995-01-27,1.51710236220472,1.80016226308407,2.01689589862389
1995-01-28,1.296,1.2348251742504,1.2977961499179
1995-01-29,1.16674015748032,1.07297573814623,1.13797511418349
1995-01-30,1.19395275590551,1.29863963493859,1.39225726977563
1995-01-31,1.47628346456693,1.84174174802421,1.72358485533009
1995-02-01,1.19735433070866,1.47636363969121,1.35137391739184
1995-02-02,1.10551181102362,1.04233373956766,1.00225901629564
1995-02-03,0.989858267716536,0.926101255926733,0.921346738836194
1995-02-04,0.962645669291339,0.875919009826266,0.878252316834523
1995-02-05,0.959244094488189,0.840860193842426,0.852264543292177
1995-02-06,0.966047244094488,0.817972173434109,0.825923226477598
1995-02-07,0.95244094488189,0.801510308016401,0.802130955720819
1995-02-08,0.921826771653543,0.818162647379646,0.839181460837783
1995-02-09,1.00346456692913,1.00969021339325,1.11685748460251
1995-02-10,1.20415748031496,1.37769810781178,1.35441888168596
1995-02-11,1.07149606299213,1.20694950580654,1.1502851207273
1995-02-12,0.996661417322835,0.949695094594835,1.0031294555045
1995-02-13,0.969448818897638,0.869164194901632,0.920428066650224
1995-02-14,0.959244094488189,0.8297858341645,0.850914526204378
1995-02-15,0.935433070866142,0.87573366223622,0.894392178419933
1995-02-16,1.15313385826772,1.28145653871289,1.22726633564254
1995-02-17,1.57152755905512,1.78048696526419,1.65000737047218
1995-02-18,1.64296062992126,2.34940228453002,2.24794274735824
1995-02-19,1.58173228346457,1.71224173065702,1.69743581074161
1995-02-20,1.25858267716535,1.11184825083129,1.110765380474
1995-02-21,1.06129133858268,0.921163951819422,0.921104172515444
1995-02-22,1.00006299212598,0.846897357762795,0.846786003503489
1995-02-23,0.976251968503937,0.819541927992371,0.818268080817188
1995-02-24,0.983055118110236,0.893823188870654,0.887922412343115
1995-02-25,1.31981102362205,1.42989773687011,1.43907638126404
1995-02-26,1.58173228346457,1.87959666839074,2.10141413800176
1995-02-27,1.24837795275591,1.40665440920775,1.62318299599894
1995-02-28,1.12932283464567,1.00437351085121,1.09273186035516
1995-03-01,1.00686614173228,0.8712673766434,0.911684804556192
1995-03-02,1.01707086614173,0.830280928392389,0.844428318165857
1995-03-03,0.94903937007874,0.875981928725348,0.883822093345674
1995-03-04,0.983055118110236,1.15834920138535,1.15516717305429
1995-03-05,0.972850393700787,1.08902662734964,1.0892871623019
1995-03-06,1.05108661417323,0.918822180357049,0.929095383850623
1995-03-07,1.07829921259843,0.933239787402566,0.905493169256932
1995-03-08,1.06469291338583,0.890132366100335,0.862152247382909
1995-03-09,0.979653543307087,0.821971347886914,0.812870039955961
1995-03-10,0.935433070866142,0.792509414822509,0.789909256621889
1995-03-11,0.870803149606299,0.780177069687887,0.778240236993669
1995-03-12,0.86059842519685,0.77085848139777,0.768932174659536
1995-03-13,0.846992125984252,0.762885193755235,0.760866459485963
1995-03-14,0.864,0.756244418740636,0.754152778944103
1995-03-15,0.874204724409449,0.754881637862322,0.753184792191446
1995-03-16,0.887811023622047,0.765229271005461,0.764805089984163
1995-03-17,0.853795275590551,0.796296321816988,0.803606095888198
1995-03-18,0.898015748031496,0.993169195355366,1.04536703048979
1995-03-19,1.41845669291339,1.70568689861529,1.85812102625395
1995-03-20,2.77228346456693,4.62123371750925,5.10076607985379
1995-03-21,2.03074015748031,3.09972837565992,3.37929241652843
1995-03-22,1.53411023622047,1.42473129636133,1.57115711129458
1995-03-23,1.39464566929134,1.03449735761239,1.09990085717268
1995-03-24,1.2619842519685,0.885449473202371,0.920093223422122
1995-03-25,1.12592125984252,0.87208661033208,0.890281276649011
1995-03-26,1.07149606299213,0.99295333512463,1.03114224992486
1995-03-27,1.11571653543307,1.03783990951874,1.10646260220077
1995-03-28,1.08510236220472,1.31905137482352,1.36015744141964
1995-03-29,1.18034645669291,1.18444398980985,1.19423180632234
1995-03-30,1.16333858267717,0.931165574863638,0.939413208437073
1995-03-31,1.07829921259843,0.851405535197718,0.871459631364223
1995-04-01,1.19395275590551,0.975826447809353,1.10167372962438
1995-04-02,1.77562204724409,1.37483924055952,1.82843108708337
1995-04-03,1.34022047244094,1.22364910457001,1.53632095118756
1995-04-04,1.05788976377953,0.934965817949195,1.04305265197439
1995-04-05,0.979653543307087,0.827792008872924,0.879932015637039
1995-04-06,0.925228346456693,0.794402833520072,0.824811481232294
1995-04-07,0.901417322834646,0.776512407694489,0.799468683673918
1995-04-08,0.857196850393701,0.765850021861197,0.783182474985272
1995-04-09,0.853795275590551,0.758413684068109,0.772249446740264
1995-04-10,0.826582677165354,0.752050255566416,0.764068869534009
1995-04-11,0.812976377952756,0.74645665995302,0.760810419543561
1995-04-12,0.809574803149606,0.758501970279021,0.781700719670189
1995-04-13,0.826582677165354,0.819869637657347,0.824776429575502
1995-04-14,0.840188976377953,0.818526756367995,0.837647668156517
1995-04-15,0.874204724409449,0.858450248718809,0.982401204227849
1995-04-16,0.918425196850394,0.945414272846514,1.10158051410903
1995-04-17,0.901417322834646,0.876185058263905,0.960519450787041
1995-04-18,0.870803149606299,0.783416898278754,0.822163871041944
1995-04-19,0.840188976377953,0.752199452293461,0.783792148172433
1995-04-20,0.819779527559055,0.769094053147613,0.800623686252704
1995-04-21,0.829984251968504,0.826942122322106,0.78453368838541
1995-04-22,0.77896062992126,0.799324853291975,0.755257635847749
1995-04-23,0.758551181102362,0.745766299369912,0.738528283189354
1995-04-24,0.768755905511811,0.722230387734546,0.728320094939137
1995-04-25,0.77555905511811,0.797774312058601,0.749633057901747
1995-04-26,0.972850393700787,1.28222269234633,0.896558266897098
1995-04-27,1.06809448818898,1.65103509762162,1.03315665345166
1995-04-28,1.27899212598425,1.76743364292713,1.04535773577631
1995-04-29,1.11911811023622,1.28552990438206,0.894098360656139
1995-04-30,0.921826771653543,0.939030843104374,0.80925491376535
1995-05-01,0.972850393700787,0.871430979216283,0.898272016762347
1995-05-02,0.857196850393701,0.817197875276721,0.854391902498505
1995-05-03,0.799370078740158,0.756613289413231,0.761528405895384
1995-05-04,0.755149606299213,0.728807707993281,0.723752093908586
1995-05-05,0.717732283464567,0.715927334737623,0.710930324053172
1995-05-06,0.700724409448819,0.70690114033657,0.702580055316409
1995-05-07,0.69051968503937,0.715487481228196,0.696358237175502
1995-05-08,0.755149606299213,0.808198840034069,0.711314806374516
1995-05-09,0.77896062992126,0.953021939997765,0.783172163035769
1995-05-10,0.69392125984252,0.872050498719092,0.763703501388877
1995-05-11,0.673511811023622,0.748484463044245,0.709157589598922
1995-05-12,0.687118110236221,0.892974553494549,0.85161852637146
1995-05-13,2.65662992125984,3.02841357885825,2.66152023728659
1995-05-14,6.63307086614173,7.96135752374646,6.69589678755019
1995-05-15,3.77574803149606,4.13040799332888,3.58936307212299
1995-05-16,1.71099212598425,1.54888121839647,1.42899092733198
1995-05-17,1.46267716535433,1.04166522882827,0.996604423824481
1995-05-18,1.36062992125984,0.912779297620863,0.865044725524709
1995-05-19,1.39464566929134,1.09766739795111,0.991340813666065
1995-05-20,1.34702362204724,1.15782687145904,1.09214324504637
1995-05-21,1.3096062992126,0.979539646773766,0.952476080504456
1995-05-22,1.21436220472441,0.844439551451949,0.817966503851883
1995-05-23,1.19055118110236,0.793793024412624,0.767658052547216
1995-05-24,1.12251968503937,0.770337644027359,0.747324354934326
1995-05-25,1.07149606299213,0.753907049636421,0.733718567720993
1995-05-26,1.04088188976378,0.792018631057413,0.729062334746471
1995-05-27,1.25177952755906,1.00102692279372,0.741525380050653
1995-05-28,1.14973228346457,0.952601202201534,0.733128266906751
1995-05-29,1.02727559055118,0.877528989771208,0.759765739914309
1995-05-30,1.34362204724409,1.14376984181214,0.939062410854958
1995-05-31,1.21436220472441,1.13021054672073,0.932366787317867
1995-06-01,1.43206299212598,1.63566565497389,1.22300541629905
1995-06-02,4.11590551181102,3.91962653979162,2.88675878467817
1995-06-03,2.82670866141732,2.64010903465515,2.22057055407345
1995-06-04,1.64976377952756,1.36972666008735,1.26007051595984
1995-06-05,1.87426771653543,1.57972224615071,1.47760546000441
1995-06-06,3.04100787401575,2.94504603307583,2.87637287861879
1995-06-07,6.66708661417323,3.53754757085034,4.29915897005489
1995-06-08,2.80289763779528,2.29743637443295,2.74777655308723
1995-06-09,2.38450393700787,2.23135155924894,2.42199644893373
1995-06-10,2.49335433070866,1.91628459480363,1.87173167934169
1995-06-11,2.6192125984252,2.26022288484097,1.74447250251474
1995-06-12,2.81650393700787,2.38523181505028,1.72472346038665
1995-06-13,1.94570078740157,2.23236951506931,1.93228402927927
1995-06-14,5.74866141732284,5.09338174016439,5.3319881947195
1995-06-15,4.45606299212599,4.91676307750502,4.70626983522843
1995-06-16,1.99672440944882,2.39779909265638,2.17617504674025
1995-06-17,1.59874015748032,1.40113388856628,1.27794189252282
1995-06-18,1.53411023622047,1.20487295712386,1.09109717398333
1995-06-19,1.54431496062992,1.46253924214687,1.25014859689732
1995-06-20,1.37763779527559,1.30234216293983,1.14255217630259
1995-06-21,1.22116535433071,1.03520372338256,0.955246321642675
1995-06-22,1.17354330708661,0.92861289565444,0.876570903861435
1995-06-23,1.11911811023622,0.901615519556803,0.851285036817746
1995-06-24,1.17694488188976,0.932847276546169,0.849540201407277
1995-06-25,1.17694488188976,0.958037375243958,0.837226005081564
1995-06-26,1.14973228346457,0.911487153926203,0.819844206111939
1995-06-27,1.09530708661417,0.859680928025763,0.806052584790038
1995-06-28,1.04088188976378,0.8327395582463,0.794122849805672
1995-06-29,1.01026771653543,0.816837022441523,0.783697664148055
1995-06-30,0.996661417322835,0.804025997516692,0.774471320490461
1995-07-01,0.94903937007874,0.793204300778851,0.766270866697435
1995-07-02,1.01366929133858,0.830876768429224,0.816547601245405
1995-07-03,1.13952755905512,1.0262525655212,1.07178638433462
1995-07-04,1.07829921259843,0.990002907968281,1.01992389734019
1995-07-05,0.976251968503937,0.849724240452956,0.839871303038577
1995-07-06,0.945637795275591,0.793540861924874,0.773617411096716
1995-07-07,0.935433070866142,0.778535860716769,0.758038364825568
1995-07-08,0.928629921259843,0.770036095932054,0.749686599028511
1995-07-09,0.911622047244095,0.763495891239814,0.743604102896788
1995-07-10,0.894614173228346,0.758317933818199,0.73900112124732
1995-07-11,0.884409448818898,0.754278236572515,0.736400481252084
1995-07-12,0.864,0.751271855116323,0.736973215713606
1995-07-13,0.884409448818898,0.749022739757301,0.734540050506848
1995-07-14,0.962645669291339,0.911200636704273,0.864481634859962
1995-07-15,2.72125984251969,1.99999222986905,1.67919601438704
1995-07-16,1.25177952755906,1.81778944534381,1.5877086591205
1995-07-17,1.14973228346457,1.21781694828149,1.23319020444241
1995-07-18,0.976251968503937,0.959785591508664,0.979541212169578
1995-07-19,0.932031496062992,0.822658290440217,0.819842208449379
1995-07-20,0.891212598425197,0.778252095801442,0.76252996075074
1995-07-21,0.864,0.762029753369256,0.744715229279678
1995-07-22,0.833385826771654,0.753283737754808,0.738034826260668
1995-07-23,0.884409448818898,0.748389673745436,0.74135856251078
1995-07-24,0.836787401574803,0.745391350595191,0.736247693983947
1995-07-25,0.853795275590551,0.743007191736565,0.728199754571994
1995-07-26,0.833385826771654,0.740743158723697,0.724146734139574
1995-07-27,0.840188976377953,0.773085717478694,0.735713362680052
1995-07-28,1.06809448818898,0.917223124635397,0.786776007941239
1995-07-29,1.02047244094488,0.883778879122177,0.771804603447178
1995-07-30,0.857196850393701,0.777737288657879,0.731794186281458
1995-07-31,0.857196850393701,0.740454536937436,0.717610353177809
1995-08-01,0.823181102362205,0.734096098455546,0.715078342725171
1995-08-02,0.785763779527559,0.731237292462149,0.713608389519595
1995-08-03,0.782362204724409,0.729215249308924,0.712328465333764
1995-08-04,0.77896062992126,0.727620297861524,0.711151449827967
1995-08-05,0.751748031496063,0.726227270109025,0.710018313660956
1995-08-06,0.748346456692914,0.724943315309169,0.708912668567295
1995-08-07,0.816377952755906,0.736687091446618,0.708166028182416
1995-08-08,0.979653543307087,0.810548304076633,0.723307203914387
1995-08-09,1.04088188976378,0.901096441296948,0.780190014425323
1995-08-10,0.870803149606299,0.836577899474789,0.762934687416658
1995-08-11,0.857196850393701,0.749997811039756,0.718012576944939
1995-08-12,0.792566929133858,0.72294904871955,0.702842702115517
1995-08-13,0.829984251968504,0.748063889650134,0.713478437750159
1995-08-14,0.95244094488189,0.87283425472363,0.77729649200137
1995-08-15,0.959244094488189,0.870686634280882,0.830872532341862
1995-08-16,0.853795275590551,0.776040454026412,0.776622020930857
1995-08-17,0.823181102362205,0.72750854930164,0.716815367288599
1995-08-18,0.809574803149606,0.716426272083577,0.699147312815618
1995-08-19,0.782362204724409,0.714234704391541,0.696419210591308
1995-08-20,0.853795275590551,0.71513753346677,0.695239458831902
1995-08-21,0.846992125984252,0.713378130729774,0.694368594616927
1995-08-22,0.799370078740158,0.710657721677715,0.693635613088383
1995-08-23,0.761952755905512,0.709120293419151,0.692908890771833
1995-08-24,0.77555905511811,0.714767111773098,0.695375064594818
1995-08-25,0.840188976377953,0.758889059859897,0.712579825804563
1995-08-26,0.915023622047244,0.833459466739588,0.731925288085996
1995-08-27,0.857196850393701,0.881355630015935,0.760904731441275
1995-08-28,1.56132283464567,1.25817163525595,0.95437555117343
1995-08-29,1.34022047244094,1.29696144280168,1.00383828305375
1995-08-30,1.36403149606299,1.17952432741666,0.967357104862329
1995-08-31,1.29259842519685,1.11345449126195,0.878591473650302
1995-09-01,1.46948031496063,1.04887856864871,0.843067699729821
1995-09-02,1.15313385826772,0.886967162432721,0.811281140581535
1995-09-03,0.979653543307087,0.77377812573035,0.751824268104653
1995-09-04,0.993259842519685,0.766607901887691,0.733740767595492
1995-09-05,1.02727559055118,0.840622166885093,0.737870855003802
1995-09-06,0.915023622047244,0.806928942208067,0.716460057702231
1995-09-07,0.86740157480315,0.741641115568813,0.695356197176583
1995-09-08,0.792566929133858,0.720998520294653,0.690809522279745
1995-09-09,0.877606299212599,0.744996165941636,0.720602070400511
1995-09-10,0.86059842519685,0.80646984232635,0.804635942762479
1995-09-11,0.846992125984252,0.779024733254706,0.774921606530059
1995-09-12,0.836787401574803,0.73127446617162,0.709055435747236
1995-09-13,0.86740157480315,0.739087682028996,0.697347987846839
1995-09-14,0.850393700787402,0.771916152881014,0.729837188569956
1995-09-15,0.829984251968504,0.7493225908993,0.718357608921822
1995-09-16,0.785763779527559,0.716120188647042,0.691246333821398
1995-09-17,0.802771653543307,0.704479035139563,0.681558757556537
1995-09-18,0.785763779527559,0.701515412693022,0.679644943280801
1995-09-19,0.772157480314961,0.6996153511668,0.678487747009785
1995-09-20,0.809574803149606,0.748580649118172,0.719830492297868
1995-09-21,0.935433070866142,0.987943810047078,0.912098958067066
1995-09-22,0.986456692913386,0.990037377184732,0.900952401905129
1995-09-23,0.86740157480315,0.813538322649759,0.758844933838019
1995-09-24,0.812976377952756,0.726830325891334,0.694383064474146
1995-09-25,0.812976377952756,0.706230205441758,0.680724311049678
1995-09-26,0.768755905511811,0.700183485434833,0.676941675186739
1995-09-27,0.748346456692914,0.743310085740417,0.703358889976588
1995-09-28,0.887811023622047,0.942639687044305,0.817369879626171
1995-09-29,0.884409448818898,0.898522931760432,0.789339022569062
1995-09-30,0.785763779527559,0.75736492969876,0.706282564853344
1995-10-01,0.77555905511811,0.71227714844291,0.679867248524098
1995-10-02,0.748346456692914,0.72010243702558,0.683976271072803
1995-10-03,0.700724409448819,0.711691083363834,0.679890007723049
1995-10-04,0.727937007874016,0.69730798128015,0.672525784970094
1995-10-05,0.700724409448819,0.691304582354499,0.669450074131468
1995-10-06,0.697322834645669,0.689222672851016,0.668437018410725
1995-10-07,0.717732283464567,0.687744242840373,0.667630681022638
1995-10-08,0.714330708661417,0.686403502601629,0.666768965598945
1995-10-09,0.744944881889764,0.685130640734335,0.665881514606677
1995-10-10,0.629291338582677,0.683967587156395,0.665025384037908
1995-10-11,0.653102362204724,0.682925424088088,0.664222666088676
1995-10-12,0.653102362204724,0.681948882558248,0.663447478397173
1995-10-13,0.642897637795276,0.681002808222475,0.662685258783551
1995-10-14,0.649700787401575,0.680051777813219,0.661913950922822
1995-10-15,0.649700787401575,0.679086107493229,0.661129050342792
1995-10-16,0.676913385826772,0.678122519078904,0.660343488366512
1995-10-17,0.656503937007874,0.677177308612189,0.659567017348611
1995-10-18,0.676913385826772,0.676919734497651,0.659634365250339
1995-10-19,0.69392125984252,0.678459410621555,0.661914364257624
1995-10-20,0.700724409448819,0.676874880504632,0.660276583469232
1995-10-21,0.670110236220472,0.674150860725068,0.657240508098984
1995-10-22,0.656503937007874,0.672699052647314,0.655800548227691
1995-10-23,0.700724409448819,0.671816404385379,0.655055542789614
1995-10-24,0.676913385826772,0.670942856528534,0.654331421593564
1995-10-25,0.704125984251968,0.6700672747105,0.653603220360237
1995-10-26,0.680314960629921,0.669180054382323,0.65286335432577
1995-10-27,0.619086614173228,0.668283386854646,0.652118485558055
1995-10-28,0.656503937007874,0.668773102442687,0.652301974419427
1995-10-29,0.646299212598425,0.673762567629216,0.654910064673034
1995-10-30,0.659905511811024,0.678135736643172,0.654043160966353
1995-10-31,0.636094488188976,0.685713150267041,0.653677751676235
1995-11-01,0.653102362204724,0.719135285138118,0.682005739039267
1995-11-02,0.853795275590551,0.891259886962316,0.811522822467742
1995-11-03,0.853795275590551,0.896797030918759,0.83146768908029
1995-11-04,0.86059842519685,0.900125240806981,0.872516881135972
1995-11-05,0.799370078740158,0.810938543078536,0.794065036521094
1995-11-06,0.738141732283465,0.710369977740252,0.69146423966362
1995-11-07,0.744944881889764,0.677420845851593,0.658377567664369
1995-11-08,0.731338582677165,0.676531974433407,0.657687997047983
1995-11-09,0.734740157480315,0.673689487839169,0.654151562001617
1995-11-10,0.727937007874016,0.667610042614282,0.648966552283219
1995-11-11,0.707527559055118,0.664072520465143,0.64670558550993
1995-11-12,0.69392125984252,0.662756643737954,0.645943437110544
1995-11-13,0.670110236220472,0.663121195691288,0.645433124530704
1995-11-14,0.639496062992126,0.666438423623402,0.644973000721639
1995-11-15,0.666708661417323,0.690098791397935,0.662941647051623
1995-11-16,0.983055118110236,0.989530313027453,0.875382182648575
1995-11-17,2.98658267716535,2.39099986152896,1.80128205535393
1995-11-18,2.1668031496063,2.49024630988291,2.00990485313329
1995-11-19,1.18714960629921,1.39546000873825,1.25180915282438
1995-11-20,1.03748031496063,0.939311833799162,0.890752357210915
1995-11-21,0.925228346456693,0.778282049365599,0.74690103464243
1995-11-22,0.877606299212599,0.721047863166971,0.695386545649712
1995-11-23,0.826582677165354,0.710861077215281,0.685828389028796
1995-11-24,0.877606299212599,0.728760656278098,0.713581522429579
1995-11-25,0.874204724409449,0.728757745235205,0.715661422420376
1995-11-26,0.833385826771654,0.706967129221374,0.6909933442139
1995-11-27,0.802771653543307,0.691869721895008,0.671798218740331
1995-11-28,0.768755905511811,0.711036292837942,0.676455523971256
1995-11-29,0.782362204724409,0.809705415552842,0.723165016801569
1995-11-30,0.833385826771654,0.800469398614618,0.721288280576541
1995-12-01,0.789165354330709,0.737827308781376,0.694522814807773
1995-12-02,0.765354330708661,0.720885596946286,0.691533956920892
1995-12-03,0.772157480314961,0.772802702931762,0.747026607094622
1995-12-04,0.758551181102362,0.752759041003839,0.727850038618453
1995-12-05,0.755149606299213,0.706231847545591,0.680635585077881
1995-12-06,0.697322834645669,0.68898411690362,0.663743445539398
1995-12-07,0.673511811023622,0.685044936179783,0.660560336610431
1995-12-08,0.676913385826772,0.682824037237081,0.658933620893314
1995-12-09,0.666708661417323,0.681081994934117,0.657659196815828
1995-12-10,0.653102362204724,0.679620578726761,0.656582226859558
1995-12-11,0.653102362204724,0.678347534748935,0.655632939964125
1995-12-12,0.670110236220472,0.677172245642009,0.654743833205485
1995-12-13,0.697322834645669,0.676073884217718,0.653901634805837
1995-12-14,0.700724409448819,0.675055109149825,0.653111052105372
1995-12-15,0.687118110236221,0.674090432564478,0.652354336604002
1995-12-16,0.69392125984252,0.673146038821757,0.651606880630203
1995-12-17,0.69051968503937,0.672213007332773,0.650863175770423
1995-12-18,0.717732283464567,0.706246828450516,0.67879897172592
1995-12-19,0.908220472440945,0.867209125681625,0.816648824728694
1995-12-20,0.870803149606299,0.979374370503677,0.960574873312272
1995-12-21,1.37763779527559,1.39012064033828,1.37999316039243
1995-12-22,1.61574803149606,1.78128753354183,1.7453449039404
1995-12-23,1.65656692913386,1.8387270025185,1.80641624721079
1995-12-24,1.50349606299213,1.73623864217067,1.64876839902061
1995-12-25,3.40157480314961,3.41911287832699,2.76687577701851
1995-12-26,3.20768503937008,3.3765241246804,2.73179031515161
1995-12-27,1.54091338582677,1.77811015344336,1.54579772042111
1995-12-28,1.18374803149606,1.09276338278278,1.00886692269114
1995-12-29,1.02047244094488,0.888219484030923,0.830325881608812
1995-12-30,0.945637795275591,0.805175154217303,0.76309517383157
1995-12-31,0.874204724409449,0.780441723680943,0.742001499108729
1996-01-01,0.829984251968504,0.766188335049855,0.729906598219477
1996-01-02,0.806173228346457,0.757001658615109,0.722179573963188
1996-01-03,0.765354330708661,0.750596022435014,0.716845302183152
1996-01-04,0.755149606299213,0.745834772383807,0.712919257371825
1996-01-05,0.751748031496063,0.742010535105236,0.709791047347153
1996-01-06,0.724535433070866,0.738778819561691,0.707163818319813
1996-01-07,0.697322834645669,0.739163455475871,0.717095944276858
1996-01-08,0.738141732283465,0.777851603280233,0.783851476738016
1996-01-09,0.864,0.893836340802466,0.862741098104798
1996-01-10,0.806173228346457,0.861107178292246,0.833122022695111
1996-01-11,0.765354330708661,0.779743590888732,0.777907835431902
1996-01-12,0.734740157480315,0.755681803709465,0.770231018108188
1996-01-13,0.700724409448819,0.75129348869318,0.765290652388865
1996-01-14,0.69051968503937,0.762461407830911,0.73934046408797
1996-01-15,0.697322834645669,0.752587080961459,0.717161159623183
1996-01-16,0.687118110236221,0.735533701249298,0.707232742742117
1996-01-17,0.676913385826772,0.727703189796501,0.702737574689311
1996-01-18,0.670110236220472,0.724182054411673,0.699649097480998
1996-01-19,0.653102362204724,0.721310523300509,0.697027133261856
1996-01-20,0.646299212598425,0.718736551560999,0.69471751442319
1996-01-21,0.629291338582677,0.716494631314158,0.692733386438334
1996-01-22,0.646299212598425,0.7144931274651,0.69098101596465
1996-01-23,0.636094488188976,0.712623956028855,0.689355983987864
1996-01-24,0.625889763779528,0.710802892093091,0.687778346570951
1996-01-25,0.619086614173228,0.709069908914437,0.686282306174998
1996-01-26,0.615685039370079,0.707443321042053,0.684883149431278
1996-01-27,0.615685039370079,0.705846607264247,0.683510321970297
1996-01-28,0.595275590551181,0.704200283040303,0.682091041522352
1996-01-29,0.595275590551181,0.702540939224813,0.680658491982375
1996-01-30,0.591874015748032,0.70095133148493,0.679287903405823
1996-01-31,0.588472440944882,0.699401775332418,0.677951906875812
1996-02-01,0.591874015748032,0.697762613913568,0.676532054404976
1996-02-02,0.591874015748032,0.695967966278991,0.674946952762113
1996-02-03,0.591874015748032,0.701676723060263,0.673278915068135
1996-02-04,0.585070866141732,0.728912729600413,0.67181202474544
1996-02-05,0.60888188976378,0.721295546694332,0.670477567381277
1996-02-06,0.578267716535433,0.7002395169824,0.66918198165535
1996-02-07,0.564661417322835,0.691921684127064,0.667923032274362
1996-02-08,0.564661417322835,0.689357442659488,0.666618561417259
1996-02-09,0.557858267716535,0.687376695251555,0.665294487742472
1996-02-10,0.561259842519685,0.685495706583863,0.663930790467158
1996-02-11,0.574866141732283,0.691920493035338,0.666498178725071
1996-02-12,0.581669291338583,0.742226637372286,0.696095654783256
1996-02-13,0.60207874015748,0.845735086310764,0.792908198662604
1996-02-14,0.622488188976378,0.927455418065465,0.9313268454339
1996-02-15,0.591874015748032,0.834748155990183,0.847342723046943
1996-02-16,0.598677165354331,0.737453607419146,0.729803728593673
1996-02-17,0.710929133858268,0.774543393792012,0.776477744137835
1996-02-18,0.840188976377953,1.09235120174642,1.16408293243615
1996-02-19,1.44566929133858,1.3265962118099,1.52272379753117
1996-02-20,1.11231496062992,1.05676300058612,1.2100931584548
1996-02-21,0.758551181102362,0.814500848072257,0.869936220853535
1996-02-22,0.666708661417323,0.736912710420304,0.7452419871143
1996-02-23,0.622488188976378,0.715041653214796,0.709799984497164
1996-02-24,0.639496062992126,0.704054846435407,0.694794790274149
1996-02-25,0.60888188976378,0.697057361609615,0.698935758917627
1996-02-26,0.636094488188976,0.714096787312995,0.758423406744547
1996-02-27,0.755149606299213,0.797038302888041,0.81009877548156
1996-02-28,0.795968503937008,0.777201811252522,0.778520183740641
1996-02-29,0.761952755905512,0.717193274416659,0.720254231931647
1996-03-01,0.687118110236221,0.694318675478992,0.690225592153427
1996-03-02,0.632692913385827,0.688547842523965,0.680311481163639
1996-03-03,0.619086614173228,0.684836636499475,0.67553732634274
1996-03-04,0.598677165354331,0.681780410287492,0.67196924175146
1996-03-05,0.595275590551181,0.679166572566998,0.669038823937947
1996-03-06,0.588472440944882,0.676667960489338,0.666331605832498
1996-03-07,0.598677165354331,0.674682719194597,0.666448639159224
1996-03-08,0.60207874015748,0.673445081673783,0.673422783417934
1996-03-09,0.629291338582677,0.671697370601851,0.669720648469033
1996-03-10,0.615685039370079,0.669530454252993,0.661796342856466
1996-03-11,0.636094488188976,0.667525238236117,0.657781389729816
1996-03-12,0.615685039370079,0.665821281802697,0.655789758119751
1996-03-13,0.60888188976378,0.664332562488335,0.65419112582222
1996-03-14,0.585070866141732,0.662772926268202,0.652551386614799
1996-03-15,0.598677165354331,0.661015284664378,0.651109641653041
1996-03-16,0.60548031496063,0.65939550546195,0.652745535022463
1996-03-17,0.581669291338583,0.667215226117742,0.658225750398976
1996-03-18,0.625889763779528,0.703920661435224,0.654798806321997
1996-03-19,0.656503937007874,0.706677084559112,0.648718149098132
1996-03-20,0.697322834645669,0.678697666965896,0.645911749444891
1996-03-21,0.69051968503937,0.706175118225354,0.66658110046239
1996-03-22,0.989858267716536,0.943388140866246,0.777122385609716
1996-03-23,1.19735433070866,1.12445218109112,0.850757079253155
1996-03-24,1.25177952755906,0.973863793144059,0.765326779858074
1996-03-25,0.966047244094488,0.788877589297879,0.68355859779035
1996-03-26,0.976251968503937,0.865736974758976,0.763110145911417
1996-03-27,1.53070866141732,1.5216330599084,1.23501768621335
1996-03-28,1.29259842519685,1.3288341261603,1.12664146561389
1996-03-29,0.966047244094488,0.892213362758801,0.808056334967682
1996-03-30,0.874204724409449,0.759666345255038,0.697426452145567
1996-03-31,0.864,0.720447464588203,0.67300992583545
1996-04-01,0.823181102362205,0.69491895077405,0.662159315055599
1996-04-02,0.741543307086614,0.682295166768004,0.655670912189174
1996-04-03,0.707527559055118,0.676162598313665,0.651790942001964
1996-04-04,0.717732283464567,0.67217230519749,0.649389022904705
1996-04-05,0.734740157480315,0.677133426342266,0.657741694257526
1996-04-06,0.744944881889764,0.704711257310063,0.692856530999103
1996-04-07,0.738141732283465,0.69575586930207,0.682475419234375
1996-04-08,0.697322834645669,0.67262253924919,0.654803543582095
1996-04-09,0.656503937007874,0.662488860982316,0.643581715682529
1996-04-10,0.646299212598425,0.658575750172345,0.640036535402402
1996-04-11,0.642897637795276,0.671570382803723,0.640789115623638
1996-04-12,0.683716535433071,0.745533309260032,0.66038377535356
1996-04-13,0.727937007874016,0.783151203745125,0.690716408266359
1996-04-14,0.731338582677165,0.725263230537271,0.672498117580438
1996-04-15,0.772157480314961,0.673004231139905,0.64385271389288
1996-04-16,0.727937007874016,0.656141127193155,0.633443227890114
1996-04-17,0.741543307086614,0.650716682414168,0.630249158732557
1996-04-18,0.704125984251968,0.646733237898683,0.627670176185394
1996-04-19,0.676913385826772,0.643331863678811,0.625288564355974
1996-04-20,0.687118110236221,0.640285131604581,0.623035789009935
1996-04-21,0.666708661417323,0.637487872656805,0.620890036100336
1996-04-22,0.619086614173228,0.634963707532933,0.618910984655993
1996-04-23,0.60888188976378,0.63282702002031,0.617205068024884
1996-04-24,0.649700787401575,0.631508978095489,0.616113216485419
1996-04-25,0.649700787401575,0.630715199471046,0.615466494182707
1996-04-26,0.625889763779528,0.629749642411074,0.614692359928699
1996-04-27,0.622488188976378,0.628531494235942,0.61369677180244
1996-04-28,0.656503937007874,0.648101266803443,0.620505768907814
1996-04-29,0.748346456692914,0.730609500721427,0.64920961569894
1996-04-30,0.676913385826772,0.709972543474024,0.640612777810055
1996-05-01,0.642897637795276,0.648463716162406,0.618017158902501
1996-05-02,0.629291338582677,0.631820779665545,0.615494187756467
1996-05-03,0.659905511811024,0.645185324257577,0.633826295738888
1996-05-04,0.646299212598425,0.639945623037987,0.62809169770558
1996-05-05,0.636094488188976,0.627601552298893,0.613335119527331
1996-05-06,0.632692913385827,0.622897521640662,0.608097612458713
1996-05-07,0.636094488188976,0.62153408372875,0.607038329506117
1996-05-08,0.619086614173228,0.620481574728925,0.60630020347114
1996-05-09,0.615685039370079,0.619645170818582,0.605676926371423
1996-05-10,0.612283464566929,0.619027818441088,0.605193000425251
1996-05-11,0.622488188976378,0.618481145244908,0.604758257657241
1996-05-12,0.622488188976378,0.641917957583204,0.623092429291139
1996-05-13,0.77896062992126,0.837280945550287,0.791167467395973
1996-05-14,1.24497637795276,1.338082106645,1.27900008864137
1996-05-15,0.955842519685039,1.15991822478949,1.14460398987901
1996-05-16,0.782362204724409,0.808379581831771,0.790053911840646
1996-05-17,0.789165354330709,0.733580084207815,0.673359270113653
1996-05-18,0.727937007874016,0.69035251339004,0.639739556062918
1996-05-19,0.700724409448819,0.656766222774601,0.631686414143671
1996-05-20,0.77555905511811,0.693108809384011,0.712477627849788
1996-05-21,0.809574803149606,0.747163195361523,0.894192775759691
1996-05-22,0.799370078740158,0.765832764053532,0.834373391962804
1996-05-23,0.755149606299213,0.701713010930297,0.688045805619872
1996-05-24,0.69392125984252,0.644462925150997,0.628625016028157
1996-05-25,0.69392125984252,0.652201588877167,0.650053133400113
1996-05-26,0.853795275590551,0.799257923501349,0.825278709656213
1996-05-27,1.12251968503937,1.02065851338713,0.99962489440478
1996-05-28,1.07149606299213,1.03368672572462,1.05424413532801
1996-05-29,0.908220472440945,0.824239569221003,0.854227383329021
1996-05-30,0.765354330708661,0.683629558219327,0.686989189988836
1996-05-31,0.676913385826772,0.640496849582624,0.632645350898588
1996-06-01,0.632692913385827,0.628042660362663,0.618190291704344
1996-06-02,0.622488188976378,0.622145657877493,0.61203428209412
1996-06-03,0.656503937007874,0.619038263978206,0.608870460276455
1996-06-04,0.670110236220472,0.617293506080478,0.606952947398073
1996-06-05,0.649700787401575,0.616024317918044,0.605520556012825
1996-06-06,0.639496062992126,0.614819387794908,0.604193692491559
1996-06-07,0.615685039370079,0.613633638502239,0.602907724640149
1996-06-08,0.615685039370079,0.612605060642141,0.60182854455061
1996-06-09,0.656503937007874,0.611863983850383,0.601157686505403
1996-06-10,0.619086614173228,0.61123777280962,0.600576526367693
1996-06-11,0.619086614173228,0.610629061136946,0.59991092129494
1996-06-12,0.615685039370079,0.610003404491811,0.599224325549419
1996-06-13,0.60207874015748,0.609426069924672,0.598599793777661
1996-06-14,0.646299212598425,0.608898825222583,0.598068253268724
1996-06-15,0.632692913385827,0.608371245649873,0.597576140100942
1996-06-16,0.622488188976378,0.607837342808254,0.597088240840393
1996-06-17,0.60207874015748,0.607312106486257,0.596609251261805
1996-06-18,0.60548031496063,0.60679813915408,0.596141296456947
1996-06-19,0.598677165354331,0.606298842056787,0.595688177160494
1996-06-20,0.571464566929134,0.605829620525693,0.595267220625202
1996-06-21,0.554456692913386,0.628490532921005,0.624180960318349
1996-06-22,0.380976377952756,0.7360032730665,0.759663949963033
1996-06-23,0.486425196850394,0.773855490894517,0.795447202280105
1996-06-24,0.632692913385827,0.702120883096654,0.73007822396622
1996-06-25,0.60888188976378,0.634860444470877,0.651215205960276
1996-06-26,0.564661417322835,0.608943242367073,0.607348119041741
1996-06-27,0.557858267716535,0.603240943549017,0.595159675415446
1996-06-28,0.564661417322835,0.60207033519366,0.592866352645869
1996-06-29,0.540850393700787,0.603845969541991,0.593952243007326
1996-06-30,0.551055118110236,0.619277929864565,0.607319401048826
1996-07-01,0.60207874015748,0.647079274360567,0.634170191146019
1996-07-02,0.639496062992126,0.640729616403781,0.635720316321937
1996-07-03,0.561259842519685,0.615227001728822,0.61107967384371
1996-07-04,0.534047244094488,0.602263634641125,0.594423693260287
1996-07-05,0.564661417322835,0.605869717575529,0.596983190980592
1996-07-06,0.622488188976378,0.632322546625178,0.623677686925176
1996-07-07,0.598677165354331,0.656120796920688,0.639709072481113
1996-07-08,0.95244094488189,0.789539124674273,0.752667168541698
1996-07-09,1.88107086614173,1.26113495605699,1.20259607574654
1996-07-10,1.22796850393701,1.27609078417294,1.31580762113684
1996-07-11,1.51710236220472,1.06446475755141,1.27074771336396
1996-07-12,0.932031496062992,0.823824737156263,0.95776215014219
1996-07-13,0.761952755905512,0.675409232601044,0.715816789088318
1996-07-14,0.625889763779528,0.626721109472794,0.631026905382871
1996-07-15,0.60548031496063,0.613062304839953,0.610380770273699
1996-07-16,0.568062992125984,0.606946354715449,0.60156517052538
1996-07-17,0.547653543307087,0.603841285772584,0.597162176802501
1996-07-18,0.510236220472441,0.602136654853175,0.594800593867389
1996-07-19,0.534047244094488,0.601062178624635,0.593373784752559
1996-07-20,0.500031496062992,0.600323093413574,0.592445521499769
1996-07-21,0.500031496062992,0.599756055559451,0.591778525739539
1996-07-22,0.510236220472441,0.599253458091834,0.591221590899267
1996-07-23,0.51703937007874,0.599985092281451,0.591946696895287
1996-07-24,0.581669291338583,0.603929402103865,0.595968577107357
1996-07-25,0.585070866141732,0.602284752008105,0.594338657430352
1996-07-26,0.51703937007874,0.598595118267828,0.590629613173854
1996-07-27,0.489826771653543,0.597157755829802,0.5927030199398
1996-07-28,0.622488188976378,0.608736966583809,0.611183839632318
1996-07-29,0.772157480314961,0.672699283262644,0.64968396339391
1996-07-30,0.836787401574803,0.739797642560122,0.713599565706384
1996-07-31,0.765354330708661,0.704561945353996,0.672727555638721
1996-08-01,0.612283464566929,0.634158773697243,0.608829702705948
1996-08-02,0.60548031496063,0.711841063357108,0.64216228115671
1996-08-03,2.04774803149606,1.40077414692204,0.979082915067115
1996-08-04,2.09877165354331,1.77426312440064,1.4212387575004
1996-08-05,0.972850393700787,1.16924271709088,1.09770820492785
1996-08-06,0.697322834645669,0.791227445820879,0.741091435642536
1996-08-07,0.629291338582677,0.696432837538736,0.685189072874722
1996-08-08,1.05788976377953,0.838831073844647,0.872181155130075
1996-08-09,0.744944881889764,0.781354351963721,0.807349424776733
1996-08-10,0.622488188976378,0.67125185504489,0.66130837016965
1996-08-11,0.60207874015748,0.718230411923673,0.68045916100281
1996-08-12,1.24157480314961,1.0504780754455,1.11905699209068
1996-08-13,1.87426771653543,1.5076080854241,1.72330836165406
1996-08-14,1.10551181102362,1.30026723705697,1.41461236398402
1996-08-15,1.03748031496063,0.886204052506488,0.907681309082159
1996-08-16,0.864,0.708583835932215,0.716513409157454
1996-08-17,0.77555905511811,0.648647527484909,0.6409240544074
1996-08-18,0.697322834645669,0.630690217978471,0.621707686211605
1996-08-19,0.632692913385827,0.621129048403053,0.611761176002569
1996-08-20,0.612283464566929,0.6153551767923,0.60591137530231
1996-08-21,0.622488188976378,0.611879214299941,0.602494542398578
1996-08-22,0.60888188976378,0.674282968796197,0.615476831588296
1996-08-23,1.08510236220472,0.978069995820626,0.671804489536644
1996-08-24,0.857196850393701,0.918089230311094,0.65628904459261
1996-08-25,0.721133858267717,0.706995031346005,0.614078116883641
1996-08-26,0.673511811023622,0.642136044301151,0.601446672850566
1996-08-27,0.680314960629921,0.746073889928258,0.661459009843651
1996-08-28,1.30620472440945,1.19350211801863,0.944608947996838
1996-08-29,1.296,1.33156853513698,1.03936615155639
1996-08-30,0.846992125984252,0.963879151672689,0.815695677780233
1996-08-31,0.710929133858268,0.724725154831615,0.665764024866364
1996-09-01,0.639496062992126,0.660762606632203,0.636614709936444
1996-09-02,0.649700787401575,0.640402104476414,0.622117074097556
1996-09-03,0.60207874015748,0.627342700074806,0.607633199807155
1996-09-04,0.585070866141732,0.620399702668821,0.601269005746853
1996-09-05,0.585070866141732,0.616487824903184,0.598726321785506
1996-09-06,0.537448818897638,0.613768100606124,0.597082534115735
1996-09-07,0.537448818897638,0.611813481538839,0.595935238009184
1996-09-08,0.510236220472441,0.610321229969076,0.595053029467916
1996-09-09,0.585070866141732,0.609037665135243,0.594276546229217
1996-09-10,0.557858267716535,0.607800990966194,0.593493042604494
1996-09-11,0.513637795275591,0.606586619577062,0.592687925396154
1996-09-12,0.530645669291339,0.612977884140186,0.594581501864013
1996-09-13,0.564661417322835,0.694966744253366,0.64410009665061
1996-09-14,0.755149606299213,1.00074969057607,0.857373440900959
1996-09-15,0.86740157480315,1.1868989808191,0.980982097362577
1996-09-16,0.826582677165354,0.923310170120569,0.816532507924824
1996-09-17,0.680314960629921,0.704151769737741,0.664102772855012
1996-09-18,0.615685039370079,0.638147670962499,0.613188160684819
1996-09-19,0.60548031496063,0.621975465027368,0.600984658488521
1996-09-20,0.585070866141732,0.61482905999854,0.596350487329555
1996-09-21,0.574866141732283,0.61113755129619,0.593941327566763
1996-09-22,0.591874015748032,0.609145838305679,0.592731310651228
1996-09-23,0.568062992125984,0.626771537066189,0.607021786128268
1996-09-24,0.625889763779528,0.700130875910032,0.664363055174982
1996-09-25,0.615685039370079,0.681569914564395,0.649346698054615
1996-09-26,0.595275590551181,0.62764942398122,0.606810801569192
1996-09-27,0.561259842519685,0.608710223475117,0.59273705008888
1996-09-28,0.571464566929134,0.605840317495488,0.592824354987956
1996-09-29,0.578267716535433,0.604579608953581,0.59164092402905
1996-09-30,0.598677165354331,0.603415035777304,0.589577107529003
1996-10-01,0.574866141732283,0.602302576768149,0.58840418438761
1996-10-02,0.585070866141732,0.612611833569485,0.59637993116498
1996-10-03,0.632692913385827,0.654450682526948,0.628309320318879
1996-10-04,0.60548031496063,0.64295390127961,0.619209931746134
1996-10-05,0.625889763779528,0.617151510027864,0.598566464322421
1996-10-06,0.60548031496063,0.628283949916653,0.604387804701059
1996-10-07,0.632692913385827,0.622428258731628,0.599695601496213
1996-10-08,0.595275590551181,0.611348649246585,0.589196422206837
1996-10-09,0.615685039370079,0.606410236323187,0.585695231909295
1996-10-10,0.60888188976378,0.601699075413234,0.585260431697437
1996-10-11,0.588472440944882,0.598706748520994,0.584954153090461
1996-10-12,0.564661417322835,0.597612349284721,0.584571634258849
1996-10-13,0.561259842519685,0.596928413367349,0.584108384323195
1996-10-14,0.595275590551181,0.596238992961035,0.583603009649038
1996-10-15,0.60207874015748,0.606081191509239,0.589305110700995
1996-10-16,0.60548031496063,0.672555924542023,0.625754963335794
1996-10-17,0.744944881889764,0.821099092580794,0.711699641109667
1996-10-18,1.06809448818898,0.995149195784708,0.867303562551081
1996-10-19,0.925228346456693,0.990437043855648,0.884879778183745
1996-10-20,1.27899212598425,0.942749870556105,0.862246705843694
1996-10-21,1.19395275590551,1.04787835771207,0.991186076318001
1996-10-22,1.79943307086614,1.19111318150885,1.05145590063063
1996-10-23,1.11911811023622,0.947395941039368,0.837801655420972
1996-10-24,0.904818897637795,0.718665023787015,0.669021709493965
1996-10-25,0.816377952755906,0.686550517918574,0.646271385032727
1996-10-26,1.16333858267717,0.907410533299312,0.790852426192922
1996-10-27,1.60214173228346,1.18021856275606,0.933565994721284
1996-10-28,1.05788976377953,0.971403344598829,0.803856580619913
1996-10-29,0.915023622047244,0.748806658005414,0.676333217025846
1996-10-30,0.853795275590551,0.729801659640842,0.683282114366543
1996-10-31,0.829984251968504,0.701485747188603,0.658656870462875
1996-11-01,0.819779527559055,0.695940414509438,0.641497504202676
1996-11-02,0.840188976377953,0.733593238073191,0.714153241294675
1996-11-03,0.77896062992126,0.695523624889605,0.689198700933457
1996-11-04,0.731338582677165,0.644416912308277,0.626903164210043
1996-11-05,0.700724409448819,0.625849847262484,0.604175081943247
1996-11-06,0.69051968503937,0.62081276145027,0.59957502557479
1996-11-07,0.710929133858268,0.656155710886936,0.639100981303365
1996-11-08,0.802771653543307,0.816054680073637,0.817120026226127
1996-11-09,0.755149606299213,0.7816219388528,0.779365192158146
1996-11-10,0.710929133858268,0.669664530001143,0.654744895579496
1996-11-11,0.731338582677165,0.62947794603218,0.610669254973818
1996-11-12,0.714330708661417,0.621578042557911,0.602660058131316
1996-11-13,0.697322834645669,0.720671353692614,0.672785915149258
1996-11-14,1.02727559055118,1.30317316158176,1.07528870962666
1996-11-15,1.50349606299213,1.40018906188371,1.23677115068336
1996-11-16,1.06469291338583,0.984878122201855,0.930693340615755
1996-11-17,0.94903937007874,0.748214019472583,0.713697647114081
1996-11-18,0.846992125984252,0.680314302925724,0.655195805575795
1996-11-19,0.802771653543307,0.683836219198352,0.671109035072498
1996-11-20,0.758551181102362,0.680803462186767,0.664914631796041
1996-11-21,0.744944881889764,0.704829424201725,0.684125532636772
1996-11-22,0.751748031496063,0.688931121274891,0.679277968074095
1996-11-23,0.738141732283465,0.65320260167555,0.642340480436884
1996-11-24,0.69051968503937,0.636300697318243,0.618646349941002
1996-11-25,0.69392125984252,0.658890900535566,0.628670522892255
1996-11-26,0.976251968503937,0.821455807982373,0.739333171654702
1996-11-27,1.36743307086614,1.03064965667521,0.924268924812011
1996-11-28,1.03407874015748,0.906186887092792,0.835989714151
1996-11-29,0.887811023622047,0.749030327925146,0.710961039391044
1996-11-30,1.12251968503937,0.795120385153874,0.795813452989548
1996-12-01,1.34022047244094,0.902116951373708,0.965627686818079
1996-12-02,1.2551811023622,0.890470330544567,0.95281574184166
1996-12-03,1.44566929133858,1.16742753626697,1.27943360046672
1996-12-04,1.14292913385827,1.27552658471951,1.37058520563102
1996-12-05,0.969448818897638,0.986282734079654,1.09095723192515
1996-12-06,0.870803149606299,0.769518999810401,0.827054054585825
1996-12-07,0.816377952755906,0.695792402948741,0.704887013871979
1996-12-08,0.765354330708661,0.672851591280713,0.66512901206155
1996-12-09,0.707527559055118,0.661961498585636,0.650325039317759
1996-12-10,0.683716535433071,0.655457419128411,0.642305666626149
1996-12-11,0.666708661417323,0.651126681332598,0.637268791674525
1996-12-12,0.656503937007874,0.647996195897645,0.633819681114705
1996-12-13,0.659905511811024,0.727172070346288,0.685488053300699
1996-12-14,0.812976377952756,1.1272686811835,0.928093358680544
1996-12-15,0.898015748031496,1.05471720317748,0.883786674470481
1996-12-16,0.758551181102362,0.789928565112763,0.728957192336152
1996-12-17,0.707527559055118,0.797173696150261,0.740170023061742
1996-12-18,0.911622047244095,1.26690454823415,1.0052463587953
1996-12-19,1.20415748031496,1.25748176403412,0.999326842822905
1996-12-20,0.932031496062992,1.12903628226415,1.00070586097343
1996-12-21,1.3232125984252,1.40929973261489,1.36052291998478
1996-12-22,1.03067716535433,1.16368436927177,1.14138179337953
1996-12-23,0.966047244094488,0.846301244383765,0.820382872816155
1996-12-24,1.08170078740157,0.736012771031447,0.709974198762749
1996-12-25,0.911622047244095,0.705307484774125,0.6807348509663
1996-12-26,0.877606299212599,0.690526653631396,0.666971281137696
1996-12-27,1.80283464566929,0.681684222561847,0.658846161288174
1996-12-28,2.70085039370079,0.675960368331798,0.65366431244573
1996-12-29,2.68724409448819,0.671997599424142,0.65013025409696
1996-12-30,1.92188976377953,0.669024696009874,0.647516025400982
1996-12-31,0.853795275590551,0.666548915502707,0.645362716008351
1997-01-01,0.761952755905512,0.664450165141774,0.643554555852793
1997-01-02,0.687118110236221,0.662621058287667,0.641991266027276
1997-01-03,0.673511811023622,0.660896580100707,0.640522429248272
1997-01-04,0.642897637795276,0.65922679441572,0.639102146679406
1997-01-05,0.615685039370079,0.657619479469784,0.637736943938779
1997-01-06,0.595275590551181,0.656035780320312,0.636391493386971
1997-01-07,0.564661417322835,0.654550991168583,0.635133243085628
1997-01-08,0.551055118110236,0.653167932199632,0.633964504510944
1997-01-09,0.52044094488189,0.651871469499336,0.632871232443873
1997-01-10,0.506834645669291,0.650573456796385,0.631773787406576
1997-01-11,0.493228346456693,0.649271005083413,0.630669682259539
1997-01-12,0.496629921259843,0.647995919888942,0.62958792027886
1997-01-13,0.455811023622047,0.646731277898226,0.628513263044403
1997-01-14,0.466015748031496,0.64549545362249,0.627462355869696
1997-01-15,0.384377952755905,0.644242769288541,0.626393825175485
1997-01-16,0.384377952755905,0.642881717659298,0.625224772657078
1997-01-17,0.387779527559055,0.641489163657369,0.624025217839676
1997-01-18,0.391181102362205,0.640113206699232,0.622838971708061
1997-01-19,0.401385826771654,0.638688166020217,0.621606761762569
1997-01-20,0.476220472440945,0.676968077310865,0.658673588539235
1997-01-21,0.489826771653543,0.865365505587132,0.844690041311497
1997-01-22,0.483023622047244,0.918164096311668,0.929706526882641
1997-01-23,0.523842519685039,0.903741193133118,0.966296189747488
1997-01-24,0.574866141732283,1.0989441838293,1.12095271597349
1997-01-25,0.629291338582677,1.13539376359518,1.06699954450453
1997-01-26,0.636094488188976,0.905739748734227,0.895470870766456
1997-01-27,0.680314960629921,0.767758370696504,0.759344447471013
1997-01-28,0.751748031496063,0.80368863830172,0.706467348684482
1997-01-29,0.768755905511811,0.763263483031418,0.67637243912062
1997-01-30,0.69051968503937,0.695904681302307,0.654402402194781
1997-01-31,0.663307086614173,0.668842980965938,0.644058825868185
1997-02-01,0.60548031496063,0.660125987806995,0.639055367492825
1997-02-02,0.60207874015748,0.654895160986145,0.635563665916296
1997-02-03,0.581669291338583,0.651067367168751,0.632826228714686
1997-02-04,0.551055118110236,0.654631024946421,0.632095642330595
1997-02-05,0.557858267716535,0.706466743678373,0.653024552518385
1997-02-06,0.636094488188976,0.822113111930351,0.719053615205392
1997-02-07,0.615685039370079,0.780232853671735,0.699760748557389
1997-02-08,0.571464566929134,0.696964913524313,0.650726541927658
1997-02-09,0.551055118110236,0.664338559713052,0.632461685072499
1997-02-10,0.557858267716535,0.653553727113561,0.627807225164196
1997-02-11,0.554456692913386,0.720852359332681,0.695259460991353
1997-02-12,0.884409448818898,1.0618296410758,1.03305195422229
1997-02-13,1.17014173228346,1.04835878043469,1.03554762800277
1997-02-14,1.13952755905512,1.17326445598569,1.17466311240482
1997-02-15,2.48314960629921,1.96055362281754,2.03431975245348
1997-02-16,2.05455118110236,1.7149278784848,1.71454615817344
1997-02-17,1.24837795275591,1.07919985668848,1.04130883802814
1997-02-18,1.06809448818898,0.988633710178555,0.895794794367586
1997-02-19,1.48988976377953,1.67532557585322,1.32510708828174
1997-02-20,1.29940157480315,1.41721032991781,1.16351494951661
1997-02-21,1.01707086614173,0.933748566096882,0.838829317102472
1997-02-22,0.874204724409449,0.776609420614239,0.722356727715044
1997-02-23,0.77555905511811,0.725214096112689,0.690081170597342
1997-02-24,0.765354330708661,0.703519538738538,0.673434314818064
1997-02-25,0.748346456692914,0.727103581490677,0.679555167354452
1997-02-26,0.806173228346457,1.0264354803482,0.847814267579946
1997-02-27,1.17354330708661,1.8013003974267,1.39708194306508
1997-02-28,1.21776377952756,1.52096145734081,1.29569337604415
1997-03-01,0.928629921259843,0.982127240830465,0.905315568097305
1997-03-02,0.802771653543307,0.795447074443408,0.739072274470021
1997-03-03,0.826582677165354,0.727776299102785,0.696341984922801
1997-03-04,0.741543307086614,0.703993465336608,0.695347576720426
1997-03-05,0.744944881889764,0.792010153319396,0.746778837326327
1997-03-06,1.2823937007874,1.27860443486162,1.02270404816796
1997-03-07,1.02387401574803,1.17174382938986,0.953798799824584
1997-03-08,0.857196850393701,0.84955965232185,0.75798876411094
1997-03-09,0.77896062992126,0.733025369894448,0.684786426320797
1997-03-10,0.707527559055118,0.701686544761174,0.66470215481812
1997-03-11,0.687118110236221,0.684984765962955,0.653242975079184
1997-03-12,0.673511811023622,0.673514806707594,0.644935365498779
1997-03-13,0.632692913385827,0.664994931365785,0.638520913823903
1997-03-14,0.632692913385827,0.658721340000008,0.633637533769688
1997-03-15,0.632692913385827,0.655186243275102,0.632395672830689
1997-03-16,0.636094488188976,0.654821290897455,0.638970349063212
1997-03-17,0.683716535433071,0.652101813108658,0.637285577520585
1997-03-18,0.673511811023622,0.649436931307913,0.63701122140922
1997-03-19,0.680314960629921,0.697000183080481,0.702749521710704
1997-03-20,0.833385826771654,0.903433111731218,0.883616556993922
1997-03-21,0.792566929133858,0.88151695354956,0.829855258682323
1997-03-22,0.758551181102362,0.738941102967537,0.70928504554363
1997-03-23,0.717732283464567,0.712697463559234,0.684215049821372
1997-03-24,0.823181102362205,0.841385850894157,0.763815931519025
1997-03-25,0.843590551181102,0.834102224283263,0.75067130428576
1997-03-26,0.904818897637795,0.851238602891136,0.744090038385186
1997-03-27,0.836787401574803,0.785158386019485,0.703278457347381
1997-03-28,0.826582677165354,0.731007191183158,0.677489565730447
1997-03-29,0.874204724409449,0.828798410646802,0.751092831779461
1997-03-30,0.789165354330709,0.841702946542975,0.765545857632757
1997-03-31,0.826582677165354,0.788144880178987,0.720048261186713
1997-04-01,0.802771653543307,0.720151453468144,0.670296326111149
1997-04-02,0.741543307086614,0.674221701047583,0.640863869059374
1997-04-03,0.704125984251968,0.661921205737644,0.628709731703273
1997-04-04,0.714330708661417,0.678731060292337,0.623524968092855
1997-04-05,0.687118110236221,0.6830984921449,0.649225071165331
1997-04-06,0.714330708661417,0.719342480410223,0.76544248590002
1997-04-07,0.772157480314961,0.69838253762418,0.738655676524639
1997-04-08,0.710929133858268,0.657108715418468,0.655466975813388
1997-04-09,0.69051968503937,0.640238340680386,0.62426024896671
1997-04-10,0.666708661417323,0.634112743104845,0.616341340533849
1997-04-11,0.646299212598425,0.633586725739151,0.619253833569506
1997-04-12,0.687118110236221,0.645560440241642,0.64528789519139
1997-04-13,0.653102362204724,0.639830510149021,0.636137454849492
1997-04-14,0.642897637795276,0.627293535909528,0.613848688304212
1997-04-15,0.656503937007874,0.621592969611971,0.604965257314302
1997-04-16,0.666708661417323,0.619293880478249,0.602479243146726
1997-04-17,0.649700787401575,0.617474993098277,0.600788197826126
1997-04-18,0.636094488188976,0.615698993617254,0.599183280437066
1997-04-19,0.622488188976378,0.616158203113694,0.602126822739153
1997-04-20,0.642897637795276,0.623231017748318,0.621796726195073
1997-04-21,0.69392125984252,0.620325923136613,0.631257173695119
1997-04-22,0.656503937007874,0.613451142212653,0.614465602959508
1997-04-23,0.629291338582677,0.610302841037586,0.599006695767959
1997-04-24,0.615685039370079,0.608802332031018,0.594014464603453
1997-04-25,0.60888188976378,0.608889517178607,0.592339951234817
1997-04-26,0.632692913385827,0.623376067503551,0.600104923401151
1997-04-27,0.697322834645669,0.665579691030504,0.643429301776363
1997-04-28,0.724535433070866,0.693614477643388,0.69816325996614
1997-04-29,0.785763779527559,0.756014718177264,0.783047485973339
1997-04-30,0.894614173228346,0.863682029989851,0.855339977964495
1997-05-01,0.823181102362205,0.794445254749566,0.773590003328511
1997-05-02,0.724535433070866,0.674777130807478,0.660740139935207
1997-05-03,0.642897637795276,0.624746824604335,0.611303476013412
1997-05-04,0.642897637795276,0.611649664114361,0.597456660447344
1997-05-05,0.670110236220472,0.606683448804507,0.592544877788347
1997-05-06,0.649700787401575,0.620339463670733,0.599173109801452
1997-05-07,0.721133858267717,0.682152658460548,0.632322380409507
1997-05-08,0.636094488188976,0.665254029518755,0.622218698196573
1997-05-09,0.639496062992126,0.618966628746482,0.596343586479282
1997-05-10,0.619086614173228,0.602718810643498,0.587103258719415
1997-05-11,0.60207874015748,0.599855277817558,0.585273228925428
1997-05-12,0.591874015748032,0.598178611459877,0.584029859980804
1997-05-13,0.585070866141732,0.596824169788232,0.582966154178716
1997-05-14,0.571464566929134,0.595742393129459,0.582082485232903
1997-05-15,0.557858267716535,0.594719820126197,0.581218872409417
1997-05-16,0.544251968503937,0.593749281850447,0.580384946330921
1997-05-17,0.540850393700787,0.592897590084574,0.579655995544808
1997-05-18,0.513637795275591,0.592205707298473,0.58038890553379
1997-05-19,0.585070866141732,0.591732475200837,0.584712606455876
1997-05-20,0.551055118110236,0.591271227397463,0.582907806573537
1997-05-21,0.537448818897638,0.590813542600929,0.578892433623394
1997-05-22,0.523842519685039,0.590391193544029,0.577396004473935
1997-05-23,0.547653543307087,0.589999615673017,0.577049597979905
1997-05-24,0.527244094488189,0.589597103496271,0.576760776176116
1997-05-25,0.510236220472441,0.589165372788159,0.576425918739411
1997-05-26,0.486425196850394,0.588711216634243,0.576055543030362
1997-05-27,0.479622047244094,0.588246430719171,0.575666956967939
1997-05-28,0.472818897637795,0.587801837221009,0.575293060603399
1997-05-29,0.479622047244094,0.58739063201291,0.574947892270751
1997-05-30,0.462614173228347,0.586988036189855,0.574608001916427
1997-05-31,0.466015748031496,0.586588940828496,0.574269064050594
1997-06-01,0.449007874015748,0.586202656771444,0.573940682780451
1997-06-02,0.483023622047244,0.585831060345299,0.573622049500498
1997-06-03,0.547653543307087,0.601992905251545,0.584613118608067
1997-06-04,0.727937007874016,0.666428736848431,0.627451810006473
1997-06-05,0.639496062992126,0.648876726330247,0.615078198219463
1997-06-06,0.52044094488189,0.599524247010075,0.581828039323294
1997-06-07,0.500031496062992,0.583413464281825,0.571081370930608
1997-06-08,0.455811023622047,0.586167557584625,0.571117046677342
1997-06-09,0.629291338582677,0.600637748785455,0.573767673051646
1997-06-10,0.547653543307087,0.596260484795551,0.572950713017077
1997-06-11,0.506834645669291,0.58515771595868,0.570872243046932
1997-06-12,0.483023622047244,0.581550048824371,0.570140350898647
1997-06-13,0.544251968503937,0.586278470060883,0.570828093888368
1997-06-14,0.666708661417323,0.612436903636624,0.577140585453325
1997-06-15,0.680314960629921,0.636564981054172,0.58873339778688
1997-06-16,0.506834645669291,0.613856349041632,0.582402385740524
1997-06-17,0.483023622047244,0.590097459460259,0.571729055775952
1997-06-18,0.459212598425197,0.593252354480321,0.568482748981613
1997-06-19,0.60888188976378,0.599023261566379,0.572545437295018
1997-06-20,0.619086614173228,0.626588164515763,0.588211523542886
1997-06-21,0.60548031496063,0.632492416884212,0.595692491545615
1997-06-22,0.676913385826772,0.676449813375524,0.637170848619375
1997-06-23,0.785763779527559,0.675584810962255,0.647756266329221
1997-06-24,0.724535433070866,0.640614685861588,0.614560044548578
1997-06-25,0.881007874015748,0.679064460594143,0.607097281302562
1997-06-26,0.697322834645669,0.66144194776388,0.596726920174705
1997-06-27,0.710929133858268,0.661062120217782,0.610755760908377
1997-06-28,0.799370078740158,0.693207186685092,0.640982063388399
1997-06-29,0.734740157480315,0.689743537210977,0.64609368256487
1997-06-30,1.02387401574803,0.80402947162723,0.743833924767099
1997-07-01,1.10211023622047,0.746472533800931,0.699861234967263
1997-07-02,0.721133858267717,0.629829926973817,0.604461574255993
1997-07-03,0.710929133858268,0.669405744286771,0.605666737141787
1997-07-04,1.46267716535433,1.0754728384607,0.760638473706081
1997-07-05,2.00692913385827,1.33758343810123,0.960839362816355
1997-07-06,2.98658267716535,1.75497563729928,1.50400019841929
1997-07-07,1.65316535433071,1.29391613873803,1.33874913859399
1997-07-08,1.02047244094488,0.828551061538148,0.861346789177153
1997-07-09,0.755149606299213,0.672158023421217,0.671700787874884
1997-07-10,0.649700787401575,0.618121558437639,0.603217152690544
1997-07-11,0.60888188976378,0.60310390961149,0.606783861889532
1997-07-12,0.60207874015748,0.595794071704452,0.675397020041824
1997-07-13,0.561259842519685,0.591757266944733,0.651430927148306
1997-07-14,0.595275590551181,0.608569099007538,0.648970610625952
1997-07-15,0.816377952755906,0.681687319684528,0.854347915407531
1997-07-16,0.670110236220472,0.662387687982901,0.799573556064526
1997-07-17,0.506834645669291,0.641350749108226,0.698096441485883
1997-07-18,0.744944881889764,0.882558014864125,0.952961998537877
1997-07-19,1.76541732283465,1.55333595335136,1.34473072669661
1997-07-20,1.74500787401575,1.51453276569912,1.36300232357731
1997-07-21,1.13612598425197,1.04565353541366,1.1246424872934
1997-07-22,0.826582677165354,0.774340627142628,0.827491749472619
1997-07-23,0.663307086614173,0.65369145295736,0.6646886619235
1997-07-24,0.591874015748032,0.622909640271386,0.612729695784417
1997-07-25,0.751748031496063,0.630776798509425,0.617901481632656
1997-07-26,0.816377952755906,0.64606104820948,0.689739770486622
1997-07-27,0.625889763779528,0.626540412103651,0.66543586270034
1997-07-28,0.615685039370079,0.603317795730434,0.607672858052412
1997-07-29,0.595275590551181,0.594576228401656,0.586172913417342
1997-07-30,0.564661417322835,0.591554422226538,0.581194639012408
1997-07-31,0.534047244094488,0.600227754189149,0.578658557203036
1997-08-01,0.629291338582677,0.642506302511925,0.579005157297708
1997-08-02,0.595275590551181,0.642324674262881,0.583352891898053
1997-08-03,0.568062992125984,0.609085464194923,0.581120558689572
1997-08-04,0.564661417322835,0.590540391838048,0.576443068379975
1997-08-05,0.534047244094488,0.585899560543327,0.574191939690923
1997-08-06,0.506834645669291,0.584471079005581,0.57318957038506
1997-08-07,0.496629921259843,0.583539185133288,0.572431344378698
1997-08-08,0.483023622047244,0.582823323949039,0.57180983381654
1997-08-09,0.561259842519685,0.582294850343434,0.57140555616443
1997-08-10,0.452409448818898,0.581796674599257,0.57098262143834
1997-08-11,0.418393700787402,0.581255674536081,0.570450109639002
1997-08-12,0.418393700787402,0.58072441133487,0.569913420270112
1997-08-13,0.425196850393701,0.580223165206555,0.569414129032104
1997-08-14,0.414992125984252,0.579749628494928,0.568951192048065
1997-08-15,0.418393700787402,0.579312043685171,0.568532906364895
1997-08-16,0.411590551181102,0.578910675464645,0.568155274041585
1997-08-17,0.414992125984252,0.578536215136301,0.567812849196221
1997-08-18,0.421795275590551,0.578191434115656,0.567524384313457
1997-08-19,0.418393700787402,0.577854687701045,0.567242116198959
1997-08-20,0.414992125984252,0.577508757265578,0.566931993499901
1997-08-21,0.404787401574803,0.577159486733471,0.566610686464484
1997-08-22,0.394582677165354,0.576814605221293,0.566294776547472
1997-08-23,0.391181102362205,0.576477028484165,0.565988577642846
1997-08-24,0.391181102362205,0.576148762874348,0.565694074289195
1997-08-25,0.397984251968504,0.5758301704114,0.565411589109611
1997-08-26,0.432,0.575515835257098,0.565134014705988
1997-08-27,0.421795275590551,0.575206893360119,0.564862208201665
1997-08-28,0.466015748031496,0.593733606296264,0.583695729037416
1997-08-29,0.717732283464567,0.669960872794699,0.66099218792343
1997-08-30,0.585070866141732,0.656944895231826,0.647206139427944
1997-08-31,0.489826771653543,0.598281310761543,0.587870598917779
1997-09-01,0.513637795275591,0.575009814569728,0.564737634806172
1997-09-02,0.503433070866142,0.571981211798617,0.561844351807029
1997-09-03,0.486425196850394,0.571766809983384,0.561674670669104
1997-09-04,0.469417322834646,0.571767601857887,0.561714379359339
1997-09-05,0.476220472440945,0.571782785672611,0.561768067029526
1997-09-06,0.540850393700787,0.579471495618474,0.56719380771052
1997-09-07,0.571464566929134,0.608140770227254,0.587091008937704
1997-09-08,0.500031496062992,0.599736797078051,0.581143363318265
1997-09-09,0.462614173228347,0.577696340633447,0.56579223890479
1997-09-10,0.469417322834646,0.570604040376792,0.560873125671186
1997-09-11,0.459212598425197,0.570171144910296,0.560593559084621
1997-09-12,0.442204724409449,0.571051046854242,0.560596072739834
1997-09-13,0.510236220472441,0.580259245171788,0.56538728592004
1997-09-14,0.578267716535433,0.601786438858591,0.583067696088626
1997-09-15,0.466015748031496,0.592620210408566,0.577659873269989
1997-09-16,0.455811023622047,0.574501131540878,0.563854922115774
1997-09-17,0.455811023622047,0.568884437404336,0.559424669090182
1997-09-18,0.43540157480315,0.568541512620646,0.559157677481599
1997-09-19,0.442204724409449,0.568529099271126,0.560116031706944
1997-09-20,0.455811023622047,0.568484982598633,0.563583047022432
1997-09-21,0.445606299212598,0.568400096108626,0.562404172437848
1997-09-22,0.42859842519685,0.568271942005152,0.559553606127488
1997-09-23,0.43540157480315,0.568109212001431,0.558563091313345
1997-09-24,0.43540157480315,0.567920766320703,0.558390127922059
1997-09-25,0.43540157480315,0.567713194787162,0.558249284911817
1997-09-26,0.42859842519685,0.567491978628512,0.55808798262639
1997-09-27,0.43540157480315,0.567260285481529,0.557910711445082
1997-09-28,0.43540157480315,0.567020299584984,0.557720837053552
1997-09-29,0.442204724409449,0.566774560785572,0.557521759241467
1997-09-30,0.43540157480315,0.56652519955285,0.557316278487184
1997-10-01,0.442204724409449,0.56627409681869,0.557106860093746
1997-10-02,0.432,0.566022832255358,0.556895681247114
1997-10-03,0.442204724409449,0.565771188249809,0.556682591882659
1997-10-04,0.432,0.565518985375086,0.556467601794764
1997-10-05,0.452409448818898,0.565265830125719,0.556250804906058
1997-10-06,0.459212598425197,0.565011958671367,0.556032709123825
1997-10-07,0.459212598425197,0.564758100585672,0.55581413116036
1997-10-08,0.442204724409449,0.564505163021887,0.555595992557834
1997-10-09,0.425196850393701,0.564253694858324,0.555378803183707
1997-10-10,0.483023622047244,0.577872346305916,0.567319684201797
1997-10-11,0.741543307086614,0.643058876876788,0.626453848717719
1997-10-12,0.680314960629921,0.686875534508676,0.67115378210199
1997-10-13,0.697322834645669,0.694160058370906,0.66271399038616
1997-10-14,0.680314960629921,0.707483651015885,0.664705216341673
1997-10-15,0.670110236220472,0.727583546274013,0.671589452402314
1997-10-16,0.666708661417323,0.692316190578395,0.657547811321562
1997-10-17,0.615685039370079,0.643164118213084,0.617923179024102
1997-10-18,0.571464566929134,0.597759462165762,0.577797630213101
1997-10-19,0.506834645669291,0.572001041589082,0.558893513726192
1997-10-20,0.506834645669291,0.564639603282058,0.554413920273675
1997-10-21,0.503433070866142,0.563288829934532,0.553717696838735
1997-10-22,0.503433070866142,0.562899646445965,0.553590472526575
1997-10-23,0.449007874015748,0.562782592298961,0.55360619967678
1997-10-24,0.445606299212598,0.562744664284987,0.553643040516073
1997-10-25,0.42859842519685,0.562714117975049,0.553660014490271
1997-10-26,0.445606299212598,0.562657438920954,0.553639650469332
1997-10-27,0.500031496062992,0.562571848769396,0.553586783090832
1997-10-28,0.493228346456693,0.562462214062858,0.553510766913279
1997-10-29,0.527244094488189,0.562323390215366,0.553403743852269
1997-10-30,0.534047244094488,0.562152912862063,0.553264018063274
1997-10-31,0.540850393700787,0.561956104764221,0.553100224522848
1997-11-01,0.530645669291339,0.561740427400282,0.552920018909071
1997-11-02,0.52044094488189,0.561509641127494,0.552726000687909
1997-11-03,0.534047244094488,0.56126594614001,0.552520060638848
1997-11-04,0.530645669291339,0.561014986252464,0.552307220380821
1997-11-05,0.523842519685039,0.56076491145961,0.55209394678007
1997-11-06,0.527244094488189,0.560507051771295,0.551872607023592
1997-11-07,0.493228346456693,0.560391785537308,0.551645991564143
1997-11-08,0.503433070866142,0.560679106162128,0.551430187075266
1997-11-09,0.503433070866142,0.565313648599822,0.554700809381192
1997-11-10,0.564661417322835,0.583284918363641,0.567249549595425
1997-11-11,0.493228346456693,0.577468318066105,0.563227233599055
1997-11-12,0.493228346456693,0.573839608660328,0.556379266941435
1997-11-13,0.568062992125984,0.610417694662296,0.564799524995527
1997-11-14,0.496629921259843,0.598741669593061,0.561092834538214
1997-11-15,0.449007874015748,0.568485738165135,0.554405313754956
1997-11-16,0.503433070866142,0.561149182041032,0.559854100004089
1997-11-17,0.540850393700787,0.559735622336455,0.557206129972124
1997-11-18,0.496629921259843,0.557799477174955,0.55084611823312
1997-11-19,0.523842519685039,0.557205009568762,0.548814985577993
1997-11-20,0.527244094488189,0.557615129295496,0.548695882370059
1997-11-21,0.513637795275591,0.559156783846127,0.548670287443514
1997-11-22,0.493228346456693,0.558621316549521,0.548604243796963
1997-11-23,0.496629921259843,0.557326105962801,0.548508934571654
1997-11-24,0.503433070866142,0.556834278547127,0.548396148510584
1997-11-25,0.510236220472441,0.556690086549336,0.548267638610201
1997-11-26,0.513637795275591,0.556546324960051,0.548123141623896
1997-11-27,0.52044094488189,0.556382388131998,0.547966600005003
1997-11-28,0.530645669291339,0.55841366473024,0.551080127695374
1997-11-29,0.530645669291339,0.566399512883108,0.562906757240537
1997-11-30,0.540850393700787,0.565711161080021,0.559694622001903
1997-12-01,0.540850393700787,0.564741973876109,0.552743553917721
1997-12-02,0.540850393700787,0.5685809517756,0.557503998806049
1997-12-03,0.60548031496063,0.588954060431101,0.579988779542661
1997-12-04,0.588472440944882,0.579604630404842,0.571029779540731
1997-12-05,0.574866141732283,0.560278656624908,0.551785412046036
1997-12-06,0.544251968503937,0.554181126698429,0.545779021827847
1997-12-07,0.551055118110236,0.553836907371263,0.545493324474476
1997-12-08,0.554456692913386,0.553863192019476,0.54786231087091
1997-12-09,0.571464566929134,0.565603002810094,0.564383220254845
1997-12-10,0.642897637795276,0.623344357904089,0.60469588918101
1997-12-11,0.77555905511811,0.753492586410224,0.708701711821814
1997-12-12,2.07496062992126,1.20098662445475,1.05204691898605
1997-12-13,1.42866141732283,1.20310324150904,1.09095496397962
1997-12-14,1.09870866141732,0.89245571152867,0.872800775119137
1997-12-15,0.908220472440945,0.791849861949496,0.789819003980282
1997-12-16,0.789165354330709,0.690821334584233,0.682574473694563
1997-12-17,0.707527559055118,0.606827995007965,0.595801632633597
1997-12-18,0.659905511811024,0.577529223209572,0.566480369560336
1997-12-19,0.619086614173228,0.569988184611232,0.560915266895127
1997-12-20,0.629291338582677,0.616098859072537,0.61893374815576
1997-12-21,2.58179527559055,1.00813700795456,0.979732539334383
1997-12-22,4.69417322834646,1.96427641702019,1.5218255644535
1997-12-23,1.78242519685039,1.63698278525227,1.28358575981741
1997-12-24,1.32661417322835,1.24109144609308,1.03040278449392
1997-12-25,1.26538582677165,1.28156959259979,1.01866516623676
1997-12-26,1.11911811023622,1.2506620337067,0.955205830565633
1997-12-27,1.12592125984252,1.0189131704338,0.83234179426613
1997-12-28,0.94903937007874,0.887991417119059,0.778849260705557
1997-12-29,0.993259842519685,0.860477716120043,0.75004265719595
1997-12-30,0.891212598425197,0.751177706823333,0.703510376474376
1997-12-31,0.816377952755906,0.663486158187014,0.649089810288061
1998-01-01,0.755149606299213,0.655722473058212,0.618495621037637
1998-01-02,0.748346456692914,0.688763923097679,0.635754647787016
1998-01-03,0.744944881889764,0.736752226145299,0.673555314671111
1998-01-04,0.809574803149606,0.924197170953551,0.778352885664536
1998-01-05,0.884409448818898,1.11627815358748,0.851903186563872
1998-01-06,0.95244094488189,1.15556120284101,0.882076504224833
1998-01-07,0.983055118110236,1.07053093149345,0.83449385086515
1998-01-08,0.898015748031496,0.850817250369857,0.712633681636232
1998-01-09,0.782362204724409,0.704070396798519,0.633831129127263
1998-01-10,0.710929133858268,0.654329862646932,0.607861370550313
1998-01-11,0.649700787401575,0.637631839815137,0.599158020676213
1998-01-12,0.649700787401575,0.628532291046064,0.594276922103514
1998-01-13,0.639496062992126,0.622678377884797,0.591026896052191
1998-01-14,0.625889763779528,0.618617471940963,0.588686091583843
1998-01-15,0.595275590551181,0.616783187250431,0.589443064224733
1998-01-16,0.60548031496063,0.656905089257098,0.63331946600499
1998-01-17,0.656503937007874,0.817842972306371,0.782937860315334
1998-01-18,0.663307086614173,0.810660655019114,0.76399344149891
1998-01-19,0.738141732283465,0.834250866852804,0.754100644076603
1998-01-20,0.785763779527559,0.893256303818388,0.814540821387082
1998-01-21,0.758551181102362,0.813772469307246,0.747440163246214
1998-01-22,0.731338582677165,0.703279010391632,0.652771714930577
1998-01-23,0.700724409448819,0.650745346212702,0.613206070444825
1998-01-24,0.673511811023622,0.633757976093047,0.601830493962635
1998-01-25,0.656503937007874,0.626504695071793,0.596856238974002
1998-01-26,0.60888188976378,0.621969355999332,0.593736483175153
1998-01-27,0.60548031496063,0.618780432801961,0.591558121826966
1998-01-28,0.595275590551181,0.616387997246219,0.589931788634948
1998-01-29,0.585070866141732,0.614410688107748,0.588582758158465
1998-01-30,0.622488188976378,0.61265655627909,0.587375256687
1998-01-31,0.646299212598425,0.6110623960321,0.586269195105266
1998-02-01,0.639496062992126,0.609600427820064,0.585249046771206
1998-02-02,0.625889763779528,0.608300515895652,0.58434178800658
1998-02-03,0.60888188976378,0.607041188340234,0.58345548032185
1998-02-04,0.595275590551181,0.605740149815163,0.582528002570403
1998-02-05,0.578267716535433,0.604449589018666,0.581602034011302
1998-02-06,0.564661417322835,0.603147737139661,0.58066181798084
1998-02-07,0.551055118110236,0.601783569197941,0.579667349469405
1998-02-08,0.551055118110236,0.600305261645603,0.578577255839423
1998-02-09,0.554456692913386,0.598891764123145,0.579442566517673
1998-02-10,0.568062992125984,0.606340086122891,0.588497843615002
1998-02-11,0.530645669291339,0.640251846235874,0.59669896576496
1998-02-12,0.530645669291339,0.638794068125792,0.588771176304294
1998-02-13,0.527244094488189,0.613665588890401,0.579184601926171
1998-02-14,0.537448818897638,0.600406901406428,0.575713150967575
1998-02-15,0.534047244094488,0.596668457863263,0.574447002386445
1998-02-16,0.551055118110236,0.594736536350784,0.573290035999792
1998-02-17,0.547653543307087,0.592985392290584,0.572138921652096
1998-02-18,0.547653543307087,0.591547413005454,0.57116398581694
1998-02-19,0.527244094488189,0.590189353580206,0.570206985615282
1998-02-20,0.530645669291339,0.588689319016419,0.569120798809627
1998-02-21,0.530645669291339,0.587116030033985,0.567966866123622
1998-02-22,0.503433070866142,0.66446723453771,0.62679322368055
1998-02-23,0.700724409448819,1.08479491721735,0.924166996791549
1998-02-24,0.734740157480315,1.12465201018749,0.949752633892251
1998-02-25,0.680314960629921,0.876640588802643,0.814979237500428
1998-02-26,0.629291338582677,0.713380956192867,0.6895939430817
1998-02-27,0.581669291338583,0.640546232420216,0.614482645986534
1998-02-28,0.564661417322835,0.685754362561534,0.635724538571449
1998-03-01,0.612283464566929,0.996373701154577,0.825316563275592
1998-03-02,0.619086614173228,0.922562333171275,0.777677691735822
1998-03-03,0.625889763779528,0.708130724735375,0.642568843560157
1998-03-04,0.629291338582677,0.658872564225347,0.614324638647497
1998-03-05,0.591874015748032,0.750039605235664,0.683676487852285
1998-03-06,0.598677165354331,0.754228601973967,0.684278398040398
1998-03-07,0.646299212598425,0.912828142636094,0.764833658099231
1998-03-08,0.979653543307087,1.3395975814439,0.980081538959007
1998-03-09,1.48308661417323,1.55409363897232,1.17679104740924
1998-03-10,1.05788976377953,1.11393723430545,0.938032926905065
1998-03-11,0.765354330708661,0.787730025436899,0.700704580958044
1998-03-12,0.687118110236221,0.672246567380164,0.622930057982455
1998-03-13,0.646299212598425,0.647318329476553,0.602818338187143
1998-03-14,0.60888188976378,0.634417828803759,0.598806557560287
1998-03-15,0.60888188976378,0.753768990551862,0.711886176743902
1998-03-16,1.11231496062992,1.42381617650083,1.2257741176562
1998-03-17,1.45247244094488,1.4047118736261,1.19024723293333
1998-03-18,0.959244094488189,0.95155275717721,0.838035828148006
1998-03-19,0.826582677165354,0.79583415768576,0.71274369726113
1998-03-20,0.802771653543307,0.744596390560703,0.677917113267804
1998-03-21,0.795968503937008,0.770707094535173,0.70443817110726
1998-03-22,0.731338582677165,0.726351908851893,0.679395667967824
1998-03-23,0.734740157480315,0.664224677889964,0.672481521857511
1998-03-24,0.751748031496063,0.639493848544772,0.703951075262016
1998-03-25,0.751748031496063,0.630883140232118,0.666287243650116
1998-03-26,0.744944881889764,0.624856990305937,0.629509595644374
1998-03-27,0.792566929133858,0.653898228377062,0.656060954005634
1998-03-28,1.14973228346457,0.791622235784322,0.647853530608192
1998-03-29,1.13952755905512,0.761875053583046,0.61449221794821
1998-03-30,0.857196850393701,0.665352092907446,0.596651780327051
1998-03-31,0.707527559055118,0.62813202470038,0.589836139304396
1998-04-01,0.619086614173228,0.617623516976929,0.585335672739397
1998-04-02,0.612283464566929,0.611142055552067,0.581751360971081
1998-04-03,0.622488188976378,0.607096140514811,0.579520283498015
1998-04-04,0.571464566929134,0.610886987221769,0.581769355375327
1998-04-05,0.581669291338583,0.633377322190527,0.594270494441775
1998-04-06,0.612283464566929,0.626253625610036,0.590216232949574
1998-04-07,0.598677165354331,0.607733535304746,0.579695638782974
1998-04-08,0.60888188976378,0.600506029250876,0.575492559134528
1998-04-09,0.598677165354331,0.598348440050364,0.574254586032215
1998-04-10,0.544251968503937,0.595903812172848,0.572673554914054
1998-04-11,0.544251968503937,0.605685683737645,0.594566701310852
1998-04-12,0.60888188976378,0.667268035365839,0.705564466753412
1998-04-13,0.632692913385827,0.764605528619435,0.814062140255469
1998-04-14,0.802771653543307,0.933511780661847,1.02913824833154
1998-04-15,0.816377952755906,0.830316225506114,0.889451920313283
1998-04-16,0.697322834645669,0.671328172886631,0.676990617756824
1998-04-17,0.612283464566929,0.616337316436662,0.603930359645096
1998-04-18,0.585070866141732,0.603049732023792,0.58663058248109
1998-04-19,0.557858267716535,0.596436148782502,0.578692099148284
1998-04-20,0.534047244094488,0.592371630803433,0.574097085798733
1998-04-21,0.544251968503937,0.59382788011936,0.571336868221535
1998-04-22,0.551055118110236,0.606982237457484,0.569654223519445
1998-04-23,0.537448818897638,0.601060555523138,0.567855706171236
1998-04-24,0.523842519685039,0.587896015716446,0.56589611977442
1998-04-25,0.500031496062992,0.582066875693924,0.56417924002678
1998-04-26,0.52044094488189,0.579632747811276,0.562527901952108
1998-04-27,0.513637795275591,0.577648600446929,0.560938368761729
1998-04-28,0.554456692913386,0.615183291760978,0.593971388319886
1998-04-29,0.622488188976378,0.782792816901178,0.738992630487814
1998-04-30,0.523842519685039,0.74705842294751,0.706988909261915
1998-05-01,0.544251968503937,0.805128896961895,0.770572631713183
1998-05-02,3.38796850393701,2.11338867786888,1.82066122127158
1998-05-03,3.91181102362205,3.29367858460686,2.03079541177892
1998-05-04,1.2687874015748,1.87285759792971,1.18107117218346
1998-05-05,0.915023622047244,0.989954250656202,0.789076129247265
1998-05-06,0.755149606299213,0.754567463871646,0.645481891321661
1998-05-07,0.666708661417323,0.648599798497667,0.601535468230242
1998-05-08,0.588472440944882,0.623372517100845,0.586292725461124
1998-05-09,0.557858267716535,0.608593774068721,0.577109979926726
1998-05-10,0.527244094488189,0.599034559486052,0.571094079704715
1998-05-11,0.530645669291339,0.592503192932883,0.566972613321891
1998-05-12,0.540850393700787,0.587775932130025,0.563988671150179
1998-05-13,0.534047244094488,0.584209443006319,0.561736464040401
1998-05-14,0.503433070866142,0.581524196560246,0.560043926243135
1998-05-15,0.489826771653543,0.579625152596067,0.558858342500075
1998-05-16,0.493228346456693,0.578210712761403,0.557977735856256
1998-05-17,0.472818897637795,0.577112076896146,0.557298079451022
1998-05-18,0.486425196850394,0.576335824924212,0.55685949986868
1998-05-19,0.493228346456693,0.575772513245761,0.556577645948521
1998-05-20,0.479622047244094,0.575110274543952,0.556168372085656
1998-05-21,0.493228346456693,0.579228683403193,0.555665428517789
1998-05-22,0.500031496062992,0.596644321456461,0.555319160359523
1998-05-23,0.479622047244094,0.591098603296216,0.555023052903843
1998-05-24,0.476220472440945,0.577020378394195,0.554658640946992
1998-05-25,0.496629921259843,0.572178414604175,0.554270601266785
1998-05-26,0.493228346456693,0.57151118419585,0.553909975719489
1998-05-27,0.489826771653543,0.571184997347172,0.553587451801662
1998-05-28,0.486425196850394,0.570824931698667,0.553245582927529
1998-05-29,0.486425196850394,0.570408198573299,0.554364415333211
1998-05-30,0.489826771653543,0.570058894788735,0.559442232331789
1998-05-31,0.486425196850394,0.56972675509141,0.55824620089349
1998-06-01,0.506834645669291,0.569387638295304,0.556398925756429
1998-06-02,0.496629921259843,0.569051154093514,0.554081457192875
1998-06-03,0.615685039370079,0.568763478161377,0.551863895603659
1998-06-04,0.503433070866142,0.568472536506597,0.551074974917841
1998-06-05,0.500031496062992,0.568121889630281,0.550838351639417
1998-06-06,0.479622047244094,0.567736228276563,0.550601808220271
1998-06-07,0.69051968503937,0.593494287256481,0.574182156032354
1998-06-08,0.738141732283465,0.700793112067825,0.670869043215699
1998-06-09,0.629291338582677,0.674401167123641,0.64660706674472
1998-06-10,0.496629921259843,0.601881764084962,0.579077919881706
1998-06-11,0.534047244094488,0.655852299561035,0.618050350338001
1998-06-12,0.969448818897638,0.911104344213091,0.873170520211918
1998-06-13,1.15653543307087,0.990688105742028,1.13350695052806
1998-06-14,0.673511811023622,0.776189757887933,0.898143450276143
1998-06-15,0.523842519685039,0.628149683307812,0.65374252369696
1998-06-16,0.561259842519685,0.609237299591618,0.592449760881647
1998-06-17,0.60888188976378,0.645440972228513,0.61178764089955
1998-06-18,0.513637795275591,0.621136916677936,0.593193746251841
1998-06-19,0.493228346456693,0.583024520058799,0.564583021695401
1998-06-20,0.466015748031496,0.569995222395077,0.554339448418629
1998-06-21,0.438803149606299,0.567517604103385,0.552076309873003
1998-06-22,0.449007874015748,0.566438959338201,0.551004594223382
1998-06-23,0.493228346456693,0.565870523969319,0.550439041027436
1998-06-24,0.486425196850394,0.565559056085601,0.550142678052035
1998-06-25,0.483023622047244,0.565338282498988,0.549932386613633
1998-06-26,0.534047244094488,0.582894908686871,0.571752875230503
1998-06-27,1.41845669291339,0.65393370759333,0.659818354782283
1998-06-28,0.772157480314961,0.642241397507393,0.637719641378131
1998-06-29,0.656503937007874,0.588433115461242,0.572252873760314
1998-06-30,0.527244094488189,0.566738955613358,0.550522665888861
1998-07-01,0.496629921259843,0.566826279586802,0.549964113695594
1998-07-02,0.52044094488189,0.577987960132083,0.555218714540086
1998-07-03,0.585070866141732,0.575671575312499,0.554664715173852
1998-07-04,0.557858267716535,0.570938761696004,0.554478475791777
1998-07-05,0.496629921259843,0.566958989905213,0.551998233098785
1998-07-06,0.483023622047244,0.563760257282721,0.548931147225245
1998-07-07,0.483023622047244,0.572558484789607,0.562274883449003
1998-07-08,0.741543307086614,0.619467381675836,0.632784019944098
1998-07-09,0.649700787401575,0.647186010146931,0.678317460057498
1998-07-10,0.537448818897638,0.608334371851215,0.620233095128988
1998-07-11,0.530645669291339,0.571562662986901,0.564189885184932
1998-07-12,0.503433070866142,0.561842495218092,0.548874918260226
1998-07-13,0.486425196850394,0.569327603943613,0.553385031394384
1998-07-14,0.561259842519685,0.600165385945708,0.576098607638554
1998-07-15,0.581669291338583,0.591343318115554,0.569355232233479
1998-07-16,0.506834645669291,0.569660614230047,0.554487714119773
1998-07-17,0.551055118110236,0.567704617327545,0.557478382819226
1998-07-18,0.476220472440945,0.565495127047883,0.554567501647625
1998-07-19,0.425196850393701,0.561226879534858,0.548079477674966
1998-07-20,0.418393700787402,0.55977685242696,0.545907566873644
1998-07-21,0.438803149606299,0.559584076191177,0.545670518865424
1998-07-22,0.574866141732283,0.559511861179579,0.545603190750518
1998-07-23,0.523842519685039,0.55942471256806,0.545542722506601
1998-07-24,0.510236220472441,0.559291639584478,0.545457954220769
1998-07-25,0.676913385826772,0.566592994646002,0.55119816952222
1998-07-26,0.636094488188976,0.594289892037393,0.572733207913821
1998-07-27,0.632692913385827,0.59746461648291,0.579580787287572
1998-07-28,0.727937007874016,0.618948062979358,0.613706478792635
1998-07-29,0.615685039370079,0.60002611455991,0.594386448172595
1998-07-30,0.568062992125984,0.567524052945258,0.556084253221091
1998-07-31,0.574866141732283,0.557159161659589,0.543800221924216
1998-08-01,0.564661417322835,0.578598530001923,0.55680188419552
1998-08-02,0.986456692913386,0.666636448401114,0.60964088340595
1998-08-03,0.479622047244094,0.644253422211698,0.595333528007524
1998-08-04,0.421795275590551,0.579358173989882,0.55606025548287
1998-08-05,0.408188976377953,0.557892467922799,0.543292220058589
1998-08-06,0.394582677165354,0.555860670313203,0.542371795663887
1998-08-07,0.384377952755905,0.555600451792056,0.542397418598813
1998-08-08,0.374173228346457,0.555529691896724,0.542451265649816
1998-08-09,0.377574803149606,0.555516360617686,0.542489805638782
1998-08-10,0.34696062992126,0.55550478680407,0.542499792650437
1998-08-11,0.353763779527559,0.555476761033931,0.54248241173017
1998-08-12,0.350362204724409,0.555427492773395,0.542439952420803
1998-08-13,0.408188976377953,0.555370831220179,0.542382257040974
1998-08-14,0.391181102362205,0.55529650701214,0.542310954410439
1998-08-15,0.384377952755905,0.555179010272762,0.542212667474625
1998-08-16,0.367370078740158,0.555022335341883,0.542087708474952
1998-08-17,0.353763779527559,0.554846056227785,0.541948126551504
1998-08-18,0.34696062992126,0.554661444828985,0.541802005834203
1998-08-19,0.374173228346457,0.554476238191536,0.541655683274315
1998-08-20,0.367370078740158,0.554285227479286,0.541504520131328
1998-08-21,0.370771653543307,0.555606977857959,0.543462816084381
1998-08-22,0.397984251968504,0.563482902299229,0.551627962956711
1998-08-23,0.425196850393701,0.570975839372591,0.551406091422477
1998-08-24,0.479622047244094,0.570992083998458,0.551107215831425
1998-08-25,0.510236220472441,0.589656119385314,0.57169067067912
1998-08-26,0.445606299212598,0.57919972604411,0.563787252570415
1998-08-27,0.421795275590551,0.558129062038367,0.545021862005464
1998-08-28,0.401385826771654,0.551482010062732,0.53910402198333
1998-08-29,0.411590551181102,0.551178312680825,0.538877884089337
1998-08-30,0.404787401574803,0.551285225873623,0.539005467538847
1998-08-31,0.414992125984252,0.551343155549018,0.539081270622597
1998-09-01,0.414992125984252,0.551350416851556,0.539108182139663
1998-09-02,0.418393700787402,0.551314164890958,0.539094297580907
1998-09-03,0.438803149606299,0.556140198352401,0.542457024477103
1998-09-04,0.51703937007874,0.577282966820606,0.555544904058521
1998-09-05,0.622488188976378,0.603653539741907,0.572806233008173
1998-09-06,0.765354330708661,0.665414889073504,0.635383276344784
1998-09-07,0.510236220472441,0.631215548018959,0.611041608389682
1998-09-08,0.455811023622047,0.569992227828864,0.555764317686759
1998-09-09,0.442204724409449,0.550681525895617,0.538001913680247
1998-09-10,0.442204724409449,0.588239512444233,0.56603276609039
1998-09-11,1.02727559055118,0.879291773102527,0.785922705541154
1998-09-12,2.04774803149606,1.53045201182155,1.32851214931208
1998-09-13,1.62595275590551,1.34971109713271,1.33672451379925
1998-09-14,0.86059842519685,0.860039234965774,0.89409023628838
1998-09-15,0.700724409448819,0.700942387057037,0.703391535870121
1998-09-16,0.636094488188976,0.696556237391207,0.713459521200866
1998-09-17,0.649700787401575,0.715305783499247,0.760438443513372
1998-09-18,0.921826771653543,0.865022312137895,1.01604464026324
1998-09-19,0.799370078740158,0.779416851523853,0.885374956503269
1998-09-20,0.632692913385827,0.632980254460203,0.65866050500766
1998-09-21,0.551055118110236,0.581612796266755,0.5805132062143
1998-09-22,0.523842519685039,0.570497205180107,0.563404144349835
1998-09-23,0.500031496062992,0.565844999309317,0.556505801781393
1998-09-24,0.489826771653543,0.563233393386311,0.552857032739634
1998-09-25,0.486425196850394,0.561596170538976,0.550738115361097
1998-09-26,0.462614173228347,0.57157018262236,0.562549216915615
1998-09-27,0.51703937007874,0.612968447915876,0.611996440622374
1998-09-28,0.564661417322835,0.601801790593349,0.598928847155236
1998-09-29,0.51703937007874,0.57088940085064,0.562367481848979
1998-09-30,0.503433070866142,0.623159085468716,0.605839184204112
1998-10-01,0.996661417322835,0.977365356228655,0.974093404011148
1998-10-02,1.07829921259843,1.18779283530728,1.49314175175728
1998-10-03,0.812976377952756,0.928866163399544,1.16363138746453
1998-10-04,0.758551181102362,0.839952273456517,0.890940763667809
1998-10-05,0.819779527559055,0.838131429866981,0.865603273377432
1998-10-06,0.704125984251968,0.718814825819469,0.755954665461297
1998-10-07,0.758551181102362,0.822029037730288,0.984394060621073
1998-10-08,2.09537007874016,1.82944368017912,2.52383195523199
1998-10-09,1.20755905511811,1.53125152861605,1.93255144895533
1998-10-10,0.833385826771654,0.877905878895621,0.98266710310797
1998-10-11,0.687118110236221,0.700695460309704,0.746709741979934
1998-10-12,0.673511811023622,0.664315503875163,0.675276904264619
1998-10-13,0.632692913385827,0.659720856501945,0.715730434430329
1998-10-14,0.60207874015748,0.633021818668668,0.680439433879529
1998-10-15,0.588472440944882,0.646749867656365,0.656444484637098
1998-10-16,0.588472440944882,0.705246655446047,0.701945664657689
1998-10-17,0.547653543307087,0.729572151722303,0.725634240290022
1998-10-18,0.636094488188976,0.921739043281961,0.900115623904838
1998-10-19,0.816377952755906,0.846169177105319,0.829339055826442
1998-10-20,0.60888188976378,0.678158090233746,0.675314450761986
1998-10-21,0.561259842519685,0.617376777766222,0.618644263539753
1998-10-22,0.544251968503937,0.602947393937797,0.604233835006442
1998-10-23,0.510236220472441,0.646965711503408,0.640806276245042
1998-10-24,0.561259842519685,1.05009327298491,1.01643934272769
1998-10-25,1.3300157480315,2.09493877641445,2.13011308342135
1998-10-26,1.54091338582677,2.03839782164259,2.08766051514694
1998-10-27,1.16333858267717,1.4584289474119,1.5670711324446
1998-10-28,1.00346456692913,1.32433502036498,1.73148388959848
1998-10-29,3.94582677165354,2.97252773939695,4.5950687556794
1998-10-30,3.4355905511811,5.40375276191613,7.06616707191763
1998-10-31,1.78582677165354,3.87518749959007,4.83123923354056
1998-11-01,2.02393700787402,2.86430757366254,3.50769834949992
1998-11-02,1.89467716535433,1.86635140032213,2.09883577954701
1998-11-03,1.3028031496063,1.63636552197788,1.73853023865133
1998-11-04,3.0444094488189,4.00041246255429,4.16002660728055
1998-11-05,3.22129133858268,3.47614280704747,3.55952820455066
1998-11-06,1.41505511811024,1.71639188653389,1.76310460581798
1998-11-07,1.08850393700787,1.08477984806515,1.12068124911495
1998-11-08,0.904818897637795,1.09464453288716,1.14074170874855
1998-11-09,1.46267716535433,2.29074262070116,2.38364734663722
1998-11-10,2.6328188976378,3.16532720570687,3.28873141442814
1998-11-11,3.63968503937008,4.31392922980265,4.35282291627066
1998-11-12,1.7416062992126,2.62406969253519,2.60721438407483
1998-11-13,1.23817322834646,1.34616867129157,1.3529040646528
1998-11-14,1.09870866141732,1.15407938407373,1.15856141394767
1998-11-15,1.34022047244094,2.05816277047946,1.95392055263378
1998-11-16,2.1259842519685,3.24720920022115,3.13665521239847
1998-11-17,2.67363779527559,2.79304006175176,2.9989745159085
1998-11-18,1.44566929133858,1.65406220503472,1.8066504319044
1998-11-19,1.11911811023622,1.12828437719103,1.18149484484569
1998-11-20,0.955842519685039,0.954315969250647,0.9896354258847
1998-11-21,0.86059842519685,0.894198773837705,0.919913108261095
1998-11-22,0.782362204724409,0.865245152861212,0.888187368215424
1998-11-23,0.734740157480315,0.846675949124752,0.86791074590688
1998-11-24,0.700724409448819,0.833267281516319,0.853276902227912
1998-11-25,0.670110236220472,0.822764411956914,0.841801245515525
1998-11-26,0.639496062992126,0.819780401982463,0.83220445600914
1998-11-27,0.683716535433071,0.895232455838899,0.878625855593625
1998-11-28,0.826582677165354,1.15653364773121,1.1162730704053
1998-11-29,0.812976377952756,1.10349703743816,1.09418302007123
1998-11-30,0.802771653543307,0.92196982928297,0.932830206981128
1998-12-01,0.741543307086614,0.84260386328331,0.854903314525581
1998-12-02,0.707527559055118,0.816286879172429,0.828163048503479
1998-12-03,0.666708661417323,0.802033997750737,0.813924061329047
1998-12-04,0.646299212598425,0.792006382993948,0.803794634569355
1998-12-05,0.629291338582677,0.784230610681269,0.795824289774032
1998-12-06,0.625889763779528,0.777876662470065,0.789233369117654
1998-12-07,0.625889763779528,0.772484649630389,0.783587522355629
1998-12-08,0.60207874015748,0.767646259768609,0.778485641300893
1998-12-09,0.598677165354331,0.763114594085035,0.773684753949841
1998-12-10,0.636094488188976,0.767257439852573,0.769133698285666
1998-12-11,0.653102362204724,0.898565942590458,0.770354127665855
1998-12-12,1.17694488188976,1.84900644853779,1.08035205650378
1998-12-13,3.77574803149606,4.38531304054453,3.43267174537832
1998-12-14,3.02059842519685,3.87546712250505,4.65300365301884
1998-12-15,1.53070866141732,2.27937451834247,2.89054745484318
1998-12-16,1.16333858267717,1.49035535016574,1.68907852567886
1998-12-17,0.976251968503937,1.16142515936967,1.23005789924398
1998-12-18,0.887811023622047,0.986298816066798,1.01898812843729
1998-12-19,0.833385826771654,0.952516193103205,0.958227487166155
1998-12-20,0.809574803149606,1.05469667794097,1.01484478591876
1998-12-21,0.792566929133858,1.04497184332894,1.02813521436201
1998-12-22,0.738141732283465,0.933055926361346,0.939687557720186
1998-12-23,0.717732283464567,0.860139781095434,0.86737942652202
1998-12-24,0.663307086614173,0.83144656367539,0.837489079159939
1998-12-25,0.680314960629921,0.820996303464765,0.829575524717783
1998-12-26,0.666708661417323,0.839315328380725,0.861741163340145
1998-12-27,0.680314960629921,0.88524316299602,0.924794519288146
1998-12-28,0.704125984251968,0.871061960947295,0.911579572726711
1998-12-29,0.663307086614173,0.827465470803171,0.852927545527623
1998-12-30,0.642897637795276,0.802979137892593,0.81729315743229
1998-12-31,0.639496062992126,0.792422414633637,0.802732914027805
1999-01-01,0.619086614173228,0.785513700436214,0.794317914402762
1999-01-02,0.60548031496063,0.782096349104677,0.78991874184012
1999-01-03,0.619086614173228,0.794318525978525,0.805604242170785
1999-01-04,0.663307086614173,0.82800621333701,0.858420754696327
1999-01-05,0.625889763779528,0.839371745855143,0.87312066570022
1999-01-06,0.598677165354331,0.807759077182543,0.828591285871713
1999-01-07,0.60548031496063,0.908084166119742,0.975528781150696
1999-01-08,0.744944881889764,1.61578896552589,2.06585506121223
1999-01-09,0.898015748031496,1.68866088406607,2.08927743942961
1999-01-10,0.785763779527559,1.21577083991963,1.35436045083683
1999-01-11,0.734740157480315,0.947935983823851,1.01269023281319
1999-01-12,0.69051968503937,0.869521757731334,0.902331955396023
1999-01-13,0.663307086614173,0.828895481854115,0.854202373118421
1999-01-14,0.639496062992126,0.817311724589648,0.839353128730347
1999-01-15,0.659905511811024,0.878447352181507,0.905826312254662
1999-01-16,0.670110236220472,0.877556975976956,0.904601550698521
1999-01-17,0.663307086614173,0.821245642364765,0.842509627738317
1999-01-18,0.656503937007874,0.785374211470359,0.80288855451964
1999-01-19,0.615685039370079,0.771498237988469,0.787544236653815
1999-01-20,0.585070866141732,0.763736474834945,0.778988856453146
1999-01-21,0.574866141732283,0.75737316581635,0.771976388679257
1999-01-22,0.581669291338583,0.751933322754595,0.765991582578982
1999-01-23,0.578267716535433,0.74728562017602,0.760887281961585
1999-01-24,0.585070866141732,0.743159118848357,0.756357017537773
1999-01-25,0.588472440944882,0.739502340737911,0.752324186100975
1999-01-26,0.60548031496063,0.867693418480041,0.873913251358856
1999-01-27,0.969448818897638,1.63334019840277,1.59887112066593
1999-01-28,1.04088188976378,1.79302859935195,1.82757974168415
1999-01-29,1.11571653543307,1.66542328196586,1.82236447495306
1999-01-30,0.874204724409449,1.24714722900044,1.3502906913017
1999-01-31,0.755149606299213,0.939944703797266,0.983143598295003
1999-02-01,0.710929133858268,0.826165798516886,0.848125408468451
1999-02-02,0.666708661417323,0.79198557248078,0.809309530705985
1999-02-03,0.653102362204724,0.785624358068649,0.811376464796354
1999-02-04,0.649700787401575,0.849521026394491,0.927683789771723
1999-02-05,1.15313385826772,1.08105369800994,1.20062764368079
1999-02-06,1.60214173228346,1.61745480673515,1.67033091721964
1999-02-07,1.12592125984252,1.41677106942127,1.43370306066476
1999-02-08,1.01707086614173,1.0098641677468,1.03135986613935
1999-02-09,0.911622047244095,0.848956009051437,0.867607765772237
1999-02-10,0.802771653543307,0.802051661594513,0.817982708454381
1999-02-11,0.792566929133858,0.780989797563054,0.795807611643675
1999-02-12,0.744944881889764,0.768138175169792,0.782272743000844
1999-02-13,0.704125984251968,0.759441546801472,0.773077149877511
1999-02-14,0.659905511811024,0.75285472324479,0.766084435754988
1999-02-15,0.632692913385827,0.747541058068603,0.760423566668677
1999-02-16,0.619086614173228,0.742939771513299,0.755562914734874
1999-02-17,0.629291338582677,0.738754835295821,0.751340420247395
1999-02-18,0.636094488188976,0.736837243522807,0.74756708030596
1999-02-19,0.789165354330709,1.22517914126737,1.21120995229969
1999-02-20,5.64661417322835,6.13951830428659,5.61561415029065
1999-02-21,11.3272440944882,9.04519239210168,7.12717014816632
1999-02-22,7.00724409448819,7.05489103262746,5.37877795348171
1999-02-23,3.4355905511811,3.14635126702028,2.62512601451775
1999-02-24,1.88447244094488,1.47965211580707,1.36308529286029
1999-02-25,1.53751181102362,1.12321351747997,1.07579928369304
1999-02-26,1.34022047244094,0.994918324317354,0.986786585295197
1999-02-27,1.3096062992126,1.06209317369964,1.12214858116118
1999-02-28,1.42185826771654,1.34199195888206,1.27043300243286
1999-03-01,1.2891968503937,1.56750994469361,1.37115843804372
1999-03-02,1.80963779527559,2.16073681880026,1.89005084357485
1999-03-03,2.1395905511811,2.03442700698323,1.85705766861178
1999-03-04,1.45247244094488,1.50623476764503,1.40755817662778
1999-03-05,1.35722834645669,1.5424000576893,1.39020847690501
1999-03-06,1.40144881889764,1.32728058673835,1.23685155454817
1999-03-07,1.06809448818898,1.06861841880811,1.03138038782608
1999-03-08,1.00006299212598,1.28164603938645,1.22919033509142
1999-03-09,1.99332283464567,3.05536552365289,2.89626248171645
1999-03-10,2.42192125984252,2.74424525417923,2.75190320327218
1999-03-11,1.99332283464567,2.33713307297504,2.19643321976778
1999-03-12,1.67357480314961,1.6747400591857,1.54660003379097
1999-03-13,1.30620472440945,1.19072730651604,1.13868787367063
1999-03-14,1.15653543307087,1.01709950433941,0.981589661072435
1999-03-15,1.05448818897638,0.950320804762784,0.925216363827907
1999-03-16,1.00346456692913,0.916326081995149,0.894122783123549
1999-03-17,0.915023622047244,0.893570477591815,0.873203745377938
1999-03-18,0.884409448818898,0.876926948642117,0.85789835997125
1999-03-19,0.891212598425197,0.876941805039876,0.858705926843699
1999-03-20,0.901417322834646,0.917856319650243,0.899097926270413
1999-03-21,0.884409448818898,0.906385916067948,0.88380761585581
1999-03-22,0.898015748031496,0.915279438879942,0.894172445449212
1999-03-23,0.94903937007874,1.0449732796423,1.11491428745895
1999-03-24,0.979653543307087,1.14090212723347,1.24189591001023
1999-03-25,0.881007874015748,1.02090662334731,1.06177472365243
1999-03-26,0.836787401574803,0.897284073226417,0.902033683450289
1999-03-27,0.823181102362205,0.848296053556849,0.843006888355428
1999-03-28,0.795968503937008,0.828637814506059,0.820075990163387
1999-03-29,0.768755905511811,0.816353149752521,0.806312512574996
1999-03-30,0.741543307086614,0.806871784552336,0.796231871438229
1999-03-31,0.748346456692914,0.798404508600427,0.787590631915859
1999-04-01,0.721133858267717,0.790149025219367,0.779401613643306
1999-04-02,0.721133858267717,0.781995734687515,0.771465160060552
1999-04-03,0.700724409448819,0.7746802082906,0.764479794646367
1999-04-04,0.748346456692914,0.80504521546645,0.811338207747086
1999-04-05,0.857196850393701,0.951118300577541,1.03805674215518
1999-04-06,0.772157480314961,1.05484782462887,1.09021635054639
1999-04-07,1.18714960629921,1.71258323244618,1.41497620037876
1999-04-08,1.66337007874016,1.91761450760377,1.51273147067218
1999-04-09,1.08850393700787,1.31801924277059,1.13907806694615
1999-04-10,0.918425196850394,0.97156697895377,0.891806708571934
1999-04-11,0.853795275590551,0.883755737810797,0.84423183950004
1999-04-12,0.969448818897638,1.02027493079196,0.949821865275528
1999-04-13,0.94903937007874,1.05249803157168,0.959202124996074
1999-04-14,1.17694488188976,1.19932851840542,1.07648883948177
1999-04-15,1.08170078740157,1.1072849497366,1.01276717258275
1999-04-16,0.955842519685039,1.1527807335252,1.07196577105103
1999-04-17,1.43886614173228,1.48168346622673,1.52958835474708
1999-04-18,1.7348031496063,1.34627975636714,1.43478936673938
1999-04-19,1.85385826771654,1.32591525923199,1.2449126682234
1999-04-20,1.58513385826772,1.19693385950783,1.05984960818324
1999-04-21,1.3096062992126,0.995042077587865,0.912540852046348
1999-04-22,1.18374803149606,0.94777746973398,0.888055789692794
1999-04-23,0.993259842519685,0.889727901051673,0.846680999564717
1999-04-24,0.908220472440945,0.839483225868437,0.878915437104111
1999-04-25,0.904818897637795,0.852284549862712,1.2191360447494
1999-04-26,0.877606299212599,0.829996083252064,1.13087970505644
1999-04-27,0.846992125984252,0.793348773638445,0.887624897297502
1999-04-28,0.826582677165354,0.775826371991219,0.796481819939591
1999-04-29,0.792566929133858,0.766725467362636,0.770675876929993
1999-04-30,0.755149606299213,0.758630199814904,0.755998284177156
1999-05-01,0.748346456692914,0.751698280059401,0.745864444171268
1999-05-02,0.734740157480315,0.745656184978174,0.738315489072241
1999-05-03,0.768755905511811,0.739944942898884,0.73195389095478
1999-05-04,0.755149606299213,0.734607910308473,0.726388028114529
1999-05-05,0.748346456692914,0.738038895102904,0.722410520631747
1999-05-06,0.77555905511811,0.784147590061341,0.731615672255472
1999-05-07,0.836787401574803,0.856510693145792,0.771760752512346
1999-05-08,0.918425196850394,0.874444705340766,0.804962056245817
1999-05-09,0.962645669291339,1.06085721260507,0.968520772280001
1999-05-10,0.840188976377953,1.02515406253976,0.9291630120928
1999-05-11,0.942236220472441,1.22211997292829,0.998545230238011
1999-05-12,2.22122834645669,2.4194362023944,1.89286449421898
1999-05-13,3.20428346456693,2.88523028093414,2.31400635107607
1999-05-14,2.04094488188976,2.06388475571984,1.70832594438843
1999-05-15,2.25864566929134,1.58959362726102,1.34928517091996
1999-05-16,1.46607874015748,1.16476674410586,1.04230450325043
1999-05-17,1.16674015748032,0.923841716474276,0.854927953246612
1999-05-18,1.04768503937008,0.81510354638821,0.779072626758058
1999-05-19,0.942236220472441,0.782888050568732,0.754262122835185
1999-05-20,0.938834645669291,0.866663209696182,0.84112030684553
1999-05-21,3.4355905511811,2.48338756614574,2.38160746014053
1999-05-22,10.4768503937008,9.63495055498044,9.13502903148996
1999-05-23,7.7896062992126,5.91382254153962,5.8187617172564
1999-05-24,2.12258267716535,2.11411147293625,2.11981953604954
1999-05-25,1.51370078740157,1.22280245442738,1.20688766376261
1999-05-26,1.33341732283465,0.995830389506764,0.975580165243767
1999-05-27,1.16333858267717,0.890777653030747,0.868370709539779
1999-05-28,1.05448818897638,0.852008522104866,0.830809006417626
1999-05-29,0.95244094488189,0.826261789725886,0.80633523645594
1999-05-30,0.911622047244095,0.807875725957915,0.789057445724046
1999-05-31,0.904818897637795,0.794352420291374,0.776280307258325
1999-06-01,0.928629921259843,0.784621360877822,0.766673813503519
1999-06-02,0.904818897637795,0.838093185722139,0.807551447972172
1999-06-03,1.31300787401575,1.15568007844993,1.03866370911863
1999-06-04,1.14633070866142,1.28631599873492,1.09841158774451
1999-06-05,1.03748031496063,1.03587121076422,0.921407147379865
1999-06-06,0.921826771653543,0.912031116722076,0.846116119034397
1999-06-07,1.07489763779528,1.09129751289541,0.982986514335425
1999-06-08,1.29259842519685,1.1196986227501,0.985979915668186
1999-06-09,1.49329133858268,1.38123138429636,1.0811271547608
1999-06-10,1.03067716535433,1.37955988098645,1.09705946135297
1999-06-11,1.62935433070866,1.82735140588223,1.44815529712976
1999-06-12,1.29940157480315,1.48273954171136,1.25202320485728
1999-06-13,1.03067716535433,1.0208626663595,0.919524220430937
1999-06-14,1.08170078740157,0.865665806206543,0.803924895218201
1999-06-15,0.945637795275591,0.811805796644171,0.7747811877464
1999-06-16,0.86059842519685,0.792081574942518,0.760614712249751
1999-06-17,0.816377952755906,0.793959685395349,0.762323641917809
1999-06-18,0.921826771653543,0.840106836158638,0.796176873944195
1999-06-19,0.894614173228346,0.821775878772241,0.782474034095729
1999-06-20,0.816377952755906,0.817878779825519,0.770940095330371
1999-06-21,1.02727559055118,0.992940079107207,0.848303526378793
1999-06-22,1.35382677165354,1.11247962797357,0.888191628571268
1999-06-23,1.11571653543307,0.962152346927593,0.819108729719614
1999-06-24,0.874204724409449,0.822673319476264,0.75830682704353
1999-06-25,0.792566929133858,0.776327643675741,0.738218997109188
1999-06-26,0.765354330708661,0.762104511132285,0.731749047928481
1999-06-27,0.758551181102362,0.754472056579311,0.727932508963362
1999-06-28,0.765354330708661,0.749862875417641,0.725463244902788
1999-06-29,0.727937007874016,0.746699760876438,0.723630985727005
1999-06-30,0.724535433070866,0.747723989359872,0.724364432006453
1999-07-01,0.77555905511811,0.759300406586383,0.732028356170097
1999-07-02,0.687118110236221,0.753308354103721,0.727777179547325
1999-07-03,0.666708661417323,0.740667437158335,0.718967162420678
1999-07-04,0.656503937007874,0.73467073711527,0.714676279478415
1999-07-05,0.676913385826772,0.796231499270343,0.769117108386623
1999-07-06,1.37423622047244,1.10607113876719,1.03547022064242
1999-07-07,0.904818897637795,1.07704194982239,0.999999408279762
1999-07-08,0.894614173228346,0.924793936241637,0.825718833592421
1999-07-09,0.891212598425197,0.87414708723022,0.796737772386921
1999-07-10,1.17014173228346,1.02694541142715,0.980608854784918
1999-07-11,1.52050393700787,1.24917887972987,1.30413125447305
1999-07-12,2.10217322834646,1.67910479802586,2.34045986946112
1999-07-13,1.99672440944882,1.79384444815857,2.41295925362297
1999-07-14,1.6939842519685,1.74404719638947,1.71948238340818
1999-07-15,2.37089763779528,1.39483264596939,1.17345219828813
1999-07-16,1.48648818897638,1.02527786082159,0.920315528569037
1999-07-17,1.43206299212598,0.854986750169602,0.797255906118097
1999-07-18,1.02727559055118,0.789986202549803,0.763136822553592
1999-07-19,0.915023622047244,0.784711553503158,0.764164532446803
1999-07-20,1.04088188976378,0.836558002969381,0.822671639855102
1999-07-21,0.962645669291339,0.814196020689713,0.801472204312465
1999-07-22,0.836787401574803,0.803197869932518,0.771256868008023
1999-07-23,1.00006299212598,0.964922393333007,0.855215213183774
1999-07-24,1.14973228346457,1.06287815224559,1.01264281297252
1999-07-25,0.870803149606299,0.921599659255181,0.923104376284239
1999-07-26,0.816377952755906,0.796143042139339,0.786383977847785
1999-07-27,0.768755905511811,0.754807747922326,0.738171268659448
1999-07-28,0.731338582677165,0.742154099737841,0.725637283378589
1999-07-29,0.704125984251968,0.735217421498152,0.719205055739853
1999-07-30,0.704125984251968,0.73054201866632,0.714923476420249
1999-07-31,0.659905511811024,0.726984918882768,0.711697288228386
1999-08-01,0.646299212598425,0.724062718322878,0.709063238098816
1999-08-02,0.636094488188976,0.721582070141409,0.706834842740857
1999-08-03,0.636094488188976,0.719473744404469,0.704938811305887
1999-08-04,0.666708661417323,0.717716523227582,0.703340484298902
1999-08-05,0.666708661417323,0.724928064633443,0.70416823378193
1999-08-06,0.877606299212599,0.756588501690314,0.71112033889943
1999-08-07,0.727937007874016,0.746515287579366,0.707788442463645
1999-08-08,0.663307086614173,0.720750596803169,0.70060617302926
1999-08-09,0.734740157480315,0.71163359022315,0.697560817433953
1999-08-10,0.751748031496063,0.710077160500357,0.696501393436682
1999-08-11,0.785763779527559,0.740070572319665,0.720169867092728
1999-08-12,0.945637795275591,0.868485466476056,0.819336743733382
1999-08-13,0.761952755905512,0.838006029670092,0.794436300378043
1999-08-14,0.69051968503937,0.743078052797681,0.719783672896292
1999-08-15,0.687118110236221,0.710525782011493,0.694443126551799
1999-08-16,0.670110236220472,0.739990424127307,0.715565413282972
1999-08-17,0.864,0.878721484571565,0.811324486313146
1999-08-18,0.77555905511811,0.847367970686527,0.788286964633775
1999-08-19,0.748346456692914,0.754990667917212,0.723067616887301
1999-08-20,0.670110236220472,0.717601653155967,0.697183614171017
1999-08-21,0.646299212598425,0.706177898548923,0.689757509104028
1999-08-22,0.629291338582677,0.701763016461271,0.686921209642831
1999-08-23,0.656503937007874,0.699754549286209,0.685580378091307
1999-08-24,0.632692913385827,0.698299973157559,0.684523660485718
1999-08-25,0.629291338582677,0.697096257266532,0.683583357003753
1999-08-26,0.615685039370079,0.695989195688555,0.682668893851323
1999-08-27,0.629291338582677,0.694986306023354,0.68180088102051
1999-08-28,0.656503937007874,0.703978667877044,0.69102303855343
1999-08-29,0.741543307086614,0.740588793132144,0.728193937023726
1999-08-30,0.704125984251968,0.729419230710894,0.716935841438503
1999-08-31,0.666708661417323,0.700309158426564,0.687481275602896
1999-09-01,0.619086614173228,0.690269363158576,0.677444464317878
1999-09-02,0.625889763779528,0.688792148501841,0.676114543960471
1999-09-03,0.612283464566929,0.687961077973879,0.675429782867741
1999-09-04,0.629291338582677,0.687144952250121,0.674744225000127
1999-09-05,0.60207874015748,0.686320008994765,0.67403699484414
1999-09-06,0.619086614173228,0.68548755346146,0.673311251946699
1999-09-07,0.653102362204724,0.684687156504711,0.672593132575884
1999-09-08,0.629291338582677,0.68387539010045,0.671855504038302
1999-09-09,0.595275590551181,0.683013014596021,0.671082337415352
1999-09-10,0.571464566929134,0.682122039168836,0.670290601766187
1999-09-11,0.571464566929134,0.681229431463914,0.669496022653989
1999-09-12,0.534047244094488,0.680342489292707,0.668703175042187
1999-09-13,0.564661417322835,0.679460422980951,0.667912097413649
1999-09-14,0.557858267716535,0.678585418671597,0.66712503486605
1999-09-15,0.547653543307087,0.677719893851132,0.666344272226022
1999-09-16,0.544251968503937,0.676867434645983,0.665573014049319
1999-09-17,0.561259842519685,0.678292879315929,0.66610310966991
1999-09-18,0.598677165354331,0.685695828475396,0.670015113720616
1999-09-19,0.571464566929134,0.682381358519661,0.667838664291597
1999-09-20,0.523842519685039,0.686594181812303,0.671868670582423
1999-09-21,0.680314960629921,0.7272154490441,0.7015196232484
1999-09-22,0.588472440944882,0.714368877270232,0.691764432237555
1999-09-23,0.551055118110236,0.68858641445494,0.673113514187521
1999-09-24,0.585070866141732,0.706438709810401,0.687664779173481
1999-09-25,0.544251968503937,0.71839538424589,0.696514620706127
1999-09-26,0.707527559055118,0.79054284423401,0.749218411954376
1999-09-27,0.819779527559055,0.840737109530273,0.796461199051332
1999-09-28,0.663307086614173,0.814128243812768,0.7656775552266
1999-09-29,0.646299212598425,0.849180108010369,0.760510881660972
1999-09-30,0.69051968503937,0.921095764584895,0.817185561238414
1999-10-01,0.704125984251968,0.857919270138644,0.793708162413306
1999-10-02,0.598677165354331,0.745132899849929,0.713918315773053
1999-10-03,0.663307086614173,0.760373657249686,0.727922411954684
1999-10-04,0.911622047244095,1.05316245436332,0.972745169666895
1999-10-05,0.829984251968504,1.02535849801563,0.94029748893882
1999-10-06,0.687118110236221,0.84490225440703,0.80311248545619
1999-10-07,0.625889763779528,0.740096108950173,0.720134841300483
1999-10-08,0.585070866141732,0.698005209937168,0.680467091661066
1999-10-09,0.622488188976378,0.694266386162742,0.674972550418001
1999-10-10,0.540850393700787,0.687651283624591,0.668482432537609
1999-10-11,0.585070866141732,0.67704132688824,0.660271182972514
1999-10-12,0.619086614173228,0.671727162235874,0.656861593096356
1999-10-13,0.530645669291339,0.669703814019598,0.655624035346871
1999-10-14,0.612283464566929,0.668451586364835,0.654741911760495
1999-10-15,0.554456692913386,0.667394119533158,0.6539619107847
1999-10-16,0.537448818897638,0.666409695796736,0.653214796444249
1999-10-17,0.544251968503937,0.66548268337223,0.652490766259127
1999-10-18,0.537448818897638,0.664600617685419,0.651783320589087
1999-10-19,0.547653543307087,0.663756423223482,0.651089750572983
1999-10-20,0.513637795275591,0.662956368775329,0.650415013682773
1999-10-21,0.52044094488189,0.662145226002712,0.649727145213495
1999-10-22,0.523842519685039,0.661317678042512,0.649037451817249
1999-10-23,0.513637795275591,0.66045992002227,0.648317780959245
1999-10-24,0.523842519685039,0.659624261847897,0.64758619588447
1999-10-25,0.571464566929134,0.666529791601818,0.653825438416664
1999-10-26,0.591874015748032,0.694809969485046,0.679188061185506
1999-10-27,0.588472440944882,0.686122793392242,0.671250261815232
1999-10-28,0.581669291338583,0.704014787345046,0.692958748464598
1999-10-29,0.826582677165354,0.876490247920856,0.869842137077015
1999-10-30,0.761952755905512,0.861822317336479,0.834924628112432
1999-10-31,0.619086614173228,0.743435445902279,0.720320561738052
1999-11-01,0.615685039370079,0.683720094764738,0.670136416031341
1999-11-02,0.622488188976378,0.686696672427389,0.664801102887566
1999-11-03,0.656503937007874,0.773653740889758,0.709225733818228
1999-11-04,0.683716535433071,0.77064136434899,0.703056721360222
1999-11-05,0.642897637795276,0.702248443259743,0.665334230477607
1999-11-06,0.625889763779528,0.68577054088043,0.660672140367236
1999-11-07,0.721133858267717,0.752385220218563,0.712482687063913
1999-11-08,0.666708661417323,0.747793954398013,0.736780197405433
1999-11-09,0.751748031496063,0.948249123798486,0.945627005806286
1999-11-10,3.15666141732283,2.4372311111015,2.11421557084461
1999-11-11,3.13625196850394,2.8655168613964,2.72966893777021
1999-11-12,1.55451968503937,1.64833677713329,1.61361332500153
1999-11-13,1.12932283464567,1.04101534792695,0.981427901813571
1999-11-14,0.938834645669291,0.850326074695132,0.801469001953053
1999-11-15,0.891212598425197,0.797394018168136,0.785516221494872
1999-11-16,0.819779527559055,0.756154081173293,0.750923451882058
1999-11-17,0.765354330708661,0.718518925885649,0.704948223080764
1999-11-18,0.724535433070866,0.703970248128631,0.69026646236257
1999-11-19,0.727937007874016,0.697821291431857,0.683271705497745
1999-11-20,0.700724409448819,0.69346972963044,0.677061828625068
1999-11-21,0.663307086614173,0.690501038141777,0.673634949325017
1999-11-22,0.670110236220472,0.688353703010766,0.671636772396039
1999-11-23,0.649700787401575,0.68992215534766,0.679094541871408
1999-11-24,0.697322834645669,0.722710850319199,0.738036975638921
1999-11-25,0.724535433070866,0.807122378950029,0.852300923254841
1999-11-26,0.761952755905512,0.778638092858565,0.86953648179673
1999-11-27,0.738141732283465,0.7250404256702,0.785302865826917
1999-11-28,0.704125984251968,0.742305920887685,0.765749699285491
1999-11-29,0.673511811023622,0.728048457085538,0.732181867488641
1999-11-30,0.649700787401575,0.698197560310662,0.692950459026545
1999-12-01,0.636094488188976,0.768087656868252,0.722264053702164
1999-12-02,1.12932283464567,1.23610168890537,0.957631206259668
1999-12-03,1.7484094488189,1.50385827645988,1.15196625258609
1999-12-04,1.25858267716535,1.50978317174467,1.29800526627836
1999-12-05,2.27905511811024,2.50942879557918,2.33711494930825
1999-12-06,1.48308661417323,1.8646965066236,1.79399017802744
1999-12-07,1.12251968503937,1.11337501502676,1.06739541432837
1999-12-08,1.05448818897638,1.00379128231772,0.936819411886092
1999-12-09,1.05108661417323,0.928466250628961,0.869682835716676
1999-12-10,0.932031496062992,0.835729266728647,0.799528765650265
1999-12-11,0.823181102362205,0.824734383370729,0.794825535803932
1999-12-12,0.846992125984252,0.904573688991345,0.871858336344734
1999-12-13,0.833385826771654,0.919307680512998,0.914144573238624
1999-12-14,0.94903937007874,1.01009419444026,1.03169499620039
1999-12-15,1.41845669291339,1.38633359000609,1.37698595899437
1999-12-16,1.06809448818898,1.20125893121726,1.17124892026803
1999-12-17,0.887811023622047,0.899041123383168,0.874513213672934
1999-12-18,1.21096062992126,1.26704888973156,1.27886542000856
1999-12-19,5.06834645669291,4.43095468604999,4.74455276893492
1999-12-20,3.70771653543307,3.15069941592115,3.30557266158626
1999-12-21,1.60894488188976,1.41416991822932,1.42974182843776
1999-12-22,1.23817322834646,1.01906023142293,1.01197291262706
1999-12-23,1.03407874015748,0.872848302331564,0.861610757322447
1999-12-24,0.955842519685039,0.827927581486777,0.813790750662971
1999-12-25,1.10891338582677,1.05961533207937,1.03981155168885
1999-12-26,2.70085039370079,2.87358604657515,2.70806468006338
1999-12-27,2.5783937007874,3.86480874453298,3.26423138847874
1999-12-28,2.1259842519685,2.98247725060753,2.64754960947356
1999-12-29,1.48988976377953,1.85239254418129,1.78605014011807
1999-12-30,1.25177952755906,1.22530175603599,1.19841258313367
1999-12-31,1.13952755905512,0.998168451084941,0.973795784702438
2000-01-01,1.05788976377953,0.951157129728718,0.930311525321894
2000-01-02,1.17354330708661,1.09833364105075,1.11270147977629
2000-01-03,1.3300157480315,1.04003575368388,1.1441223109122
2000-01-04,1.15653543307087,0.984742815396375,1.03543388595423
2000-01-05,1.23477165354331,1.25183242929324,1.1312503323702
2000-01-06,1.40144881889764,1.31341868548293,1.14109396769648
2000-01-07,1.08850393700787,1.15486989343989,1.03548561073223
2000-01-08,0.966047244094488,1.02876700025827,0.949983847493334
2000-01-09,0.955842519685039,1.03034563605276,0.951475073830155
2000-01-10,1.13952755905512,1.28332328004758,1.10471398706152
2000-01-11,1.07149606299213,1.20738311068551,1.05610069412842
2000-01-12,0.966047244094488,0.991845552387693,0.917309912878044
2000-01-13,0.915023622047244,0.893239304594395,0.850619864746151
2000-01-14,0.864,0.860148692807091,0.827054929453767
2000-01-15,0.809574803149606,0.843269283298697,0.8143237759406
2000-01-16,0.782362204724409,0.83193547339974,0.805373115307121
2000-01-17,0.792566929133858,0.836830345721403,0.825806834991773
2000-01-18,0.833385826771654,0.958431106537765,0.991405132220956
2000-01-19,1.06469291338583,1.29217477985783,1.22717064806179
2000-01-20,0.928629921259843,1.1803772926142,1.0900990968655
2000-01-21,0.874204724409449,0.968080961181302,0.939634332211685
2000-01-22,0.857196850393701,0.979344052294495,1.04926859971912
2000-01-23,0.870803149606299,1.00677142910865,1.08420921252907
2000-01-24,0.840188976377953,0.925870861584432,0.949928475116959
2000-01-25,0.795968503937008,0.85394756745016,0.849944999202632
2000-01-26,0.782362204724409,0.825849895694191,0.814160836945188
2000-01-27,0.768755905511811,0.813839505061534,0.7996645742005
2000-01-28,0.755149606299213,0.805295054369829,0.78996110158291
2000-01-29,0.77896062992126,0.870272058632592,0.883463347354636
2000-01-30,1.86406299212598,1.37853535319322,1.58310130874439
2000-01-31,2.26885039370079,2.22120323781782,2.47114760176631
2000-02-01,1.44566929133858,1.76688154885517,1.83057403289393
2000-02-02,1.15653543307087,1.2276684525207,1.20082237595503
2000-02-03,1.13272440944882,1.27832405914492,1.12436450454363
2000-02-04,1.05108661417323,1.22527876865243,1.07762147865179
2000-02-05,1.13952755905512,1.38008936943925,1.2114799535117
2000-02-06,1.23137007874016,1.20487415206163,1.1202276356993
2000-02-07,1.06129133858268,0.966151942494515,0.937453829813496
2000-02-08,0.993259842519685,0.99682816341616,0.986024593800152
2000-02-09,1.38784251968504,1.57665844097187,1.61253694138301
2000-02-10,1.51370078740157,1.81619382950748,1.63736205057343
2000-02-11,1.53751181102362,2.17459088155322,1.5512751667986
2000-02-12,1.81303937007874,1.66183924939765,1.25452037950857
2000-02-13,1.30620472440945,1.27549695931424,1.11380700617234
2000-02-14,1.53411023622047,1.5876094544791,1.45188030385798
2000-02-15,1.55792125984252,1.86659095489145,1.59130501506567
2000-02-16,2.25524409448819,2.25444738301172,1.67891330931729
2000-02-17,1.7620157480315,1.78299519477505,1.43247929672228
2000-02-18,1.3232125984252,1.27558669164186,1.14532611805504
2000-02-19,1.39804724409449,1.3281494314091,1.25481003168896
2000-02-20,1.85045669291339,1.49742410706686,1.5092227862884
2000-02-21,1.50349606299213,1.2487899667297,1.27344344917548
2000-02-22,1.2823937007874,1.01094475880117,1.00220136012317
2000-02-23,1.18034645669291,0.941480018414608,0.916706001901775
2000-02-24,1.11231496062992,1.04661473843474,1.00589346243962
2000-02-25,1.32661417322835,1.41813069901228,1.27998329836733
2000-02-26,1.57492913385827,1.74280730450507,1.45493815648311
2000-02-27,1.25858267716535,1.38338167571656,1.19477561665387
2000-02-28,1.13952755905512,1.08280487762229,0.984352494044713
2000-02-29,1.15993700787402,1.17780580228842,1.04407983204733
2000-03-01,1.2619842519685,1.52607955722827,1.32754179168951
2000-03-02,1.53411023622047,1.78061988192912,1.59734593093521
2000-03-03,1.2823937007874,1.52418917425385,1.43917613874522
2000-03-04,1.37763779527559,1.68225178509139,1.70283984426794
2000-03-05,1.34022047244094,1.41857576592224,1.41973606186581
2000-03-06,1.18714960629921,1.07918540651757,1.04858612975077
2000-03-07,1.08170078740157,0.947676491279535,0.913626481950113
2000-03-08,0.996661417322835,0.909173042759541,0.870351677273606
2000-03-09,1.02387401574803,0.925270166877661,0.856504536943246
2000-03-10,0.979653543307087,0.969498160381364,0.875057694286045
2000-03-11,0.986456692913386,0.931333963604125,0.858908182011028
2000-03-12,0.921826771653543,0.876586755044707,0.829996414111527
2000-03-13,1.03748031496063,0.850665074077909,0.813761191338897
2000-03-14,1.06469291338583,0.911209416748294,0.911915271150543
2000-03-15,1.12592125984252,1.25453299211753,1.44844078374189
2000-03-16,1.09190551181102,1.43283788627982,1.54913430677626
2000-03-17,2.04434645669291,2.5289137880417,2.57844331928301
2000-03-18,3.97984251968504,4.8355741593413,4.70924955638067
2000-03-19,4.89826771653543,4.87691773019465,4.26309201390702
2000-03-20,2.22462992125984,2.51419356207669,2.201228823469
2000-03-21,1.63615748031496,1.36572113203756,1.27964690101492
2000-03-22,1.37763779527559,1.08919895663419,1.03387225697633
2000-03-23,1.23137007874016,0.964166957829466,0.924198895499592
2000-03-24,1.16674015748032,0.935581295488379,0.88869568215673
2000-03-25,1.14633070866142,0.968347106650705,0.882500312523845
2000-03-26,1.10551181102362,1.02696949473991,0.920828359797362
2000-03-27,1.37083464566929,1.62936421191057,1.2856656524066
2000-03-28,2.10897637795276,2.78002692850448,1.87228398462909
2000-03-29,1.55111811023622,2.35100215799936,1.75036389403083
2000-03-30,3.19748031496063,3.1213283202427,2.7419921360368
2000-03-31,3.77574803149606,3.50905030320807,3.901447466448
2000-04-01,1.91508661417323,2.09216000203403,2.35095920991909
2000-04-02,1.51370078740157,1.29314145899208,1.31392803294198
2000-04-03,1.39804724409449,1.06433933417185,1.0507154478648
2000-04-04,1.27899212598425,0.962934428613029,0.930904137289102
2000-04-05,1.3028031496063,0.981694014991806,0.944254727643637
2000-04-06,1.35382677165354,1.18981203222989,1.13646625292026
2000-04-07,1.27899212598425,1.12645469288264,1.07564013122316
2000-04-08,1.12932283464567,0.968819334791624,0.927536538313516
2000-04-09,1.07149606299213,0.901865012261776,0.864832331554237
2000-04-10,1.11231496062992,0.875852531589168,0.840773162399946
2000-04-11,1.07829921259843,0.900293016054347,0.860958961149685
2000-04-12,1.14292913385827,1.09346135693646,1.02150185519895
2000-04-13,1.2687874015748,1.235713919547,1.11839980479405
2000-04-14,1.25177952755906,1.29319870613573,1.13499864564013
2000-04-15,1.09190551181102,1.10468039477301,0.995503333573928
2000-04-16,1.01707086614173,0.930504152008396,0.870774555953806
2000-04-17,0.983055118110236,0.917453043786871,0.865885225460398
2000-04-18,1.05788976377953,1.11011358225186,1.02471539167459
2000-04-19,0.986456692913386,1.04849197124393,0.975402231458307
2000-04-20,0.972850393700787,0.899009713135034,0.851855611062624
2000-04-21,0.908220472440945,0.838197600697912,0.801213526946964
2000-04-22,0.86740157480315,0.816686007133089,0.783239218478297
2000-04-23,0.864,0.802610306280259,0.77109599454175
2000-04-24,0.877606299212599,0.793275169295511,0.762443501663489
2000-04-25,0.891212598425197,0.787037209591581,0.756553215136418
2000-04-26,0.881007874015748,0.781451178660051,0.751598003206046
2000-04-27,0.840188976377953,0.775721862211082,0.746672829459322
2000-04-28,0.836787401574803,0.770424654105542,0.742143009758
2000-04-29,0.829984251968504,0.795877960782111,0.748161127500324
2000-04-30,0.881007874015748,0.917176110284585,0.783210093222605
2000-05-01,0.95244094488189,0.975400067613911,0.808951164330715
2000-05-02,1.6939842519685,1.2810163024241,0.935223017171985
2000-05-03,0.986456692913386,1.1574222519476,0.910296417188056
2000-05-04,1.04428346456693,0.891365239750787,0.873730715181535
2000-05-05,0.966047244094488,0.797213450636562,0.814896865135646
2000-05-06,0.850393700787402,0.774622062248304,0.758369132739951
2000-05-07,0.812976377952756,0.763855087084421,0.740701505572603
2000-05-08,0.819779527559055,0.757097801734288,0.798351561793463
2000-05-09,0.802771653543307,0.753353711017057,1.0902494924638
2000-05-10,0.731338582677165,0.749629423254294,1.02486468938527
2000-05-11,0.710929133858268,0.761906133456329,0.817953149400236
2000-05-12,0.993259842519685,0.938291581805892,0.851225278957909
2000-05-13,1.61574803149606,1.56100615747087,1.35256562829009
2000-05-14,1.10891338582677,1.37116921499604,1.22670047290936
2000-05-15,0.86740157480315,0.939430308026272,0.882755596717893
2000-05-16,0.761952755905512,0.795769016376956,0.763134737541518
2000-05-17,0.727937007874016,0.774645811480383,0.757942204016201
2000-05-18,0.853795275590551,0.831470246417254,0.851591340222473
2000-05-19,0.857196850393701,0.930048084076225,0.915520350840639
2000-05-20,0.758551181102362,0.868769202967282,0.831777839602639
2000-05-21,0.673511811023622,0.798645406798219,0.757542719028302
2000-05-22,0.823181102362205,0.842510148440614,0.756805124957671
2000-05-23,0.812976377952756,0.816135708956533,0.743835359339832
2000-05-24,0.741543307086614,0.76071026128764,0.722837349304194
2000-05-25,0.69392125984252,0.739403850720837,0.71374646757939
2000-05-26,0.69392125984252,0.733817304751982,0.710369014198129
2000-05-27,0.700724409448819,0.730728234365805,0.708150503214936
2000-05-28,0.687118110236221,0.728527673861801,0.706439990761704
2000-05-29,0.731338582677165,0.752146511178293,0.709246021924262
2000-05-30,0.758551181102362,0.989854496130721,0.828919160323358
2000-05-31,1.94910236220472,1.77527988553521,1.43049266588732
2000-06-01,1.92188976377953,1.64138549072483,1.38200593406836
2000-06-02,1.05108661417323,1.06400718590282,0.948450628628274
2000-06-03,0.86740157480315,0.846388162738515,0.771117458403768
2000-06-04,0.792566929133858,0.763685380903734,0.727708011961782
2000-06-05,0.785763779527559,0.757616757018516,0.75548439320938
2000-06-06,1.17354330708661,0.826430810188642,0.942111291317079
2000-06-07,1.14973228346457,0.919149533408492,0.987926234537158
2000-06-08,0.877606299212599,0.852265823491474,0.841009267920658
2000-06-09,0.789165354330709,0.76262393185562,0.740730588700617
2000-06-10,0.751748031496063,0.731818800410765,0.711403294675137
2000-06-11,0.704125984251968,0.724276188065876,0.703169170538187
2000-06-12,0.731338582677165,0.720393048569679,0.699026850625214
2000-06-13,0.697322834645669,0.769949373464009,0.729547446414309
2000-06-14,1.25858267716535,1.01614498891754,0.864436886676102
2000-06-15,1.17694488188976,1.02272164475977,0.831879672949385
2000-06-16,1.00346456692913,0.839613326168456,0.733581259405297
2000-06-17,0.816377952755906,0.746690342117671,0.699283261595926
2000-06-18,0.734740157480315,0.723790047493218,0.693632088857243
2000-06-19,0.717732283464567,0.716841795971772,0.691156779258044
2000-06-20,0.683716535433071,0.712944524171639,0.689372386398499
2000-06-21,0.666708661417323,0.710363775601678,0.687990642022286
2000-06-22,0.653102362204724,0.720168715626249,0.696909528583842
2000-06-23,0.731338582677165,0.762780073447386,0.733811070501644
2000-06-24,0.761952755905512,0.764215420057123,0.729052166642759
2000-06-25,0.77896062992126,0.786331236988701,0.723207202488324
2000-06-26,0.717732283464567,0.768687098133568,0.70685485826473
2000-06-27,0.666708661417323,0.726264675154019,0.688524470757546
2000-06-28,0.649700787401575,0.706735381486084,0.682160976429705
2000-06-29,0.615685039370079,0.702383042949761,0.680902325955237
2000-06-30,0.598677165354331,0.700869060088206,0.680086596337345
2000-07-01,0.581669291338583,0.699746878832846,0.679312126127795
2000-07-02,0.636094488188976,0.705476457830685,0.684417148848962
2000-07-03,0.758551181102362,0.744710021342177,0.711783950044804
2000-07-04,0.918425196850394,0.802532044129598,0.73056060766852
2000-07-05,0.840188976377953,0.786334458989129,0.711811889573876
2000-07-06,0.687118110236221,0.730209323165116,0.68631761640154
2000-07-07,0.741543307086614,0.729942830191278,0.707923331528678
2000-07-08,1.05448818897638,0.838668926394134,0.839747219852017
2000-07-09,0.795968503937008,0.820241604182808,0.817706900852397
2000-07-10,0.894614173228346,0.781200836428785,0.759194565019711
2000-07-11,0.850393700787402,0.763507661285245,0.741795153773697
2000-07-12,1.01026771653543,0.750081935231782,0.755478002777068
2000-07-13,0.806173228346457,0.721589822327496,0.723346843241475
2000-07-14,0.993259842519685,0.751140902098044,0.76268258642411
2000-07-15,1.31300787401575,0.99710842152294,1.14461756101603
2000-07-16,1.43546456692913,1.07149655964773,1.20123738067595
2000-07-17,1.17014173228346,0.934636890253509,0.960393906719489
2000-07-18,0.904818897637795,0.792778187857956,0.783932243317185
2000-07-19,0.806173228346457,0.722636039612139,0.709073324645641
2000-07-20,0.738141732283465,0.700955806907891,0.685690490212653
2000-07-21,0.69051968503937,0.694091047815213,0.677798430215239
2000-07-22,0.69051968503937,0.690387412207559,0.673651268310253
2000-07-23,0.666708661417323,0.68798609671985,0.671101006195472
2000-07-24,0.710929133858268,0.691142823427504,0.677906735561157
2000-07-25,0.717732283464567,0.707018374161911,0.707710711099397
2000-07-26,0.680314960629921,0.701369827156771,0.69840190360382
2000-07-27,0.639496062992126,0.69680792850873,0.677274539491166
2000-07-28,0.799370078740158,0.759202712475169,0.707061873797923
2000-07-29,1.68037795275591,0.973542221275722,0.88370357395234
2000-07-30,1.84025196850394,1.35445978662189,1.13759032122206
2000-07-31,2.12938582677165,1.41759400614489,1.03540773108965
2000-08-01,1.22796850393701,1.04151175604905,0.807577858378203
2000-08-02,0.864,0.79915268746,0.705623552011563
2000-08-03,0.840188976377953,0.751125633428676,0.690087461257161
2000-08-04,0.898015748031496,0.82036194680963,0.720380011617828
2000-08-05,0.829984251968504,0.885082033582883,0.784425895839793
2000-08-06,2.24163779527559,1.57857389093976,1.34922247153794
2000-08-07,6.63307086614173,2.99441641494,2.48644042007884
2000-08-08,2.86072440944882,2.25755481070163,1.84375094692388
2000-08-09,2.23823622047244,1.88288624685435,1.31233957220364
2000-08-10,1.29940157480315,1.3369909501118,1.00067139635282
2000-08-11,1.00346456692913,0.952359177179237,0.804183088314444
2000-08-12,0.898015748031496,0.798594163167323,0.722726841179052
2000-08-13,0.833385826771654,0.744702954308663,0.699521140283737
2000-08-14,0.782362204724409,0.725350205838976,0.687720167174641
2000-08-15,0.765354330708661,0.714024883254117,0.68061690610562
2000-08-16,0.731338582677165,0.707613242905534,0.676214450671138
2000-08-17,0.700724409448819,0.721438291224572,0.68653738409674
2000-08-18,0.959244094488189,0.811659184258955,0.752578520792295
2000-08-19,0.86059842519685,0.885315110850821,0.807393732401037
2000-08-20,0.731338582677165,0.812169919838969,0.754874720006186
2000-08-21,0.816377952755906,0.84329897283526,0.792698041538808
2000-08-22,1.34362204724409,1.32950202177357,1.19538594999257
2000-08-23,0.955842519685039,1.20450527631083,1.09257989109558
2000-08-24,0.77896062992126,0.861657393527544,0.804354840490391
2000-08-25,0.714330708661417,0.742262797098379,0.704028513811158
2000-08-26,0.676913385826772,0.715033311773021,0.682594449421576
2000-08-27,0.646299212598425,0.703787034441085,0.673820592436275
2000-08-28,0.721133858267717,0.699198564108616,0.669384811585399
2000-08-29,0.697322834645669,0.695199166749612,0.666807565141018
2000-08-30,0.676913385826772,0.758225692072688,0.678183781813997
2000-08-31,1.19735433070866,1.2098621857209,0.792883233425053
2000-09-01,1.97291338582677,1.8398085351185,1.09256615196571
2000-09-02,1.28579527559055,1.41761176166514,1.00162428565494
2000-09-03,0.94903937007874,1.01837589414876,0.787867849596631
2000-09-04,1.3368188976378,1.04468062829005,0.783532329843426
2000-09-05,1.63615748031496,1.24912825119336,0.910599456770977
2000-09-06,1.15993700787402,1.1659711407886,0.902034016691893
2000-09-07,1.65996850393701,1.38281920985828,1.04266523588089
2000-09-08,1.47628346456693,1.16861678199853,0.935086018966955
2000-09-09,0.996661417322835,0.870168305900963,0.75836502230831
2000-09-10,0.864,0.763663974839935,0.69452697241921
2000-09-11,0.789165354330709,0.734309340580155,0.678943207198541
2000-09-12,0.772157480314961,0.719881257403734,0.671611970058474
2000-09-13,1.00006299212598,0.782161357390635,0.704343857854226
2000-09-14,1.14633070866142,1.10566645354502,0.856687566916462
2000-09-15,0.857196850393701,1.03553554897099,0.820339783783214
2000-09-16,0.765354330708661,0.914820199082119,0.779067518832331
2000-09-17,1.31981102362205,1.29298937026427,1.0441349856788
2000-09-18,1.28579527559055,1.1741320371212,0.984874226040484
2000-09-19,0.959244094488189,0.869789615395212,0.776139151099697
2000-09-20,0.857196850393701,0.996445174150298,0.849888647916612
2000-09-21,4.96629921259843,3.89263681077417,3.01041867380107
2000-09-22,14.6267716535433,10.8013518547065,10.24071854152
2000-09-23,6.25889763779528,5.32261490064092,5.25573048849022
2000-09-24,2.06815748031496,1.79492993819031,1.73078801440599
2000-09-25,1.64296062992126,1.13165962329039,1.07126637977579
2000-09-26,1.37423622047244,0.945095896627559,0.885679360824833
2000-09-27,1.2687874015748,0.869305794416754,0.810654943345623
2000-09-28,1.20755905511811,0.839680008006393,0.783716482537718
2000-09-29,1.10551181102362,0.819875863268452,0.766293338515894
2000-09-30,0.989858267716536,0.805722892922311,0.754145319851299
2000-10-01,1.00686614173228,0.832936006195852,0.768126486277705
2000-10-02,1.06129133858268,1.05548101314868,0.925336101834158
2000-10-03,1.38784251968504,1.36585934483218,1.24834798162788
2000-10-04,1.09190551181102,1.17186379211209,1.10701442990812
2000-10-05,1.00006299212598,1.02718566295202,0.946843795007206
2000-10-06,1.19735433070866,1.47407708986492,1.30284590696815
2000-10-07,1.6871811023622,1.72394475472518,1.74672527129344
2000-10-08,1.86066141732283,1.60876180095529,1.73797665884599
2000-10-09,1.3232125984252,1.23710927280916,1.24536410470345
2000-10-10,1.14633070866142,1.0047604213691,0.94175387740827
2000-10-11,1.07149606299213,1.24190385814684,1.12435164462241
2000-10-12,3.21108661417323,3.21760495344009,2.83879602508138
2000-10-13,2.37089763779528,2.49300919548656,2.25599146058377
2000-10-14,1.39124409448819,1.32126502230265,1.22607011604822
2000-10-15,1.15313385826772,1.02638309538649,0.960359149938737
2000-10-16,1.08170078740157,0.900426868363229,0.845560145757415
2000-10-17,1.00006299212598,0.864876352803734,0.813197655449483
2000-10-18,0.955842519685039,0.845041906901117,0.797610813362483
2000-10-19,0.945637795275591,0.851962233583213,0.820772910069139
2000-10-20,0.966047244094488,0.919090298938866,0.911961795992075
2000-10-21,0.925228346456693,0.896864766034662,0.880053595495389
2000-10-22,0.874204724409449,0.84182540725285,0.807997498843869
2000-10-23,0.887811023622047,0.818202734818075,0.779010954787453
2000-10-24,0.850393700787402,0.809086129141338,0.769214999637033
2000-10-25,0.836787401574803,0.802843749541593,0.762871554052832
2000-10-26,0.789165354330709,0.83471572891314,0.788068519563776
2000-10-27,0.884409448818898,0.98768588069065,0.909086908795919
2000-10-28,0.853795275590551,0.954296825988643,0.881343850387704
2000-10-29,0.816377952755906,0.846928346040945,0.795072237111676
2000-10-30,0.77896062992126,0.821216122572464,0.787043628247001
2000-10-31,0.979653543307087,0.961586694265604,0.963943439087309
2000-11-01,1.13952755905512,1.37079183412665,1.3323452149496
2000-11-02,0.932031496062992,1.22860777417528,1.16561286774224
2000-11-03,0.86740157480315,0.966992512984021,0.902867055652266
2000-11-04,0.891212598425197,0.962558443210374,0.844009121485611
2000-11-05,0.836787401574803,0.912201526085684,0.810423747159515
2000-11-06,0.853795275590551,0.892952646292103,0.808421695667774
2000-11-07,1.01366929133858,1.09235413309571,0.922960767621129
2000-11-08,0.921826771653543,1.03029818885623,0.887767088471423
2000-11-09,0.840188976377953,0.874505723840543,0.797323952811541
2000-11-10,0.809574803149606,0.815028968609385,0.76188320865132
2000-11-11,0.768755905511811,0.798175848354382,0.751541197965329
2000-11-12,0.772157480314961,0.788666771836562,0.745265330557588
2000-11-13,0.772157480314961,0.781796029339424,0.740372152571636
2000-11-14,0.884409448818898,0.9131427681446,0.852081470945441
2000-11-15,1.37423622047244,1.67213830837841,1.47531732558597
2000-11-16,1.10211023622047,1.61325054020119,1.43640597113242
2000-11-17,1.16333858267717,1.49823334913939,1.3112108204283
2000-11-18,1.39124409448819,1.41853234453922,1.25472921672025
2000-11-19,1.13952755905512,1.12932766703165,1.03594191790367
2000-11-20,1.12932283464567,1.08213809806621,1.0400887933889
2000-11-21,1.36743307086614,1.33984758546176,1.38622796634218
2000-11-22,1.31981102362205,1.22830277015469,1.27383667151957
2000-11-23,1.10211023622047,0.979327001103366,0.977996305037817
2000-11-24,1.01026771653543,0.95438992070066,0.942161554589229
2000-11-25,1.13272440944882,1.34704642012428,1.27972733842766
2000-11-26,1.37423622047244,1.44667065769119,1.29646440481816
2000-11-27,1.14633070866142,1.20484501153745,1.12019652434497
2000-11-28,1.14292913385827,1.17858531854828,1.08636430050672
2000-11-29,1.10551181102362,1.07682655235635,0.989556674036788
2000-11-30,0.972850393700787,0.931291735987644,0.871113974356039
2000-12-01,0.904818897637795,0.860580560160827,0.813007127456905
2000-12-02,0.823181102362205,0.835376384257658,0.791562736077005
2000-12-03,0.826582677165354,0.822731760619377,0.780662001517754
2000-12-04,0.901417322834646,0.81672440974737,0.774555690009884
2000-12-05,0.809574803149606,0.819838180893979,0.774028607362891
2000-12-06,0.772157480314961,0.813049183003618,0.768707425782018
2000-12-07,0.768755905511811,0.802942614757504,0.761908664160641
2000-12-08,0.758551181102362,0.797372225379844,0.757817688674531
2000-12-09,0.768755905511811,0.805082507621573,0.765560817436478
2000-12-10,0.802771653543307,0.867380122607168,0.821622136673916
2000-12-11,0.782362204724409,0.945689001242562,0.88269055407313
2000-12-12,0.748346456692914,0.896027907369656,0.838358075846599
2000-12-13,0.738141732283465,0.825204393206476,0.779758077208187
2000-12-14,0.755149606299213,0.805200736027525,0.764754325065161
2000-12-15,0.768755905511811,0.8480519533246,0.814408313330882
2000-12-16,0.809574803149606,0.965192467116091,0.953243636207798
2000-12-17,0.816377952755906,0.991882106640281,0.978581425543977
2000-12-18,0.77896062992126,0.983133769120232,0.986750168315181
2000-12-19,1.00686614173228,1.28774349097061,1.34597240749263
2000-12-20,0.942236220472441,1.24287602635248,1.42029708928669
2000-12-21,0.795968503937008,0.982616315019843,1.08588553846186
2000-12-22,0.755149606299213,0.85742348327779,0.87189553456405
2000-12-23,0.768755905511811,0.820024369171474,0.804790122258086
2000-12-24,0.738141732283465,0.804325871453692,0.782096629450642
2000-12-25,0.789165354330709,0.809875257667191,0.786928097253673
2000-12-26,0.782362204724409,0.862551317052473,0.84863715234569
2000-12-27,0.77896062992126,0.845808211122368,0.839994281092488
2000-12-28,0.77896062992126,0.803713355116526,0.79529874311641
2000-12-29,0.768755905511811,0.786470419135218,0.769212016992025
2000-12-30,0.741543307086614,0.78059271374923,0.757635464155992
2000-12-31,0.721133858267717,0.776386562475601,0.751669710927694
2001-01-01,0.802771653543307,0.772776553033296,0.747580044000049
2001-01-02,0.983055118110236,0.826733207598443,0.813840482317281
2001-01-03,0.976251968503937,1.09904113484865,1.15753357231605
2001-01-04,0.891212598425197,1.12193443876263,1.18475100729828
2001-01-05,0.891212598425197,1.08048924226693,1.13225150298638
2001-01-06,1.3232125984252,1.79160116245121,2.01200580443582
2001-01-07,2.88793700787402,3.71371852721088,4.38807342732466
2001-01-08,3.18047244094488,3.55598944717464,4.36289794660062
2001-01-09,2.70765354330709,2.52813094377304,2.67735803127181
2001-01-10,1.7007874015748,1.58886584507576,1.54726300246647
2001-01-11,1.52050393700787,1.3184417692687,1.30764081407308
2001-01-12,1.77902362204724,1.44929639250674,1.37173222486191
2001-01-13,1.3232125984252,1.22900210279394,1.16035505423749
2001-01-14,1.04428346456693,0.992361178728236,0.961916960118314
2001-01-15,0.932031496062992,0.905686408021663,0.888394046044868
2001-01-16,0.864,0.87636999577743,0.861739849440008
2001-01-17,0.823181102362205,0.859771838968935,0.846047166818403
2001-01-18,0.789165354330709,0.848283632071585,0.834931710648627
2001-01-19,0.789165354330709,0.839708869353742,0.826489200329499
2001-01-20,0.748346456692914,0.832862135311309,0.819627464548451
2001-01-21,0.751748031496063,0.827314521041227,0.81390674540341
2001-01-22,0.819779527559055,0.878312418828324,0.839970407120532
2001-01-23,0.932031496062992,1.15480355313477,0.993950138083577
2001-01-24,0.898015748031496,1.29888594699121,1.15345516391632
2001-01-25,1.06809448818898,1.38364070625535,1.33874258037412
2001-01-26,1.08170078740157,1.33646972703844,1.28481395275854
2001-01-27,0.962645669291339,1.10159188345633,1.05520242430631
2001-01-28,0.846992125984252,0.938270739002274,0.921247809790507
2001-01-29,0.819779527559055,0.875467450015225,0.864012109883695
2001-01-30,0.77896062992126,0.849888446847049,0.834225002841948
2001-01-31,0.755149606299213,0.835369537017122,0.818204300532744
2001-02-01,0.765354330708661,0.825595570154866,0.808331303790124
2001-02-02,0.727937007874016,0.818369463649696,0.801120060845033
2001-02-03,0.846992125984252,0.987325296381235,0.971865516755852
2001-02-04,2.86412598425197,2.12547196407996,2.12477813765237
2001-02-05,2.74507086614173,2.4456650900813,2.45674200799278
2001-02-06,1.53411023622047,1.77275596012637,1.77753287546806
2001-02-07,1.19735433070866,1.23241853544494,1.22996059504705
2001-02-08,1.05788976377953,0.999906076495593,0.990027328479173
2001-02-09,0.966047244094488,0.91353193835663,0.908477490596385
2001-02-10,0.911622047244095,0.923240367607004,0.951171421180426
2001-02-11,0.857196850393701,0.895864603247682,0.915497091823046
2001-02-12,0.77896062992126,0.857029388481401,0.854937072509943
2001-02-13,0.765354330708661,0.83741025440337,0.834844182320982
2001-02-14,0.727937007874016,0.828350701655818,0.852434730143265
2001-02-15,0.721133858267717,0.82123174451645,0.838399655441405
2001-02-16,0.69051968503937,0.81463116244314,0.81282731996351
2001-02-17,0.683716535433071,0.809041174465089,0.799767515485333
2001-02-18,0.710929133858268,0.8044027611352,0.793146805612247
2001-02-19,0.710929133858268,0.800246702199209,0.794863762933764
2001-02-20,0.714330708661417,0.796730626313863,0.817144819193623
2001-02-21,0.714330708661417,0.814325828904697,0.830510246755839
2001-02-22,0.782362204724409,0.945367402542543,0.963501778322532
2001-02-23,0.983055118110236,1.1778446808152,1.24902937645458
2001-02-24,1.22456692913386,1.18736559750099,1.16925996955054
2001-02-25,0.959244094488189,0.991514258891971,0.943806691504992
2001-02-26,0.915023622047244,0.864650152783351,0.840247275341524
2001-02-27,0.86059842519685,0.822168023088395,0.807766015822724
2001-02-28,0.843590551181102,0.805438256945651,0.792379631862498
2001-03-01,0.768755905511811,0.801685340998063,0.787788912992326
2001-03-02,0.799370078740158,0.90965970163104,0.875314646754596
2001-03-03,1.08170078740157,1.4654501982536,1.33493933058994
2001-03-04,2.36069291338583,2.56465551589242,2.32525848309599
2001-03-05,5.06834645669291,4.82315044773315,4.0550784871596
2001-03-06,3.0308031496063,3.1928753179492,2.61291338694759
2001-03-07,1.52730708661417,1.60484390057163,1.36823398293787
2001-03-08,1.32661417322835,1.55291073317516,1.30140346359064
2001-03-09,2.29606299212598,2.72246962023138,2.34681315837971
2001-03-10,1.96270866141732,2.17737856876431,2.0308126425748
2001-03-11,1.54771653543307,1.64353808337517,1.58129572123378
2001-03-12,1.89467716535433,2.05450894079874,1.91492892278378
2001-03-13,2.46274015748032,2.71794427642116,2.53927467117957
2001-03-14,1.80623622047244,2.24114676501135,2.17497623775265
2001-03-15,1.93889763779528,2.00430840551814,2.12290055204814
2001-03-16,1.48648818897638,1.5067201524309,1.57943959428076
2001-03-17,1.35042519685039,1.21486785179191,1.22188728861456
2001-03-18,1.42525984251969,1.43343926065802,1.47576315717537
2001-03-19,1.36743307086614,1.39868496181156,1.49026159845282
2001-03-20,1.18034645669291,1.38003264360099,1.48867633175675
2001-03-21,3.34034645669291,2.70049121012679,3.18416338972289
2001-03-22,3.16686614173228,3.74962743835669,4.38020679395155
2001-03-23,2.38790551181102,2.96451336654577,3.64812848334171
2001-03-24,2.91855118110236,3.71155822731625,4.49170876689505
2001-03-25,4.3540157480315,4.80942715404286,5.22701388545118
2001-03-26,3.57165354330709,3.54510924193502,3.85001796289198
2001-03-27,1.98651968503937,1.96086342003723,2.09188703177771
2001-03-28,1.57152755905512,1.33641360004823,1.36355483155948
2001-03-29,1.38444094488189,1.16207635181801,1.16066640705052
2001-03-30,1.31981102362205,1.19837564017309,1.13677705755361
2001-03-31,1.34022047244094,1.1538630096346,1.12745803010208
2001-04-01,1.19055118110236,1.06295635601188,1.06344722307924
2001-04-02,1.14973228346457,1.00682626810911,1.00435024056563
2001-04-03,1.07489763779528,0.973874987964445,0.968260771869519
2001-04-04,1.01026771653543,0.987909718028496,0.973368875778042
2001-04-05,1.13612598425197,1.12745702768628,1.0763085059811
2001-04-06,1.06129133858268,1.16257714832566,1.11871540188846
2001-04-07,1.41165354330709,1.5256675389653,1.48601155101664
2001-04-08,1.72459842519685,2.0946264190932,1.91972129938153
2001-04-09,1.25858267716535,1.76055158460217,1.5345934443061
2001-04-10,1.22116535433071,1.46230006718648,1.32011486800116
2001-04-11,1.48308661417323,1.67564213803853,1.67501476569293
2001-04-12,1.3164094488189,1.42208451568374,1.44888339285851
2001-04-13,1.12932283464567,1.11271268440373,1.11036441720099
2001-04-14,1.06129133858268,0.998486216091882,0.985532483980307
2001-04-15,1.08170078740157,1.04667019465302,1.00640270877365
2001-04-16,1.60554330708661,1.52640007274815,1.30320607345146
2001-04-17,1.93889763779528,1.947187737959,1.49861794259219
2001-04-18,1.54771653543307,1.61809569948167,1.29373439412401
2001-04-19,1.35722834645669,1.43293507060749,1.23203936713329
2001-04-20,1.38784251968504,1.29675689142516,1.19700581761928
2001-04-21,1.38444094488189,1.60142793422778,1.57959589915518
2001-04-22,2.05114960629921,2.28397041995925,2.18762811473399
2001-04-23,2.34708661417323,2.03042768561967,1.86503966860388
2001-04-24,2.00012598425197,1.4017776809298,1.30146309247711
2001-04-25,1.42866141732283,1.11354728306325,1.05786796183746
2001-04-26,1.23137007874016,0.997225839411132,0.958418388744919
2001-04-27,1.12592125984252,0.956096645375891,0.921417975222912
2001-04-28,1.08170078740157,0.932483522477214,0.899090352204475
2001-04-29,1.06129133858268,0.914791925104765,0.882411658364509
2001-04-30,0.904818897637795,0.898133926545475,0.867330870828461
2001-05-01,0.901417322834646,0.881650453409914,0.85270281091089
2001-05-02,0.874204724409449,0.866256223885494,0.839147679389113
2001-05-03,0.908220472440945,0.852691643512672,0.827248322673559
2001-05-04,0.884409448818898,0.841540318395566,0.817440843319196
2001-05-05,0.915023622047244,0.88542496099947,0.827304809172724
2001-05-06,1.05108661417323,1.11388541060954,0.893857770062418
2001-05-07,0.976251968503937,1.06653634302758,0.887400193797216
2001-05-08,0.932031496062992,0.906571093673283,0.834507980709342
2001-05-09,0.908220472440945,0.845879564377531,0.806578070286089
2001-05-10,0.911622047244095,0.828884839981909,0.796602420728327
2001-05-11,0.864,0.818097826810176,0.790164801569031
2001-05-12,0.874204724409449,0.809675372563296,0.784627633444657
2001-05-13,0.819779527559055,0.802877765856604,0.779808938661037
2001-05-14,0.969448818897638,0.819784786595482,0.820051041066085
2001-05-15,0.976251968503937,0.905296983898293,1.01205610790015
2001-05-16,0.86059842519685,0.881927003671882,0.970680062829992
2001-05-17,0.86740157480315,0.831488830857191,0.851978463488658
2001-05-18,1.43546456692913,0.978365711496851,1.00039348494585
2001-05-19,1.39464566929134,1.54928802893133,1.61529955367892
2001-05-20,0.989858267716536,1.3688484001088,1.39706074132131
2001-05-21,0.881007874015748,0.971976746006894,0.969794627996833
2001-05-22,0.809574803149606,0.8373982477322,0.829332687197256
2001-05-23,0.816377952755906,0.805840681584068,0.79292264673152
2001-05-24,0.768755905511811,0.791735970401859,0.778002657810336
2001-05-25,0.758551181102362,0.783187138353841,0.769161039002771
2001-05-26,0.714330708661417,0.777507407750774,0.763408641330544
2001-05-27,0.69392125984252,0.7733733101943,0.759294939477157
2001-05-28,0.721133858267717,0.770112860584555,0.75609980523977
2001-05-29,0.717732283464567,0.767428683736717,0.753504873204998
2001-05-30,0.680314960629921,0.765114666587026,0.751277996273225
2001-05-31,0.877606299212599,0.794154424587773,0.76480854816789
2001-06-01,0.928629921259843,0.921916787887328,0.823125780062887
2001-06-02,0.792566929133858,0.924651496649942,0.818714243868533
2001-06-03,0.857196850393701,0.961838914973601,0.819201766890931
2001-06-04,0.894614173228346,0.906911159643074,0.792329699851294
2001-06-05,0.77555905511811,0.809949931154555,0.756919006784849
2001-06-06,1.09530708661417,0.849585709342821,0.772692134895735
2001-06-07,1.38103937007874,1.21299118810747,0.887143995525674
2001-06-08,0.891212598425197,1.24992305258471,0.920827531662416
2001-06-09,1.53070866141732,1.62113425520849,1.17250207013639
2001-06-10,1.7552125984252,2.15298098066886,1.46997843260112
2001-06-11,2.87433070866142,2.41563133601013,1.56534338377885
2001-06-12,1.70418897637795,1.67912622297154,1.19827109467213
2001-06-13,1.07149606299213,1.10896624161302,0.905825381391343
2001-06-14,0.870803149606299,0.905670746654214,0.793957966546806
2001-06-15,0.768755905511811,0.822241391762816,0.768749560076238
2001-06-16,0.843590551181102,0.828764412756568,0.796267786489971
2001-06-17,0.894614173228346,0.944362183272771,0.912597794221424
2001-06-18,1.29940157480315,1.24364355967744,0.929112055015868
2001-06-19,1.11911811023622,1.17277785011964,0.832993591515509
2001-06-20,0.925228346456693,0.933874834829603,0.768454961689976
2001-06-21,0.782362204724409,0.8245185959267,0.748720091187995
2001-06-22,0.707527559055118,0.792318766711236,0.741921393040682
2001-06-23,0.676913385826772,0.77885458112413,0.737690170855521
2001-06-24,0.659905511811024,0.770483662521395,0.734527745276538
2001-06-25,0.653102362204724,0.764360648663152,0.731866093129673
2001-06-26,0.646299212598425,0.759634390847429,0.729565879514239
2001-06-27,0.60888188976378,0.755954686767847,0.727566687783589
2001-06-28,0.636094488188976,0.756681442608736,0.725877195851655
2001-06-29,0.700724409448819,0.76737229890255,0.72455261592602
2001-06-30,0.598677165354331,0.761999198956709,0.72328828123233
2001-07-01,0.642897637795276,0.750804666839824,0.722059659370226
2001-07-02,0.663307086614173,0.74594587894952,0.720810062502421
2001-07-03,0.615685039370079,0.743911759470334,0.719495810982187
2001-07-04,0.595275590551181,0.742122198217731,0.718170211068039
2001-07-05,0.571464566929134,0.740394192762547,0.716865419526898
2001-07-06,0.554456692913386,0.738723473599827,0.715586605687326
2001-07-07,0.649700787401575,0.759584296497082,0.734012151039003
2001-07-08,0.95244094488189,0.848688980238069,0.811205813404267
2001-07-09,0.642897637795276,0.82529993544227,0.790259507138856
2001-07-10,0.585070866141732,0.757159040369964,0.730649773215401
2001-07-11,0.561259842519685,0.733726620049869,0.710448425567046
2001-07-12,0.551055118110236,0.741893730305439,0.716642548386951
2001-07-13,0.755149606299213,0.786959229942153,0.749414089291112
2001-07-14,0.653102362204724,0.787230090430828,0.745030217427038
2001-07-15,0.653102362204724,0.818607821298747,0.76312838282087
2001-07-16,1.59533858267717,1.11338239243522,0.943089208431899
2001-07-17,0.894614173228346,1.04246838726342,0.897674607918612
2001-07-18,0.69392125984252,0.826848680168965,0.762274062656858
2001-07-19,0.697322834645669,0.764018546584717,0.722326993824188
2001-07-20,0.656503937007874,0.745963679549517,0.712586333209277
2001-07-21,0.636094488188976,0.731420602829689,0.70456291523554
2001-07-22,0.595275590551181,0.725122855913452,0.701094274988774
2001-07-23,0.619086614173228,0.722470093972834,0.699625122466317
2001-07-24,0.612283464566929,0.720635168523557,0.698524691234595
2001-07-25,0.598677165354331,0.719214425634858,0.697597016925282
2001-07-26,0.653102362204724,0.717982362483278,0.696728953356874
2001-07-27,0.581669291338583,0.716811218019235,0.695851706798964
2001-07-28,0.581669291338583,0.715672277466677,0.694961051517277
2001-07-29,0.568062992125984,0.714559460075998,0.694066864062048
2001-07-30,0.588472440944882,0.7134746221865,0.693179587988756
2001-07-31,0.571464566929134,0.712406280745206,0.692289894673999
2001-08-01,0.561259842519685,0.711338544368085,0.691389763619517
2001-08-02,0.568062992125984,0.710286834963637,0.690493105716089
2001-08-03,0.704125984251968,0.737271673176207,0.711894262609513
2001-08-04,1.02727559055118,0.885620315808391,0.829203434148355
2001-08-05,1.22796850393701,1.00001792957226,0.925608177506286
2001-08-06,0.802771653543307,0.874723110651393,0.826013471114017
2001-08-07,0.632692913385827,0.750141490642997,0.721621468488327
2001-08-08,0.588472440944882,0.713457127876884,0.691001676255544
2001-08-09,0.554456692913386,0.724469852360046,0.699272433435806
2001-08-10,0.697322834645669,0.789184487135559,0.747109421293415
2001-08-11,0.816377952755906,0.76985595026458,0.732448406940701
2001-08-12,0.649700787401575,0.720382457476392,0.695504302603559
2001-08-13,0.615685039370079,0.703118769394535,0.682761437063696
2001-08-14,0.591874015748032,0.700322208134366,0.68086782845148
2001-08-15,0.591874015748032,0.699020884561485,0.679990851301974
2001-08-16,0.571464566929134,0.701821414488102,0.679882942644616
2001-08-17,0.670110236220472,0.714899772134756,0.681495270743269
2001-08-18,0.680314960629921,0.71008364087486,0.680201670395713
2001-08-19,0.60548031496063,0.698788015495367,0.677820710711725
2001-08-20,0.581669291338583,0.696992217424479,0.676737373008279
2001-08-21,0.625889763779528,0.70467791421431,0.676602668500871
2001-08-22,0.612283464566929,0.7013290569026,0.67570975140419
2001-08-23,0.574866141732283,0.693916844821198,0.674504918884729
2001-08-24,0.544251968503937,0.690992467087314,0.673590651360008
2001-08-25,0.540850393700787,0.690064077988013,0.672805075490688
2001-08-26,0.530645669291339,0.689252095606643,0.672022593104329
2001-08-27,0.52044094488189,0.694584166814579,0.673186364670818
2001-08-28,1.03407874015748,0.716617111066777,0.679484147700536
2001-08-29,0.615685039370079,0.709122996101104,0.676551643868478
2001-08-30,0.591874015748032,0.690782286349085,0.670299493225728
2001-08-31,0.598677165354331,0.691615387735961,0.674104079709837
2001-09-01,0.687118110236221,0.717254239558109,0.696573264443772
2001-09-02,0.629291338582677,0.708961590300129,0.689103553906199
2001-09-03,0.653102362204724,0.688115378022761,0.670606788614071
2001-09-04,0.727937007874016,0.702810051236336,0.679185944620754
2001-09-05,1.02727559055118,0.797304936949078,0.746917591720953
2001-09-06,0.891212598425197,0.808429223534151,0.774887685966732
2001-09-07,0.789165354330709,0.734104606851381,0.719430220440192
2001-09-08,0.94903937007874,0.786554544636542,0.761043211533501
2001-09-09,2.95937007874016,1.27682909447478,1.17612982406935
2001-09-10,1.54091338582677,1.19902117246015,1.08796994904872
2001-09-11,1.01366929133858,0.853293954910146,0.796368087772021
2001-09-12,0.846992125984252,0.731047847039208,0.701903044553289
2001-09-13,1.02387401574803,0.77311523491376,0.746127470741584
2001-09-14,1.33341732283465,0.96652903290301,0.908815954159763
2001-09-15,1.52390551181102,1.03707577069716,0.943741529306822
2001-09-16,1.35382677165354,1.10154178253498,1.02457105837554
2001-09-17,1.92529133858268,1.23991936239534,1.22569075260118
2001-09-18,1.93889763779528,1.13808814020441,1.20484361239937
2001-09-19,1.17014173228346,0.891163175832513,0.930051232957991
2001-09-20,0.972850393700787,0.80466216898863,0.810215731525775
2001-09-21,1.43206299212598,1.00172243039389,1.00896713174514
2001-09-22,1.84025196850394,1.11768778226481,1.05829395477926
2001-09-23,1.2823937007874,0.973147496454604,0.911801844850577
2001-09-24,1.2891968503937,0.977274079440644,0.948283294996736
2001-09-25,1.18374803149606,0.880846291051615,0.862642242769627
2001-09-26,1.01026771653543,0.762746610076852,0.743363019913018
2001-09-27,0.932031496062992,0.718992595546241,0.699310309237503
2001-09-28,0.864,0.706689313378911,0.687514037259708
2001-09-29,0.823181102362205,0.700091150150623,0.684428332006739
2001-09-30,0.819779527559055,0.696218244569359,0.691902935361544
2001-10-01,0.768755905511811,0.693734121922364,0.687018437444653
2001-10-02,0.751748031496063,0.691578721518481,0.677538910002303
2001-10-03,0.707527559055118,0.696781625301039,0.676479624004111
2001-10-04,0.765354330708661,0.722763649533619,0.687313238782753
2001-10-05,0.714330708661417,0.714388068041754,0.682655108744879
2001-10-06,0.738141732283465,0.693062362531448,0.672194936778547
2001-10-07,0.727937007874016,0.693624850853247,0.672404273766135
2001-10-08,0.687118110236221,0.724643888539443,0.688164221654249
2001-10-09,0.656503937007874,0.714846094590251,0.682461856187906
2001-10-10,0.656503937007874,0.68965855245955,0.66870231618171
2001-10-11,0.642897637795276,0.680283027614178,0.663325514193431
2001-10-12,0.649700787401575,0.678056485186575,0.661732786887695
2001-10-13,0.656503937007874,0.676479063027008,0.66044588443184
2001-10-14,0.632692913385827,0.675005937794142,0.659199168452187
2001-10-15,0.646299212598425,0.673609897355353,0.657998414267912
2001-10-16,0.615685039370079,0.672303131791855,0.656863062715062
2001-10-17,0.615685039370079,0.671102227678732,0.655810752430541
2001-10-18,0.629291338582677,0.669986056303598,0.654828632058564
2001-10-19,0.632692913385827,0.668922202364942,0.653893131213492
2001-10-20,0.60888188976378,0.699931406983466,0.672360333436705
2001-10-21,0.829984251968504,0.862591651055915,0.779052245096136
2001-10-22,0.785763779527559,0.951671020595117,0.889258102140725
2001-10-23,0.642897637795276,0.866202929630396,0.850032235962244
2001-10-24,0.77896062992126,0.964298666559899,0.988021531860073
2001-10-25,1.12251968503937,1.04409212324703,1.1145696605815
2001-10-26,1.03748031496063,0.909924976910737,0.966299321047096
2001-10-27,0.843590551181102,0.763777340179173,0.779797982622522
2001-10-28,0.77555905511811,0.701336581433991,0.696364553586704
2001-10-29,0.704125984251968,0.68310768530318,0.672254532589416
2001-10-30,0.673511811023622,0.676392716380333,0.664004348113069
2001-10-31,0.724535433070866,0.71578815922957,0.697599484589996
2001-11-01,0.898015748031496,0.897963412170065,0.85328167989507
2001-11-02,0.833385826771654,0.857318364729971,0.816961205702252
2001-11-03,0.755149606299213,0.728732575425765,0.706264124767736
2001-11-04,0.710929133858268,0.683180274308077,0.667084579352445
2001-11-05,0.676913385826772,0.674729486032335,0.659960816246563
2001-11-06,0.663307086614173,0.714390331310967,0.677011268930092
2001-11-07,0.823181102362205,0.993209569031932,0.868374084901034
2001-11-08,1.6871811023622,1.4424099823711,1.48682464559498
2001-11-09,1.25177952755906,1.27872181632578,1.4028118860968
2001-11-10,0.942236220472441,0.911478201475105,0.947201043940086
2001-11-11,0.836787401574803,0.751219176239606,0.756218224656735
2001-11-12,0.823181102362205,0.708648309471025,0.700901949414661
2001-11-13,0.846992125984252,0.718153470184141,0.718587846816845
2001-11-14,0.928629921259843,0.790660940398449,0.813697947801243
2001-11-15,0.904818897637795,0.765315774841085,0.77946098423729
2001-11-16,0.826582677165354,0.707498994417786,0.704455444081155
2001-11-17,0.819779527559055,0.686168025578823,0.677158728716781
2001-11-18,0.789165354330709,0.68128595047242,0.671031282198297
2001-11-19,0.77896062992126,0.678709176540055,0.667972577615129
2001-11-20,0.744944881889764,0.676841479031312,0.668209397910979
2001-11-21,0.714330708661417,0.675337137596349,0.675875649981627
2001-11-22,0.744944881889764,0.72770583890044,0.745785827144246
2001-11-23,1.22456692913386,0.972767004533337,1.07966660686858
2001-11-24,1.09530708661417,0.93153263723808,1.02693248787343
2001-11-25,1.09530708661417,0.93022608985567,0.967118166353282
2001-11-26,2.74847244094488,1.68287702707068,1.4927891488209
2001-11-27,2.00012598425197,1.7398913830645,1.53494164164234
2001-11-28,1.44226771653543,1.49144461886714,1.34423802316874
2001-11-29,1.58853543307087,1.56884351285456,1.48303399267664
2001-11-30,1.98311811023622,2.04922342571161,1.94999830117964
2001-12-01,2.96617322834646,2.55792191563404,2.41685740429189
2001-12-02,3.34034645669291,2.79156382948911,2.81186906426737
2001-12-03,2.17020472440945,1.80311671036624,1.84997235596701
2001-12-04,1.52050393700787,1.20274547756174,1.21881216443281
2001-12-05,1.36062992125984,1.1391491521958,1.23804574213558
2001-12-06,1.3028031496063,1.09257448756486,1.18452563730914
2001-12-07,1.18714960629921,1.00794242374211,1.06770460805257
2001-12-08,1.04428346456693,0.893297820378054,0.919177297482087
2001-12-09,0.979653543307087,0.81621604573068,0.820290061722035
2001-12-10,0.915023622047244,0.785786118593314,0.782135907530296
2001-12-11,0.864,0.772727126547857,0.766708182958704
2001-12-12,0.877606299212599,0.770132184051524,0.767047232685746
2001-12-13,0.877606299212599,0.785599735087128,0.796157994638948
2001-12-14,0.799370078740158,0.776787633918807,0.783971285228838
2001-12-15,0.972850393700787,0.759408275476895,0.757163551025297
2001-12-16,0.751748031496063,0.751191434545947,0.745363598145438
2001-12-17,0.717732283464567,0.74722604628218,0.740504679076823
2001-12-18,0.758551181102362,0.743966009942494,0.736777083752424
2001-12-19,0.772157480314961,0.741093961947699,0.733602879506782
2001-12-20,0.758551181102362,0.738489705161019,0.730798898400082
2001-12-21,0.741543307086614,0.735975505877655,0.728147135486577
2001-12-22,0.748346456692914,0.733513035765123,0.725587124098265
2001-12-23,0.765354330708661,0.731193855354749,0.723200098976651
2001-12-24,0.850393700787402,0.728997944629152,0.720957050366009
2001-12-25,0.710929133858268,0.796578961125249,0.802537583628789
2001-12-26,0.809574803149606,1.12679571086741,1.2157422135162
2001-12-27,0.799370078740158,1.06795062322405,1.14207655623217
2001-12-28,0.836787401574803,0.976425441465931,1.03634500048738
2001-12-29,2.04774803149606,1.76920257429945,2.11162639332063
2001-12-30,3.12264566929134,2.93095483472716,3.60311098713437
2001-12-31,1.63275590551181,1.95192830605612,2.23141873531803
2002-01-01,1.13612598425197,1.1372477895185,1.20074845310528
2002-01-02,0.989858267716536,0.915435053604578,0.945072248181839
2002-01-03,0.908220472440945,0.822356036073064,0.834049524901282
2002-01-04,0.864,0.795280696042902,0.803348890050541
2002-01-05,1.12592125984252,0.779841487686493,0.786004320442147
2002-01-06,1.32661417322835,0.770002082052771,0.7750187506906
2002-01-07,0.850393700787402,0.762994988678151,0.767233923639476
2002-01-08,0.782362204724409,0.757599682658564,0.761263450855131
2002-01-09,0.755149606299213,0.753306875625405,0.756527248141147
2002-01-10,0.734740157480315,0.749727251235826,0.752588284734256
2002-01-11,0.707527559055118,0.746567687979162,0.749120456823394
2002-01-12,0.69051968503937,0.743575777159192,0.74584470196854
2002-01-13,0.680314960629921,0.740602925285388,0.742596705146268
2002-01-14,0.680314960629921,0.737808165850361,0.739548161590869
2002-01-15,0.649700787401575,0.735315903010779,0.736833817772929
2002-01-16,0.649700787401575,0.732992398130711,0.73430835775584
2002-01-17,0.653102362204724,0.7306495484248,0.731767231916703
2002-01-18,0.659905511811024,0.728279925020144,0.729201733102239
2002-01-19,0.676913385826772,0.750748957402676,0.761504500121535
2002-01-20,0.731338582677165,0.9108937970959,0.949946025661573
2002-01-21,1.07149606299213,1.18118076384927,1.1210642772772
2002-01-22,1.14633070866142,1.11450790569363,1.03342036521175
2002-01-23,0.928629921259843,0.921615097904229,0.891131499337748
2002-01-24,0.874204724409449,0.866091166718395,0.892963259691582
2002-01-25,0.955842519685039,0.95053367424442,1.02863232595662
2002-01-26,1.01707086614173,1.08098128336773,1.0959084482612
2002-01-27,0.95244094488189,0.997073367632195,0.987780029222873
2002-01-28,1.02727559055118,0.9741521752509,1.01860170560936
2002-01-29,0.95244094488189,0.890065331642042,0.930129368000129
2002-01-30,0.877606299212599,0.797384272134974,0.81162453941489
2002-01-31,0.826582677165354,0.759487502522656,0.764079586191525
2002-02-01,0.809574803149606,0.745656030941341,0.747771312081802
2002-02-02,0.772157480314961,0.737058862245481,0.73798849822338
2002-02-03,0.748346456692914,0.7304977776337,0.730672944894264
2002-02-04,0.724535433070866,0.725067621159346,0.724716950269295
2002-02-05,0.697322834645669,0.720545154587346,0.719848340324887
2002-02-06,0.751748031496063,0.836619039351637,0.830690109240092
2002-02-07,1.05108661417323,1.51350922543076,1.4626225846872
2002-02-08,1.04088188976378,1.55871042531912,1.46854798067997
2002-02-09,1.12592125984252,1.31788191750415,1.19801461138052
2002-02-10,1.18034645669291,1.17242922324272,1.1421003772421
2002-02-11,1.09530708661417,1.05632615071324,1.08607121398508
2002-02-12,0.962645669291339,0.902045006155355,0.91998229868822
2002-02-13,0.836787401574803,0.805545031508063,0.848350373100554
2002-02-14,0.819779527559055,0.784032739437282,0.980762621689381
2002-02-15,0.755149606299213,0.76519188205309,0.92411810917311
2002-02-16,0.738141732283465,0.745464320450098,0.803245087448112
2002-02-17,0.738141732283465,0.734760135234745,0.755343175246667
2002-02-18,0.731338582677165,0.728455408120305,0.740136957746956
2002-02-19,0.748346456692914,0.724238208944856,0.739440575707183
2002-02-20,0.748346456692914,0.771360885088535,0.808942388034344
2002-02-21,0.819779527559055,0.983986369142342,0.993133003356455
2002-02-22,0.816377952755906,0.944322346814283,0.938997644676771
2002-02-23,0.846992125984252,0.907225801886434,0.956972351549282
2002-02-24,1.04088188976378,1.28508284140573,1.48814338954154
2002-02-25,1.34362204724409,1.24736159486924,1.38181375660449
2002-02-26,2.07155905511811,1.27462798357156,1.17600861445953
2002-02-27,1.3164094488189,1.36430110539883,1.19725222696969
2002-02-28,2.61581102362205,2.22226736387507,1.88821704160887
2002-03-01,1.57492913385827,1.82885322829847,1.63967883773367
2002-03-02,1.55451968503937,1.50726367331324,1.45569085701438
2002-03-03,1.95590551181102,1.44928528273501,1.36828216370292
2002-03-04,1.3300157480315,1.13032351480664,1.07227719307902
2002-03-05,1.09190551181102,0.898432647497225,0.875868828911227
2002-03-06,0.979653543307087,0.816704183658216,0.80724845936334
2002-03-07,0.911622047244095,0.787387523866523,0.780791779066047
2002-03-08,0.846992125984252,0.771351431757122,0.765929274396315
2002-03-09,0.816377952755906,0.760238353955579,0.755336387377689
2002-03-10,0.77896062992126,0.75091530341813,0.746226689863287
2002-03-11,0.714330708661417,0.74304492570751,0.738438054886371
2002-03-12,0.768755905511811,0.735833211797243,0.731247569535651
2002-03-13,0.707527559055118,0.728963213172312,0.72437655403326
2002-03-14,0.639496062992126,0.722737271787581,0.718145291096106
2002-03-15,0.673511811023622,0.717481789340326,0.712886524104004
2002-03-16,0.642897637795276,0.712832502310978,0.708238378071107
2002-03-17,0.646299212598425,0.708443541538255,0.703855564432538
2002-03-18,0.69051968503937,0.704475787592336,0.699891566051017
2002-03-19,0.864,0.96284045319515,0.985297690906852
2002-03-20,2.86752755905512,3.12454354269573,3.60756440445748
2002-03-21,2.64642519685039,3.72635233259994,5.07604628016612
2002-03-22,2.38790551181102,2.81162668012771,4.67975121504591
2002-03-23,2.02733858267717,2.03842349555873,4.32738370086668
2002-03-24,1.49669291338583,1.30811706201274,2.32707214911419
2002-03-25,1.25858267716535,0.983856685235532,1.26516730579854
2002-03-26,1.10551181102362,0.845764205562606,0.99956463540873
2002-03-27,1.02387401574803,0.804858338908921,0.88215637983707
2002-03-28,0.962645669291339,0.783224969918522,0.845323179983025
2002-03-29,0.904818897637795,0.768207995319104,0.821444831243126
2002-03-30,0.881007874015748,0.756339692119699,0.803415049324406
2002-03-31,0.846992125984252,0.746260053490641,0.788587190560621
2002-04-01,0.816377952755906,0.73779389650179,0.776387247327841
2002-04-02,0.785763779527559,0.730387060598372,0.765860365221134
2002-04-03,0.741543307086614,0.723557834549472,0.756262724251173
2002-04-04,0.710929133858268,0.717461492433047,0.747760983878253
2002-04-05,0.714330708661417,0.712274054821305,0.740564457999894
2002-04-06,0.697322834645669,0.707883350784382,0.734502055073278
2002-04-07,0.707527559055118,0.704170855916813,0.729403367381185
2002-04-08,0.717732283464567,0.700820918989135,0.724841549384672
2002-04-09,0.717732283464567,0.697706955232326,0.720646590204052
2002-04-10,0.69392125984252,0.69472961319462,0.716682072673973
2002-04-11,0.717732283464567,0.691930123064465,0.712974536224893
2002-04-12,0.707527559055118,0.695121072812187,0.709561198564027
2002-04-13,0.741543307086614,0.73630694026053,0.71366691103245
2002-04-14,0.77555905511811,0.823496133495643,0.736533257608593
2002-04-15,0.755149606299213,0.816145292769196,0.729671475740945
2002-04-16,0.802771653543307,0.742828866888032,0.711297579838849
2002-04-17,0.741543307086614,0.7011614062863,0.703450661768
2002-04-18,0.714330708661417,0.689468257059459,0.700338208735442
2002-04-19,0.683716535433071,0.685535324382258,0.70388456171162
2002-04-20,0.683716535433071,0.68321509931718,0.725317790580281
2002-04-21,0.670110236220472,0.681261911495385,0.717887820381843
2002-04-22,0.629291338582677,0.679113100126757,0.699143456529498
2002-04-23,0.615685039370079,0.676835438416393,0.691135820755324
2002-04-24,0.727937007874016,0.744724803128805,0.735664252450274
2002-04-25,0.969448818897638,1.08520102095652,0.943968822243343
2002-04-26,0.819779527559055,1.09590023129307,0.968831741278171
2002-04-27,1.00346456692913,1.13602331108507,1.09281414307601
2002-04-28,0.853795275590551,0.971669439712094,0.970177817909158
2002-04-29,0.761952755905512,0.77691352199892,0.782471814752101
2002-04-30,0.731338582677165,0.707439517502482,0.715345814075072
2002-05-01,0.700724409448819,0.689370258802766,0.698779242680192
2002-05-02,0.69051968503937,0.680566340511966,0.690556873264737
2002-05-03,0.680314960629921,0.679185680190871,0.685636702566201
2002-05-04,0.795968503937008,0.722062419621143,0.71435237968035
2002-05-05,0.826582677165354,0.849740824030484,0.842170792634661
2002-05-06,0.772157480314961,0.808734399442037,0.811889320385574
2002-05-07,0.727937007874016,0.711859566962505,0.719328234250008
2002-05-08,0.704125984251968,0.677273914694321,0.685620335288722
2002-05-09,0.700724409448819,0.669872662610838,0.678627205988431
2002-05-10,0.816377952755906,0.66640727306547,0.675407986210444
2002-05-11,0.744944881889764,0.703479472003377,0.692420193123198
2002-05-12,1.03407874015748,0.869349485310768,0.765813767882884
2002-05-13,0.819779527559055,0.832332672823984,0.746373760038474
2002-05-14,0.714330708661417,0.713318209329682,0.691289815083737
2002-05-15,0.659905511811024,0.67099655812732,0.671562762069065
2002-05-16,0.629291338582677,0.663046940392178,0.667772610374019
2002-05-17,0.622488188976378,0.659242949272351,0.665551326685236
2002-05-18,0.683716535433071,0.860834131796179,0.914262657157652
2002-05-19,3.08182677165354,2.28774368320089,2.86922743069626
2002-05-20,1.85725984251969,1.94423439999682,2.33976695173532
2002-05-21,1.02047244094488,1.0363603343721,1.13766984840032
2002-05-22,0.819779527559055,0.805844896254952,0.853800796875429
2002-05-23,0.77896062992126,0.753615632106851,0.78264826298969
2002-05-24,0.94903937007874,0.928036808021384,0.987544671947597
2002-05-25,0.846992125984252,0.914451604362462,0.956786587938746
2002-05-26,1.09870866141732,0.952838038872298,0.944899435490288
2002-05-27,0.979653543307087,0.983943874914085,0.931279348020628
2002-05-28,2.18381102362205,1.42679670842552,1.17163533907833
2002-05-29,1.38784251968504,1.22453980947833,1.03825881215275
2002-05-30,0.989858267716536,0.853247320527782,0.802559304882959
2002-05-31,0.812976377952756,0.725442814895305,0.717764592255316
2002-06-01,0.721133858267717,0.69417661304109,0.69599989537951
2002-06-02,0.659905511811024,0.680018030132199,0.685376761313731
2002-06-03,0.656503937007874,0.671763360174574,0.678785975274482
2002-06-04,0.666708661417323,0.666471787661514,0.674310742596594
2002-06-05,0.755149606299213,0.80234379297628,0.852153425424315
2002-06-06,2.62261417322835,2.33573494277466,2.55937293405219
2002-06-07,2.60900787401575,6.09145194182989,4.67424442336091
2002-06-08,10.0006299212598,3.62667066523955,2.57187239094922
2002-06-09,1.95590551181102,1.55642225917951,1.22541758539163
2002-06-10,1.78582677165354,1.22366915892488,0.97529166980998
2002-06-11,1.84365354330709,1.09551371749397,0.946536338628612
2002-06-12,1.20755905511811,0.90830892049184,0.860638703072287
2002-06-13,1.07489763779528,0.788326348938025,0.764292056223588
2002-06-14,0.932031496062992,0.741990919726558,0.724477043876492
2002-06-15,0.887811023622047,0.721079575324325,0.709154370601339
2002-06-16,0.836787401574803,0.708449123196109,0.700958917724377
2002-06-17,0.94903937007874,0.700963798683573,0.695746893895319
2002-06-18,0.823181102362205,0.694795602288203,0.690886058898604
2002-06-19,0.69392125984252,0.688938761396686,0.686280736032536
2002-06-20,0.676913385826772,0.684293388063322,0.682766165198237
2002-06-21,0.69051968503937,0.690061253441203,0.680570487487159
2002-06-22,0.928629921259843,0.722293296232843,0.679010682148171
2002-06-23,0.741543307086614,0.814405081992808,0.752639072607141
2002-06-24,1.7416062992126,1.39098000617595,1.15941516587342
2002-06-25,1.54091338582677,1.53012021709265,1.20961400137253
2002-06-26,0.942236220472441,1.05943059047356,0.901982283009174
2002-06-27,0.768755905511811,0.801553315139032,0.738826594220847
2002-06-28,0.738141732283465,0.716070632302499,0.696250181281122
2002-06-29,0.670110236220472,0.69506377786668,0.684024789845238
2002-06-30,0.670110236220472,0.685172277969117,0.678053770669193
2002-07-01,0.69392125984252,0.679318230735986,0.674390604723315
2002-07-02,0.704125984251968,0.68418264751424,0.681358283386271
2002-07-03,0.731338582677165,0.713598559366048,0.714718475741505
2002-07-04,0.700724409448819,0.703995686396906,0.704500588995066
2002-07-05,0.69051968503937,0.680077820114884,0.678187684714008
2002-07-06,0.782362204724409,0.728130712428641,0.717425660373655
2002-07-07,1.21776377952756,0.987794977403873,0.93251415847773
2002-07-08,0.874204724409449,0.933795155286895,0.885902855177548
2002-07-09,0.734740157480315,0.759931335165161,0.742008798271344
2002-07-10,1.03748031496063,0.732927101184625,0.725733976588771
2002-07-11,0.734740157480315,0.710852276549254,0.706341725629211
2002-07-12,0.670110236220472,0.6807464176314,0.677180647184395
2002-07-13,0.700724409448819,0.712740903021997,0.696156764629245
2002-07-14,1.01366929133858,0.89341910957552,0.81313552275357
2002-07-15,0.853795275590551,0.876187203967296,0.815244072792567
2002-07-16,0.894614173228346,0.867092674132145,0.858705797677034
2002-07-17,1.25177952755906,1.01052714777065,0.902665808524473
2002-07-18,1.91508661417323,1.35957149549665,1.13968986457917
2002-07-19,1.50349606299213,1.12870180835066,1.00380520929528
2002-07-20,0.915023622047244,0.815919911459627,0.773958576309622
2002-07-21,0.782362204724409,0.712051944979062,0.702289062747252
2002-07-22,0.846992125984252,0.688846295865726,0.713335416652105
2002-07-23,0.724535433070866,0.678374424696962,0.697941361988329
2002-07-24,0.683716535433071,0.680391046480496,0.699987987728625
2002-07-25,0.785763779527559,0.7137269737037,0.794561088083236
2002-07-26,0.819779527559055,0.722449641018496,0.772379799225962
2002-07-27,0.751748031496063,0.693269409494915,0.697785721522749
2002-07-28,0.69051968503937,0.670856377065775,0.668381583374597
2002-07-29,0.700724409448819,0.66383421713637,0.66221288137099
2002-07-30,0.676913385826772,0.661451494405638,0.659473978997632
2002-07-31,0.761952755905512,0.847934785033234,0.909325503679385
2002-08-01,4.76220472440945,2.28150388982175,3.12584114522017
2002-08-02,2.64982677165354,2.4772415385503,3.65585648088402
2002-08-03,1.2619842519685,1.36377081191741,1.80893681785269
2002-08-04,0.993259842519685,0.983556240355853,1.08047814576058
2002-08-05,1.84025196850394,1.15030566955396,1.00472247935374
2002-08-06,0.986456692913386,1.0472781498896,0.97336816913308
2002-08-07,1.04428346456693,0.967490902039502,1.150628577065
2002-08-08,1.25858267716535,1.01262635993094,1.01625484927338
2002-08-09,0.918425196850394,0.993496884161397,0.914917596103339
2002-08-10,1.66677165354331,2.04614716396402,1.87065388155606
2002-08-11,6.53102362204724,7.45643838367075,6.14374064884791
2002-08-12,14.1845669291339,11.1320537459767,9.33602898451326
2002-08-13,8.74204724409449,5.08274816483337,4.58648241856362
2002-08-14,2.19741732283465,1.82769700247397,1.77478055241994
2002-08-15,1.59874015748032,1.15056230028737,1.13463620309536
2002-08-16,1.3300157480315,0.952078392173155,0.937382740073943
2002-08-17,1.24497637795276,0.864124206857687,0.850428553816544
2002-08-18,1.11231496062992,0.827075935408329,0.81477997961264
2002-08-19,1.01707086614173,0.802043600576907,0.790939287113329
2002-08-20,0.928629921259843,1.19018957519634,0.948886942672812
2002-08-21,3.53763779527559,4.46030201964261,2.10781892985122
2002-08-22,2.05455118110236,4.11409072187641,2.49852217155843
2002-08-23,1.24837795275591,1.89836271058586,1.5381344914056
2002-08-24,1.14633070866142,1.15959568277392,1.03768061739038
2002-08-25,0.955842519685039,0.9441908783748,0.867046934114002
2002-08-26,0.891212598425197,0.849536615015562,0.800298083480163
2002-08-27,2.80289763779528,1.09916300529757,0.92628791237593
2002-08-28,2.6328188976378,2.83768747075532,1.70733959995784
2002-08-29,1.23477165354331,2.28878476897083,1.51296308462996
2002-08-30,1.02727559055118,1.23921111579599,1.00147916859269
2002-08-31,0.877606299212599,0.971544530701545,0.838314776773063
2002-09-01,0.989858267716536,0.939567801635319,0.816173356293924
2002-09-02,1.18374803149606,1.27668635854102,0.914146414689784
2002-09-03,0.989858267716536,1.17090795082098,0.875345436945947
2002-09-04,0.812976377952756,1.12070665468379,0.846986026767696
2002-09-05,1.81303937007874,1.99700635279291,1.04722608761471
2002-09-06,1.15993700787402,1.69112132472534,0.984828212373852
2002-09-07,0.891212598425197,1.08629383628779,0.824549396451171
2002-09-08,0.809574803149606,0.905005530830456,0.764047903687905
2002-09-09,0.792566929133858,0.878366275262804,0.825763143628263
2002-09-10,0.908220472440945,1.05737276660422,1.20369076342512
2002-09-11,1.00346456692913,1.07340027674513,1.22767863637341
2002-09-12,0.812976377952756,0.925372640658469,0.950066762191505
2002-09-13,0.741543307086614,0.831648569177569,0.802519387342619
2002-09-14,0.673511811023622,0.7998793721691,0.760462281415451
2002-09-15,0.659905511811024,0.786454575183293,0.745832479098877
2002-09-16,0.697322834645669,0.778110958603003,0.737663684052112
2002-09-17,0.676913385826772,0.771818280046592,0.732031630145593
2002-09-18,0.659905511811024,0.766297145990062,0.727592946306643
2002-09-19,0.663307086614173,0.780330311096047,0.74030831140942
2002-09-20,0.894614173228346,0.941844369594955,0.84477559662885
2002-09-21,1.59533858267717,1.37386926781078,1.01727295151648
2002-09-22,0.915023622047244,1.34662831879486,1.03379188064462
2002-09-23,1.7143937007874,1.90096167077728,1.66398679271577
2002-09-24,4.01385826771654,4.4715958012464,4.0683441658649
2002-09-25,8.43590551181102,7.87299100637938,7.51129443596674
2002-09-26,4.89826771653543,5.00360071672551,4.54807970177335
2002-09-27,3.07842519685039,2.7280701228372,2.50828732867795
2002-09-28,2.6124094488189,2.27759574853469,1.98301870113119
2002-09-29,1.86066141732283,1.60696584068144,1.40002020023283
2002-09-30,1.46948031496063,1.16835484380208,1.06239607389972
2002-10-01,1.30620472440945,1.00357329646943,0.920841516812265
2002-10-02,1.19055118110236,0.941947802420936,0.875418109759862
2002-10-03,1.11911811023622,0.915390615497263,0.850930687134071
2002-10-04,1.10551181102362,0.986085760850216,0.872662266105174
2002-10-05,1.41505511811024,1.56989716726689,1.18287928875666
2002-10-06,2.64302362204724,3.17728803172134,2.26764640028968
2002-10-07,4.93228346456693,4.47433434315388,2.87250828514666
2002-10-08,2.38450393700787,2.6026815604261,1.83119843119016
2002-10-09,1.60894488188976,1.40309377302302,1.17434187952976
2002-10-10,1.42185826771654,1.1200438668342,0.975135730437113
2002-10-11,1.19735433070866,1.00005441091087,0.896694564569506
2002-10-12,1.17354330708661,1.00134704511403,0.891281592841607
2002-10-13,1.17354330708661,1.07520730825696,0.925351701536668
2002-10-14,1.13952755905512,1.17105114854834,0.962812124191532
2002-10-15,1.3096062992126,1.42671495306187,1.12134736188044
2002-10-16,1.56132283464567,1.75237630801146,1.34535097143638
2002-10-17,1.90488188976378,1.96049256443812,1.64831779598979
2002-10-18,2.23143307086614,2.57087334097708,2.51269821705949
2002-10-19,1.7075905511811,2.17530902793503,2.08196318800211
2002-10-20,1.51029921259843,1.57731496022795,1.38128005905459
2002-10-21,1.3300157480315,1.22526635636373,1.08348612306885
2002-10-22,1.18034645669291,1.05541564724452,0.948358282907184
2002-10-23,1.12251968503937,1.017449303141,0.913688179164531
2002-10-24,1.08170078740157,1.33298324032748,1.16071769430476
2002-10-25,2.12938582677165,2.92287755098548,2.78899901154558
2002-10-26,2.5715905511811,3.48785844475487,3.75200076281825
2002-10-27,1.45927559055118,2.08576029288354,2.19656236318997
2002-10-28,1.16674015748032,1.32481774466309,1.29602509632413
2002-10-29,1.03748031496063,1.10709090528935,1.05726734383246
2002-10-30,1.00686614173228,1.01616080704661,0.95437387479697
2002-10-31,1.24497637795276,1.0993341834904,1.10883066030232
2002-11-01,1.11231496062992,1.80734199071784,2.3008233557728
2002-11-02,1.55111811023622,2.84465410225146,3.27138040217468
2002-11-03,3.24850393700787,4.50911345131658,4.28472035258229
2002-11-04,5.1703937007874,6.41270859971578,6.3780636144584
2002-11-05,3.60566929133858,4.93658371386604,5.54136288765786
2002-11-06,2.14979527559055,2.64237432968092,2.79626159131066
2002-11-07,1.7552125984252,1.71281450190651,1.64436772005654
2002-11-08,2.10557480314961,1.89175519241537,1.72554926782039
2002-11-09,1.81984251968504,1.8619686677172,1.82079089980151
2002-11-10,1.91848818897638,2.22487295049092,2.27360543737686
2002-11-11,2.11237795275591,2.59198878802111,2.76190998332846
2002-11-12,2.31307086614173,2.59685146458751,2.89721257455521
2002-11-13,1.64296062992126,1.85047282146891,1.97541941635523
2002-11-14,1.42525984251969,1.43804923564353,1.4246061612603
2002-11-15,1.51710236220472,1.66464947712987,1.51308661830589
2002-11-16,1.35042519685039,1.7583580416826,1.51451397001621
2002-11-17,1.37423622047244,1.62509063042617,1.4108495770061
2002-11-18,1.2823937007874,1.56322570481425,1.455050471198
2002-11-19,2.1736062992126,2.5149008877804,2.65962142026713
2002-11-20,2.50355905511811,3.10780575849301,3.56600181911548
2002-11-21,1.63275590551181,2.09130692552888,2.28734875652196
2002-11-22,1.53411023622047,1.58356992592308,1.64918868464998
2002-11-23,1.71099212598425,2.0751231022808,2.28925487033564
2002-11-24,1.43886614173228,1.78942261584812,1.91407478528754
2002-11-25,1.28579527559055,1.34801256652453,1.35768400713957
2002-11-26,1.34362204724409,1.41954263103041,1.37259006084537
2002-11-27,1.83004724409449,2.41553579073398,2.30803302238173
2002-11-28,1.51370078740157,2.1730990864209,2.05853785067697
2002-11-29,2.25184251968504,2.41232626960565,2.14500106960581
2002-11-30,3.84377952755906,4.50764648260414,4.03983494115164
2002-12-01,2.05114960629921,3.31274987022387,3.04970628315647
2002-12-02,1.78582677165354,2.13957100478478,2.04663989024227
2002-12-03,1.70418897637795,1.76611567356311,1.67968969015897
2002-12-04,1.60894488188976,1.66732114116112,1.54793004036004
2002-12-05,1.51370078740157,1.50947711295511,1.50466568600029
2002-12-06,1.42185826771654,1.50329779711263,1.58209800451251
2002-12-07,1.32661417322835,1.39001880610654,1.41372226105247
2002-12-08,1.23137007874016,1.24750930052994,1.22340975388809
2002-12-09,1.15313385826772,1.17733469200468,1.14286498610774
2002-12-10,1.13952755905512,1.14621610568504,1.11024417993995
2002-12-11,1.13272440944882,1.12697562673571,1.09021784987764
2002-12-12,1.12592125984252,1.11259461282917,1.07550555993923
2002-12-13,1.11571653543307,1.10063429764068,1.0635298197614
2002-12-14,1.10891338582677,1.08991016552667,1.05296446854807
2002-12-15,1.10211023622047,1.08037705432054,1.04367011810434
2002-12-16,1.52390551181102,1.35315477187321,1.24051326249889
2002-12-17,3.19407874015748,3.10705685100232,2.41003871748245
2002-12-18,3.60566929133858,2.57995926196251,2.10798119508102
2002-12-19,3.70771653543307,1.54556912504924,1.39179536871044
2002-12-20,4.01385826771654,1.42676116966732,1.27556092090428
2002-12-21,5.40850393700787,2.33682645700273,1.8065665364172
2002-12-22,6.97322834645669,2.69984527959476,2.36357809281702
2002-12-23,4.66015748031496,3.16867790709212,3.59602393413934
2002-12-24,3.19748031496063,2.27098260560957,2.55887621077408
2002-12-25,3.28251968503937,1.50149700194143,1.53787789141885
2002-12-26,3.4355905511811,1.30715654062937,1.29253955286148
2002-12-27,3.60566929133858,1.35066971670722,1.36211495054469
2002-12-28,3.77574803149606,1.49002394746609,1.48931492910876
2002-12-29,3.84377952755906,2.6100844495911,2.49043994416427
2002-12-30,2.89474015748032,3.03168267175313,2.67792086285438
2002-12-31,2.78929133858268,2.12430775858914,1.92604684574527
2003-01-01,2.88113385826772,1.94072089293493,1.91436287665519
2003-01-02,2.97637795275591,2.22884310494969,2.06322925125206
2003-01-03,2.80289763779528,3.34328886639335,2.72246076780055
2003-01-04,2.06475590551181,3.42286452079189,2.94652932994982
2003-01-05,2.13618897637795,3.39303361317253,3.25508932691233
2003-01-06,1.88107086614173,2.28628704338453,2.24096943508879
2003-01-07,1.51029921259843,1.53937054611552,1.48597937576202
2003-01-08,1.36743307086614,1.32202293537875,1.26855817674744
2003-01-09,1.24837795275591,1.23784391709751,1.18397525442116
2003-01-10,1.14633070866142,1.20198953815137,1.1490537320997
2003-01-11,1.07829921259843,1.17861178322907,1.126552561922
2003-01-12,1.01366929133858,1.16145289084278,1.11023337998888
2003-01-13,1.01366929133858,1.14765151225334,1.09724725015763
2003-01-14,1.04768503937008,1.18620163110213,1.14666935371192
2003-01-15,1.06809448818898,1.39379333233875,1.42212475300413
2003-01-16,1.04768503937008,1.39145210437117,1.46611169275265
2003-01-17,1.09190551181102,1.42874963721439,1.39393418552233
2003-01-18,1.05108661417323,1.32447288696402,1.24958876976224
2003-01-19,1.03407874015748,1.19022126361737,1.13582181567322
2003-01-20,0.983055118110236,1.14093423137319,1.10124255732505
2003-01-21,0.938834645669291,1.14933393974805,1.13128944959313
2003-01-22,0.955842519685039,1.16249804146409,1.13122425277734
2003-01-23,1.19395275590551,1.40284025422645,1.29398353045964
2003-01-24,1.84025196850394,1.97778997858857,1.76198649967392
2003-01-25,1.61914960629921,1.75638064173805,1.6163830699139
2003-01-26,1.28579527559055,1.35003392333441,1.28263906042499
2003-01-27,1.37763779527559,1.24861683040942,1.17702058990091
2003-01-28,2.44573228346457,1.56273731214276,1.37449386799669
2003-01-29,2.13618897637795,1.93890416706193,1.6945695131216
2003-01-30,1.59193700787402,1.6744582107265,1.60257436498369
2003-01-31,1.42525984251969,1.31760555783899,1.29857941475886
2003-02-01,1.24497637795276,1.16588730497463,1.13075261683631
2003-02-02,1.21436220472441,1.11392504152184,1.07194322599981
2003-02-03,1.28579527559055,1.21817844388398,1.19450282758654
2003-02-04,1.84025196850394,1.84276519731861,1.93457194421491
2003-02-05,1.59193700787402,1.68622660838354,1.74616201158719
2003-02-06,1.3368188976378,1.2797627303945,1.27101963117566
2003-02-07,1.20755905511811,1.13262179154327,1.1037009316153
2003-02-08,1.19055118110236,1.09458881005524,1.08816371465846
2003-02-09,1.20415748031496,1.09160291984447,1.18951058702724
2003-02-10,1.15993700787402,1.07180984312952,1.14673845332178
2003-02-11,1.17354330708661,1.04767549302209,1.05656034710337
2003-02-12,1.10211023622047,1.03354342942036,1.01762858726365
2003-02-13,1.07149606299213,1.02428923385347,1.00213946109278
2003-02-14,1.04768503937008,1.01644006169259,0.991401230163653
2003-02-15,1.02387401574803,1.00932328245442,0.982676655754023
2003-02-16,1.02387401574803,1.00253179578163,0.975001013489323
2003-02-17,0.983055118110236,0.99611906450457,0.968134470809977
2003-02-18,0.95244094488189,0.990116357748123,0.961940699175499
2003-02-19,0.921826771653543,0.984335344980545,0.956130053554724
2003-02-20,0.945637795275591,0.978498064070033,0.950361925668199
2003-02-21,0.898015748031496,0.972670490214353,0.944666398691492
2003-02-22,0.877606299212599,0.967016635006837,0.939185784115433
2003-02-23,0.884409448818898,0.961594183590915,0.933963345947718
2003-02-24,0.874204724409449,0.956215682561719,0.928800365385289
2003-02-25,0.891212598425197,0.950785676965132,0.923594427769216
2003-02-26,0.86740157480315,0.945194934099171,0.928940625350043
2003-02-27,0.908220472440945,0.9395306483587,0.994977906334153
2003-02-28,0.979653543307087,1.07336873860354,1.24957667540473
2003-03-01,1.11911811023622,2.01158326678238,1.97505904913131
2003-03-02,1.57152755905512,2.65359487237027,1.96425645965662
2003-03-03,2.5851968503937,2.25272628716263,1.67008141529321
2003-03-04,1.77902362204724,1.69877946432726,1.37369061302169
2003-03-05,1.40825196850394,1.28775281511272,1.12732900398183
2003-03-06,1.34022047244094,1.14754589192163,1.06107151511369
2003-03-07,1.46607874015748,1.31634822600811,1.22135821611128
2003-03-08,1.3164094488189,1.22968787292638,1.15394829334742
2003-03-09,1.17014173228346,1.06526878201309,1.0126045968689
2003-03-10,1.12251968503937,0.997984466903947,0.954303907014401
2003-03-11,1.05788976377953,0.97280842857421,0.932555213863705
2003-03-12,1.02727559055118,0.997529512173733,0.945957508850581
2003-03-13,1.09190551181102,1.1578998482168,1.04799598740442
2003-03-14,1.03407874015748,1.11579205565751,1.01817341469793
2003-03-15,0.955842519685039,0.998006196269394,0.939211669565395
2003-03-16,0.932031496062992,0.95076905128113,0.906815877921184
2003-03-17,0.966047244094488,0.935247894273048,0.895474711631748
2003-03-18,0.938834645669291,0.924590472882776,0.887064333005018
2003-03-19,0.911622047244095,0.915695281937165,0.879715240160766
2003-03-20,0.891212598425197,0.907781128105365,0.872976913612113
2003-03-21,0.935433070866142,0.90057885767957,0.866730117985866
2003-03-22,0.894614173228346,0.89417949190324,0.861126424510547
2003-03-23,0.874204724409449,0.888374061434238,0.85601107296429
2003-03-24,0.853795275590551,0.882653315641497,0.850936380619809
2003-03-25,0.799370078740158,0.876791116472061,0.845707266405978
2003-03-26,0.812976377952756,0.871025182505102,0.840551396292522
2003-03-27,0.833385826771654,0.865568592769919,0.83567006661644
2003-03-28,0.843590551181102,0.860393295075203,0.831039895952587
2003-03-29,0.829984251968504,0.855411567962237,0.826583925386163
2003-03-30,0.823181102362205,0.850872596845644,0.822552673903768
2003-03-31,0.908220472440945,0.846887721787904,0.819082641634076
2003-04-01,0.86059842519685,0.857085665933894,0.827290934653455
2003-04-02,0.979653543307087,0.935062263039042,0.883492761682908
2003-04-03,1.03407874015748,1.03529789152145,0.93225271508047
2003-04-04,0.921826771653543,0.969286430833066,0.884697238339389
2003-04-05,0.857196850393701,0.876909105782121,0.830167286929499
2003-04-06,0.836787401574803,0.845265825379605,0.811931450344749
2003-04-07,0.918425196850394,0.837275528792852,0.807005547106551
2003-04-08,0.887811023622047,0.832595177813665,0.803800332481769
2003-04-09,0.86059842519685,0.828760105201675,0.800999855814472
2003-04-10,0.898015748031496,0.842118871634033,0.814827656199469
2003-04-11,0.959244094488189,0.904589670637475,0.876756712173592
2003-04-12,0.877606299212599,0.886807150090134,0.8595658437516
2003-04-13,0.823181102362205,0.838012909620205,0.811510799973078
2003-04-14,0.782362204724409,0.81931910095238,0.793385153535122
2003-04-15,0.751748031496063,0.814227585367007,0.788820321909448
2003-04-16,0.731338582677165,0.810485955439751,0.78556166295247
2003-04-17,0.748346456692914,0.807118333459372,0.782629134088012
2003-04-18,0.744944881889764,0.804139860658811,0.780035204515608
2003-04-19,0.710929133858268,0.801486515957175,0.777722945058785
2003-04-20,0.731338582677165,0.79908718400109,0.775626841166207
2003-04-21,0.717732283464567,0.798737984107093,0.773569604811607
2003-04-22,0.727937007874016,0.803905459037293,0.777880252697305
2003-04-23,0.77896062992126,0.799894020959067,0.799139097167527
2003-04-24,0.768755905511811,0.792349104838112,0.791095663142699
2003-04-25,0.765354330708661,0.788367323340778,0.772050035394403
2003-04-26,0.738141732283465,0.786054989273302,0.764544604919482
2003-04-27,0.785763779527559,0.784039231337876,0.762360310108317
2003-04-28,0.755149606299213,0.782149007324779,0.760695483691809
2003-04-29,0.714330708661417,0.780223196877081,0.759037926887666
2003-04-30,0.724535433070866,0.780038414030768,0.757429445207179
2003-05-01,0.829984251968504,0.784484153834613,0.755976010342201
2003-05-02,0.741543307086614,0.799130835316117,0.764285130999217
2003-05-03,0.938834645669291,0.864238324290939,0.799822440324215
2003-05-04,0.77896062992126,0.843062055937319,0.788250314822674
2003-05-05,0.721133858267717,0.788406680404422,0.758846924976311
2003-05-06,0.710929133858268,0.769239745420597,0.74829287263789
2003-05-07,0.673511811023622,0.766067133985057,0.746263457031302
2003-05-08,0.683716535433071,0.77880942195579,0.751710905082017
2003-05-09,0.955842519685039,0.833355032774676,0.777840173074707
2003-05-10,0.840188976377953,0.835669990854264,0.792212094107424
2003-05-11,0.874204724409449,0.85283817779345,0.825091655918335
2003-05-12,0.86740157480315,0.820628889597898,0.797138797633983
2003-05-13,0.721133858267717,0.78830949521874,0.764092994011375
2003-05-14,0.799370078740158,0.822896637971347,0.789128099225649
2003-05-15,0.812976377952756,0.806559203881375,0.776031022755946
2003-05-16,0.738141732283465,0.768811474106937,0.746061057769765
2003-05-17,0.687118110236221,0.755210170440508,0.735348834778869
2003-05-18,0.670110236220472,0.752500427652397,0.733301466134886
2003-05-19,0.710929133858268,0.762550097822482,0.740687412642264
2003-05-20,0.884409448818898,0.812712188584445,0.776787404313369
2003-05-21,0.976251968503937,0.828595504951245,0.78592184126346
2003-05-22,0.932031496062992,0.78703110223185,0.755564843326742
2003-05-23,0.846992125984252,0.754732770336783,0.732962619083823
2003-05-24,0.734740157480315,0.745723006275081,0.726788689045886
2003-05-25,0.710929133858268,0.74835406182075,0.725260164805162
2003-05-26,0.870803149606299,0.764464812528824,0.724152406210912
2003-05-27,0.840188976377953,0.760466946185315,0.723148437981969
2003-05-28,0.894614173228346,0.765866520729038,0.730661302309477
2003-05-29,1.12251968503937,0.802849332360521,0.761479114535137
2003-05-30,0.901417322834646,0.783547526848685,0.751474096161577
2003-05-31,0.857196850393701,0.747712538334133,0.72630139295416
2003-06-01,0.816377952755906,0.735632097494043,0.717515301246437
2003-06-02,0.748346456692914,0.733527195032265,0.716051069728606
2003-06-03,0.741543307086614,0.732241144590182,0.71509916150449
2003-06-04,0.697322834645669,0.731040739225419,0.714141878148505
2003-06-05,0.69051968503937,0.742829204136711,0.744239517612243
2003-06-06,1.22116535433071,0.791293453956611,0.873711749767845
2003-06-07,0.785763779527559,0.778029845155823,0.842371089249879
2003-06-08,0.758551181102362,0.744183525149779,0.745459363576025
2003-06-09,0.639496062992126,0.729790008560201,0.712497636630892
2003-06-10,0.585070866141732,0.724680518284335,0.708168975528055
2003-06-11,0.588472440944882,0.722618922867027,0.706692442576969
2003-06-12,0.588472440944882,0.721574700286343,0.705663251365956
2003-06-13,0.751748031496063,0.725500354761424,0.705544995935278
2003-06-14,0.840188976377953,0.756038457066223,0.711658418290206
2003-06-15,0.850393700787402,0.802474117978997,0.725836855198637
2003-06-16,0.717732283464567,0.773561760486833,0.718440382768213
2003-06-17,0.588472440944882,0.731936238549941,0.707857090972785
2003-06-18,0.772157480314961,0.726967045279359,0.713348012307203
2003-06-19,0.629291338582677,0.722502206914357,0.709351826313396
2003-06-20,0.629291338582677,0.715041756518303,0.70089425368961
2003-06-21,0.574866141732283,0.712079697394761,0.697672116969268
2003-06-22,0.564661417322835,0.711101734986058,0.696766406166065
2003-06-23,0.557858267716535,0.710242799747145,0.695982879941073
2003-06-24,0.765354330708661,0.719666124793294,0.699346659662998
2003-06-25,0.755149606299213,0.757754563750669,0.713845690593388
2003-06-26,0.60207874015748,0.745927740772544,0.708418608812139
2003-06-27,0.636094488188976,0.715483769073088,0.695763058132343
2003-06-28,0.60207874015748,0.705133945185825,0.691215974497752
2003-06-29,0.564661417322835,0.703745855877927,0.690272342920265
2003-06-30,0.523842519685039,0.707408137219988,0.692593390742501
2003-07-01,0.802771653543307,0.728902475483149,0.706659429267456
2003-07-02,0.724535433070866,0.746122630997879,0.716185552522531
2003-07-03,0.738141732283465,0.733762904719321,0.708594760799909
2003-07-04,0.738141732283465,0.740892791472935,0.718969084599227
2003-07-05,0.656503937007874,0.733775947475451,0.718646901250358
2003-07-06,0.598677165354331,0.710666160374273,0.69862292890534
2003-07-07,0.612283464566929,0.698352868348838,0.685334046719771
2003-07-08,0.598677165354331,0.69550058088066,0.682004575651937
2003-07-09,0.557858267716535,0.694655314882328,0.681268213525969
2003-07-10,0.551055118110236,0.693941359345448,0.68067673600208
2003-07-11,0.534047244094488,0.693215316177477,0.680054616322409
2003-07-12,0.527244094488189,0.692463540264772,0.67939722852616
2003-07-13,0.51703937007874,0.691686368468055,0.678708371126351
2003-07-14,0.588472440944882,0.69088557804471,0.677992727648616
2003-07-15,0.60888188976378,0.690064078900829,0.677255175551759
2003-07-16,0.591874015748032,0.692393261202376,0.679188077104409
2003-07-17,1.16333858267717,0.726319669891073,0.707095694801846
2003-07-18,1.16674015748032,0.816486768845465,0.778593394140069
2003-07-19,0.683716535433071,0.782950133083285,0.750601378419671
2003-07-20,0.622488188976378,0.709641643157071,0.69149461993702
2003-07-21,0.581669291338583,0.685752051699909,0.672423984604624
2003-07-22,0.568062992125984,0.684997263843112,0.670383127842747
2003-07-23,0.625889763779528,0.691468202461678,0.66979791946487
2003-07-24,0.765354330708661,0.71798504208393,0.683849468464429
2003-07-25,1.7075905511811,0.832081264259113,0.739248261234661
2003-07-26,0.829984251968504,0.800615105147823,0.723577635632247
2003-07-27,0.785763779527559,0.74180338637081,0.69680228622626
2003-07-28,0.765354330708661,0.826910316692674,0.741994493683051
2003-07-29,0.656503937007874,0.793326171810137,0.724400770666871
2003-07-30,0.591874015748032,0.710872903490755,0.680404644732254
2003-07-31,0.544251968503937,0.682286187745101,0.665553661373368
2003-08-01,0.561259842519685,0.677804427978998,0.663767141464018
2003-08-02,0.554456692913386,0.676194675590056,0.66316060092463
2003-08-03,0.51703937007874,0.675185751996597,0.662653681573554
2003-08-04,0.506834645669291,0.674432268290589,0.662161714714943
2003-08-05,0.452409448818898,0.673780473913895,0.661653025127756
2003-08-06,0.414992125984252,0.673159711707413,0.661117014131206
2003-08-07,0.425196850393701,0.672538544376524,0.66055258891267
2003-08-08,0.408188976377953,0.671900518550535,0.659960767147693
2003-08-09,0.408188976377953,0.671239592804203,0.659345150466849
2003-08-10,0.408188976377953,0.670556288506472,0.658710920076425
2003-08-11,0.462614173228347,0.669854384752176,0.65806201982841
2003-08-12,0.452409448818898,0.669138832921776,0.657402393963186
2003-08-13,0.496629921259843,0.668415163683249,0.656736331852971
2003-08-14,0.489826771653543,0.670135216736862,0.658022055878062
2003-08-15,0.612283464566929,0.678308131065294,0.664445852625227
2003-08-16,0.571464566929134,0.674852269035815,0.661583392705919
2003-08-17,0.534047244094488,0.667211545117476,0.655392286771313
2003-08-18,0.557858267716535,0.664346354759071,0.653024834452188
2003-08-19,0.496629921259843,0.663601880915808,0.652354197965828
2003-08-20,0.513637795275591,0.662977916557297,0.651778519037908
2003-08-21,0.486425196850394,0.662330571390759,0.651183191951902
2003-08-22,0.472818897637795,0.661665725420646,0.650573543082502
2003-08-23,0.43540157480315,0.660988514742542,0.649953856233689
2003-08-24,0.459212598425197,0.66030273004312,0.649327242044938
2003-08-25,0.483023622047244,0.659611626010411,0.648696302340168
2003-08-26,0.493228346456693,0.658917838048228,0.648063116883497
2003-08-27,0.486425196850394,0.658222772790609,0.647428991844363
2003-08-28,0.455811023622047,0.657527793312439,0.646795042086398
2003-08-29,0.537448818897638,0.657485318347387,0.646909964868608
2003-08-30,0.537448818897638,0.66768192796437,0.652252343388919
2003-08-31,0.772157480314961,0.699110569666097,0.664790174139194
2003-09-01,0.676913385826772,0.689802418254863,0.665747293814208
2003-09-02,0.51703937007874,0.66318192302532,0.652954428804206
2003-09-03,0.496629921259843,0.652917816635712,0.643863372412362
2003-09-04,0.496629921259843,0.651460837800142,0.641510499447879
2003-09-05,0.534047244094488,0.651058024861346,0.641030147306995
2003-09-06,0.479622047244094,0.650653393273309,0.640623831954098
2003-09-07,0.51703937007874,0.651269524513603,0.640203999566096
2003-09-08,0.561259842519685,0.654619142917026,0.639818656687344
2003-09-09,0.513637795275591,0.652916257765847,0.639289121579591
2003-09-10,0.52044094488189,0.652591230059556,0.63968303515529
2003-09-11,0.568062992125984,0.662748454960907,0.64319331127143
2003-09-12,0.591874015748032,0.658633838422093,0.643367218301343
2003-09-13,0.561259842519685,0.649137696144889,0.639467623873062
2003-09-14,0.540850393700787,0.645901193675627,0.63663793825707
2003-09-15,0.510236220472441,0.645255589095704,0.635641331009999
2003-09-16,0.523842519685039,0.644707295371184,0.635124163279419
2003-09-17,0.534047244094488,0.644181671839006,0.634618414003465
2003-09-18,0.489826771653543,0.643654516626172,0.63409834953761
2003-09-19,0.503433070866142,0.643107681368879,0.633567929678944
2003-09-20,0.500031496062992,0.642544813973703,0.633030305801194
2003-09-21,0.479622047244094,0.641970792061551,0.632488063652164
2003-09-22,0.506834645669291,0.641389492149785,0.631943177119828
2003-09-23,0.523842519685039,0.641392346586857,0.631440992773567
2003-09-24,0.557858267716535,0.642926137328924,0.631052807368005
2003-09-25,0.513637795275591,0.641673690720215,0.630457913428875
2003-09-26,0.52044094488189,0.639429507921682,0.629790182395628
2003-09-27,0.51703937007874,0.638334087134955,0.629209222673371
2003-09-28,0.544251968503937,0.638468604554651,0.628973116319432
2003-09-29,0.547653543307087,0.640507431220022,0.629534041002389
2003-09-30,0.503433070866142,0.639134572738005,0.628652588031903
2003-10-01,0.540850393700787,0.636811748026752,0.627342786986987
2003-10-02,0.564661417322835,0.6365809723568,0.626845172329388
2003-10-03,0.581669291338583,0.638440086152535,0.627726305656269
2003-10-04,0.673511811023622,0.655897097996686,0.636581083121513
2003-10-05,1.02387401574803,0.733377788499312,0.677365675013936
2003-10-06,1.62935433070866,0.939233978907528,0.785531430187777
2003-10-07,0.86740157480315,0.955938296369204,0.792144581962627
2003-10-08,1.28579527559055,1.11971438294549,0.904684967789064
2003-10-09,1.55792125984252,1.28062762536086,1.04636625761909
2003-10-10,1.3368188976378,1.03096603367586,0.916507108353079
2003-10-11,0.853795275590551,0.775632583839435,0.733215964398989
2003-10-12,0.683716535433071,0.678723508509152,0.654433569033317
2003-10-13,0.598677165354331,0.653123923826268,0.634134054566662
2003-10-14,0.591874015748032,0.644436168123016,0.628235034063597
2003-10-15,0.564661417322835,0.640330662644795,0.62562664693046
2003-10-16,0.510236220472441,0.638160226491437,0.624314727957773
2003-10-17,0.527244094488189,0.636896642951851,0.62358610123177
2003-10-18,0.476220472440945,0.636051968698871,0.623104134987515
2003-10-19,0.506834645669291,0.635397462929439,0.62271288629437
2003-10-20,0.469417322834646,0.654337845114035,0.636657603307783
2003-10-21,0.588472440944882,0.732538533561375,0.693962383951439
2003-10-22,0.561259842519685,0.718681219201042,0.688192547423914
2003-10-23,0.527244094488189,0.662714874714672,0.644224558644228
2003-10-24,0.510236220472441,0.648499848450367,0.624104821912165
2003-10-25,0.513637795275591,0.642525950051391,0.620646763103089
2003-10-26,0.503433070866142,0.635327426556527,0.620071863976309
2003-10-27,0.540850393700787,0.632610951954606,0.619702085000056
2003-10-28,0.544251968503937,0.63186140708493,0.619343234620159
2003-10-29,0.540850393700787,0.64543093982129,0.628553477125827
2003-10-30,0.646299212598425,0.699553474664723,0.664420078716577
2003-10-31,0.544251968503937,0.689317743626291,0.654213440392543
2003-11-01,0.625889763779528,0.673178869164052,0.632460115142862
2003-11-02,0.704125984251968,0.690668281588348,0.644381333351811
2003-11-03,0.649700787401575,0.668918888397652,0.637584849547163
2003-11-04,0.591874015748032,0.639660751909297,0.621692579941361
2003-11-05,0.588472440944882,0.630364707768004,0.616300622711276
2003-11-06,0.591874015748032,0.628882794484541,0.615598116115733
2003-11-07,0.585070866141732,0.628188363697233,0.615251739189101
2003-11-08,0.591874015748032,0.627627487211768,0.614904814978967
2003-11-09,0.591874015748032,0.627101933361649,0.614532601587078
2003-11-10,0.561259842519685,0.626575661722203,0.614132930615523
2003-11-11,0.574866141732283,0.626083670146174,0.613735467093283
2003-11-12,0.557858267716535,0.62562978337071,0.613454937875303
2003-11-13,0.574866141732283,0.638668224384387,0.620615682552042
2003-11-14,0.615685039370079,0.690411743147285,0.646885948449767
2003-11-15,0.625889763779528,0.676586535129978,0.638677772080856
2003-11-16,0.581669291338583,0.650842356033392,0.625939354379487
2003-11-17,0.619086614173228,0.689286124861084,0.649359603202664
2003-11-18,0.629291338582677,0.677858939069712,0.64154153953046
2003-11-19,0.60888188976378,0.639914277851,0.61867164210356
2003-11-20,0.588472440944882,0.625111447925518,0.610350366541347
2003-11-21,0.591874015748032,0.622714625752799,0.609298839172373
2003-11-22,0.574866141732283,0.621968461173354,0.608984061991573
2003-11-23,0.578267716535433,0.621417947844244,0.608686228761722
2003-11-24,0.568062992125984,0.620930874607865,0.608369985599538
2003-11-25,0.561259842519685,0.623363284510897,0.609644929265345
2003-11-26,0.585070866141732,0.633515465583599,0.615159108861608
2003-11-27,0.578267716535433,0.642997202713171,0.616416303026811
2003-11-28,0.724535433070866,0.766805703542753,0.70919026392045
2003-11-29,1.57152755905512,1.19511888910764,1.16880106927229
2003-11-30,1.45247244094488,1.16634258837066,1.13253386402675
2003-12-01,1.13952755905512,0.861259180514093,0.797636331622803
2003-12-02,0.979653543307087,0.716655440366917,0.659079833549044
2003-12-03,0.86740157480315,0.668841856437692,0.628428146702706
2003-12-04,0.809574803149606,0.648225874147494,0.619292383678942
2003-12-05,0.772157480314961,0.639441450875428,0.615121839582345
2003-12-06,0.734740157480315,0.63559318381628,0.614373219868859
2003-12-07,0.704125984251968,0.638278958717746,0.61813123719033
2003-12-08,0.680314960629921,0.634407115524551,0.616072380816798
2003-12-09,0.649700787401575,0.628514811778305,0.611995666715668
2003-12-10,0.632692913385827,0.626097708116452,0.610377699038015
2003-12-11,0.625889763779528,0.626706998372878,0.610090814019843
2003-12-12,0.632692913385827,0.632453894302196,0.610536299197624
2003-12-13,0.656503937007874,0.673525112825224,0.645580315853863
2003-12-14,0.86059842519685,0.895093247840216,0.851053681464702
2003-12-15,1.07489763779528,1.10788572768178,1.0652213087144
2003-12-16,0.945637795275591,0.923656243351436,0.902909009562622
2003-12-17,0.816377952755906,0.723425615757632,0.706752572819009
2003-12-18,0.758551181102362,0.658591994829439,0.640216117464691
2003-12-19,0.731338582677165,0.643438090719821,0.625167741580888
2003-12-20,0.717732283464567,0.661900427725844,0.637645701515835
2003-12-21,0.921826771653543,0.784212817363704,0.72157478717895
2003-12-22,1.09190551181102,0.873299315989254,0.771352668306018
2003-12-23,0.938834645669291,0.775321437545351,0.704057393515527
2003-12-24,0.809574803149606,0.677130665409353,0.641000513063309
2003-12-25,0.69051968503937,0.646365159628653,0.622101352890629
2003-12-26,0.69051968503937,0.639168327744774,0.618148413120905
2003-12-27,0.683716535433071,0.640511628857723,0.617340211068859
2003-12-28,0.663307086614173,0.670247807971478,0.630931027662821
2003-12-29,0.670110236220472,0.718324443046083,0.670377565902158
2003-12-30,0.642897637795276,0.693010615210473,0.658236308507115
2003-12-31,0.629291338582677,0.65485672747855,0.63312423560692
2004-01-01,0.619086614173228,0.639655576174117,0.622778271083046
2004-01-02,0.60207874015748,0.634074916583744,0.617134533406413
2004-01-03,0.588472440944882,0.6316325116784,0.614094132390934
2004-01-04,0.578267716535433,0.630344308651594,0.612947652210867
2004-01-05,0.564661417322835,0.629414800582035,0.612405005883404
2004-01-06,0.574866141732283,0.662336982353028,0.616898865375665
2004-01-07,0.700724409448819,0.834206591095052,0.661218208589333
2004-01-08,1.10211023622047,0.94021625023788,0.779444211133074
2004-01-09,1.60214173228346,1.01307913480396,0.968187331984802
2004-01-10,2.41851968503937,1.89766574757952,2.05650725596618
2004-01-11,1.57833070866142,2.03413822724047,2.22895971013586
2004-01-12,2.27565354330709,2.45791501850726,2.80365174195498
2004-01-13,2.78929133858268,3.16158472345671,3.7200139583215
2004-01-14,4.89826771653543,5.0590559151096,6.27879940332321
2004-01-15,2.25184251968504,3.05816675870867,3.54991599371554
2004-01-16,1.44907086614173,1.98461115695798,2.01313488909696
2004-01-17,2.53757480314961,3.90986989095458,3.50172459267179
2004-01-18,2.78248818897638,2.86047343459182,2.59161715297524
2004-01-19,1.60214173228346,1.44474942167961,1.3598905504316
2004-01-20,1.39124409448819,1.09140306761854,1.02862194682967
2004-01-21,1.36403149606299,0.987677560457357,0.968670064025051
2004-01-22,1.11911811023622,0.902449247040021,0.90306662219513
2004-01-23,0.969448818897638,0.836445545499274,0.831453691642371
2004-01-24,0.894614173228346,0.806797517864172,0.798867962184583
2004-01-25,0.857196850393701,0.791860439303354,0.783723908363884
2004-01-26,0.806173228346457,0.781923328815032,0.773553123609262
2004-01-27,0.772157480314961,0.774328289752627,0.765795654130549
2004-01-28,0.751748031496063,0.767932753088967,0.759409219665671
2004-01-29,0.731338582677165,0.762498719895289,0.75404479445531
2004-01-30,0.697322834645669,0.757784133528775,0.749410776199443
2004-01-31,0.704125984251968,0.969097209976639,0.890925019074458
2004-02-01,1.06129133858268,2.38408325205662,1.83456937511215
2004-02-02,2.26544881889764,2.37745130681301,2.31284933275122
2004-02-03,2.01373228346457,1.5044871347742,1.71573494162481
2004-02-04,1.27218897637795,1.09430716670665,1.20486805745271
2004-02-05,1.02727559055118,0.913677473406204,0.959451743726394
2004-02-06,0.911622047244095,0.838958715167872,0.848021819673762
2004-02-07,0.86059842519685,0.819143340785496,0.818434027454624
2004-02-08,0.887811023622047,0.936705503899622,0.933828541642697
2004-02-09,0.969448818897638,1.32714717029541,1.32885149439755
2004-02-10,0.846992125984252,1.22738195686278,1.24710096063359
2004-02-11,0.816377952755906,1.06024635656035,1.16537500552837
2004-02-12,0.891212598425197,0.95391890687312,1.08042190651327
2004-02-13,0.846992125984252,0.885417529297132,0.942400047679357
2004-02-14,0.840188976377953,0.949147071992692,0.926553454817042
2004-02-15,0.874204724409449,0.966365813290966,0.916461185810457
2004-02-16,0.846992125984252,0.904409331780765,0.863007200283129
2004-02-17,0.819779527559055,0.83480056368773,0.811245160374554
2004-02-18,0.77555905511811,0.794871157758812,0.782509955994175
2004-02-19,0.717732283464567,0.777271926960862,0.768965341835247
2004-02-20,0.676913385826772,0.767400023193548,0.760562922162069
2004-02-21,0.663307086614173,0.759671778353089,0.753714983302097
2004-02-22,0.666708661417323,0.881438808886718,0.86333215715662
2004-02-23,0.765354330708661,1.55715533724604,1.4529101491733
2004-02-24,0.700724409448819,1.41622072522569,1.33398189512023
2004-02-25,0.646299212598425,0.981950861042115,0.953416141943465
2004-02-26,0.642897637795276,0.828940652175662,0.816820799269683
2004-02-27,0.629291338582677,0.788524699296245,0.780106866658702
2004-02-28,0.60548031496063,0.768682578559824,0.761665972558981
2004-02-29,0.595275590551181,0.755891404653392,0.749556468796133
2004-03-01,0.653102362204724,0.746691688276297,0.740710994917783
2004-03-02,0.639496062992126,0.739739350703879,0.73395291225773
2004-03-03,0.653102362204724,0.733979815599147,0.728303965615039
2004-03-04,0.663307086614173,0.728810495815399,0.723202178642517
2004-03-05,0.663307086614173,0.723952542675639,0.718381299406937
2004-03-06,0.676913385826772,0.719662336494284,0.714022344322693
2004-03-07,0.714330708661417,0.719850182551441,0.718076451495937
2004-03-08,0.829984251968504,0.730462194685932,0.744989968929931
2004-03-09,0.833385826771654,0.725223023052647,0.73636965422397
2004-03-10,0.77896062992126,0.713604922388764,0.713772329355695
2004-03-11,0.768755905511811,0.70732626298283,0.703513072789077
2004-03-12,0.727937007874016,0.722153444153959,0.717992923499855
2004-03-13,0.738141732283465,0.799393216731976,0.793922439792475
2004-03-14,0.812976377952756,0.818064913768105,0.797995714847928
2004-03-15,0.802771653543307,0.79132752755782,0.756181752170116
2004-03-16,0.751748031496063,0.746877958698683,0.72143162029278
2004-03-17,0.710929133858268,0.714203698100728,0.7014510541098
2004-03-18,0.687118110236221,0.69995175169061,0.691442314505015
2004-03-19,0.676913385826772,0.69244154707048,0.684911665633419
2004-03-20,0.670110236220472,0.687004110229605,0.679978845778964
2004-03-21,0.666708661417323,0.706462862456333,0.698558478090775
2004-03-22,0.69392125984252,0.800824511166917,0.789417827834109
2004-03-23,0.69392125984252,0.864340086681209,0.887896572332821
2004-03-24,1.21436220472441,1.22611240093649,1.54101842820675
2004-03-25,1.96611023622047,1.55137021821528,2.46423069084492
2004-03-26,1.41845669291339,1.25928586523268,1.76634316874615
2004-03-27,1.12592125984252,0.913530565876971,1.06315599022437
2004-03-28,1.00006299212598,0.770577015391994,0.845121004087177
2004-03-29,0.935433070866142,0.758540230444131,0.752113975269601
2004-03-30,0.870803149606299,0.864374142527135,0.726176972274584
2004-03-31,0.806173228346457,0.828435605901175,0.710727995357416
2004-04-01,0.761952755905512,0.741511012168751,0.699810507875253
2004-04-02,0.710929133858268,0.705623036633496,0.691254109655055
2004-04-03,0.666708661417323,0.693715520645762,0.684294150308769
2004-04-04,0.653102362204724,0.721084116177897,0.702533302370608
2004-04-05,0.795968503937008,0.9258445436034,0.878476784339988
2004-04-06,0.921826771653543,1.29259098176549,1.37593693802814
2004-04-07,1.09530708661417,1.57319404459896,1.69752186786338
2004-04-08,1.02387401574803,1.41844624676685,1.3679331575602
2004-04-09,1.04088188976378,1.02890365965276,0.990756984200705
2004-04-10,0.86740157480315,0.824763499731299,0.82439801289463
2004-04-11,0.816377952755906,0.790972945271814,0.818296348059414
2004-04-12,0.799370078740158,0.757399259282935,0.776707501393732
2004-04-13,0.758551181102362,0.71936663722965,0.723867339935751
2004-04-14,0.717732283464567,0.700955178245389,0.700209831712614
2004-04-15,0.687118110236221,0.691734575084491,0.689917815375677
2004-04-16,0.656503937007874,0.684447211021279,0.682217320550846
2004-04-17,0.639496062992126,0.678025364675459,0.675608757685707
2004-04-18,0.636094488188976,0.704757649529629,0.707731942231918
2004-04-19,0.768755905511811,0.865788097617114,0.875713377752569
2004-04-20,0.809574803149606,0.966223815876878,0.890003227319193
2004-04-21,0.683716535433071,0.837779766484248,0.764828281422355
2004-04-22,0.632692913385827,0.718917675837556,0.691921027113815
2004-04-23,0.622488188976378,0.67985376199416,0.694441688051998
2004-04-24,0.612283464566929,0.668383040172503,0.780312558662711
2004-04-25,0.60207874015748,0.662260825681749,0.754149366000704
2004-04-26,0.612283464566929,0.658209272104082,0.687149118578931
2004-04-27,0.615685039370079,0.654990170542525,0.661735670983692
2004-04-28,0.564661417322835,0.652069932924397,0.655071610657951
2004-04-29,0.588472440944882,0.649395009682774,0.650888459289799
2004-04-30,0.581669291338583,0.647009574457096,0.647603752048967
2004-05-01,0.632692913385827,0.648123332635215,0.652028981393532
2004-05-02,0.591874015748032,0.668301296235254,0.68741561425488
2004-05-03,0.710929133858268,0.70328370674548,0.723191380801162
2004-05-04,0.653102362204724,0.683995169395588,0.692322409782326
2004-05-05,0.649700787401575,0.70677657325748,0.709193380582176
2004-05-06,0.94903937007874,1.06110040161357,1.071702486432
2004-05-07,1.23137007874016,1.61747537026669,1.66977005249323
2004-05-08,1.11231496062992,1.31671946957078,1.29569979903477
2004-05-09,0.833385826771654,0.886348416117718,0.856789640602649
2004-05-10,0.782362204724409,0.749796032138389,0.72482358845625
2004-05-11,0.721133858267717,0.701064943585641,0.685262795774507
2004-05-12,0.69051968503937,0.671242051317119,0.667816612963161
2004-05-13,0.795968503937008,0.657855936290108,0.664853638573994
2004-05-14,0.809574803149606,0.652138442640688,0.658583449342087
2004-05-15,0.670110236220472,0.648484926042913,0.650833971765744
2004-05-16,0.629291338582677,0.645579539372969,0.646360376102245
2004-05-17,0.622488188976378,0.643254451244697,0.643685233278452
2004-05-18,0.591874015748032,0.64118104073017,0.641354540849125
2004-05-19,0.574866141732283,0.639223616703123,0.63914499379261
2004-05-20,0.557858267716535,0.637538588774719,0.637246288120918
2004-05-21,0.60888188976378,0.717286569217111,0.692257603613256
2004-05-22,1.06469291338583,1.13611006850688,0.956111138919188
2004-05-23,0.86740157480315,1.06030516074192,0.904347566023981
2004-05-24,0.649700787401575,0.767893056381345,0.716697718551568
2004-05-25,0.554456692913386,0.666766015316325,0.651131218561626
2004-05-26,0.513637795275591,0.647373521077282,0.639472065954749
2004-05-27,0.510236220472441,0.661644274088329,0.645760660388225
2004-05-28,0.60548031496063,0.741285779635864,0.683479112354669
2004-05-29,0.534047244094488,0.717912745945886,0.671249180803896
2004-05-30,0.506834645669291,0.657398809431139,0.641154733585164
2004-05-31,0.554456692913386,0.657781948772001,0.639420452061169
2004-06-01,0.639496062992126,0.758189609812197,0.686467300695325
2004-06-02,0.673511811023622,0.812103168363212,0.736752057335019
2004-06-03,0.656503937007874,0.758088736383136,0.713016520184709
2004-06-04,0.738141732283465,0.790299727994723,0.725335499559839
2004-06-05,0.741543307086614,0.749587047287348,0.709126114196213
2004-06-06,0.744944881889764,0.701466537626931,0.721335148267999
2004-06-07,0.666708661417323,0.666686362681812,0.689111684833535
2004-06-08,0.557858267716535,0.64195520654289,0.644590346544688
2004-06-09,0.527244094488189,0.632383295047684,0.628677395682213
2004-06-10,0.503433070866142,0.629388443593958,0.625476462669137
2004-06-11,0.632692913385827,0.654664759434251,0.650738466262976
2004-06-12,0.772157480314961,0.762466011914013,0.757486020771861
2004-06-13,1.00686614173228,0.738968035423866,0.731196002963357
2004-06-14,0.768755905511811,0.666472433548562,0.653204716418113
2004-06-15,0.615685039370079,0.637077077607094,0.626559850857236
2004-06-16,0.595275590551181,0.62873451480912,0.623041680007229
2004-06-17,0.523842519685039,0.625875233878484,0.621877187110625
2004-06-18,0.510236220472441,0.624685208123662,0.621029067923609
2004-06-19,0.500031496062992,0.628094793517363,0.625821300893484
2004-06-20,0.60207874015748,0.646963706982788,0.650730936909588
2004-06-21,0.625889763779528,0.656901148375313,0.66496335691705
2004-06-22,0.615685039370079,0.640680155225948,0.643833520640332
2004-06-23,0.612283464566929,0.626455034891754,0.623654058028666
2004-06-24,0.656503937007874,0.625461109101362,0.618117366275393
2004-06-25,0.574866141732283,0.62382545835907,0.617372677946577
2004-06-26,0.551055118110236,0.620909717431499,0.616941718873245
2004-06-27,0.534047244094488,0.619585646518647,0.616478831882358
2004-06-28,0.554456692913386,0.619058722752977,0.616021701708385
2004-06-29,0.510236220472441,0.618576736821756,0.615569251786915
2004-06-30,0.52044094488189,0.6180339916348,0.615096609950474
2004-07-01,0.527244094488189,0.617468607366607,0.61460612789006
2004-07-02,0.598677165354331,0.618491229439695,0.616955728166917
2004-07-03,0.676913385826772,0.623566175734187,0.626779881351467
2004-07-04,0.564661417322835,0.621409702603697,0.623245203702746
2004-07-05,0.544251968503937,0.623589921855418,0.620175854255194
2004-07-06,0.646299212598425,0.647717928133303,0.636844894104893
2004-07-07,0.571464566929134,0.639732754724748,0.630613063650459
2004-07-08,0.52044094488189,0.670557879768103,0.654677981490041
2004-07-09,1.92188976377953,0.895535776033545,0.819840673512319
2004-07-10,1.06469291338583,0.846475104308631,0.781352324820242
2004-07-11,0.710929133858268,0.680909638172453,0.657917130688994
2004-07-12,0.653102362204724,0.6356814746011,0.630862231165673
2004-07-13,0.911622047244095,0.682907753471823,0.683154518200888
2004-07-14,0.925228346456693,0.724776562106841,0.678176880528619
2004-07-15,0.772157480314961,0.678904810997836,0.634963246579491
2004-07-16,0.625889763779528,0.629507772573516,0.61336609822243
2004-07-17,0.564661417322835,0.614439954292204,0.608775073979849
2004-07-18,0.574866141732283,0.611995551476376,0.607836722079514
2004-07-19,0.557858267716535,0.61132703996007,0.607401387204485
2004-07-20,0.540850393700787,0.610753792925657,0.607062794435443
2004-07-21,0.510236220472441,0.615178746531732,0.606762827337068
2004-07-22,0.571464566929134,0.633063808668623,0.606509605094456
2004-07-23,0.60207874015748,0.629252552445519,0.606212321394502
2004-07-24,0.721133858267717,0.650319692704786,0.612410989316228
2004-07-25,0.819779527559055,0.761084254405545,0.636270156155861
2004-07-26,0.649700787401575,0.727714030927893,0.628900505363256
2004-07-27,0.632692913385827,0.642301220531679,0.610066617188776
2004-07-28,0.591874015748032,0.612905868750818,0.60384480906325
2004-07-29,0.574866141732283,0.608172927681231,0.603212709062698
2004-07-30,0.554456692913386,0.606676663685404,0.602931768200426
2004-07-31,0.534047244094488,0.605938765868625,0.602620387013611
2004-08-01,0.503433070866142,0.605461138948482,0.602288740562264
2004-08-02,0.489826771653543,0.60512669976375,0.601945402922378
2004-08-03,0.503433070866142,0.604819530075197,0.601591078815044
2004-08-04,0.513637795275591,0.604488519727235,0.601225327585317
2004-08-05,0.496629921259843,0.604139730008603,0.600850326727016
2004-08-06,0.489826771653543,0.603779388088727,0.600468998982116
2004-08-07,0.51703937007874,0.618351712947229,0.603037658103184
2004-08-08,0.911622047244095,0.675985857167599,0.613429964507568
2004-08-09,0.595275590551181,0.660001372362804,0.609753978035036
2004-08-10,0.513637795275591,0.615783460093125,0.601000469292848
2004-08-11,0.496629921259843,0.601302278397411,0.598030563991568
2004-08-12,0.568062992125984,0.61017736484814,0.60514133830658
2004-08-13,0.755149606299213,0.647718174766602,0.63334443060809
2004-08-14,0.659905511811024,0.638726010094075,0.631067862860857
2004-08-15,0.595275590551181,0.616377287078107,0.625638395691322
2004-08-16,0.561259842519685,0.605305102363472,0.612427969080864
2004-08-17,0.581669291338583,0.60007568077054,0.598869716239485
2004-08-18,0.551055118110236,0.598500664626113,0.594709997487164
2004-08-19,0.530645669291339,0.607532249582783,0.599980364001437
2004-08-20,0.656503937007874,0.642192548808955,0.620512834801401
2004-08-21,0.636094488188976,0.635007197331092,0.618180109747178
2004-08-22,0.622488188976378,0.618620577127506,0.616319816216034
2004-08-23,0.578267716535433,0.606957300630498,0.606971173528357
2004-08-24,0.561259842519685,0.598692781597502,0.595957427138024
2004-08-25,0.557858267716535,0.596150325493627,0.592490847412636
2004-08-26,0.530645669291339,0.600349856742748,0.593683014838306
2004-08-27,0.557858267716535,0.616554834624859,0.598883527802092
2004-08-28,0.547653543307087,0.611543098462284,0.597114943862546
2004-08-29,0.537448818897638,0.598850111293798,0.59284270121015
2004-08-30,0.523842519685039,0.597222415072697,0.593173539471055
2004-08-31,0.564661417322835,0.606088178843569,0.59951693770525
2004-09-01,0.527244094488189,0.603139730696853,0.597268057425964
2004-09-02,0.513637795275591,0.595839703718449,0.591897655274708
2004-09-03,0.506834645669291,0.593356583075267,0.590028225495921
2004-09-04,0.489826771653543,0.593010219833341,0.589711121414232
2004-09-05,0.500031496062992,0.592783466293475,0.58947277900754
2004-09-06,0.479622047244094,0.592527138795286,0.58920675000181
2004-09-07,0.510236220472441,0.592245415976624,0.588920094491553
2004-09-08,0.537448818897638,0.591944034406437,0.588618604183105
2004-09-09,0.557858267716535,0.591628038025245,0.588306326260347
2004-09-10,0.472818897637795,0.591301893393335,0.587986580714356
2004-09-11,0.483023622047244,0.591520866548676,0.587661524819176
2004-09-12,0.554456692913386,0.595960676757938,0.588883034439235
2004-09-13,0.581669291338583,0.605161557017449,0.594160315396253
2004-09-14,0.527244094488189,0.600168667081219,0.592087202683032
2004-09-15,0.530645669291339,0.592788867213565,0.587997183877487
2004-09-16,0.534047244094488,0.594701394007288,0.588525940924715
2004-09-17,0.510236220472441,0.59292872671918,0.587512378967076
2004-09-18,0.496629921259843,0.589110644092248,0.585546290445633
2004-09-19,0.493228346456693,0.588292293500744,0.584747027834404
2004-09-20,0.534047244094488,0.589961524638571,0.584462643522637
2004-09-21,0.52044094488189,0.589136535568841,0.584197188717935
2004-09-22,0.483023622047244,0.590798703373371,0.585590917986913
2004-09-23,0.571464566929134,0.613700485629955,0.599992100686704
2004-09-24,0.731338582677165,0.661287129007496,0.635294742744183
2004-09-25,0.874204724409449,0.686518300135376,0.647621471228697
2004-09-26,0.812976377952756,0.692948345901633,0.648172784151255
2004-09-27,0.659905511811024,0.648936643915756,0.623526996013712
2004-09-28,0.60548031496063,0.603109928783363,0.594265471882082
2004-09-29,0.578267716535433,0.596699151873417,0.587264553716424
2004-09-30,0.69051968503937,0.630997437555608,0.603413560281185
2004-10-01,0.704125984251968,0.623962789232808,0.604128906619044
2004-10-02,0.659905511811024,0.601825715161206,0.613055189192293
2004-10-03,0.585070866141732,0.589940866163092,0.602133964226226
2004-10-04,0.571464566929134,0.584762970749644,0.585016141175136
2004-10-05,0.561259842519685,0.583303047516099,0.579552952007257
2004-10-06,0.500031496062992,0.583086239159908,0.579150946217774
2004-10-07,0.561259842519685,0.583897201856802,0.580408693016883
2004-10-08,0.60548031496063,0.599603117109166,0.593916204235146
2004-10-09,0.809574803149606,0.705500492139357,0.668603888025812
2004-10-10,1.66677165354331,0.967930323613576,0.844092084465311
2004-10-11,1.3096062992126,0.869472081175217,0.774258076787643
2004-10-12,0.840188976377953,0.667482373184978,0.633738519681183
2004-10-13,0.663307086614173,0.601133317056171,0.587997958742259
2004-10-14,0.629291338582677,0.58994016499721,0.581392477097745
2004-10-15,0.639496062992126,0.626342671695911,0.602807601529673
2004-10-16,0.976251968503937,0.79214705006311,0.693536212554876
2004-10-17,0.983055118110236,0.767164081068929,0.683036151841239
2004-10-18,0.94903937007874,0.700600921198007,0.663627753827844
2004-10-19,0.850393700787402,0.649453134757796,0.628408496187814
2004-10-20,0.731338582677165,0.621370706448407,0.596821485467806
2004-10-21,0.731338582677165,0.65362055413307,0.6008662465964
2004-10-22,1.02387401574803,0.667173678737511,0.602642424386307
2004-10-23,0.642897637795276,0.628181175204905,0.590065219768991
2004-10-24,0.60888188976378,0.596856844943269,0.581120720072985
2004-10-25,0.625889763779528,0.595658612141945,0.586941393938199
2004-10-26,0.646299212598425,0.651052449177453,0.636567467395088
2004-10-27,0.758551181102362,0.759997428449297,0.706667330870258
2004-10-28,0.731338582677165,0.7116722943856,0.664056995797446
2004-10-29,0.687118110236221,0.626050661191384,0.600852367697636
2004-10-30,0.625889763779528,0.596390180178432,0.581383435655792
2004-10-31,0.568062992125984,0.589983499106492,0.579009602052344
2004-11-01,0.568062992125984,0.587736861965136,0.578383176564546
2004-11-02,0.591874015748032,0.58682343547238,0.578101495678036
2004-11-03,0.595275590551181,0.586296544640522,0.577930913131834
2004-11-04,0.571464566929134,0.585874750492873,0.577761039562881
2004-11-05,0.629291338582677,0.598713962751464,0.587923133762575
2004-11-06,0.653102362204724,0.662038117989639,0.632600112373782
2004-11-07,0.625889763779528,0.706212611256133,0.654073854150502
2004-11-08,0.659905511811024,0.684411338213225,0.66018039883558
2004-11-09,0.676913385826772,0.631145662576894,0.627030207502171
2004-11-10,0.680314960629921,0.604715423136674,0.602007576276981
2004-11-11,0.642897637795276,0.595280475808852,0.590104864866921
2004-11-12,0.625889763779528,0.599709500384573,0.594778109500007
2004-11-13,0.653102362204724,0.635232079735204,0.629235785024608
2004-11-14,0.758551181102362,0.667905712617288,0.648734990319567
2004-11-15,0.707527559055118,0.636028659188388,0.616754179527848
2004-11-16,0.632692913385827,0.599082756614419,0.587067946108024
2004-11-17,0.60207874015748,0.588241910535482,0.580083286293763
2004-11-18,0.585070866141732,0.591613956457357,0.585401896072631
2004-11-19,0.622488188976378,0.61454691056507,0.61620348126816
2004-11-20,0.595275590551181,0.643924497635268,0.63658669627958
2004-11-21,0.578267716535433,0.623797622616833,0.6107761928126
2004-11-22,0.622488188976378,0.604456421130213,0.593208629234046
2004-11-23,0.646299212598425,0.655742647276074,0.641902646220394
2004-11-24,0.741543307086614,0.753587015221532,0.734152234124933
2004-11-25,0.707527559055118,0.703340013640081,0.68679480510586
2004-11-26,0.649700787401575,0.623450640414134,0.611541506155624
2004-11-27,0.636094488188976,0.606228157924248,0.598628662628748
2004-11-28,0.619086614173228,0.608616461770062,0.610194760846523
2004-11-29,0.659905511811024,0.629522435646066,0.638672534724877
2004-11-30,0.622488188976378,0.62242189156661,0.624332275606541
2004-12-01,0.578267716535433,0.60309275447957,0.595110662133771
2004-12-02,0.574866141732283,0.59258500939266,0.583891748464014
2004-12-03,0.595275590551181,0.589519466464876,0.585464159581786
2004-12-04,0.581669291338583,0.591995166992907,0.583397480335865
2004-12-05,0.554456692913386,0.592660298155686,0.579734202121499
2004-12-06,0.578267716535433,0.590393971066306,0.578357059491098
2004-12-07,0.547653543307087,0.587691383399124,0.577983216219342
2004-12-08,0.571464566929134,0.586121698516928,0.577686913479936
2004-12-09,0.571464566929134,0.58547702092684,0.577400145117169
2004-12-10,0.568062992125984,0.585076566366139,0.577108105600949
2004-12-11,0.557858267716535,0.584691021473847,0.576806521375029
2004-12-12,0.554456692913386,0.584309831199634,0.576500745870679
2004-12-13,0.551055118110236,0.583927914479987,0.576188713974776
2004-12-14,0.551055118110236,0.583528795103557,0.575859243878157
2004-12-15,0.547653543307087,0.583100764956114,0.575504509895147
2004-12-16,0.530645669291339,0.582660886468035,0.575138389942736
2004-12-17,0.551055118110236,0.617057991867004,0.602119342091345
2004-12-18,0.738141732283465,0.774362545726896,0.721959946045491
2004-12-19,0.714330708661417,0.77479983296658,0.722330673572107
2004-12-20,0.622488188976378,0.659386228770984,0.633111474129017
2004-12-21,0.704125984251968,0.602294161675837,0.588122220621623
2004-12-22,0.625889763779528,0.589752493990475,0.578692792709537
2004-12-23,0.653102362204724,0.613791641004452,0.597336647657562
2004-12-24,0.809574803149606,0.73410718991127,0.686623621215584
2004-12-25,0.983055118110236,0.825605266968967,0.743965848744158
2004-12-26,1.03748031496063,1.0818727113272,0.898793080232372
2004-12-27,1.06809448818898,1.1775580949955,1.03771306378874
2004-12-28,1.02387401574803,0.926034272857754,0.871128571954673
2004-12-29,0.932031496062992,0.729009684767726,0.693377939903035
2004-12-30,0.850393700787402,0.649235736587174,0.622853475744817
2004-12-31,0.799370078740158,0.619424852327956,0.607748007891218
2005-01-01,0.915023622047244,0.672639401226692,0.660294040812999
2005-01-02,1.57492913385827,1.01602437420866,0.832264542870667
2005-01-03,1.54091338582677,1.22513779320964,0.956417790881567
2005-01-04,1.06809448818898,1.02890521155023,0.854481666295959
2005-01-05,0.884409448818898,0.856462789127227,0.74619669401741
2005-01-06,0.840188976377953,0.913716770881924,0.784912901497089
2005-01-07,0.94903937007874,0.925897322631156,0.781959664807079
2005-01-08,0.833385826771654,0.781035987687111,0.691016059439504
2005-01-09,0.751748031496063,0.674577014466635,0.631547971418261
2005-01-10,0.69392125984252,0.639597656047024,0.61714400743149
2005-01-11,0.670110236220472,0.628382909541704,0.608661868412639
2005-01-12,0.687118110236221,0.664012230466145,0.627928679108003
2005-01-13,0.833385826771654,0.836656811427365,0.732147744951213
2005-01-14,0.823181102362205,0.798695498895255,0.707253882534819
2005-01-15,0.717732283464567,0.679220756802115,0.632531797578802
2005-01-16,0.687118110236221,0.635258054810033,0.60548451128658
2005-01-17,0.649700787401575,0.625293606735983,0.60007515984056
2005-01-18,0.714330708661417,0.641602993825333,0.614247130639465
2005-01-19,0.741543307086614,0.722997586604687,0.680675527834831
2005-01-20,0.707527559055118,0.81199947004712,0.795023190233045
2005-01-21,1.17354330708661,1.29355744405749,1.40106653009915
2005-01-22,1.42185826771654,1.22176230436321,1.36425664504696
2005-01-23,1.01366929133858,0.856263177371585,0.914843792250268
2005-01-24,0.850393700787402,0.701179613870218,0.713167235708404
2005-01-25,0.77555905511811,0.660219250784642,0.650533159580203
2005-01-26,0.727937007874016,0.644717045301389,0.630843520789193
2005-01-27,0.704125984251968,0.636198975374447,0.6211976739911
2005-01-28,0.656503937007874,0.63092620323381,0.61560358689375
2005-01-29,0.646299212598425,0.627400408567054,0.612068060385539
2005-01-30,0.636094488188976,0.624808007142414,0.6096050523075
2005-01-31,0.622488188976378,0.622680928541681,0.607678276276296
2005-02-01,0.615685039370079,0.620762069303066,0.606002703864939
2005-02-02,0.670110236220472,0.623077916942551,0.611198321211194
2005-02-03,0.697322834645669,0.661827896635122,0.675451618110583
2005-02-04,0.738141732283465,0.76009977293261,0.843676129023903
2005-02-05,0.663307086614173,0.727708342687781,0.790339953940311
2005-02-06,0.656503937007874,0.654108633229844,0.666841743104965
2005-02-07,0.619086614173228,0.627711552064367,0.623314776845925
2005-02-08,0.636094488188976,0.621678522937345,0.613861104139878
2005-02-09,0.571464566929134,0.642068172604652,0.60899428148365
2005-02-10,0.561259842519685,0.815433508213969,0.66022975188743
2005-02-11,0.738141732283465,1.30993424754173,1.03979320248448
2005-02-12,3.4696062992126,2.09248195541448,1.96078594470321
2005-02-13,5.81669291338583,3.00393531272624,2.87576883444998
2005-02-14,2.26885039370079,2.09622440143866,2.09450829493262
2005-02-15,1.3368188976378,1.15142619329917,1.1699876259952
2005-02-16,1.10551181102362,0.858202010928284,0.851807229362955
2005-02-17,0.962645669291339,0.729140309228581,0.71717205178227
2005-02-18,0.891212598425197,0.696698128581489,0.680579635560404
2005-02-19,0.86740157480315,0.67960622771634,0.663620393488738
2005-02-20,0.857196850393701,0.668975849958042,0.653311005028512
2005-02-21,0.840188976377953,0.66165330586496,0.646361774207328
2005-02-22,0.802771653543307,0.656317515492818,0.641389716562321
2005-02-23,0.751748031496063,0.652258863468242,0.637664839217457
2005-02-24,0.666708661417323,0.648910956455848,0.634630251997855
2005-02-25,0.656503937007874,0.645953557635446,0.631973531897888
2005-02-26,0.639496062992126,0.643263562484925,0.629571871063984
2005-02-27,0.619086614173228,0.640845724426892,0.62742368278556
2005-02-28,0.60888188976378,0.638773419622897,0.625592261197589
2005-03-01,0.615685039370079,0.637069189176209,0.624095767048213
2005-03-02,0.622488188976378,0.635494547339889,0.622715178479166
2005-03-03,0.629291338582677,0.633732086409954,0.621160374844447
2005-03-04,0.636094488188976,0.631748850827447,0.619401793774083
2005-03-05,0.659905511811024,0.629688204137372,0.617571014483796
2005-03-06,0.629291338582677,0.627651367943428,0.615760555133087
2005-03-07,0.619086614173228,0.625789535877072,0.614108156985398
2005-03-08,0.697322834645669,0.624029631794303,0.612577328282928
2005-03-09,0.731338582677165,0.664918017842697,0.66623944331819
2005-03-10,0.683716535433071,0.85001838731178,0.91803239441719
2005-03-11,0.60207874015748,0.814218243387054,0.871836085779438
2005-03-12,0.687118110236221,0.691898965944781,0.747239295782272
2005-03-13,0.748346456692914,0.664044862976436,0.873481334593257
2005-03-14,0.768755905511811,0.650126231079009,0.852396236905349
2005-03-15,0.932031496062992,0.948974725484163,1.30057038172218
2005-03-16,1.97631496062992,3.51885457823509,4.0495980165212
2005-03-17,3.94582677165354,3.94279542440239,3.14396197361922
2005-03-18,3.80976377952756,1.96434643963709,1.42831492626322
2005-03-19,1.88107086614173,1.08802669533685,0.940699514447115
2005-03-20,1.40485039370079,0.8430910941238,0.783198711257686
2005-03-21,1.13612598425197,0.736722935235186,0.722168420348718
2005-03-22,0.955842519685039,0.712214908766392,0.694240891589953
2005-03-23,0.918425196850394,0.713580131550298,0.684962315490997
2005-03-24,0.829984251968504,0.795043643546586,0.742702257757047
2005-03-25,1.04428346456693,1.23704692026105,1.04379408263124
2005-03-26,1.02387401574803,1.1337493250353,0.977239043825581
2005-03-27,0.904818897637795,1.18789898171658,0.854820996585839
2005-03-28,3.17026771653543,3.10667196890599,1.13289246763432
2005-03-29,1.86406299212598,2.524137515774,1.19696027889785
2005-03-30,1.6939842519685,2.08498421694819,1.97784148877999
2005-03-31,1.72459842519685,2.21954224782895,2.85427983812089
2005-04-01,1.23477165354331,1.49159178034504,1.80147285046136
2005-04-02,1.01026771653543,0.98992443323973,1.04165712095309
2005-04-03,0.881007874015748,0.815155163269275,0.822579561884088
2005-04-04,0.785763779527559,0.745588866549468,0.72576437517861
2005-04-05,0.714330708661417,0.716322856780382,0.694410561878846
2005-04-06,0.69392125984252,0.697578655175652,0.675640919014176
2005-04-07,0.680314960629921,0.68459841150386,0.663323736351438
2005-04-08,0.710929133858268,0.748171005783127,0.738072839554004
2005-04-09,0.836787401574803,1.1393253468697,1.16395530074775
2005-04-10,0.925228346456693,1.34446702769079,1.23184628848834
2005-04-11,0.789165354330709,1.03350365358228,0.91954140393438
2005-04-12,0.707527559055118,0.792635188647528,0.739441239744018
2005-04-13,0.69051968503937,0.714507649860031,0.684676732212189
2005-04-14,0.673511811023622,0.688599593600949,0.66470466183707
2005-04-15,0.653102362204724,0.673993846394652,0.652691708882102
2005-04-16,0.727937007874016,0.663749464539612,0.643398365383333
2005-04-17,0.687118110236221,0.656698178829264,0.63624663160125
2005-04-18,0.680314960629921,0.747075843775719,0.725293291344307
2005-04-19,1.09190551181102,1.54478605783062,1.51647837767106
2005-04-20,2.91855118110236,3.4990780389391,3.45906336833864
2005-04-21,3.0444094488189,3.63211265414669,3.53586838144117
2005-04-22,1.47628346456693,1.90298189635002,1.84089949054381
2005-04-23,1.10211023622047,1.07687840986888,1.04596142654978
2005-04-24,0.996661417322835,0.879489041382214,0.820979179415461
2005-04-25,1.24497637795276,1.15107446080404,0.978989231273766
2005-04-26,2.51036220472441,2.12690749435091,2.40973775960238
2005-04-27,1.57152755905512,1.82074307367811,2.09476845551007
2005-04-28,1.88787401574803,1.67876359961193,1.64367004817858
2005-04-29,1.3164094488189,1.26779063973786,1.19099903015856
2005-04-30,1.05108661417323,0.915790327463935,0.881811755869849
2005-05-01,0.887811023622047,0.773841194268252,0.747132884373593
2005-05-02,0.802771653543307,0.725210760169423,0.704553118344033
2005-05-03,0.741543307086614,0.709503629074303,0.687861220471417
2005-05-04,0.789165354330709,0.734742623361028,0.709176510428578
2005-05-05,0.864,0.801109286962626,0.771070248227163
2005-05-06,1.02387401574803,1.19603593770634,0.990487857618826
2005-05-07,1.47628346456693,1.87158004603212,1.4611580880325
2005-05-08,1.85045669291339,2.04608589989951,1.82053761360261
2005-05-09,1.34022047244094,1.4167709954153,1.32376763087427
2005-05-10,1.04088188976378,0.968751717256756,0.90524295806587
2005-05-11,0.898015748031496,0.79843757658164,0.755699020665852
2005-05-12,0.806173228346457,0.732629878872864,0.704718716696917
2005-05-13,0.744944881889764,0.707101646708182,0.68271276966923
2005-05-14,0.748346456692914,0.690950696641204,0.672769335559597
2005-05-15,0.741543307086614,0.681318296180986,0.67948742780538
2005-05-16,0.744944881889764,0.716996409937855,0.710986568666432
2005-05-17,0.904818897637795,0.887916614738158,0.862201073621044
2005-05-18,0.772157480314961,0.8486531659809,0.82112226673306
2005-05-19,0.714330708661417,0.727222776146247,0.706665115065906
2005-05-20,0.680314960629921,0.680776963492958,0.663063518974238
2005-05-21,0.663307086614173,0.716622186127497,0.692071731494636
2005-05-22,1.08510236220472,0.918470044829629,0.857085481809264
2005-05-23,0.898015748031496,0.939087595014892,0.863211706451354
2005-05-24,1.08170078740157,1.07031175544809,0.925782242820005
2005-05-25,0.877606299212599,0.944355132280283,0.834581341220977
2005-05-26,0.765354330708661,0.752245996307018,0.703686723216194
2005-05-27,0.69051968503937,0.680770706655143,0.653960935418304
2005-05-28,0.659905511811024,0.660872576777036,0.639791045631356
2005-05-29,0.619086614173228,0.650563665375852,0.632104167377823
2005-05-30,0.60207874015748,0.650899075086739,0.633614474368758
2005-05-31,0.673511811023622,0.671984967313218,0.654447757777132
2005-06-01,0.625889763779528,0.663280612786148,0.646455266849786
2005-06-02,0.598677165354331,0.643813307298972,0.627961740292489
2005-06-03,0.615685039370079,0.661753834156183,0.633220472453504
2005-06-04,0.833385826771654,0.763867097000367,0.679330677979352
2005-06-05,0.789165354330709,0.742490413073726,0.669133577937059
2005-06-06,0.666708661417323,0.683732459795185,0.6372404826831
2005-06-07,0.741543307086614,0.717784135116001,0.636640182847937
2005-06-08,0.69051968503937,0.696791130386192,0.630667854580674
2005-06-09,0.653102362204724,0.651099752965206,0.620082261962648
2005-06-10,0.653102362204724,0.63463964434014,0.616018537238257
2005-06-11,0.653102362204724,0.63137390490361,0.61489117316091
2005-06-12,0.659905511811024,0.629749720895409,0.614115360862317
2005-06-13,0.744944881889764,0.632634258909173,0.62281758405117
2005-06-14,0.714330708661417,0.775057325116076,0.793995459348241
2005-06-15,2.31987401574803,1.5365513983123,1.61516734746069
2005-06-16,1.21436220472441,1.37328680190099,1.41219290058222
2005-06-17,0.840188976377953,0.857500951162385,0.856137993136992
2005-06-18,0.707527559055118,0.697753771329906,0.691713009177159
2005-06-19,0.683716535433071,0.653005692798643,0.639767532067407
2005-06-20,0.60207874015748,0.639774919199569,0.625997349914277
2005-06-21,0.588472440944882,0.632929482560445,0.619036210936213
2005-06-22,0.588472440944882,0.629104626331801,0.615256597243564
2005-06-23,0.540850393700787,0.626866750895849,0.613118182034802
2005-06-24,0.551055118110236,0.625449919548786,0.611816893673518
2005-06-25,0.51703937007874,0.624477024600959,0.610951166143927
2005-06-26,0.561259842519685,0.623873741854205,0.610402542278976
2005-06-27,0.51703937007874,0.623360362278339,0.609956749419251
2005-06-28,0.513637795275591,0.622796895089226,0.609502303377608
2005-06-29,0.588472440944882,0.64074271175451,0.618117451445588
2005-06-30,0.908220472440945,0.742380115694773,0.670751106354446
2005-07-01,0.976251968503937,0.861829810981711,0.752811529290165
2005-07-02,0.928629921259843,0.835024055000003,0.768620330133623
2005-07-03,0.724535433070866,0.714470002957672,0.688072092004812
2005-07-04,0.666708661417323,0.667850006168494,0.651986719966696
2005-07-05,0.836787401574803,0.74965075882577,0.757693104011824
2005-07-06,0.887811023622047,0.765935432647379,0.828021330037872
2005-07-07,0.721133858267717,0.689628636052298,0.730293981923248
2005-07-08,0.666708661417323,0.638400759356412,0.641011195934585
2005-07-09,0.625889763779528,0.62469989521985,0.614767097503276
2005-07-10,0.710929133858268,0.691899254464624,0.690405920053121
2005-07-11,1.95930708661417,1.03902641527226,1.09593170760191
2005-07-12,1.47968503937008,1.02935412890523,1.07557217178401
2005-07-13,1.17014173228346,0.777540444574524,0.784076441921993
2005-07-14,0.846992125984252,0.661912076956005,0.655034347329182
2005-07-15,0.700724409448819,0.634274187104286,0.624322936122158
2005-07-16,0.714330708661417,0.639806599234879,0.627752370831717
2005-07-17,0.918425196850394,0.687782154781658,0.67126388733504
2005-07-18,0.717732283464567,0.685487304337157,0.66533268038259
2005-07-19,0.95244094488189,0.700129559232184,0.664042345474975
2005-07-20,0.983055118110236,0.686899878892083,0.646487088377627
2005-07-21,0.795968503937008,0.669872521925199,0.634319169579596
2005-07-22,0.731338582677165,0.645334163289253,0.621469011995424
2005-07-23,0.653102362204724,0.625137933383101,0.609993985076807
2005-07-24,0.649700787401575,0.618620202832186,0.610601352971687
2005-07-25,0.928629921259843,0.663419409993909,0.679768499934135
2005-07-26,1.23137007874016,0.862336113178642,0.916338532608511
2005-07-27,0.816377952755906,0.818498185003731,0.851869360890741
2005-07-28,0.69051968503937,0.675744923516725,0.678079875281737
2005-07-29,0.629291338582677,0.62626291884469,0.621991178589665
2005-07-30,0.697322834645669,0.619045212778282,0.623919101956031
2005-07-31,0.619086614173228,0.616441903984592,0.617257141795395
2005-08-01,0.60548031496063,0.61469912921384,0.607156046153398
2005-08-02,0.540850393700787,0.627732132097279,0.62592172744711
2005-08-03,0.554456692913386,0.680884707931579,0.714403485247719
2005-08-04,0.527244094488189,0.666241310524734,0.691700546098634
2005-08-05,0.486425196850394,0.640308276239883,0.650132977353749
2005-08-06,0.619086614173228,0.680051628041533,0.7193369520728
2005-08-07,0.615685039370079,0.664418012997455,0.693273125256192
2005-08-08,0.598677165354331,0.6254224974478,0.627891577735313
2005-08-09,0.588472440944882,0.612215411349243,0.605484642267556
2005-08-10,0.571464566929134,0.610476842498298,0.602114246871025
2005-08-11,0.568062992125984,0.609766189935061,0.600768723785268
2005-08-12,0.561259842519685,0.609214453814947,0.599887951254366
2005-08-13,0.554456692913386,0.608748018301043,0.599257465970711
2005-08-14,0.568062992125984,0.613181140879132,0.607499344311988
2005-08-15,0.646299212598425,0.637486369174974,0.651675027776771
2005-08-16,0.670110236220472,0.657723624982431,0.688371834775224
2005-08-17,0.625889763779528,0.636541960445255,0.651109722484774
2005-08-18,0.537448818897638,0.61273420780163,0.609615416071825
2005-08-19,0.527244094488189,0.63451386797251,0.615948218108129
2005-08-20,0.976251968503937,0.767297170284447,0.694851128072254
2005-08-21,1.05788976377953,0.880207610438202,0.812154510031014
2005-08-22,1.87086614173228,1.51255823162557,1.86798959456327
2005-08-23,6.0548031496063,3.85107483412771,5.86849553200985
2005-08-24,7.7555905511811,3.18859611638858,4.92648837572311
2005-08-25,1.77222047244094,1.50197638079148,2.06148146986271
2005-08-26,1.23137007874016,0.937072052711461,1.06953857937373
2005-08-27,1.01707086614173,0.750588429297856,0.820401998746759
2005-08-28,0.881007874015748,0.674649210116759,0.705522168420333
2005-08-29,0.795968503937008,0.654538935617256,0.676850061777597
2005-08-30,0.744944881889764,0.643259297379799,0.660346733733655
2005-08-31,0.714330708661417,0.636241533990182,0.649734043226983
2005-09-01,0.69392125984252,0.645287923514325,0.642596571748484
2005-09-02,0.850393700787402,0.694312487228152,0.644106223878181
2005-09-03,0.714330708661417,0.679597468223455,0.663227415701508
2005-09-04,0.663307086614173,0.641161323970437,0.655406185489835
2005-09-05,0.646299212598425,0.626955581977033,0.637503135735633
2005-09-06,0.591874015748032,0.623782411908716,0.629714673797711
2005-09-07,0.561259842519685,0.62184680454018,0.626723701922451
2005-09-08,0.530645669291339,0.62024602864154,0.624403485118403
2005-09-09,0.557858267716535,0.711908773407425,0.720493563415245
2005-09-10,1.41505511811024,1.2161713723586,1.25743927304622
2005-09-11,0.898015748031496,1.1517668284742,1.1853484759002
2005-09-12,0.881007874015748,0.860945886721687,0.841125390257591
2005-09-13,1.13952755905512,0.962635675067496,0.80075999648207
2005-09-14,0.816377952755906,0.868997701176048,0.743462187166608
2005-09-15,0.765354330708661,0.707766979057894,0.669646173168515
2005-09-16,0.77896062992126,0.754656439187412,0.734603151022004
2005-09-17,1.38444094488189,1.24349030277403,1.17547294501315
2005-09-18,1.03407874015748,1.12239160692805,1.07592741244762
2005-09-19,0.833385826771654,0.789901878451217,0.776154526731248
2005-09-20,0.744944881889764,0.67490210171367,0.671337101530913
2005-09-21,0.69051968503937,0.649541765016171,0.648359879047251
2005-09-22,0.680314960629921,0.638865087222394,0.638465207352481
2005-09-23,0.659905511811024,0.632783198719056,0.632645439275786
2005-09-24,0.642897637795276,0.628906960937629,0.628812962661765
2005-09-25,0.625889763779528,0.626192242702161,0.626052052833033
2005-09-26,0.60548031496063,0.624154861969526,0.623946621963308
2005-09-27,0.629291338582677,0.622659488071426,0.623295740932473
2005-09-28,0.612283464566929,0.621732838651576,0.625526352633498
2005-09-29,0.60548031496063,0.624377727499263,0.626874580138835
2005-09-30,0.619086614173228,0.635996893404752,0.634690048988563
2005-10-01,0.666708661417323,0.729398410842248,0.721580827136632
2005-10-02,1.19055118110236,1.44959673242912,1.33970744322729
2005-10-03,2.58859842519685,2.4493939400537,1.98782065916779
2005-10-04,1.79262992125984,1.88941826134937,1.51583791372711
2005-10-05,1.2687874015748,1.09431427526846,0.959785809481961
2005-10-06,0.989858267716536,0.819057637704052,0.758745504005842
2005-10-07,0.884409448818898,0.695222898644604,0.675410501484918
2005-10-08,0.816377952755906,0.667569457273359,0.654879496653292
2005-10-09,0.761952755905512,0.654417463989729,0.644608996755158
2005-10-10,0.714330708661417,0.646881040107012,0.638626391068917
2005-10-11,0.704125984251968,0.642118551072291,0.6347921290979
2005-10-12,0.683716535433071,0.638817906234126,0.632089057740584
2005-10-13,0.659905511811024,0.636320365397959,0.630000328151884
2005-10-14,0.656503937007874,0.634299500475395,0.628283521660864
2005-10-15,0.629291338582677,0.632559135139694,0.626790612232637
2005-10-16,0.629291338582677,0.630999425827306,0.625437921825116
2005-10-17,0.622488188976378,0.629591827261703,0.624203433432396
2005-10-18,0.60207874015748,0.628340241948953,0.623096986946138
2005-10-19,0.561259842519685,0.627216610342581,0.622097908534851
2005-10-20,0.588472440944882,0.626199401992858,0.621190738143798
2005-10-21,0.595275590551181,0.625152891459751,0.620261060305052
2005-10-22,0.598677165354331,0.630888513218813,0.623400884153147
2005-10-23,0.60888188976378,0.655579964694381,0.63769414201222
2005-10-24,0.60888188976378,0.648295922209056,0.633014241826425
2005-10-25,0.588472440944882,0.628817128561002,0.621161952167694
2005-10-26,0.561259842519685,0.621755163283622,0.616705606778897
2005-10-27,0.574866141732283,0.620311157979357,0.615594291064826
2005-10-28,0.571464566929134,0.619341785849476,0.614758672677531
2005-10-29,0.574866141732283,0.618472755280347,0.613991043244818
2005-10-30,0.595275590551181,0.617675139722274,0.613271665745001
2005-10-31,0.591874015748032,0.616943432746966,0.612603652401815
2005-11-01,0.588472440944882,0.61626910851276,0.611987794865514
2005-11-02,0.571464566929134,0.624218851006379,0.62333863834768
2005-11-03,0.622488188976378,0.656005478736412,0.668537299464784
2005-11-04,0.574866141732283,0.672765503807592,0.681441578627875
2005-11-05,0.69392125984252,0.760518008570365,0.75581295075099
2005-11-06,0.687118110236221,0.760193743412169,0.753835932728867
2005-11-07,0.612283464566929,0.6764649511481,0.672493980604706
2005-11-08,0.585070866141732,0.629422772626417,0.625634156657901
2005-11-09,0.588472440944882,0.618189533001392,0.614238134062545
2005-11-10,0.585070866141732,0.615575617522878,0.611651126162338
2005-11-11,0.581669291338583,0.614227522539819,0.61036037467342
2005-11-12,0.585070866141732,0.613324005885476,0.609514783395138
2005-11-13,0.578267716535433,0.612618386762117,0.608864771282718
2005-11-14,0.571464566929134,0.612052251317373,0.608346828246446
2005-11-15,0.564661417322835,0.611575553010421,0.607926704156874
2005-11-16,0.588472440944882,0.611273369896856,0.612948641833507
2005-11-17,0.564661417322835,0.61753737813057,0.639364497275257
2005-11-18,0.534047244094488,0.644583612802586,0.663963343017757
2005-11-19,0.551055118110236,0.656334832314265,0.660301190131526
2005-11-20,0.564661417322835,0.633988891595605,0.631737881759585
2005-11-21,0.595275590551181,0.625941422125658,0.624262543551422
2005-11-22,0.598677165354331,0.663613550340143,0.665901952249611
2005-11-23,0.557858267716535,0.65188393235005,0.653108195021831
2005-11-24,0.554456692913386,0.62047428114344,0.618962289061014
2005-11-25,0.557858267716535,0.609795087314551,0.607323607616752
2005-11-26,0.578267716535433,0.608427428483222,0.605800987495893
2005-11-27,0.568062992125984,0.607861934749208,0.6051940486414
2005-11-28,0.564661417322835,0.609571317092968,0.606020549187661
2005-11-29,0.534047244094488,0.617173417224904,0.610409621782076
2005-11-30,0.557858267716535,0.614589844217166,0.608721126076972
2005-12-01,0.540850393700787,0.60827215746451,0.604800420819032
2005-12-02,0.534047244094488,0.605943840555638,0.603253779071889
2005-12-03,0.615685039370079,0.629060441561778,0.625835845272107
2005-12-04,0.966047244094488,0.76814276414944,0.771244302840323
2005-12-05,1.24837795275591,0.961296478258376,1.01416399380646
2005-12-06,1.01026771653543,0.947723028202891,1.00389624274839
2005-12-07,0.853795275590551,0.82786277826987,0.861343481692516
2005-12-08,0.741543307086614,0.746855425479378,0.786761906249398
2005-12-09,0.710929133858268,0.71112669479823,0.742862194179511
2005-12-10,0.676913385826772,0.676399130843874,0.689669171835536
2005-12-11,0.697322834645669,0.640734867963127,0.6445848143768
2005-12-12,0.707527559055118,0.621893248248998,0.623062143803586
2005-12-13,0.69051968503937,0.615818806753091,0.616049651328283
2005-12-14,0.69051968503937,0.613596262931163,0.613362541587511
2005-12-15,0.69392125984252,0.616424666533144,0.619658013351956
2005-12-16,0.816377952755906,0.6959230168196,0.728069980125314
2005-12-17,1.04768503937008,1.00155163365858,1.11778859420346
2005-12-18,0.891212598425197,0.930464428454119,1.01758260206058
2005-12-19,0.785763779527559,0.716341554000136,0.745730962886223
2005-12-20,0.738141732283465,0.642078462999867,0.652517967299137
2005-12-21,0.714330708661417,0.627682538878917,0.633383683419815
2005-12-22,0.69392125984252,0.621902973504082,0.625615155517811
2005-12-23,0.700724409448819,0.622157453426609,0.637284292898394
2005-12-24,0.77555905511811,0.635901200051394,0.719032179953149
2005-12-25,0.850393700787402,0.65385938096534,0.81757076965559
2005-12-26,0.915023622047244,0.686828835549367,0.837880602382307
2005-12-27,0.864,0.664632566036121,0.738013330343622
2005-12-28,0.795968503937008,0.629444800996589,0.657809121755462
2005-12-29,0.751748031496063,0.617532982194002,0.632618141781897
2005-12-30,0.741543307086614,0.615308358582232,0.626105733062602
2005-12-31,0.918425196850394,0.697099617802666,0.674620328675774
2006-01-01,1.7211968503937,1.13914257263276,0.95315363717862
2006-01-02,1.43206299212598,1.15696111570624,1.12749621434591
2006-01-03,1.00346456692913,0.839659133628315,0.905961447201326
2006-01-04,0.877606299212599,0.686958066480908,0.716517766019916
2006-01-05,0.802771653543307,0.648031330649387,0.65822800830631
2006-01-06,0.748346456692914,0.635712516246464,0.642980628060132
2006-01-07,0.704125984251968,0.629445802343036,0.635701777277657
2006-01-08,0.69051968503937,0.625740689804385,0.631363442121273
2006-01-09,0.673511811023622,0.623353771718595,0.628548180114975
2006-01-10,0.642897637795276,0.621671438189319,0.62655658785149
2006-01-11,0.60888188976378,0.620373964787499,0.625022523435584
2006-01-12,0.680314960629921,0.619279127998785,0.62373541937974
2006-01-13,0.676913385826772,0.618299218377382,0.622592366817447
2006-01-14,0.612283464566929,0.617428163546874,0.621584149848421
2006-01-15,0.636094488188976,0.616656956239791,0.620698519299183
2006-01-16,0.656503937007874,0.615933683921242,0.619874395115515
2006-01-17,0.69392125984252,0.615194189245254,0.619029321918895
2006-01-18,1.31981102362205,0.667513240058432,0.683876861625848
2006-01-19,1.48988976377953,0.91181394683354,1.00034242711989
2006-01-20,0.945637795275591,0.867081005756359,0.970084810584019
2006-01-21,0.894614173228346,0.778487305140644,0.949822358361609
2006-01-22,0.908220472440945,1.06571635985376,1.31785335011139
2006-01-23,0.772157480314961,0.973489390840321,1.11123266152545
2006-01-24,0.663307086614173,0.743335856915846,0.794298043507676
2006-01-25,0.629291338582677,0.661221539967231,0.686796043875609
2006-01-26,0.612283464566929,0.642185765926438,0.659941031276701
2006-01-27,0.595275590551181,0.633656310066338,0.647766922408628
2006-01-28,0.578267716535433,0.628679870054651,0.640776442631965
2006-01-29,0.571464566929134,0.625451175617566,0.636312514261841
2006-01-30,0.564661417322835,0.623110985522617,0.633138619205465
2006-01-31,0.615685039370079,0.62128470122138,0.630709144726105
2006-02-01,0.629291338582677,0.619756140199099,0.62871485493408
2006-02-02,0.670110236220472,0.618399578570627,0.626977221909416
2006-02-03,0.622488188976378,0.61715617466836,0.625409191545054
2006-02-04,0.60207874015748,0.616042792500303,0.624021049715162
2006-02-05,0.588472440944882,0.615097908597563,0.622852830973515
2006-02-06,0.591874015748032,0.614257214733895,0.621823196562346
2006-02-07,0.612283464566929,0.628655187620347,0.640752424895091
2006-02-08,0.629291338582677,0.713483458824329,0.75744760198562
2006-02-09,0.646299212598425,0.806281972412415,0.901955653766941
2006-02-10,0.636094488188976,0.73920139728673,0.809064808385448
2006-02-11,0.646299212598425,0.653082852576944,0.683708565188806
2006-02-12,0.656503937007874,0.625180394131644,0.642073837446071
2006-02-13,0.578267716535433,0.619185514292074,0.632337410105381
2006-02-14,0.642897637795276,0.616154312140462,0.627449503433688
2006-02-15,0.69392125984252,0.745502934210861,0.76810534647949
2006-02-16,4.72818897637795,1.76104566276345,1.80978204328867
2006-02-17,4.72818897637795,2.92578907150166,2.62904024657827
2006-02-18,2.26204724409449,2.14293153888726,1.93202957576775
2006-02-19,1.47968503937008,1.31647482245102,1.25782735750766
2006-02-20,1.24837795275591,0.943953180688418,0.922128699103731
2006-02-21,1.10891338582677,0.767101739854122,0.758842786002341
2006-02-22,1.03407874015748,0.700017724743344,0.702525740523387
2006-02-23,0.846992125984252,0.679024898165506,0.683883467607655
2006-02-24,0.741543307086614,0.667712716693849,0.672919942861339
2006-02-25,0.683716535433071,0.66030611727765,0.665424319000697
2006-02-26,0.687118110236221,0.655226247358725,0.6603392058348
2006-02-27,0.666708661417323,0.651441119161192,0.656491953807187
2006-02-28,0.639496062992126,0.648269234115653,0.653192278904501
2006-03-01,0.615685039370079,0.645439441161288,0.650212481946364
2006-03-02,0.680314960629921,0.642873042642564,0.647490954935523
2006-03-03,0.765354330708661,0.742285812402248,0.716038485039696
2006-03-04,2.39130708661417,1.27780436187677,1.05501277509811
2006-03-05,1.30620472440945,1.18082919092568,0.993690550843942
2006-03-06,0.925228346456693,0.826694881222787,0.766477473112651
2006-03-07,0.823181102362205,0.701991501316903,0.683716746198632
2006-03-08,0.704125984251968,0.672545835175579,0.663907679493598
2006-03-09,3.63968503937008,1.1137793712221,1.10593827104056
2006-03-10,10.3067716535433,5.03707665063971,5.18723413726957
2006-03-11,5.2044094488189,5.24318739989868,5.77254899548862
2006-03-12,2.28925984251969,2.49647360028757,2.76591227382958
2006-03-13,1.38103937007874,1.26576762563313,1.3376875477837
2006-03-14,1.15313385826772,0.942473479203843,0.968890887709537
2006-03-15,1.06469291338583,0.801548581677344,0.817960216619288
2006-03-16,0.935433070866142,0.759167602966131,0.76854684005784
2006-03-17,0.853795275590551,0.738129088463689,0.746113140550867
2006-03-18,0.843590551181102,0.724792159515036,0.732098816349362
2006-03-19,0.94903937007874,0.715301695298875,0.733549132360697
2006-03-20,1.10211023622047,0.755205805706072,0.831271985572404
2006-03-21,1.46267716535433,1.01633038736227,1.16929461858238
2006-03-22,2.11577952755905,1.26016464892887,1.37542646866496
2006-03-23,1.69058267716535,1.12753443858016,1.15019855688439
2006-03-24,1.19055118110236,0.90212808012714,0.922210951558229
2006-03-25,1.34022047244094,0.856263133311515,0.851070554082702
2006-03-26,2.27225196850394,1.01110273022174,0.960981155555742
2006-03-27,2.06135433070866,1.00706877566033,0.962708242883761
2006-03-28,2.30626771653543,1.32887352297485,1.28106519488267
2006-03-29,2.92875590551181,2.03365105187591,2.09121972492476
2006-03-30,1.61234645669291,1.63146126353086,1.71580234909812
2006-03-31,1.54771653543307,1.37870421901152,1.48116809896162
2006-04-01,1.41165354330709,1.09756322545297,1.16349265560909
2006-04-02,1.13272440944882,0.911641658849429,0.93869713884711
2006-04-03,1.21776377952756,1.0621686286773,1.1084193095638
2006-04-04,1.6939842519685,1.36347215788284,1.56833347364802
2006-04-05,1.67017322834646,1.37318942449167,1.56753950117133
2006-04-06,2.23823622047244,2.08483734985235,2.34542269818197
2006-04-07,2.25864566929134,1.66091380519839,1.79855879541549
2006-04-08,1.75181102362205,1.05854012006871,1.09908560671611
2006-04-09,1.47628346456693,1.11136503995798,1.08712577960207
2006-04-10,3.13285039370079,2.73909301857353,2.6053893274787
2006-04-11,3.35055118110236,4.27542256812948,4.57037237740085
2006-04-12,2.89814173228346,2.47974839549124,2.6519025974973
2006-04-13,2.04774803149606,1.29872145276988,1.31977223785369
2006-04-14,1.7211968503937,1.02092891006478,1.01094882663494
2006-04-15,1.36403149606299,0.95569017403777,0.909241441695849
2006-04-16,1.42866141732283,1.15404670944006,0.981054225993277
2006-04-17,1.37763779527559,1.06877960983636,0.931225597247925
2006-04-18,1.16333858267717,0.896350615302941,0.843191061998969
2006-04-19,1.03067716535433,0.822605710018552,0.800468841704036
2006-04-20,0.969448818897638,0.792353831229972,0.778638713035297
2006-04-21,0.884409448818898,0.77032422676854,0.760862691934375
2006-04-22,0.857196850393701,0.751901163907841,0.745223839152392
2006-04-23,0.843590551181102,0.738306440775135,0.733380773708398
2006-04-24,0.829984251968504,0.728181580401877,0.724547300102621
2006-04-25,0.77896062992126,0.726847029483251,0.716064187254042
2006-04-26,0.928629921259843,0.789417697613257,0.747531647627849
2006-04-27,1.01707086614173,0.982226592572206,0.958897241156529
2006-04-28,1.18374803149606,1.18063074036276,1.22307446295722
2006-04-29,1.41505511811024,1.339583258971,1.25472775127577
2006-04-30,1.10891338582677,1.08999037620707,0.997009838954014
2006-05-01,0.911622047244095,0.843989364166973,0.809367103991997
2006-05-02,0.853795275590551,0.755830351320751,0.74383142364729
2006-05-03,0.77896062992126,0.725286607038315,0.71885667298315
2006-05-04,0.758551181102362,0.706583241701446,0.702812777537043
2006-05-05,0.721133858267717,0.69322833371632,0.691133854068197
2006-05-06,0.721133858267717,0.683432060060858,0.682462256546793
2006-05-07,0.700724409448819,0.675989755096693,0.67581734096955
2006-05-08,0.680314960629921,0.670138102010981,0.670559791367682
2006-05-09,0.697322834645669,0.675856848927346,0.666577630476686
2006-05-10,0.734740157480315,0.711347803809837,0.663814325897355
2006-05-11,0.782362204724409,0.699573646968824,0.661380894637428
2006-05-12,0.819779527559055,0.669634057919624,0.658759465491625
2006-05-13,0.843590551181102,0.735079558388092,0.709017264131231
2006-05-14,1.21776377952756,1.17407137646373,0.975448659457535
2006-05-15,1.22456692913386,1.37324626023833,1.04223354051533
2006-05-16,1.04428346456693,1.18336763573934,0.945351197703411
2006-05-17,2.05114960629921,1.6233897097278,1.27538615044298
2006-05-18,1.47968503937008,1.41214974188444,1.1748130832327
2006-05-19,1.3368188976378,1.24799355656761,1.07383076781875
2006-05-20,1.04768503937008,0.99657781351626,0.900161360303681
2006-05-21,0.904818897637795,0.785971440435431,0.745807625463669
2006-05-22,0.823181102362205,0.709782485710621,0.689232802907427
2006-05-23,0.782362204724409,0.686371436955262,0.672481160340305
2006-05-24,0.748346456692914,0.674973958807617,0.664392444872523
2006-05-25,0.700724409448819,0.668138025579231,0.65958703294513
2006-05-26,0.717732283464567,0.691147768109773,0.700897987950761
2006-05-27,0.864,0.805141198300574,0.912994376099483
2006-05-28,1.10891338582677,0.880118574863674,1.02018618187538
2006-05-29,1.67357480314961,1.25302574819206,1.18980299273457
2006-05-30,1.92529133858268,1.71718249683395,1.55132733926125
2006-05-31,1.53751181102362,1.4606044144135,1.40264188647776
2006-06-01,1.18034645669291,1.02777107074738,0.997470494950302
2006-06-02,1.18714960629921,0.916192489076929,0.82441448356397
2006-06-03,1.04768503937008,0.819569165828258,0.748208707118472
2006-06-04,0.932031496062992,0.731466176270106,0.70280443934655
2006-06-05,0.884409448818898,0.696954597136024,0.683643187136227
2006-06-06,0.881007874015748,0.684867426587257,0.674979171247566
2006-06-07,0.816377952755906,0.676952122099382,0.668798036255572
2006-06-08,0.761952755905512,0.670524281576673,0.663732636825893
2006-06-09,0.673511811023622,0.665150374678076,0.659431088558489
2006-06-10,0.636094488188976,0.660584693096244,0.6557139644117
2006-06-11,0.636094488188976,0.65671158830089,0.652520379529222
2006-06-12,0.615685039370079,0.65356217488504,0.64989692826535
2006-06-13,0.591874015748032,0.650833565950936,0.647601211114324
2006-06-14,0.585070866141732,0.648361648587359,0.645502648159781
2006-06-15,0.60548031496063,0.646190170682892,0.643645302919964
2006-06-16,0.571464566929134,0.644353371888568,0.642092777747381
2006-06-17,0.60207874015748,0.642930422753018,0.640973659216738
2006-06-18,0.676913385826772,0.649955952480252,0.648727342399253
2006-06-19,0.744944881889764,0.679208720342922,0.680220073230234
2006-06-20,0.639496062992126,0.670046601979037,0.670558523709627
2006-06-21,0.881007874015748,0.702019192792882,0.708377772712281
2006-06-22,1.18714960629921,0.948965020890641,0.997614570152257
2006-06-23,0.721133858267717,0.895924011012288,0.937418992713494
2006-06-24,0.676913385826772,0.715153477241853,0.727614701833762
2006-06-25,0.60207874015748,0.652364363614115,0.65487760831177
2006-06-26,0.60207874015748,0.64175194900681,0.642439722168428
2006-06-27,0.585070866141732,0.638089138924692,0.63862260213913
2006-06-28,0.697322834645669,0.63652496632876,0.638317049780724
2006-06-29,0.666708661417323,0.635495459066651,0.636624557216019
2006-06-30,0.663307086614173,0.634655275401965,0.634578174462823
2006-07-01,0.649700787401575,0.633971372124753,0.633473957938128
2006-07-02,0.60888188976378,0.633332742614197,0.632715481197621
2006-07-03,0.625889763779528,0.632713789765761,0.632004662380461
2006-07-04,0.578267716535433,0.632100886710832,0.631317185284418
2006-07-05,0.568062992125984,0.631493376666563,0.630648292861103
2006-07-06,0.588472440944882,0.643032706123187,0.630038516674563
2006-07-07,1.07149606299213,0.689557635178987,0.633122762740785
2006-07-08,0.77896062992126,0.678984551824981,0.645822251558064
2006-07-09,0.717732283464567,0.642690672809679,0.641399636645416
2006-07-10,0.636094488188976,0.629023335689051,0.630703491803853
2006-07-11,0.60888188976378,0.627230547970902,0.626926026103228
2006-07-12,0.591874015748032,0.626796831997527,0.628359262656746
2006-07-13,0.595275590551181,0.62643896877869,0.635556796419853
2006-07-14,0.561259842519685,0.626075783059728,0.63279287986607
2006-07-15,0.598677165354331,0.625695530542727,0.626446337333023
2006-07-16,0.540850393700787,0.625291919462167,0.624132288045711
2006-07-17,0.544251968503937,0.624861091595051,0.623603746108763
2006-07-18,0.547653543307087,0.624407615191264,0.62317362682075
2006-07-19,0.540850393700787,0.623937035286362,0.622722386622963
2006-07-20,0.537448818897638,0.623454715068785,0.622256147066058
2006-07-21,0.561259842519685,0.622966276687464,0.621781520014318
2006-07-22,0.506834645669291,0.622476580244085,0.621305571697543
2006-07-23,0.554456692913386,0.621987552277755,0.62083456053467
2006-07-24,0.547653543307087,0.621497321617402,0.620359806242608
2006-07-25,0.52044094488189,0.621004490325105,0.619875776073227
2006-07-26,0.489826771653543,0.620510332114447,0.619387128906178
2006-07-27,0.506834645669291,0.620016615191067,0.618898510519897
2006-07-28,0.527244094488189,0.626782774043716,0.619757585869895
2006-07-29,0.925228346456693,0.655089919326116,0.626301127300921
2006-07-30,0.714330708661417,0.652889112598072,0.632174133905207
2006-07-31,0.632692913385827,0.633782188936687,0.626958236983231
2006-08-01,0.642897637795276,0.637552366069596,0.626107573819763
2006-08-02,0.598677165354331,0.632170476280662,0.62766833415016
2006-08-03,0.86059842519685,0.639119785336662,0.632666202229179
2006-08-04,1.10891338582677,0.72960732141308,0.67442299407283
2006-08-05,1.20755905511811,0.794905452391279,0.683261164234105
2006-08-06,0.799370078740158,0.792639712197379,0.693508532250254
2006-08-07,1.63275590551181,1.0197608180252,0.81423424774304
2006-08-08,1.00686614173228,0.918757526222753,0.763373684962017
2006-08-09,0.670110236220472,0.708514545099365,0.654747807168398
2006-08-10,0.680314960629921,0.644105169102808,0.626789854455659
2006-08-11,0.731338582677165,0.687470220993657,0.667833263860646
2006-08-12,0.901417322834646,0.796619003724335,0.719205473890779
2006-08-13,0.826582677165354,0.765094920487684,0.679967674787917
2006-08-14,0.77555905511811,0.678789288934105,0.629158807707537
2006-08-15,0.69051968503937,0.63547726653062,0.613564704320487
2006-08-16,0.646299212598425,0.621391865733251,0.611374475790326
2006-08-17,0.642897637795276,0.617123466621481,0.610648622998179
2006-08-18,0.625889763779528,0.615568554863261,0.610206230691861
2006-08-19,0.571464566929134,0.614740953483174,0.609879811053116
2006-08-20,0.77896062992126,0.642946768686617,0.622272670961585
2006-08-21,0.846992125984252,0.804842498171565,0.688948510907356
2006-08-22,0.989858267716536,0.969474745710707,0.749451099932486
2006-08-23,0.850393700787402,0.832293810055035,0.693204826113692
2006-08-24,0.755149606299213,0.697469124465137,0.634405014764777
2006-08-25,0.891212598425197,0.725819961784569,0.635869062734979
2006-08-26,0.727937007874016,0.695412472947821,0.627714587703318
2006-08-27,0.673511811023622,0.716439952849108,0.657098539539363
2006-08-28,1.45927559055118,1.08005590549928,0.863306902094164
2006-08-29,1.3300157480315,1.20255568967778,0.942194159561423
2006-08-30,1.96951181102362,1.26016004600614,1.01190969097521
2006-08-31,1.89807874015748,1.20264411468057,1.00766856934956
2006-09-01,1.04428346456693,0.906339423763879,0.811041927884878
2006-09-02,0.77896062992126,0.714150752730164,0.671426724195277
2006-09-03,0.724535433070866,0.654223089476864,0.628804451331966
2006-09-04,0.673511811023622,0.636892976270132,0.617908850926198
2006-09-05,0.646299212598425,0.628749892384762,0.613156841303771
2006-09-06,0.632692913385827,0.624036479472489,0.610575354520221
2006-09-07,0.622488188976378,0.632963563497297,0.620548670613772
2006-09-08,1.06809448818898,0.676050791215927,0.662983918505626
2006-09-09,0.717732283464567,0.663221352889908,0.650794687723073
2006-09-10,0.60207874015748,0.629771057407152,0.618486968220932
2006-09-11,0.595275590551181,0.617791061046565,0.607416646014858
2006-09-12,0.581669291338583,0.615578752849615,0.605921144193745
2006-09-13,0.591874015748032,0.614385273935658,0.605291346286809
2006-09-14,0.571464566929134,0.613407112405661,0.604767380604757
2006-09-15,0.568062992125984,0.612572960409608,0.604299455086166
2006-09-16,0.588472440944882,0.61189939798104,0.603898065889626
2006-09-17,0.574866141732283,0.611292512894267,0.603508073300136
2006-09-18,0.588472440944882,0.631185660880063,0.619691267925667
2006-09-19,0.966047244094488,0.713770360132272,0.686354335536007
2006-09-20,0.717732283464567,0.698413041743836,0.677182860298515
2006-09-21,0.642897637795276,0.636128903258182,0.625933461613591
2006-09-22,0.574866141732283,0.612051512211799,0.604028646039382
2006-09-23,0.571464566929134,0.608486814747088,0.600584896832376
2006-09-24,0.568062992125984,0.607626890195556,0.600047480826634
2006-09-25,0.578267716535433,0.614650413672873,0.599757265680208
2006-09-26,0.915023622047244,0.682268025275983,0.617257764466173
2006-09-27,1.04768503937008,0.847865554511811,0.686472226504715
2006-09-28,0.755149606299213,0.787156848001259,0.668327777987275
2006-09-29,0.666708661417323,0.658330917171282,0.616509285997827
2006-09-30,0.629291338582677,0.626377118086797,0.602271949656775
2006-10-01,0.646299212598425,0.664869917763094,0.612324160935715
2006-10-02,0.680314960629921,0.675113650723287,0.613009194812721
2006-10-03,0.69392125984252,0.675756580036224,0.625571786406979
2006-10-04,0.925228346456693,0.794373329963648,0.706105377936449
2006-10-05,0.785763779527559,0.752900882062315,0.683223292952625
2006-10-06,0.673511811023622,0.6509613244106,0.620052820422625
2006-10-07,0.659905511811024,0.617836240278062,0.60014289794236
2006-10-08,0.622488188976378,0.619824471170363,0.602123766871542
2006-10-09,0.60548031496063,0.615630986110605,0.600354804126834
2006-10-10,0.60207874015748,0.608900390554309,0.596861446058855
2006-10-11,0.554456692913386,0.606177431892122,0.595542711727128
2006-10-12,0.574866141732283,0.60530742748842,0.595195027187143
2006-10-13,0.544251968503937,0.604685757594848,0.594911246653294
2006-10-14,0.568062992125984,0.604144499314272,0.594618041316688
2006-10-15,0.561259842519685,0.603673762403405,0.594321889168752
2006-10-16,0.554456692913386,0.603215274965725,0.594006645056408
2006-10-17,0.574866141732283,0.602746100206875,0.593669097367459
2006-10-18,0.561259842519685,0.602272708195926,0.593316431035634
2006-10-19,0.551055118110236,0.601792373973833,0.592950736180552
2006-10-20,0.534047244094488,0.601292812809545,0.592569428595477
2006-10-21,0.544251968503937,0.600787953994101,0.592180320834565
2006-10-22,0.537448818897638,0.600285421398476,0.591788659748915
2006-10-23,0.530645669291339,0.601058168044566,0.592655574550042
2006-10-24,0.544251968503937,0.605192903501961,0.596837868620501
2006-10-25,0.523842519685039,0.603395557252607,0.595081294078863
2006-10-26,0.530645669291339,0.599419014354778,0.591175035885459
2006-10-27,0.530645669291339,0.59782862574384,0.589691801804536
2006-10-28,0.52044094488189,0.600710474486649,0.591725899655457
2006-10-29,0.564661417322835,0.61733732450967,0.604742575367302
2006-10-30,0.564661417322835,0.630484652428478,0.618369879267325
2006-10-31,0.554456692913386,0.615735870423127,0.606371406100297
2006-11-01,0.544251968503937,0.601753372797234,0.593846247940008
2006-11-02,0.537448818897638,0.605195109696189,0.598596244943528
2006-11-03,0.554456692913386,0.602457254317083,0.596730602195888
2006-11-04,0.554456692913386,0.596331472553035,0.593926604167804
2006-11-05,0.568062992125984,0.594222415914651,0.590359860878112
2006-11-06,0.547653543307087,0.593875842384148,0.586932970269805
2006-11-07,0.544251968503937,0.59361905438504,0.585779769714926
2006-11-08,0.547653543307087,0.593322893290862,0.585548991466635
2006-11-09,0.551055118110236,0.598207755397602,0.588357428271035
2006-11-10,0.585070866141732,0.61716776481992,0.599134875081955
2006-11-11,0.574866141732283,0.619027084673666,0.603930088050798
2006-11-12,0.680314960629921,0.643962751095727,0.635161357842139
2006-11-13,0.710929133858268,0.67416957389761,0.657257569627908
2006-11-14,0.649700787401575,0.641582885390689,0.626663392559805
2006-11-15,0.60207874015748,0.606876681652315,0.603699408543107
2006-11-16,0.581669291338583,0.594952497793727,0.592381756598833
2006-11-17,0.568062992125984,0.591300915824092,0.58486375653373
2006-11-18,0.554456692913386,0.590188614989148,0.582550164858095
2006-11-19,0.530645669291339,0.592592397782972,0.584836142384069
2006-11-20,0.554456692913386,0.602133295962837,0.594382765402804
2006-11-21,0.561259842519685,0.61470569321282,0.602546252320244
2006-11-22,0.649700787401575,0.667782080898698,0.629655300684852
2006-11-23,0.666708661417323,0.651247936008968,0.617494869032967
2006-11-24,0.60548031496063,0.606162154346483,0.590858433192444
2006-11-25,0.581669291338583,0.590312018355526,0.581668405576725
2006-11-26,0.554456692913386,0.588518547838666,0.580756789006936
2006-11-27,0.537448818897638,0.588185687903725,0.580643785918779
2006-11-28,0.547653543307087,0.587990168919874,0.580551720904427
2006-11-29,0.547653543307087,0.591324062721965,0.580440930478936
2006-11-30,0.557858267716535,0.603960731454063,0.580301456705362
2006-12-01,0.588472440944882,0.600096411566045,0.580126822542947
2006-12-02,0.571464566929134,0.590222964511853,0.579915574455598
2006-12-03,0.564661417322835,0.588594000203909,0.58186737573282
2006-12-04,0.578267716535433,0.619839729207638,0.605175129790704
2006-12-05,0.792566929133858,0.722540493303426,0.663695059375254
2006-12-06,0.755149606299213,0.725449381935472,0.664225905621344
2006-12-07,0.959244094488189,0.774712125431607,0.705248440096057
2006-12-08,0.853795275590551,0.732678873456851,0.67980986659052
2006-12-09,1.05448818897638,0.779930989540492,0.732667701491628
2006-12-10,1.98651968503937,1.10026476542194,1.0299476332436
2006-12-11,1.31981102362205,0.962875004035259,0.916125664598527
2006-12-12,0.962645669291339,0.721603259049495,0.694331623637123
2006-12-13,0.846992125984252,0.677343042418679,0.647305193415114
2006-12-14,0.761952755905512,0.647871489217031,0.623401131677363
2006-12-15,0.69051968503937,0.613938305680939,0.597403213992203
2006-12-16,0.649700787401575,0.609798155344,0.593489000865453
2006-12-17,0.680314960629921,0.649977425987031,0.618703636840486
2006-12-18,0.744944881889764,0.682980475381074,0.635347604938796
2006-12-19,0.724535433070866,0.648135154806029,0.613154996652709
2006-12-20,0.663307086614173,0.610122844104048,0.591098233077665
2006-12-21,0.60548031496063,0.598500564888581,0.584729955767483
2006-12-22,0.581669291338583,0.596391338920241,0.583761551237608
2006-12-23,0.571464566929134,0.595406904054556,0.583331432240875
2006-12-24,0.554456692913386,0.594728652163789,0.583008020554914
2006-12-25,0.534047244094488,0.594215880751141,0.582734299344687
2006-12-26,0.527244094488189,0.593783709652937,0.582474621055986
2006-12-27,0.527244094488189,0.593376240555202,0.58220431821541
2006-12-28,0.557858267716535,0.592945719520034,0.581896016391978
2006-12-29,0.547653543307087,0.592495694782072,0.581545690519343
2006-12-30,0.534047244094488,0.592056640760537,0.581182841753882
2006-12-31,0.51703937007874,0.594677518742743,0.581668073100458
2007-01-01,0.619086614173228,0.637513428896415,0.609298201721031
2007-01-02,0.734740157480315,0.785912800258212,0.722814943794464
2007-01-03,0.741543307086614,0.81371087464814,0.748782215371698
2007-01-04,0.680314960629921,0.7065895204911,0.672849896581451
2007-01-05,0.642897637795276,0.645121079362968,0.631610398165055
2007-01-06,0.615685039370079,0.656487369181235,0.631550287253706
2007-01-07,0.598677165354331,0.675326154890477,0.640464972947205
2007-01-08,0.588472440944882,0.6478452359286,0.620512608263567
2007-01-09,0.585070866141732,0.633022443662973,0.61126438247632
2007-01-10,0.551055118110236,0.618316562341299,0.605220957619939
2007-01-11,0.568062992125984,0.617620745288385,0.609515688737614
2007-01-12,0.629291338582677,0.66666998650597,0.659393908171692
2007-01-13,0.619086614173228,0.651724921508075,0.641716628013821
2007-01-14,0.649700787401575,0.61215927626773,0.599601582537888
2007-01-15,0.625889763779528,0.598111903068852,0.585139991735301
2007-01-16,0.622488188976378,0.595687830001547,0.58303652214432
2007-01-17,0.622488188976378,0.594539740201835,0.582208211332823
2007-01-18,0.649700787401575,0.603611852015246,0.595615904890019
2007-01-19,0.812976377952756,0.640969558049452,0.656142406920344
2007-01-20,0.908220472440945,0.6473026419024,0.693805167982034
2007-01-21,1.03407874015748,0.693058269781074,0.753138794139674
2007-01-22,1.15313385826772,0.743422360730517,0.745974354226598
2007-01-23,1.13272440944882,0.793338658619923,0.779815836799046
2007-01-24,1.14633070866142,0.71912581170685,0.712402693598922
2007-01-25,1.11911811023622,0.634983051642483,0.626664559204161
2007-01-26,1.08850393700787,0.607226411850925,0.597050375529659
2007-01-27,1.08850393700787,0.601265836018663,0.590820373362749
2007-01-28,1.13272440944882,0.617675440576944,0.611416487520474
2007-01-29,1.2891968503937,0.720340959628113,0.735350777718595
2007-01-30,1.44907086614173,0.823316420677978,0.865905543903039
2007-01-31,1.45247244094488,0.74074486910837,0.830302182845987
2007-02-01,1.2687874015748,0.656128365146144,0.739318449160831
2007-02-02,1.22456692913386,0.683684161345234,0.680399129366189
2007-02-03,1.3028031496063,0.697790454994799,0.644813559184212
2007-02-04,1.47288188976378,0.67016043895633,0.626151224566903
2007-02-05,1.3096062992126,0.670611844768263,0.635577940614439
2007-02-06,1.55792125984252,0.841681256415992,0.753834031829724
2007-02-07,2.22803149606299,0.982209994219737,0.858227133607188
2007-02-08,2.15659842519685,0.983613494592832,0.902761177906483
2007-02-09,2.28585826771654,1.0179497940833,0.993089225726168
2007-02-10,1.94910236220472,0.870072961514333,0.857171375874799
2007-02-11,1.75181102362205,0.913659558471605,0.867468309664199
2007-02-12,2.22122834645669,1.62983611796199,1.49733631516036
2007-02-13,1.85385826771654,1.78782479759365,1.65588447410482
2007-02-14,1.15653543307087,1.34529997082192,1.26315049893221
2007-02-15,1.38103937007874,1.35970796107671,1.28200604534467
2007-02-16,1.15993700787402,1.08021390270531,1.03172472283601
2007-02-17,0.901417322834646,0.801322942125923,0.771821599397223
2007-02-18,0.772157480314961,0.699290901638447,0.679933395180567
2007-02-19,0.697322834645669,0.670286675031963,0.653327852331021
2007-02-20,0.659905511811024,0.655715095970336,0.640073833015769
2007-02-21,0.622488188976378,0.646413876662027,0.631683565730375
2007-02-22,0.595275590551181,0.639716685219953,0.625684447100038
2007-02-23,0.571464566929134,0.634592889888877,0.621120030097974
2007-02-24,0.561259842519685,0.630467765931195,0.617461420403702
2007-02-25,0.544251968503937,0.631557677449506,0.616971830047564
2007-02-26,0.551055118110236,0.714931440379529,0.670901743560182
2007-02-27,0.836787401574803,1.07389781708206,0.912628220421092
2007-02-28,0.898015748031496,1.17507130765697,1.08767015571269
2007-03-01,0.836787401574803,1.06397216427716,1.18925373890024
2007-03-02,0.829984251968504,1.13848382072292,1.18209714030416
2007-03-03,0.915023622047244,1.11735456797527,1.13967814407159
2007-03-04,1.02387401574803,0.945227797911655,1.19550950784689
2007-03-05,0.802771653543307,0.777971749181918,0.964166706803493
2007-03-06,0.663307086614173,0.694116800264249,0.750270025032956
2007-03-07,0.629291338582677,0.663658975191167,0.6750229899392
2007-03-08,0.588472440944882,0.650517708063109,0.651688531719164
2007-03-09,0.557858267716535,0.646276613797112,0.641910237490629
2007-03-10,0.564661417322835,0.655148982013035,0.64318562084164
2007-03-11,0.534047244094488,0.647952762458048,0.636288564619742
2007-03-12,0.530645669291339,0.634721637590442,0.626398556198939
2007-03-13,0.527244094488189,0.627609236621987,0.620394618249039
2007-03-14,0.530645669291339,0.623369425786945,0.616272342276454
2007-03-15,0.510236220472441,0.619710191709627,0.612685210835596
2007-03-16,0.489826771653543,0.616458561864482,0.609516730039203
2007-03-17,0.493228346456693,0.613558589779125,0.606702983354102
2007-03-18,0.486425196850394,0.634096059432309,0.620632639730724
2007-03-19,0.564661417322835,0.734577937986727,0.690384032998609
2007-03-20,0.547653543307087,0.759051363340113,0.705562019311718
2007-03-21,0.557858267716535,0.713247047417517,0.65605211841777
2007-03-22,0.585070866141732,0.676177218036053,0.63935267951325
2007-03-23,0.670110236220472,0.738461648075541,0.735831288167539
2007-03-24,0.864,0.845737982965676,0.863140369980592
2007-03-25,0.955842519685039,0.863862302080773,0.828088830572719
2007-03-26,0.962645669291339,0.75156775908936,0.70664911737088
2007-03-27,0.744944881889764,0.662426545286087,0.638748413979632
2007-03-28,0.625889763779528,0.631924359176324,0.617863888964621
2007-03-29,0.581669291338583,0.622144861601194,0.610200755261824
2007-03-30,0.551055118110236,0.616465437689307,0.605419482780201
2007-03-31,0.527244094488189,0.612311936980551,0.601835842554701
2007-04-01,0.52044094488189,0.609337585962655,0.599096305720956
2007-04-02,0.534047244094488,0.606663234122103,0.596656989291434
2007-04-03,0.506834645669291,0.671499436276013,0.649430086308862
2007-04-04,0.812976377952756,0.993071767982398,0.900703732407147
2007-04-05,0.761952755905512,0.933138113242228,0.85198444278631
2007-04-06,0.60207874015748,0.711474193682316,0.676546173137186
2007-04-07,0.540850393700787,0.631758234246175,0.613470945097931
2007-04-08,0.52044094488189,0.614303040914299,0.600387015742891
2007-04-09,0.503433070866142,0.606281479945231,0.594424680827669
2007-04-10,0.493228346456693,0.601125387492524,0.590522240788488
2007-04-11,0.493228346456693,0.597431106765972,0.587675107612303
2007-04-12,0.469417322834646,0.594584061633979,0.585445921156437
2007-04-13,0.476220472440945,0.592214191732342,0.583562401843355
2007-04-14,0.476220472440945,0.590138084749575,0.58189088812494
2007-04-15,0.455811023622047,0.588302860981429,0.580398727912021
2007-04-16,0.469417322834646,0.586722884585885,0.579104946840321
2007-04-17,0.466015748031496,0.585378888832208,0.577997621174933
2007-04-18,0.462614173228347,0.584227483188193,0.5770430978644
2007-04-19,0.438803149606299,0.58330950474511,0.576277437683307
2007-04-20,0.466015748031496,0.582511813490534,0.575606916973115
2007-04-21,0.445606299212598,0.581739791901613,0.5749532939644
2007-04-22,0.425196850393701,0.580988146800538,0.574313391021275
2007-04-23,0.432,0.580256584109772,0.573688827659652
2007-04-24,0.418393700787402,0.579564284118219,0.573098535234292
2007-04-25,0.43540157480315,0.578944205459605,0.572565756350683
2007-04-26,0.408188976377953,0.578375660011509,0.572071930858023
2007-04-27,0.408188976377953,0.577833720858005,0.571598598389015
2007-04-28,0.370771653543307,0.577320065377927,0.571148506772334
2007-04-29,0.384377952755905,0.576837817020691,0.570724105810298
2007-04-30,0.380976377952756,0.57639105209015,0.570328760383878
2007-05-01,0.370771653543307,0.575985368430971,0.569967340229041
2007-05-02,0.363968503937008,0.575605008014162,0.569626511521541
2007-05-03,0.380976377952756,0.575240241445518,0.569297488045133
2007-05-04,0.377574803149606,0.577667880124044,0.571217946245407
2007-05-05,0.445606299212598,0.596625221479496,0.584264527857631
2007-05-06,0.452409448818898,0.628030161069475,0.600867646294623
2007-05-07,0.414992125984252,0.610084837822021,0.588601782678715
2007-05-08,0.496629921259843,0.660162008789442,0.643667101715799
2007-05-09,2.48655118110236,1.20324998109102,1.12781511465874
2007-05-10,1.77562204724409,1.90127617461064,1.71077406495789
2007-05-11,0.734740157480315,1.32744754271953,1.22104858655459
2007-05-12,0.591874015748032,0.816746872425304,0.775521435350582
2007-05-13,0.530645669291339,0.658026358354302,0.633773949718331
2007-05-14,0.506834645669291,0.603055389031298,0.59227529752568
2007-05-15,0.527244094488189,0.589816636917406,0.580795827759001
2007-05-16,0.510236220472441,0.590941418954096,0.580392924100501
2007-05-17,0.60207874015748,0.636592459462559,0.605926632338729
2007-05-18,0.727937007874016,0.71889665749773,0.641804137471878
2007-05-19,0.588472440944882,0.676456630445729,0.61760610338231
2007-05-20,0.51703937007874,0.605858073420123,0.582989290861012
2007-05-21,0.486425196850394,0.582509068102701,0.571835769856535
2007-05-22,0.486425196850394,0.578892441306513,0.570076844347375
2007-05-23,0.421795275590551,0.5776292910203,0.569429599237175
2007-05-24,0.455811023622047,0.576690345720264,0.568983229265656
2007-05-25,0.466015748031496,0.575919512402048,0.568591886423518
2007-05-26,0.445606299212598,0.575312815662263,0.568259954842191
2007-05-27,0.462614173228347,0.606422549113126,0.590909136355872
2007-05-28,0.894614173228346,0.847810924846565,0.77995961619012
2007-05-29,3.57165354330709,2.19530467245926,1.98628371391056
2007-05-30,8.12976377952756,6.48234549618956,6.09020763112578
2007-05-31,2.6056062992126,3.60305107536883,3.46053901955662
2007-06-01,1.14633070866142,1.35757306314827,1.30780464799666
2007-06-02,1.00346456692913,0.994753876678485,0.932951456024891
2007-06-03,0.901417322834646,0.804443936986678,0.759527885582461
2007-06-04,0.755149606299213,0.688692303548379,0.667095647224589
2007-06-05,0.683716535433071,0.644342863948743,0.63090507079959
2007-06-06,0.622488188976378,0.626895837862309,0.615397497047906
2007-06-07,0.585070866141732,0.616854055343319,0.606383108309417
2007-06-08,0.561259842519685,0.610057759364382,0.600243627702352
2007-06-09,0.557858267716535,0.612208719618001,0.59589976386573
2007-06-10,0.921826771653543,0.634716919290686,0.592962394988335
2007-06-11,0.591874015748032,0.626123826187054,0.591668958446299
2007-06-12,0.758551181102362,0.630616247808676,0.612082547434668
2007-06-13,0.714330708661417,0.720290653077435,0.683745644456133
2007-06-14,0.60548031496063,0.69545926277953,0.662688785497009
2007-06-15,0.656503937007874,0.674312387626735,0.659372823386396
2007-06-16,0.829984251968504,0.858385888791351,0.863629702430971
2007-06-17,0.60207874015748,0.807113588702881,0.812369262239883
2007-06-18,0.585070866141732,0.661816054492061,0.65681169707185
2007-06-19,0.537448818897638,0.610105068840527,0.601813964427787
2007-06-20,0.523842519685039,0.657156839974847,0.61395392096647
2007-06-21,1.64296062992126,1.00886147542289,0.763160618319272
2007-06-22,1.09870866141732,1.46360497894198,1.05451606051802
2007-06-23,0.836787401574803,1.20244645679782,0.971396003795037
2007-06-24,0.646299212598425,0.816829279513504,0.733963321031829
2007-06-25,0.642897637795276,0.697024780296338,0.657972154467998
2007-06-26,0.755149606299213,0.779070826311766,0.743143649820985
2007-06-27,0.768755905511811,0.773301401328522,0.731227953830104
2007-06-28,0.850393700787402,0.776769853681317,0.72066774244974
2007-06-29,0.659905511811024,0.710364200290312,0.669143769968835
2007-06-30,0.591874015748032,0.637458961801696,0.614356570877233
2007-07-01,0.551055118110236,0.616685263862791,0.596245307821606
2007-07-02,0.707527559055118,0.64641013587543,0.609860926080464
2007-07-03,0.673511811023622,0.752395783696881,0.684015126909724
2007-07-04,1.02727559055118,1.09620495236794,0.852572382519017
2007-07-05,2.81310236220472,1.58446569846017,0.984176807975325
2007-07-06,1.13272440944882,1.27647688957804,0.850929136076906
2007-07-07,0.877606299212599,0.845078443004096,0.684566514451021
2007-07-08,0.727937007874016,0.689607150228337,0.617523559336621
2007-07-09,0.901417322834646,0.71188561409012,0.648641467082379
2007-07-10,1.21776377952756,1.06329743757724,0.880369162511267
2007-07-11,1.39804724409449,1.18628373864415,0.976288141318473
2007-07-12,0.986456692913386,0.976507594388252,0.814983831793647
2007-07-13,0.986456692913386,0.764993540169388,0.671660050021546
2007-07-14,0.714330708661417,0.66493352572913,0.616838063432982
2007-07-15,0.646299212598425,0.630891609762668,0.59998040140373
2007-07-16,0.591874015748032,0.616920231902781,0.592496311886045
2007-07-17,0.564661417322835,0.608895567722499,0.588105067566992
2007-07-18,0.557858267716535,0.604071326591236,0.58548850303544
2007-07-19,0.523842519685039,0.601122820542646,0.583891234821782
2007-07-20,0.568062992125984,0.771934596288046,0.627516980876101
2007-07-21,3.19407874015748,2.40133329759339,0.95886100478958
2007-07-22,5.81669291338583,4.47038474327144,1.63931383556194
2007-07-23,2.72806299212598,2.48037158342465,1.30817765580501
2007-07-24,1.37763779527559,1.31021153926255,0.900279629619446
2007-07-25,1.04768503937008,0.946398233505015,0.723478531362428
2007-07-26,0.836787401574803,0.753061435559838,0.63840447031953
2007-07-27,0.727937007874016,0.672798113220725,0.607478343609164
2007-07-28,0.659905511811024,0.652711487811542,0.5968275844453
2007-07-29,0.656503937007874,0.736995470409788,0.640014792330771
2007-07-30,1.08850393700787,1.12655614204879,0.844565900648686
2007-07-31,0.901417322834646,1.02932312480574,0.797436970731515
2007-08-01,0.680314960629921,0.759302120545269,0.652341335551212
2007-08-02,0.625889763779528,0.698369940116886,0.613265775011988
2007-08-03,0.833385826771654,0.876014098704052,0.650849995013123
2007-08-04,0.989858267716536,1.10295544333835,0.643825007819839
2007-08-05,0.738141732283465,0.929092697135746,0.608403726792083
2007-08-06,0.642897637795276,0.722401591873674,0.590510029082891
2007-08-07,0.622488188976378,0.791646244086965,0.633888092503849
2007-08-08,2.25524409448819,1.75257554756238,1.00910363294666
2007-08-09,3.67370078740158,2.85225467901841,1.90037546227674
2007-08-10,2.14299212598425,2.04966279100359,1.68922611011934
2007-08-11,2.05795275590551,1.70243239587486,1.48822727003448
2007-08-12,1.7620157480315,1.23709789097869,1.07917737804697
2007-08-13,1.11231496062992,0.885128328160034,0.779177668255163
2007-08-14,0.942236220472441,0.736078778773358,0.653283960272851
2007-08-15,0.826582677165354,0.685271034343372,0.62320493775056
2007-08-16,0.833385826771654,0.745810941517127,0.672679338309565
2007-08-17,0.955842519685039,1.10608843112595,0.942966797133876
2007-08-18,1.09190551181102,1.02067827059936,0.878533077176038
2007-08-19,0.826582677165354,0.771606392664242,0.688847130610887
2007-08-20,0.782362204724409,0.710564824973605,0.654315481999895
2007-08-21,0.898015748031496,0.801726468575536,0.769841520750685
2007-08-22,0.846992125984252,0.79647418546415,0.760131556406378
2007-08-23,1.13272440944882,0.833869837291856,0.771241621192839
2007-08-24,0.853795275590551,0.772857770398153,0.711239918126369
2007-08-25,0.710929133858268,0.685635717705457,0.63540899703363
2007-08-26,0.683716535433071,0.65146359769564,0.606998098582572
2007-08-27,0.680314960629921,0.641081167987368,0.599528036596643
2007-08-28,0.670110236220472,0.672414499763204,0.617908876526812
2007-08-29,0.802771653543307,0.870707974392714,0.731090278843733
2007-08-30,1.07489763779528,1.03753212165577,0.824638269149888
2007-08-31,0.881007874015748,0.873002723048975,0.731753435281356
2007-09-01,0.738141732283465,0.705988437742696,0.632724185153257
2007-09-02,0.704125984251968,0.653102783248375,0.602087888843739
2007-09-03,0.741543307086614,0.734477927972809,0.649352051988694
2007-09-04,1.44226771653543,1.20220036252472,0.887960413129196
2007-09-05,1.12932283464567,1.15436839413848,0.858561416873937
2007-09-06,0.942236220472441,0.834093231361253,0.690083316861256
2007-09-07,0.887811023622047,0.719173484073765,0.62443653381928
2007-09-08,0.823181102362205,0.679881257726527,0.608046198757018
2007-09-09,0.77896062992126,0.65402646925443,0.599736573315534
2007-09-10,0.738141732283465,0.690963224417617,0.61901799375247
2007-09-11,0.976251968503937,0.894133920187809,0.709129802124732
2007-09-12,0.945637795275591,0.846603590747336,0.686217375095715
2007-09-13,0.809574803149606,0.702746829719023,0.620227778467415
2007-09-14,0.717732283464567,0.650358307710973,0.596805292833678
2007-09-15,0.697322834645669,0.638826485979162,0.592709354053239
2007-09-16,0.666708661417323,0.633274898031856,0.590823308825826
2007-09-17,0.646299212598425,0.662971388314408,0.608305261440947
2007-09-18,0.829984251968504,0.825761716100867,0.6965441622018
2007-09-19,1.05108661417323,0.905377344468102,0.737682956546572
2007-09-20,0.840188976377953,0.777316692517065,0.667789600313179
2007-09-21,0.724535433070866,0.670923078754993,0.608432865518228
2007-09-22,0.670110236220472,0.638832644517815,0.591604330878573
2007-09-23,0.666708661417323,0.630601853877164,0.588278799305
2007-09-24,0.653102362204724,0.626408654247001,0.586717894058236
2007-09-25,0.697322834645669,0.641916586813413,0.597245035660688
2007-09-26,0.802771653543307,0.762323487576435,0.695633961291556
2007-09-27,1.09190551181102,0.97926063560108,0.941606361016949
2007-09-28,0.945637795275591,0.889515932903649,0.912826752821142
2007-09-29,0.836787401574803,0.767986606873919,0.94984326352691
2007-09-30,0.748346456692914,0.695428931784813,0.82418225987718
2007-10-01,0.69051968503937,0.649545003209885,0.667039238279936
2007-10-02,0.673511811023622,0.632147722404745,0.611554674613015
2007-10-03,0.659905511811024,0.626644237153413,0.598943650393753
2007-10-04,0.666708661417323,0.623647365558128,0.593658701580493
2007-10-05,0.680314960629921,0.621928422620983,0.590970787687361
2007-10-06,0.653102362204724,0.620858600483744,0.589497359085472
2007-10-07,0.629291338582677,0.619861409692872,0.588439968872043
2007-10-08,0.615685039370079,0.61883218997912,0.587551066142763
2007-10-09,0.612283464566929,0.617830871477604,0.586774469933594
2007-10-10,0.595275590551181,0.616900073243569,0.586092744837954
2007-10-11,0.60548031496063,0.616041574132757,0.585481886372256
2007-10-12,0.619086614173228,0.615234364846073,0.584911582820599
2007-10-13,0.60888188976378,0.614451894135462,0.584352210788791
2007-10-14,0.571464566929134,0.613694846977048,0.58380478760638
2007-10-15,0.60207874015748,0.612956122964484,0.583265054079146
2007-10-16,0.588472440944882,0.612199972919553,0.582703737936439
2007-10-17,0.585070866141732,0.616136462796706,0.584513217468249
2007-10-18,0.619086614173228,0.632869089413701,0.592826483927978
2007-10-19,0.595275590551181,0.63936256737576,0.599004309454163
2007-10-20,0.649700787401575,0.670799256557825,0.624421058170927
2007-10-21,0.612283464566929,0.656357719036113,0.613959900155926
2007-10-22,0.619086614173228,0.629442962586289,0.592694569243964
2007-10-23,0.612283464566929,0.619378774559512,0.587439279921208
2007-10-24,0.612283464566929,0.623947404754228,0.597699882122631
2007-10-25,0.60548031496063,0.619030989661299,0.592995377525654
2007-10-26,0.60888188976378,0.61080791554725,0.582850472439416
2007-10-27,0.588472440944882,0.607927271849249,0.57944401394442
2007-10-28,0.588472440944882,0.607383053312766,0.579019641904877
2007-10-29,0.591874015748032,0.606960499226751,0.578756071942024
2007-10-30,0.557858267716535,0.606496133730528,0.578443558574318
2007-10-31,0.568062992125984,0.606068447654882,0.578136180759504
2007-11-01,0.568062992125984,0.60562441037665,0.577814562431611
2007-11-02,0.564661417322835,0.60514463248446,0.577472675958558
2007-11-03,0.578267716535433,0.606282652252718,0.578789319190548
2007-11-04,0.598677165354331,0.611782604490476,0.584546412581474
2007-11-05,0.581669291338583,0.612388797415383,0.585663013306602
2007-11-06,0.598677165354331,0.628195751495394,0.604795797413989
2007-11-07,0.680314960629921,0.673309178065588,0.662655456285919
2007-11-08,0.676913385826772,0.698325603103877,0.714580953211351
2007-11-09,0.731338582677165,0.72117038617542,0.742848588443633
2007-11-10,0.874204724409449,0.845196829605601,0.872816642893147
2007-11-11,2.81990551181102,1.32407685678311,1.39634380023392
2007-11-12,3.36415748031496,1.89796552630389,2.09857118970201
2007-11-13,1.51029921259843,1.44101671408592,1.52169876494737
2007-11-14,1.2687874015748,1.12049990519539,1.11898412069586
2007-11-15,1.28579527559055,0.931591649590286,0.937194759726328
2007-11-16,1.04088188976378,0.758473670793495,0.75663235378498
2007-11-17,0.94903937007874,0.673507821053275,0.65799137435317
2007-11-18,0.870803149606299,0.646540537659676,0.625947246929272
2007-11-19,0.850393700787402,0.636587079045774,0.614798818007714
2007-11-20,0.782362204724409,0.631342770049543,0.609085540264447
2007-11-21,0.758551181102362,0.628201417992102,0.616888139194473
2007-11-22,0.761952755905512,0.64380302972664,0.668759669634465
2007-11-23,0.77896062992126,0.743238468180871,0.725491424758229
2007-11-24,0.870803149606299,0.876944818663565,0.787960187418107
2007-11-25,1.04428346456693,0.910495919560418,0.818861180660629
2007-11-26,1.00346456692913,1.00825264702932,0.953784666447462
2007-11-27,0.959244094488189,0.950836978941413,0.955663407276489
2007-11-28,0.884409448818898,0.780533246537581,0.794027947887225
2007-11-29,0.809574803149606,0.684672671311422,0.678565965597574
2007-11-30,0.77555905511811,0.663336926636036,0.643171426765106
2007-12-01,0.799370078740158,0.691492291753741,0.659629956257318
2007-12-02,0.765354330708661,0.753207058038113,0.72586195424047
2007-12-03,0.894614173228346,1.02446663586405,0.96510547211868
2007-12-04,1.30620472440945,1.31794023376515,1.14614530524889
2007-12-05,1.13272440944882,1.11354345090589,0.981338535078693
2007-12-06,0.979653543307087,1.08903879671623,0.969883478630185
2007-12-07,1.39464566929134,1.48453143639865,1.31469120973556
2007-12-08,1.67357480314961,1.55579002678156,1.49275053012642
2007-12-09,1.59193700787402,1.28817726010676,1.30529021442798
2007-12-10,1.31981102362205,1.14145496804347,1.11794566308193
2007-12-11,1.7007874015748,1.38676995376406,1.39376088739937
2007-12-12,2.81310236220472,2.00996658142867,2.1084122025862
2007-12-13,2.04094488188976,1.8223171836023,1.73135755930953
2007-12-14,1.52050393700787,1.22924132195102,1.10691069381165
2007-12-15,1.18714960629921,0.913932490129766,0.850970410633032
2007-12-16,0.979653543307087,0.778301321326504,0.74000863241989
2007-12-17,0.891212598425197,0.738393152367315,0.707247322730604
2007-12-18,0.812976377952756,0.720190171089791,0.691278862426731
2007-12-19,0.799370078740158,0.709424535767896,0.681651438442197
2007-12-20,0.761952755905512,0.702277517969386,0.675194519692734
2007-12-21,0.738141732283465,0.697148211973818,0.670527654966364
2007-12-22,0.724535433070866,0.693184904537632,0.666903149488397
2007-12-23,0.710929133858268,0.689911030745019,0.663897303322915
2007-12-24,0.683716535433071,0.687075744728883,0.661287261737066
2007-12-25,0.676913385826772,0.684536167804184,0.658945868839848
2007-12-26,0.673511811023622,0.682237110778269,0.656826479725452
2007-12-27,0.659905511811024,0.680064674618059,0.654822069633312
2007-12-28,0.676913385826772,0.678018689593918,0.652935245269503
2007-12-29,0.683716535433071,0.676079934533611,0.651148955345321
2007-12-30,0.795968503937008,0.712596596833666,0.674376026842831
2007-12-31,0.836787401574803,0.895417596737932,0.786444078077489
2008-01-01,0.707527559055118,0.940036500295921,0.807984156692211
2008-01-02,0.649700787401575,0.809340557068217,0.728205173705281
2008-01-03,0.649700787401575,0.721201983465291,0.675247745467976
2008-01-04,0.636094488188976,0.694040946837823,0.659028277527941
2008-01-05,0.649700787401575,0.758487634760695,0.770792407212574
2008-01-06,3.16346456692913,1.24116472555097,1.54490428725159
2008-01-07,2.9899842519685,2.18412487293426,2.34744470757182
2008-01-08,2.45253543307087,3.06396524467525,2.48065869418853
2008-01-09,1.17694488188976,2.1768701046272,1.67209651528598
2008-01-10,0.983055118110236,1.33512836772956,1.09047296917263
2008-01-11,0.942236220472441,1.01840934752056,0.874987209843564
2008-01-12,0.887811023622047,0.863286101719746,0.771600797464124
2008-01-13,0.816377952755906,0.804749965455746,0.737940692759972
2008-01-14,0.799370078740158,0.772925072026461,0.718003129166857
2008-01-15,0.77555905511811,0.748946425192346,0.703717323891041
2008-01-16,0.795968503937008,0.747448417371987,0.708499611193702
2008-01-17,0.843590551181102,0.897804298925242,0.860254111697644
2008-01-18,1.12592125984252,1.41612969481994,1.3873564286722
2008-01-19,1.33341732283465,1.30420572146149,1.29152395064171
2008-01-20,1.09190551181102,0.947056455286503,0.926411753959946
2008-01-21,0.972850393700787,0.825196294781287,0.830791301026077
2008-01-22,1.04768503937008,0.94787551067784,1.09143640178634
2008-01-23,1.13612598425197,1.25329505737399,1.33825972253523
2008-01-24,0.972850393700787,1.14018921048927,1.12955565529587
2008-01-25,0.959244094488189,1.03826474654269,1.03765259340606
2008-01-26,0.932031496062992,0.913281033263857,0.907205722471264
2008-01-27,0.874204724409449,0.80322868489139,0.783921306314318
2008-01-28,0.826582677165354,0.758096685807811,0.734039041427063
2008-01-29,0.792566929133858,0.740453924260929,0.715305738335996
2008-01-30,0.789165354330709,0.741624443986375,0.713876808272947
2008-01-31,0.806173228346457,0.780681424205107,0.743680884407143
2008-02-01,0.789165354330709,0.914136857213249,0.880015876861952
2008-02-02,1.22796850393701,1.66224526024151,1.65006111801589
2008-02-03,1.22116535433071,1.47168733744369,1.46004775685424
2008-02-04,0.969448818897638,0.976887624772787,0.960204689218812
2008-02-05,0.901417322834646,0.811518030275221,0.805274191383645
2008-02-06,0.972850393700787,0.826121586902839,0.821085400626249
2008-02-07,1.14292913385827,1.04921165561356,1.0568345232679
2008-02-08,1.02387401574803,0.981805551380641,0.981336985141704
2008-02-09,0.891212598425197,0.818241241253312,0.803927371246957
2008-02-10,0.843590551181102,0.754695120950276,0.735344289128668
2008-02-11,0.812976377952756,0.735348935731046,0.714505415537368
2008-02-12,0.77896062992126,0.724239825781674,0.702665073136319
2008-02-13,0.758551181102362,0.716247517299899,0.694271575496314
2008-02-14,0.738141732283465,0.710072277114628,0.68792138560377
2008-02-15,0.731338582677165,0.705039775356856,0.682847463746244
2008-02-16,0.707527559055118,0.700934319432158,0.678762032974664
2008-02-17,0.680314960629921,0.69736895563239,0.675246888825193
2008-02-18,0.676913385826772,0.69388501757237,0.671830778561586
2008-02-19,0.646299212598425,0.6902746585586,0.668293779062659
2008-02-20,0.639496062992126,0.686799496803515,0.664860697265983
2008-02-21,0.666708661417323,0.684055367071911,0.662327806469707
2008-02-22,0.680314960629921,0.681819562188846,0.661016936072705
2008-02-23,0.700724409448819,0.679222152267915,0.658566486424811
2008-02-24,0.673511811023622,0.675953828926669,0.655005734688382
2008-02-25,0.680314960629921,0.672254996470057,0.651228678781011
2008-02-26,0.697322834645669,0.681122458556461,0.664175125676821
2008-02-27,0.751748031496063,0.726488863843043,0.726345317665942
2008-02-28,0.670110236220472,0.72349449786497,0.726119420986856
2008-02-29,0.69051968503937,0.74400729482552,0.778245322365671
2008-03-01,0.908220472440945,0.868971301655977,1.03772592643326
2008-03-02,0.996661417322835,1.11675767352185,1.53271510149865
2008-03-03,0.853795275590551,1.00677826438504,1.29985574544067
2008-03-04,0.864,0.881098217096647,1.11592827220144
2008-03-05,0.789165354330709,0.804085267348989,0.937285089097996
2008-03-06,0.744944881889764,0.732506967616693,0.774718243023284
2008-03-07,0.69392125984252,0.694932189340067,0.705431704335648
2008-03-08,0.700724409448819,0.680661368833745,0.682037397069421
2008-03-09,0.656503937007874,0.673499048437376,0.670568434934006
2008-03-10,0.646299212598425,0.668310322277674,0.662742343080152
2008-03-11,0.646299212598425,0.664542256132231,0.659868161597145
2008-03-12,0.870803149606299,0.756107609293336,0.790017533734099
2008-03-13,1.13612598425197,1.24675890614257,1.46860968366008
2008-03-14,0.908220472440945,1.24016365753274,1.49156984604233
2008-03-15,0.911622047244095,1.02209328439298,1.37390450065219
2008-03-16,0.857196850393701,0.865757946953888,1.08346355709885
2008-03-17,0.884409448818898,0.894296536706372,0.938196265716188
2008-03-18,1.11231496062992,1.09337107008716,1.02967589621754
2008-03-19,0.908220472440945,0.962822177047686,0.909905447008155
2008-03-20,0.77896062992126,0.785119201993832,0.7672620575828
2008-03-21,0.833385826771654,0.775184776426949,0.764453286712242
2008-03-22,1.20075590551181,0.842227579001588,0.841517654361282
2008-03-23,0.969448818897638,0.790003105646201,0.791699324075932
2008-03-24,0.836787401574803,0.716467520140247,0.714494512249769
2008-03-25,0.799370078740158,0.68803443371548,0.684058281050635
2008-03-26,0.748346456692914,0.680406762080716,0.673901554624374
2008-03-27,0.731338582677165,0.681513726659639,0.668255644699642
2008-03-28,0.710929133858268,0.676545214878718,0.664151057784558
2008-03-29,0.69051968503937,0.669044353904743,0.660227691586791
2008-03-30,0.659905511811024,0.663875333842071,0.655967088569589
2008-03-31,0.646299212598425,0.659454473761593,0.651217825342979
2008-04-01,0.632692913385827,0.655797551673533,0.651854009936073
2008-04-02,0.666708661417323,0.682811538244973,0.703570791752629
2008-04-03,0.748346456692914,0.833551404820105,0.91121271583809
2008-04-04,0.772157480314961,0.935635644417301,1.11196447457659
2008-04-05,0.721133858267717,0.900680343724967,1.01777426696065
2008-04-06,0.962645669291339,1.13456696257275,1.14479778146909
2008-04-07,1.11231496062992,1.0285626526934,1.01160033879785
2008-04-08,0.846992125984252,0.794771633815251,0.790994579849397
2008-04-09,0.758551181102362,0.702984631727051,0.701256590807926
2008-04-10,0.77555905511811,0.678267953986095,0.674544763855254
2008-04-11,0.833385826771654,0.745993134377595,0.732699734605241
2008-04-12,1.18034645669291,1.10700131071104,1.04568297983844
2008-04-13,0.884409448818898,1.02790493437301,0.975127507301968
2008-04-14,0.782362204724409,0.784313259841573,0.759777244463152
2008-04-15,0.782362204724409,0.73631024933414,0.695927193874326
2008-04-16,0.955842519685039,0.855750667541824,0.75096655677353
2008-04-17,1.15313385826772,0.887035011080013,0.807648048510807
2008-04-18,0.95244094488189,0.777600829257159,0.747210195055658
2008-04-19,0.887811023622047,0.701241570417819,0.696147463744282
2008-04-20,0.782362204724409,0.692924967490581,0.733546962294118
2008-04-21,0.663307086614173,1.08141595970134,1.04684769722899
2008-04-22,4.21795275590551,4.43575641545601,3.48953591412961
2008-04-23,7.07527559055118,4.28386973659211,3.2649683281523
2008-04-24,2.1463937007874,1.98934309956548,1.61514680305525
2008-04-25,1.81303937007874,1.36534535566171,1.16550058243083
2008-04-26,1.45927559055118,1.05594136578497,0.932536217202323
2008-04-27,1.12251968503937,0.843175173167518,0.77577972493283
2008-04-28,0.979653543307087,0.821241819595931,0.795142910762185
2008-04-29,1.10551181102362,1.0840490099939,1.12524568739751
2008-04-30,1.26538582677165,1.08409062275322,1.10257478486719
2008-05-01,2.01713385826772,1.21481325862583,1.12906947919362
2008-05-02,1.10211023622047,1.04567303623478,0.963956469369132
2008-05-03,0.921826771653543,0.816467131350968,0.774745739731257
2008-05-04,0.829984251968504,0.729211692983023,0.701896517045787
2008-05-05,0.772157480314961,0.701409767044745,0.67774468782052
2008-05-06,0.758551181102362,0.685918325645843,0.663968099922904
2008-05-07,0.731338582677165,0.675298157979424,0.65443765138211
2008-05-08,0.69392125984252,0.66746123718919,0.647366253664248
2008-05-09,0.656503937007874,0.661210039375229,0.641702869579905
2008-05-10,0.656503937007874,0.655960676661925,0.636934110370535
2008-05-11,0.612283464566929,0.651626425774959,0.632998025478766
2008-05-12,0.60207874015748,0.648103180271191,0.629810916230238
2008-05-13,0.557858267716535,0.645115815502753,0.627110637422995
2008-05-14,0.574866141732283,0.642498426768621,0.62474232508062
2008-05-15,0.578267716535433,0.640248719890083,0.622719904060308
2008-05-16,0.591874015748032,0.638480335652352,0.621179384471763
2008-05-17,0.591874015748032,0.660664326878105,0.647625532770079
2008-05-18,0.795968503937008,0.815946904086734,0.824399223215616
2008-05-19,0.945637795275591,1.0783736842979,1.09737631611981
2008-05-20,0.765354330708661,0.940009370338144,0.93967200546692
2008-05-21,0.700724409448819,0.728731466881366,0.716896869377024
2008-05-22,0.69051968503937,0.660319695612566,0.64560739563323
2008-05-23,0.697322834645669,0.646576382180212,0.631093996155125
2008-05-24,0.683716535433071,0.640672962438877,0.624917921834498
2008-05-25,0.670110236220472,0.636998555992383,0.621165667815216
2008-05-26,0.659905511811024,0.63449606184842,0.618669914594551
2008-05-27,0.639496062992126,0.632645837597489,0.616854153076765
2008-05-28,0.622488188976378,0.631121355018214,0.615376139170486
2008-05-29,0.60548031496063,0.629868806657145,0.614181086169577
2008-05-30,0.649700787401575,0.637128391129715,0.629773687963979
2008-05-31,0.761952755905512,0.667270224357548,0.693482977845285
2008-06-01,0.670110236220472,0.65810738547559,0.676303885225818
2008-06-02,0.612283464566929,0.637735143955959,0.627976057642148
2008-06-03,0.69051968503937,0.642186778415411,0.611662862812657
2008-06-04,0.748346456692914,0.674214963414463,0.637947178282651
2008-06-05,1.02727559055118,0.827367079249573,0.76074040018402
2008-06-06,0.850393700787402,0.819978025998347,0.766971852336896
2008-06-07,0.659905511811024,0.700997356988518,0.680134761857163
2008-06-08,0.636094488188976,0.650323351529895,0.6518028218789
2008-06-09,0.629291338582677,0.635519838158506,0.633762722466129
2008-06-10,0.629291338582677,0.628683360854523,0.622350290865831
2008-06-11,0.891212598425197,0.631785998502729,0.652343103524946
2008-06-12,0.789165354330709,0.630109006619092,0.684732884388871
2008-06-13,0.683716535433071,0.624939616686677,0.654423900522818
2008-06-14,0.646299212598425,0.62234086892504,0.618794688445193
2008-06-15,0.60207874015748,0.621470374228733,0.608053489237837
2008-06-16,0.60888188976378,0.620917016955175,0.606537036703331
2008-06-17,0.612283464566929,0.620473189388076,0.60605001660474
2008-06-18,0.622488188976378,0.620027974338385,0.605683511796652
2008-06-19,0.595275590551181,0.619473834332309,0.60523865829289
2008-06-20,0.568062992125984,0.618841211779847,0.604729229823653
2008-06-21,0.564661417322835,0.618209162409002,0.604224424158055
2008-06-22,0.561259842519685,0.617595271423747,0.603733087937053
2008-06-23,0.615685039370079,0.619574324986594,0.603304139405109
2008-06-24,0.646299212598425,0.628356252420554,0.602951553997892
2008-06-25,0.581669291338583,0.625056853604799,0.602587819701881
2008-06-26,0.578267716535433,0.617360675349744,0.602148321424984
2008-06-27,0.547653543307087,0.614607527126794,0.601681647350115
2008-06-28,0.540850393700787,0.614065849836145,0.601220686825128
2008-06-29,0.534047244094488,0.6300567582619,0.616160645851167
2008-06-30,0.887811023622047,0.693788990544255,0.675727242995559
2008-07-01,0.636094488188976,0.676328101144671,0.659233360805013
2008-07-02,0.568062992125984,0.627511965349265,0.613404485981437
2008-07-03,0.544251968503937,0.629971213907913,0.611068383326782
2008-07-04,0.908220472440945,0.700354361729082,0.657713658979106
2008-07-05,0.622488188976378,0.681165053360404,0.644355495018625
2008-07-06,0.561259842519685,0.642023585258677,0.626175637196449
2008-07-07,0.755149606299213,0.6761757425242,0.681554534231082
2008-07-08,0.656503937007874,0.66012310058496,0.662636761600994
2008-07-09,0.568062992125984,0.622142307243746,0.61347225358674
2008-07-10,0.557858267716535,0.609421056855722,0.597096540204472
2008-07-11,0.540850393700787,0.614471046894501,0.608296838168468
2008-07-12,0.77896062992126,0.673924236799812,0.692506365815277
2008-07-13,1.98651968503937,0.929946607291388,0.958546426837053
2008-07-14,1.98992125984252,1.43199758655702,1.53531703602083
2008-07-15,1.27218897637795,1.16002441748434,1.22705475218763
2008-07-16,0.789165354330709,0.783414735089279,0.791991679591987
2008-07-17,0.846992125984252,0.727384243967769,0.696213942402817
2008-07-18,1.35722834645669,0.834785977716832,0.770330709100658
2008-07-19,1.00006299212598,0.767000588169583,0.720121675694342
2008-07-20,0.921826771653543,0.670295289679313,0.659495745211959
2008-07-21,0.836787401574803,0.663456188293701,0.703794449285519
2008-07-22,0.738141732283465,0.647343678592088,0.678151159355669
2008-07-23,0.670110236220472,0.623548028832207,0.625132102054386
2008-07-24,0.632692913385827,0.614422258186773,0.605886263243564
2008-07-25,0.625889763779528,0.611941864849663,0.601842391241186
2008-07-26,0.615685039370079,0.610537733050799,0.59988486190824
2008-07-27,0.622488188976378,0.609654081418577,0.598636405003951
2008-07-28,0.588472440944882,0.608940901727759,0.597741032953322
2008-07-29,0.585070866141732,0.608254110602839,0.597001548097611
2008-07-30,0.683716535433071,0.60773575856446,0.596396543137585
2008-07-31,0.629291338582677,0.607330731410732,0.595867096135859
2008-08-01,0.595275590551181,0.617534184325619,0.617197537741568
2008-08-02,0.758551181102362,0.657684071021484,0.704433468558969
2008-08-03,0.60888188976378,0.646023108398964,0.682218398158493
2008-08-04,0.571464566929134,0.616621590562589,0.617579968136758
2008-08-05,0.622488188976378,0.61272647592643,0.598560799826576
2008-08-06,0.60207874015748,0.609872504322159,0.595563875352495
2008-08-07,0.585070866141732,0.607852434972933,0.593971994579412
2008-08-08,0.636094488188976,0.617324166736245,0.59635715773211
2008-08-09,0.595275590551181,0.61367188182958,0.595213189734273
2008-08-10,0.595275590551181,0.604866250874013,0.592567527580561
2008-08-11,0.646299212598425,0.623253243314962,0.611095692353914
2008-08-12,0.887811023622047,0.730539188620559,0.704359845372468
2008-08-13,0.894614173228346,0.799998679874919,0.748503353958734
2008-08-14,0.676913385826772,0.749171924797729,0.69569901784873
2008-08-15,0.993259842519685,0.833595273973376,0.735212138571977
2008-08-16,1.19395275590551,0.861810530810448,0.7637426744031
2008-08-17,0.789165354330709,0.73103571702609,0.681789319670999
2008-08-18,0.656503937007874,0.637219175213188,0.614532930215268
2008-08-19,0.625889763779528,0.610437550634024,0.595145571814516
2008-08-20,0.636094488188976,0.60452611718295,0.591484513470203
2008-08-21,0.598677165354331,0.602171729259479,0.590143364826208
2008-08-22,0.591874015748032,0.600923969270326,0.589444501777775
2008-08-23,0.663307086614173,0.615020961609067,0.594583895427025
2008-08-24,0.707527559055118,0.671155449585137,0.614509927488702
2008-08-25,0.60888188976378,0.655885795822366,0.608508910388394
2008-08-26,0.588472440944882,0.613852476278366,0.593092104737096
2008-08-27,0.578267716535433,0.599721098618788,0.587910842903521
2008-08-28,0.578267716535433,0.598114421503068,0.587305153591778
2008-08-29,0.578267716535433,0.597614514480315,0.58702981473984
2008-08-30,0.554456692913386,0.597247810769407,0.586759886988099
2008-08-31,0.571464566929134,0.596913148657987,0.586471612090267
2008-09-01,0.629291338582677,0.607647104724534,0.595303088566772
2008-09-02,0.649700787401575,0.649400567425304,0.629444389216653
2008-09-03,0.598677165354331,0.651504749657541,0.629974510959806
2008-09-04,0.77896062992126,0.672328674944616,0.642902754873017
2008-09-05,0.632692913385827,0.647554877541102,0.623342272072371
2008-09-06,0.60548031496063,0.627782623270373,0.609933844193136
2008-09-07,0.829984251968504,0.706773238264982,0.673811122304434
2008-09-08,0.877606299212599,0.747547370787216,0.697340409810297
2008-09-09,0.659905511811024,0.674853543094112,0.639587524200398
2008-09-10,0.60548031496063,0.613716250262345,0.595532196057656
2008-09-11,0.578267716535433,0.596869255919751,0.584222034488834
2008-09-12,0.636094488188976,0.594263222290807,0.582732968271576
2008-09-13,0.629291338582677,0.593498626536364,0.582384498210755
2008-09-14,0.581669291338583,0.593164062380308,0.582283082701965
2008-09-15,0.571464566929134,0.597883460882226,0.587466366197836
2008-09-16,0.60888188976378,0.61581818941699,0.606698169917607
2008-09-17,0.585070866141732,0.610418590698279,0.600971195595671
2008-09-18,0.585070866141732,0.596542616344931,0.586162830325965
2008-09-19,0.564661417322835,0.591901056681065,0.581297374827428
2008-09-20,0.574866141732283,0.591375726074733,0.580857779817459
2008-09-21,0.540850393700787,0.591810557017895,0.580710583162537
2008-09-22,0.578267716535433,0.599041436213027,0.582282970899408
2008-09-23,0.60207874015748,0.616627287525142,0.588349971890472
2008-09-24,0.574866141732283,0.609126985367651,0.586256006104214
2008-09-25,0.571464566929134,0.594178119162485,0.581215845634823
2008-09-26,0.578267716535433,0.58943682071422,0.579468562715902
2008-09-27,0.561259842519685,0.5889908083517,0.579168741375411
2008-09-28,0.554456692913386,0.588774822123417,0.578927126065594
2008-09-29,0.547653543307087,0.588512869773491,0.578656812188557
2008-09-30,0.564661417322835,0.59060950198495,0.581006801985005
2008-10-01,0.571464566929134,0.599010156320169,0.59033719888738
2008-10-02,0.540850393700787,0.596118188948347,0.587154844813397
2008-10-03,0.564661417322835,0.592106465822779,0.581183828881802
2008-10-04,0.585070866141732,0.60093828477752,0.585527421302583
2008-10-05,0.568062992125984,0.598826763787997,0.585636831347128
2008-10-06,0.557858267716535,0.590063827058762,0.579923913840807
2008-10-07,0.557858267716535,0.586730244892735,0.576445511814829
2008-10-08,0.561259842519685,0.585861801425061,0.575628821353956
2008-10-09,0.547653543307087,0.585167536574332,0.575412187609246
2008-10-10,0.554456692913386,0.584771843248876,0.575203766451936
2008-10-11,0.547653543307087,0.584497290303468,0.574976920750579
2008-10-12,0.547653543307087,0.584208226798886,0.574729222381544
2008-10-13,0.540850393700787,0.583893040309244,0.574461280269903
2008-10-14,0.540850393700787,0.58486554610591,0.577633918316724
2008-10-15,0.69051968503937,0.589257679140368,0.589995348025662
2008-10-16,0.680314960629921,0.617811002828835,0.611593140497337
2008-10-17,0.945637795275591,0.740800518748018,0.706067425854653
2008-10-18,0.697322834645669,0.709810909431311,0.677178540581361
2008-10-19,0.629291338582677,0.616108271485014,0.599785999130441
2008-10-20,0.595275590551181,0.584813946525421,0.574173873279468
2008-10-21,0.591874015748032,0.581396533631724,0.571628911029195
2008-10-22,0.585070866141732,0.590526108934784,0.57897737610545
2008-10-23,0.649700787401575,0.626877164047236,0.607477231210707
2008-10-24,0.60207874015748,0.616616951790705,0.599347047518075
2008-10-25,0.578267716535433,0.589425923732619,0.577980588520495
2008-10-26,0.591874015748032,0.580523266574326,0.571063268214487
2008-10-27,0.615685039370079,0.590795606928444,0.581363709078447
2008-10-28,0.724535433070866,0.651576313028348,0.639866356884128
2008-10-29,0.894614173228346,0.734321811961582,0.708250944703256
2008-10-30,0.911622047244095,0.748393478738738,0.691605246204273
2008-10-31,0.802771653543307,0.66518877715116,0.621771343225987
2008-11-01,0.751748031496063,0.601607090628377,0.581675796864294
2008-11-02,0.683716535433071,0.58406253383636,0.572108577693648
2008-11-03,0.687118110236221,0.581235103592459,0.570718110279538
2008-11-04,0.676913385826772,0.580311265194226,0.570325216058808
2008-11-05,0.673511811023622,0.579888358257139,0.570175597890509
2008-11-06,0.663307086614173,0.57964991231182,0.570091099919862
2008-11-07,0.656503937007874,0.579475699847648,0.57000975432059
2008-11-08,0.636094488188976,0.579305967414042,0.569904077088025
2008-11-09,0.639496062992126,0.579110202719579,0.5697621312654
2008-11-10,0.646299212598425,0.578877061877421,0.569582360668857
2008-11-11,0.622488188976378,0.580504411604065,0.570338482613571
2008-11-12,0.636094488188976,0.588191167799352,0.574149868989398
2008-11-13,0.663307086614173,0.591511831535495,0.575888634477481
2008-11-14,0.642897637795276,0.590959108043837,0.576289595663116
2008-11-15,0.60207874015748,0.5843349711341,0.572614457142204
2008-11-16,0.619086614173228,0.582346170881073,0.571870589936857
2008-11-17,0.636094488188976,0.594710811863606,0.581370126456274
2008-11-18,0.574866141732283,0.590402793025305,0.578041922864892
2008-11-19,0.598677165354331,0.579602505220481,0.569850148172406
2008-11-20,0.571464566929134,0.580655615113644,0.575573711502274
2008-11-21,0.877606299212599,0.652318533216575,0.667058720581996
2008-11-22,1.08170078740157,0.904738633215716,0.944628801367486
2008-11-23,0.795968503937008,0.839528728945564,0.860961106522639
2008-11-24,0.734740157480315,0.655215250445033,0.656958885972366
2008-11-25,0.710929133858268,0.593060930547556,0.594327066192815
2008-11-26,0.666708661417323,0.583194041179983,0.581232941454767
2008-11-27,0.636094488188976,0.580030708419083,0.573482368414856
2008-11-28,0.612283464566929,0.578539319202201,0.570406581412321
2008-11-29,0.60888188976378,0.577816181450653,0.569446502292515
2008-11-30,0.595275590551181,0.577425234762915,0.569530939054546
2008-12-01,0.598677165354331,0.580527623430224,0.578228596979437
2008-12-02,0.646299212598425,0.595414012466617,0.609027347835136
2008-12-03,0.653102362204724,0.602005140395577,0.62194279135588
2008-12-04,0.629291338582677,0.609627593085892,0.622077943095658
2008-12-05,0.836787401574803,0.689387871365923,0.666213928596735
2008-12-06,1.10551181102362,0.735365236103873,0.693971550277252
2008-12-07,1.08170078740157,0.748563751715901,0.732056940073828
2008-12-08,0.955842519685039,0.712142387554796,0.712434978981954
2008-12-09,0.833385826771654,0.638632984946825,0.635884080957143
2008-12-10,0.768755905511811,0.602004069996305,0.593460299119672
2008-12-11,0.755149606299213,0.613629653963706,0.599292332195337
2008-12-12,0.744944881889764,0.604604969144691,0.599069739973098
2008-12-13,0.727937007874016,0.586954664529155,0.584293546846357
2008-12-14,0.700724409448819,0.580704097314721,0.574737375330129
2008-12-15,0.676913385826772,0.579594063393007,0.57219514786174
2008-12-16,0.663307086614173,0.579088558130255,0.571597987920481
2008-12-17,0.653102362204724,0.579442921840011,0.572052359662882
2008-12-18,0.673511811023622,0.582264749378334,0.57491253239024
2008-12-19,0.704125984251968,0.599260615216235,0.597695957205722
2008-12-20,0.989858267716536,0.733482932234752,0.76666626179412
2008-12-21,2.43552755905512,1.1571560128436,1.18284196431781
2008-12-22,1.91168503937008,1.41133163077631,1.2485953432781
2008-12-23,1.18034645669291,1.16806948364607,0.988171519503865
2008-12-24,0.955842519685039,0.88905779900619,0.787922799107909
2008-12-25,0.840188976377953,0.748193991575198,0.715773855298313
2008-12-26,0.755149606299213,0.688504431385222,0.669856878632851
2008-12-27,0.707527559055118,0.642276748518432,0.62424399921003
2008-12-28,0.642897637795276,0.613618312033223,0.599795553800491
2008-12-29,0.653102362204724,0.602894772296235,0.591513775841148
2008-12-30,0.642897637795276,0.598852070678485,0.58828413033268
2008-12-31,0.615685039370079,0.596554682715591,0.586414793357693
2009-01-01,0.523842519685039,0.595024976158214,0.585149757544748
2009-01-02,0.506834645669291,0.593922402889893,0.584197914298656
2009-01-03,0.489826771653543,0.593063804991688,0.583449104465549
2009-01-04,0.479622047244094,0.592342236085612,0.582829017520841
2009-01-05,0.469417322834646,0.591697448164701,0.582274594488541
2009-01-06,0.462614173228347,0.591118955700771,0.581773982617152
2009-01-07,0.459212598425197,0.590602342004646,0.58132516506651
2009-01-08,0.455811023622047,0.590103054899513,0.580888397067304
2009-01-09,0.452409448818898,0.589595282130578,0.580440821107916
2009-01-10,0.449007874015748,0.589103443452707,0.580005928908011
2009-01-11,0.445606299212598,0.588634889748509,0.57959108381514
2009-01-12,0.442204724409449,0.588150630765758,0.579160387461878
2009-01-13,0.438803149606299,0.587628425686295,0.578693448568911
2009-01-14,0.438803149606299,0.587078390329702,0.578199927964501
2009-01-15,0.43540157480315,0.586507758300469,0.577686733536558
2009-01-16,0.442204724409449,0.585948821655953,0.577184000661143
2009-01-17,0.523842519685039,0.585384758705825,0.576676101810489
2009-01-18,0.571464566929134,0.588106166163466,0.580237806758326
2009-01-19,0.632692913385827,0.64022090754305,0.635433443513572
2009-01-20,0.802771653543307,0.827572165184157,0.82059131457123
2009-01-21,0.632692913385827,0.841963180177517,0.825135118538655
2009-01-22,0.527244094488189,0.719184781035925,0.707416594414858
2009-01-23,0.527244094488189,0.638285613240835,0.650535478392549
2009-01-24,1.13612598425197,0.614243725974274,0.706639330191432
2009-01-25,0.612283464566929,0.607317387382445,0.700789882723203
2009-01-26,0.547653543307087,0.598460636343978,0.63538121277971
2009-01-27,0.544251968503937,0.591984876735737,0.597827460551019
2009-01-28,0.466015748031496,0.589331764989753,0.587438076945661
2009-01-29,0.503433070866142,0.588107753561896,0.584246275253721
2009-01-30,0.459212598425197,0.587227482623191,0.5824541465141
2009-01-31,0.438803149606299,0.586495587566945,0.581235934619416
2009-02-01,0.438803149606299,0.585848980646942,0.580326899587458
2009-02-02,0.421795275590551,0.58523144590281,0.579566807152626
2009-02-03,0.411590551181102,0.584535033982671,0.581734288844119
2009-02-04,0.414992125984252,0.583758231984132,0.591865993507281
2009-02-05,0.414992125984252,0.582968179241177,0.588486181961106
2009-02-06,0.442204724409449,0.582230034200466,0.581452223890808
2009-02-07,0.411590551181102,0.596605130003492,0.591386781073974
2009-02-08,0.500031496062992,0.655040762959002,0.620147521678308
2009-02-09,0.483023622047244,0.640975531737792,0.611979938868232
2009-02-10,1.06129133858268,0.652837666321115,0.625767173054565
2009-02-11,1.35042519685039,0.880298586604733,0.717116754989401
2009-02-12,0.636094488188976,0.830029666195684,0.684668930316057
2009-02-13,0.544251968503937,0.664360528306974,0.610697101146109
2009-02-14,0.506834645669291,0.605690530628092,0.585180823683908
2009-02-15,0.469417322834646,0.594381710752967,0.580660021077436
2009-02-16,0.466015748031496,0.589673413063614,0.578622046966345
2009-02-17,0.500031496062992,0.586832009763098,0.577181129959019
2009-02-18,0.500031496062992,0.584903404892558,0.576025939952136
2009-02-19,0.469417322834646,0.583576161363212,0.575140432011862
2009-02-20,0.510236220472441,0.582607051273167,0.574435412713958
2009-02-21,0.449007874015748,0.601162408378611,0.596704538250243
2009-02-22,0.510236220472441,0.716077128404797,0.721331538827165
2009-02-23,0.77555905511811,0.941470529754935,0.903768333125892
2009-02-24,1.22796850393701,1.21015293421265,1.11335547513204
2009-02-25,1.12932283464567,1.06254938144391,1.00903446640941
2009-02-26,0.881007874015748,0.820360510718176,0.809431240157485
2009-02-27,1.21096062992126,0.930875055522361,0.895298611584928
2009-02-28,2.50015748031496,1.30803494309565,0.994865279689742
2009-03-01,2.17020472440945,1.18753439301478,0.873833863623021
2009-03-02,1.98651968503937,0.964494087122155,0.758081214862727
2009-03-03,2.6260157480315,1.1126606235654,0.829138077398534
2009-03-04,1.83685039370079,0.969087641969614,0.762756820603926
2009-03-05,1.39124409448819,0.833625314697463,0.721725017248183
2009-03-06,1.64636220472441,1.17426840643854,1.01658537770987
2009-03-07,1.55111811023622,1.34413789237152,1.19855619579506
2009-03-08,1.19735433070866,1.10313787769613,1.04787648465894
2009-03-09,2.1531968503937,1.21599638877675,1.08332448533831
2009-03-10,2.16340157480315,1.4223913181815,1.08244360513445
2009-03-11,2.14299212598425,1.46744504347696,1.14276478705253
2009-03-12,1.69058267716535,1.30867084369675,1.14693612422935
2009-03-13,1.43206299212598,1.15089846811496,1.19447351918165
2009-03-14,1.43206299212598,0.91211014236119,1.01028139855889
2009-03-15,1.11231496062992,0.753612583375369,0.82225750970532
2009-03-16,0.945637795275591,0.697368883872026,0.724727467066318
2009-03-17,0.864,0.676285862437953,0.673910514066717
2009-03-18,0.751748031496063,0.663205134904885,0.648762903611876
2009-03-19,0.69392125984252,0.653772411331227,0.636057727281406
2009-03-20,0.622488188976378,0.646686379028115,0.628072396881925
2009-03-21,0.60888188976378,0.641207626383451,0.622392489770947
2009-03-22,0.585070866141732,0.636567146988199,0.617884988084332
2009-03-23,0.568062992125984,0.671854293277928,0.649999600155994
2009-03-24,0.642897637795276,0.841684483737653,0.809504468016575
2009-03-25,0.636094488188976,0.835133933332973,0.831365550605756
2009-03-26,0.734740157480315,0.859331918995709,0.827428248141956
2009-03-27,1.39124409448819,1.24477948095165,1.02058902244027
2009-03-28,1.2551811023622,1.14185629720398,0.953689836677742
2009-03-29,1.01026771653543,0.982387448103001,0.853906454904191
2009-03-30,0.94903937007874,0.94380664309126,0.811363003432153
2009-03-31,0.840188976377953,0.812247057629833,0.724819670134015
2009-04-01,0.731338582677165,0.706438529761208,0.659703413067608
2009-04-02,0.670110236220472,0.66609082282907,0.634239533693319
2009-04-03,0.622488188976378,0.649126790376548,0.622572106415236
2009-04-04,0.581669291338583,0.637733843884255,0.61420635924461
2009-04-05,0.557858267716535,0.629808973780892,0.618263955055914
2009-04-06,0.544251968503937,0.623744082074851,0.652304894745519
2009-04-07,0.540850393700787,0.618164124552993,0.639896416831919
2009-04-08,0.51703937007874,0.612939968680159,0.609966767319617
2009-04-09,0.496629921259843,0.608454560448482,0.597188583591128
2009-04-10,0.506834645669291,0.604489629171077,0.592343371563791
2009-04-11,0.496629921259843,0.600764041839634,0.588462565378893
2009-04-12,0.472818897637795,0.597323498321721,0.585020248127256
2009-04-13,0.469417322834646,0.594270094636212,0.58204824092076
2009-04-14,0.500031496062992,0.591621323932985,0.579519213595722
2009-04-15,0.496629921259843,0.589282932743308,0.577317366588174
2009-04-16,0.500031496062992,0.587443887168533,0.575403082098111
2009-04-17,0.557858267716535,0.595881743129888,0.587136506959179
2009-04-18,0.60207874015748,0.629464296707533,0.636843485832613
2009-04-19,0.530645669291339,0.619564983626139,0.623562831291033
2009-04-20,0.510236220472441,0.593199182703479,0.585763825455773
2009-04-21,0.513637795275591,0.583542677368461,0.572345507420811
2009-04-22,0.52044094488189,0.581512910201868,0.570050547698254
2009-04-23,0.503433070866142,0.580301153018444,0.568895568864161
2009-04-24,0.506834645669291,0.579526068191318,0.568147463127849
2009-04-25,0.500031496062992,0.578786564511275,0.567466335908394
2009-04-26,0.483023622047244,0.577862719177875,0.56666160701087
2009-04-27,0.493228346456693,0.576923657911533,0.565855440781046
2009-04-28,0.489826771653543,0.57668598796181,0.566693388895539
2009-04-29,0.534047244094488,0.584585905051203,0.578145949549363
2009-04-30,0.534047244094488,0.607836477773809,0.600387191262558
2009-05-01,0.51703937007874,0.610862843984479,0.589346968483054
2009-05-02,0.632692913385827,0.641265637406122,0.569803150730669
2009-05-03,0.598677165354331,0.646995958972653,0.566076839392539
2009-05-04,0.578267716535433,0.615103704413543,0.573886065173294
2009-05-05,0.551055118110236,0.587139857238421,0.571323947594238
2009-05-06,0.530645669291339,0.576157168478087,0.564925811663438
2009-05-07,0.513637795275591,0.573587207366307,0.562655280211821
2009-05-08,0.503433070866142,0.5824799409574,0.563252074332014
2009-05-09,0.744944881889764,0.628580424529495,0.581379347096999
2009-05-10,0.727937007874016,0.657365520803014,0.635751031316241
2009-05-11,0.595275590551181,0.6322593073609,0.634648814576614
2009-05-12,0.840188976377953,0.647338549653176,0.6645646791855
2009-05-13,0.656503937007874,0.661908969169291,0.675105840192739
2009-05-14,0.782362204724409,0.711798207418757,0.651982295955696
2009-05-15,0.782362204724409,0.756576590157203,0.63164578060132
2009-05-16,1.11911811023622,0.898512669603955,0.702557367735251
2009-05-17,0.823181102362205,0.805687245341434,0.668712115190351
2009-05-18,0.782362204724409,0.677912270235229,0.602271905763187
2009-05-19,0.721133858267717,0.617621810543208,0.574611984026894
2009-05-20,0.60207874015748,0.589152588205251,0.565166091549472
2009-05-21,0.568062992125984,0.616668743930254,0.592958309017525
2009-05-22,0.969448818897638,0.771457441189507,0.720014033527805
2009-05-23,0.840188976377953,0.733095341396574,0.689208266619775
2009-05-24,0.612283464566929,0.621328284083426,0.596977369327598
2009-05-25,0.574866141732283,0.581807114482559,0.565105209614133
2009-05-26,0.697322834645669,0.685965930638851,0.626948677371381
2009-05-27,1.63615748031496,1.27504360361591,0.935707816386219
2009-05-28,0.942236220472441,1.15203302491611,0.870520092498643
2009-05-29,0.673511811023622,0.754451586142258,0.655219786798337
2009-05-30,0.554456692913386,0.620394789565565,0.580915573434657
2009-05-31,0.52044094488189,0.593286248547581,0.567749390260033
2009-06-01,0.493228346456693,0.583022451028197,0.563112284799176
2009-06-02,0.476220472440945,0.577757602935562,0.560769486936068
2009-06-03,0.452409448818898,0.57484471233802,0.559502020558401
2009-06-04,0.476220472440945,0.573163128967584,0.558799510134898
2009-06-05,0.449007874015748,0.572148825690842,0.558405894065694
2009-06-06,0.527244094488189,0.591632818131319,0.568309722051091
2009-06-07,0.568062992125984,0.6708699320503,0.606515107941003
2009-06-08,0.486425196850394,0.65054469687601,0.59578405659185
2009-06-09,0.479622047244094,0.591767685718046,0.566788686794395
2009-06-10,0.455811023622047,0.572021359594778,0.557282672689025
2009-06-11,0.476220472440945,0.569875660545248,0.556550447198175
2009-06-12,0.449007874015748,0.569323043539072,0.556468476070446
2009-06-13,0.43540157480315,0.56888425661862,0.556329355417421
2009-06-14,0.43540157480315,0.568474486542573,0.55612614942849
2009-06-15,0.469417322834646,0.580057300930514,0.564672957832677
2009-06-16,0.503433070866142,0.625294625185578,0.597443469232927
2009-06-17,0.472818897637795,0.612633247877499,0.587916586745473
2009-06-18,0.43540157480315,0.585208142038809,0.565039196773257
2009-06-19,0.60548031496063,0.610001283428546,0.570888303003064
2009-06-20,0.853795275590551,0.640386879798312,0.587497505788131
2009-06-21,0.557858267716535,0.631130136593589,0.578233418729416
2009-06-22,0.676913385826772,0.703934614433204,0.585864370852631
2009-06-23,1.58853543307087,0.967300655591188,0.70863419246242
2009-06-24,3.15325984251968,1.87060427543717,1.06999341708683
2009-06-25,1.65316535433071,1.47933891364514,0.942325928837991
2009-06-26,1.10551181102362,0.907909114567134,0.685665878027146
2009-06-27,2.1872125984252,1.09099870295816,0.671131638417368
2009-06-28,2.80629921259843,1.68755492804351,0.75130036090067
2009-06-29,1.17354330708661,1.27223759486822,0.683024177113458
2009-06-30,0.843590551181102,0.81426802555482,0.595275612595041
2009-07-01,0.69051968503937,0.661589110230258,0.565894760305417
2009-07-02,0.670110236220472,0.610674166074206,0.55978592346713
2009-07-03,0.598677165354331,0.595661845343078,0.55733191822087
2009-07-04,0.581669291338583,0.588180599382493,0.556118227126677
2009-07-05,0.554456692913386,0.583905571642664,0.555483996931161
2009-07-06,0.591874015748032,0.590571899297712,0.57925343937073
2009-07-07,0.632692913385827,0.634016232813393,0.68309745134221
2009-07-08,0.632692913385827,0.666800575553367,0.686804071323019
2009-07-09,0.683716535433071,0.670336025753714,0.621121002832069
2009-07-10,0.741543307086614,0.74719368464758,0.626364337236353
2009-07-11,0.60207874015748,0.700901970503783,0.604243026424226
2009-07-12,0.551055118110236,0.615842302428271,0.568888579294213
2009-07-13,0.534047244094488,0.586070935850134,0.556715481206793
2009-07-14,0.506834645669291,0.633260490909143,0.580783127220632
2009-07-15,1.18714960629921,0.864574610075094,0.684283933987713
2009-07-16,0.77896062992126,0.813447318100708,0.658559764811384
2009-07-17,0.826582677165354,0.80820193247148,0.677043802247553
2009-07-18,2.62261417322835,1.59491867753939,1.12037787088933
2009-07-19,1.51710236220472,1.44254596533499,1.04183000461119
2009-07-20,1.00346456692913,0.879460230569276,0.719535810814651
2009-07-21,0.789165354330709,0.688985664208694,0.598711309722512
2009-07-22,0.673511811023622,0.617118769154293,0.572651148189676
2009-07-23,0.666708661417323,0.602702198170817,0.563622153691987
2009-07-24,0.707527559055118,0.641135436890754,0.566482014382208
2009-07-25,0.928629921259843,0.763851074678444,0.589863454853539
2009-07-26,0.792566929133858,0.720120633060222,0.582069684697248
2009-07-27,0.646299212598425,0.694315262813735,0.576570199812793
2009-07-28,1.29940157480315,0.964488670433196,0.620635253781005
2009-07-29,0.932031496062992,0.887890085195316,0.606165751245192
2009-07-30,0.69051968503937,0.680312624916738,0.568630304869404
2009-07-31,0.60548031496063,0.606518101939284,0.555823615086364
2009-08-01,0.578267716535433,0.590963618937101,0.554233846052718
2009-08-02,0.564661417322835,0.584460383217478,0.553711882198381
2009-08-03,0.588472440944882,0.587488215459361,0.554594252672514
2009-08-04,0.656503937007874,0.608805996775346,0.558522891519043
2009-08-05,0.581669291338583,0.601379516214109,0.557187815040691
2009-08-06,0.561259842519685,0.583620527878472,0.553886803053526
2009-08-07,0.523842519685039,0.577028152418434,0.552617239238224
2009-08-08,0.513637795275591,0.575588081049529,0.552280406709528
2009-08-09,0.489826771653543,0.574768060492201,0.55202838840376
2009-08-10,0.537448818897638,0.589116897991637,0.560735865535016
2009-08-11,0.673511811023622,0.646495847293209,0.594174392931727
2009-08-12,0.619086614173228,0.630997659175058,0.584439188361121
2009-08-13,0.578267716535433,0.641527239087945,0.576239509384588
2009-08-14,1.22116535433071,0.867587346432342,0.636421570693008
2009-08-15,0.77896062992126,0.81441170785965,0.617824507172087
2009-08-16,0.615685039370079,0.645124688089056,0.567111470804301
2009-08-17,0.561259842519685,0.586505838096416,0.550395176405624
2009-08-18,0.578267716535433,0.576951350512213,0.548948756431985
2009-08-19,0.547653543307087,0.573802673564117,0.548845778088184
2009-08-20,0.510236220472441,0.57215445661304,0.548840159140993
2009-08-21,0.476220472440945,0.580041314902208,0.554937333543829
2009-08-22,0.527244094488189,0.612316159221308,0.577424697484764
2009-08-23,0.52044094488189,0.603035758601419,0.570869469096202
2009-08-24,0.479622047244094,0.578565946767836,0.553718540217317
2009-08-25,0.466015748031496,0.570410821560798,0.548226148180803
2009-08-26,0.493228346456693,0.569629840232875,0.547946521116209
2009-08-27,0.479622047244094,0.569455589566676,0.548001507543963
2009-08-28,0.462614173228347,0.569283344151155,0.54800437795143
2009-08-29,0.449007874015748,0.569097679337459,0.547966667436039
2009-08-30,0.442204724409449,0.568906737428483,0.547900555769085
2009-08-31,0.438803149606299,0.568698362024315,0.547804439059526
2009-09-01,0.425196850393701,0.568465577305737,0.547681347292633
2009-09-02,0.408188976377953,0.588604463096981,0.555138965225591
2009-09-03,0.639496062992126,0.669794843971376,0.583398484659832
2009-09-04,0.598677165354331,0.648832758551952,0.574978036717402
2009-09-05,0.466015748031496,0.587692971532524,0.552997623219126
2009-09-06,0.449007874015748,0.567646792339378,0.546003427283884
2009-09-07,0.43540157480315,0.565952955612032,0.545667443590989
2009-09-08,0.425196850393701,0.565779585457796,0.545747634509476
2009-09-09,0.418393700787402,0.565710770267946,0.545778350657076
2009-09-10,0.408188976377953,0.565665098852553,0.545765952062108
2009-09-11,0.404787401574803,0.565607028134008,0.545717545765521
2009-09-12,0.414992125984252,0.565530699837555,0.54564195187551
2009-09-13,0.411590551181102,0.567155065853078,0.545998055105621
2009-09-14,0.493228346456693,0.573294856449298,0.549743225552579
2009-09-15,0.455811023622047,0.571269269986598,0.557198327344832
2009-09-16,0.438803149606299,0.566265808107231,0.553291380292901
2009-09-17,0.472818897637795,0.571457221240813,0.549934821679499
2009-09-18,0.503433070866142,0.596902430593718,0.560486756372922
2009-09-19,0.462614173228347,0.589287509640503,0.556507873686934
2009-09-20,0.442204724409449,0.569457858447317,0.546708184295559
2009-09-21,0.43540157480315,0.563077887594249,0.543598528190991
2009-09-22,0.452409448818898,0.562683660860281,0.543452063602735
2009-09-23,0.425196850393701,0.562670001006311,0.543467577263669
2009-09-24,0.425196850393701,0.56261482927248,0.543442154899215
2009-09-25,0.425196850393701,0.5625218778007,0.543383474726624
2009-09-26,0.425196850393701,0.562398795581943,0.543299060522231
2009-09-27,0.414992125984252,0.562248707709839,0.543193752803965
2009-09-28,0.418393700787402,0.562074196070823,0.543071319532728
2009-09-29,0.42859842519685,0.561880958264269,0.542936053028968
2009-09-30,0.425196850393701,0.561675392153198,0.542792237113318
2009-10-01,0.418393700787402,0.561461281668998,0.542641985323024
2009-10-02,0.408188976377953,0.561240320296496,0.542486932222115
2009-10-03,0.421795275590551,0.561014754956696,0.542327879098883
2009-10-04,0.404787401574803,0.560785188294078,0.54216550334227
2009-10-05,0.401385826771654,0.560554027107707,0.542001247380508
2009-10-06,0.425196850393701,0.560325218634922,0.541837361660586
2009-10-07,0.418393700787402,0.560095234483958,0.541976579126277
2009-10-08,0.445606299212598,0.565612088980229,0.546484841874821
2009-10-09,0.554456692913386,0.588132138166209,0.559917729987131
2009-10-10,0.551055118110236,0.599894708773715,0.563886357814678
2009-10-11,0.738141732283465,0.653538051820537,0.588610430275916
2009-10-12,0.884409448818898,0.73236912934347,0.640083065715225
2009-10-13,0.864,0.728769150673266,0.647224983784912
2009-10-14,0.755149606299213,0.689987887413228,0.603326150775396
2009-10-15,0.69051968503937,0.622334986983898,0.561136673425025
2009-10-16,0.595275590551181,0.587442570136632,0.554216406792173
2009-10-17,0.670110236220472,0.642494867810061,0.595362185960559
2009-10-18,0.887811023622047,0.728191462677742,0.62325343338644
2009-10-19,0.843590551181102,0.697086837515594,0.595475027067974
2009-10-20,0.697322834645669,0.613656975774719,0.55821523322437
2009-10-21,0.612283464566929,0.572346385056943,0.542618307951382
2009-10-22,0.574866141732283,0.564231301965664,0.544805140914239
2009-10-23,0.564661417322835,0.569419065408673,0.563146061778051
2009-10-24,0.574866141732283,0.572962866698635,0.557867080798687
2009-10-25,0.540850393700787,0.57474388295119,0.547347309796291
2009-10-26,0.60548031496063,0.59763031635603,0.554583475860554
2009-10-27,0.581669291338583,0.588171420688688,0.551008346114991
2009-10-28,0.527244094488189,0.566905207832652,0.542383602788885
2009-10-29,0.527244094488189,0.559916403405782,0.539649230509615
2009-10-30,0.506834645669291,0.559278506211384,0.539521268112838
2009-10-31,0.500031496062992,0.559142608073732,0.539544510276767
2009-11-01,0.500031496062992,0.562128284155205,0.541746912008007
2009-11-02,0.60888188976378,0.622442127303969,0.583367289801155
2009-11-03,1.09190551181102,0.851723641856306,0.734103993421504
2009-11-04,0.908220472440945,0.830748731460695,0.738131916543803
2009-11-05,0.734740157480315,0.658770693728779,0.638387283697933
2009-11-06,0.622488188976378,0.58300355294146,0.572911990226998
2009-11-07,0.60207874015748,0.567322579006845,0.548089415090223
2009-11-08,0.568062992125984,0.587497898577211,0.557609131726719
2009-11-09,0.69051968503937,0.688076841936037,0.625129688675458
2009-11-10,0.721133858267717,0.693723515114047,0.641559072571846
2009-11-11,0.659905511811024,0.6179998055343,0.588829215139005
2009-11-12,0.612283464566929,0.579005618360408,0.554169793430247
2009-11-13,0.595275590551181,0.582816757431657,0.553822923240893
2009-11-14,0.578267716535433,0.578576955528715,0.550105305285275
2009-11-15,0.585070866141732,0.597500117315496,0.558154675636918
2009-11-16,0.751748031496063,0.707410051791859,0.625695760710515
2009-11-17,0.95244094488189,0.772510661284958,0.673626954483816
2009-11-18,0.86059842519685,0.74101203171715,0.658582004845592
2009-11-19,0.77896062992126,0.649560706289595,0.597530349189251
2009-11-20,0.687118110236221,0.589659082081875,0.556400673974299
2009-11-21,0.60207874015748,0.572004833983889,0.545127528431468
2009-11-22,0.547653543307087,0.567957636801806,0.543242838041234
2009-11-23,0.52044094488189,0.566753112101319,0.551907889453172
2009-11-24,0.554456692913386,0.573045436548219,0.590479740338307
2009-11-25,0.568062992125984,0.590997337092509,0.595640585897471
2009-11-26,0.540850393700787,0.584091994079251,0.565915796413168
2009-11-27,0.534047244094488,0.569512814629299,0.547019847231791
2009-11-28,0.51703937007874,0.564615852417341,0.542820663567481
2009-11-29,0.500031496062992,0.563894345142084,0.542395265357261
2009-11-30,0.503433070866142,0.598731338605543,0.562800664182718
2009-12-01,0.707527559055118,0.773183527544601,0.664952532807786
2009-12-02,0.945637795275591,0.842885072253175,0.728739016245552
2009-12-03,0.840188976377953,0.713830417898427,0.654083177668521
2009-12-04,0.789165354330709,0.634748511475069,0.601389482800585
2009-12-05,0.806173228346457,0.620137913267644,0.57643034766347
2009-12-06,0.714330708661417,0.607366116765189,0.576189444251658
2009-12-07,0.673511811023622,0.698272520586113,0.657131596519486
2009-12-08,1.05788976377953,1.05455099475812,0.846508663533544
2009-12-09,1.37083464566929,1.11306205160593,0.91992149054061
2009-12-10,0.986456692913386,0.889450088009522,0.805126234344327
2009-12-11,1.24497637795276,1.07205986948121,0.980206901757785
2009-12-12,2.24163779527559,1.50872369698735,1.26399042240016
2009-12-13,1.35042519685039,1.16768017713685,0.982746682278779
2009-12-14,1.01026771653543,0.787798091648476,0.696305455967292
2009-12-15,0.843590551181102,0.655844827668221,0.605000113437748
2009-12-16,0.734740157480315,0.622294796868032,0.582746118937449
2009-12-17,0.673511811023622,0.608978486795775,0.573397696409625
2009-12-18,0.625889763779528,0.601819666158764,0.56847630515741
2009-12-19,0.561259842519685,0.597619323995965,0.565696203246963
2009-12-20,0.687118110236221,0.5949678976667,0.564017158551956
2009-12-21,0.588472440944882,0.593102511745814,0.562877991381481
2009-12-22,0.598677165354331,0.699011489893038,0.622901830852753
2009-12-23,1.16333858267717,1.32296913679432,0.925004384242715
2009-12-24,1.36743307086614,1.41294232524763,0.957579321113963
2009-12-25,0.976251968503937,1.02575012005182,0.810774937739736
2009-12-26,1.04428346456693,0.824040635708615,0.706121371034507
2009-12-27,0.833385826771654,0.712986425152955,0.631211761351426
2009-12-28,0.707527559055118,0.655760767799953,0.595056981157695
2009-12-29,0.700724409448819,0.696821306206517,0.608640289028292
2009-12-30,1.00006299212598,0.968629056794325,0.745498430553411
2009-12-31,1.59193700787402,1.33887600357754,1.07686593711017
2010-01-01,1.26538582677165,1.24886825993066,1.12969864843773
2010-01-02,1.03748031496063,1.08325982985245,0.98228952052265
2010-01-03,0.894614173228346,0.864718777632059,0.777888402341003
2010-01-04,0.782362204724409,0.715207496220279,0.653298999297953
2010-01-05,0.673511811023622,0.662254886309896,0.611566848683972
2010-01-06,0.639496062992126,0.644634975016409,0.59818573998229
2010-01-07,0.60548031496063,0.635277874316984,0.59130144643716
2010-01-08,0.591874015748032,0.629325549367344,0.587069803889738
2010-01-09,0.581669291338583,0.625316503088659,0.584320135383058
2010-01-10,0.571464566929134,0.622485562708494,0.582446345740112
2010-01-11,0.578267716535433,0.620319189215194,0.581053214981881
2010-01-12,0.588472440944882,0.618518851728189,0.579915688309642
2010-01-13,0.588472440944882,0.61692539735905,0.578916556315736
2010-01-14,0.585070866141732,0.615444855467005,0.577988427199201
2010-01-15,0.581669291338583,0.614050585993724,0.577113515876278
2010-01-16,0.557858267716535,0.612747869922827,0.576297107383379
2010-01-17,0.891212598425197,0.734683620863819,0.658979126582597
2010-01-18,1.80283464566929,1.48308437472887,1.13091662672892
2010-01-19,1.23477165354331,1.58314417058546,1.25543261449922
2010-01-20,0.962645669291339,1.03439948773278,0.899262348733154
2010-01-21,0.823181102362205,0.769340986495354,0.685625553251029
2010-01-22,0.714330708661417,0.680454352634033,0.624869152088944
2010-01-23,0.69051968503937,0.65554475865308,0.606669401506505
2010-01-24,0.639496062992126,0.64275022169736,0.597587375018369
2010-01-25,0.615685039370079,0.635008341904193,0.592175085943757
2010-01-26,0.595275590551181,0.62988246168726,0.588658354542111
2010-01-27,0.591874015748032,0.626214748293068,0.586187574537064
2010-01-28,0.615685039370079,0.62345118033684,0.584356991168846
2010-01-29,0.60207874015748,0.621245986744785,0.582926785756156
2010-01-30,0.568062992125984,0.619432393997394,0.581809181124086
2010-01-31,0.574866141732283,0.617704953097995,0.580723715105751
2010-02-01,0.554456692913386,0.616039667396901,0.57963729572906
2010-02-02,0.561259842519685,0.614477899302442,0.578606481631941
2010-02-03,0.60888188976378,0.717939584501164,0.664924274692732
2010-02-04,0.881007874015748,1.30553560935671,1.16395223321558
2010-02-05,0.918425196850394,1.32359294462024,1.30279820772776
2010-02-06,1.01366929133858,1.05621853962589,1.02229485413751
2010-02-07,1.2551811023622,1.2935694440293,1.07324539012371
2010-02-08,1.10211023622047,1.09000867263467,0.910395372930134
2010-02-09,0.921826771653543,0.796353234301218,0.710456157241358
2010-02-10,0.806173228346457,0.692560652785632,0.63805797281011
2010-02-11,0.741543307086614,0.664126218043567,0.61779737861494
2010-02-12,0.697322834645669,0.650446305475558,0.607928305972658
2010-02-13,0.663307086614173,0.642151525113433,0.601937051822307
2010-02-14,0.659905511811024,0.636605743887076,0.597940952598965
2010-02-15,0.615685039370079,0.632615918504109,0.595077928724459
2010-02-16,0.619086614173228,0.62945771319872,0.592812305470137
2010-02-17,0.60548031496063,0.626649324471307,0.590781809655099
2010-02-18,0.595275590551181,0.65483871271433,0.603619565147928
2010-02-19,0.714330708661417,0.793240484764519,0.689938570374283
2010-02-20,0.826582677165354,0.824249384688975,0.809194709718714
2010-02-21,0.816377952755906,0.768439730580979,0.784401755673069
2010-02-22,0.843590551181102,0.819045097562792,0.852006477777348
2010-02-23,1.00346456692913,1.32666718324574,1.31928214581065
2010-02-24,1.7075905511811,2.05458089879776,1.40601173593211
2010-02-25,1.80283464566929,1.75388625404404,1.10961416971959
2010-02-26,1.79262992125984,1.28444383710258,0.934300165365857
2010-02-27,1.65996850393701,0.968995605310633,0.792998711879287
2010-02-28,1.18374803149606,0.80394025545834,0.690127767459129
2010-03-01,1.11571653543307,0.726710324615912,0.645382036633601
2010-03-02,0.95244094488189,0.7201721465511,0.641572452641616
2010-03-03,0.935433070866142,0.822376171158535,0.683376689489226
2010-03-04,0.874204724409449,0.786316974954132,0.666216299810064
2010-03-05,0.768755905511811,0.702146052954643,0.628351758801732
2010-03-06,0.710929133858268,0.668189727243126,0.612645728314714
2010-03-07,0.69392125984252,0.657317391627505,0.607331176045727
2010-03-08,0.632692913385827,0.650678747062298,0.603809832280631
2010-03-09,0.625889763779528,0.645657677126882,0.600947436462442
2010-03-10,0.588472440944882,0.641505503645601,0.598423586852026
2010-03-11,0.636094488188976,0.637918035290645,0.596139102628584
2010-03-12,0.622488188976378,0.634868576700507,0.594148667754614
2010-03-13,0.619086614173228,0.63195491248003,0.595628354149668
2010-03-14,0.622488188976378,0.659226248089345,0.637076180501558
2010-03-15,0.659905511811024,0.873831330654191,0.839721641722115
2010-03-16,0.955842519685039,1.34701943000464,1.21580429753834
2010-03-17,1.20755905511811,1.33381094587383,1.15128532524416
2010-03-18,0.979653543307087,0.955446328020133,0.840280773234225
2010-03-19,0.853795275590551,0.746987542274511,0.680796878112446
2010-03-20,0.77896062992126,0.705872740729448,0.652600865466787
2010-03-21,0.823181102362205,0.793334922663268,0.733576706291141
2010-03-22,0.891212598425197,0.853492176059125,0.799535171920495
2010-03-23,0.727937007874016,0.766204254952903,0.721133267335384
2010-03-24,0.656503937007874,0.680703988074439,0.638800564035659
2010-03-25,0.629291338582677,0.648237019420004,0.608453907490276
2010-03-26,0.595275590551181,0.635182537708649,0.597471390970324
2010-03-27,0.585070866141732,0.635088427335652,0.597879982359199
2010-03-28,0.578267716535433,0.666371976972795,0.621740746479048
2010-03-29,0.591874015748032,0.679445534282306,0.621344384291127
2010-03-30,0.571464566929134,0.650571048376403,0.599631783743709
2010-03-31,0.554456692913386,0.624468094312697,0.585549818276842
2010-04-01,0.554456692913386,0.615371194210302,0.5808311485761
2010-04-02,0.547653543307087,0.612320510953005,0.579029986233547
2010-04-03,0.527244094488189,0.609650630726248,0.577312667513121
2010-04-04,0.510236220472441,0.606798343862875,0.57525432645617
2010-04-05,0.530645669291339,0.604490979781435,0.573654407368984
2010-04-06,0.52044094488189,0.602615838797972,0.572458026091379
2010-04-07,0.510236220472441,0.600306086032903,0.570779447196865
2010-04-08,0.493228346456693,0.597520006730988,0.568588073229576
2010-04-09,0.479622047244094,0.594780516304942,0.5664001248313
2010-04-10,0.493228346456693,0.592449543682458,0.564548255859391
2010-04-11,0.483023622047244,0.590583806674312,0.563091763230278
2010-04-12,0.483023622047244,0.589316759542164,0.562143524584642
2010-04-13,0.489826771653543,0.598327043420752,0.58402882373817
2010-04-14,0.717732283464567,0.713699543700621,0.749496723365518
2010-04-15,0.904818897637795,1.09373356313904,1.0912549737243
2010-04-16,0.649700787401575,0.987386482919797,0.940680360287807
2010-04-17,0.564661417322835,0.716254439496042,0.681448580830798
2010-04-18,0.527244094488189,0.623011113470281,0.595319991526124
2010-04-19,0.513637795275591,0.603123759014923,0.576548887013965
2010-04-20,0.500031496062992,0.594437246421587,0.568401185526248
2010-04-21,0.479622047244094,0.589346298818962,0.563686477783442
2010-04-22,0.476220472440945,0.586109124058102,0.560760659438323
2010-04-23,0.462614173228347,0.583819837101096,0.558774900931327
2010-04-24,0.459212598425197,0.581990635680293,0.557234367833942
2010-04-25,0.459212598425197,0.580375043931997,0.555891905150738
2010-04-26,0.496629921259843,0.590212039457031,0.554754620257709
2010-04-27,0.523842519685039,0.632039529877361,0.554047112176186
2010-04-28,0.486425196850394,0.620052864658149,0.553404100828801
2010-04-29,0.483023622047244,0.587632479171087,0.552618575859009
2010-04-30,0.472818897637795,0.576310927294314,0.551845163082665
2010-05-01,0.500031496062992,0.599445138200023,0.562967881876058
2010-05-02,0.663307086614173,0.777308800512889,0.64545553104602
2010-05-03,1.01707086614173,1.14242786141101,0.800955877945729
2010-05-04,0.77896062992126,0.993363736386416,0.736712087833115
2010-05-05,0.710929133858268,0.778799071275739,0.63795009119993
2010-05-06,0.755149606299213,0.773744231712173,0.631663836765878
2010-05-07,1.11231496062992,1.01954092709113,0.756094695779945
2010-05-08,1.04428346456693,0.899098933700694,0.7070462240282
2010-05-09,0.768755905511811,0.68685375222797,0.60063177141825
2010-05-10,0.727937007874016,0.616934422720953,0.563657363731623
2010-05-11,0.741543307086614,0.698319647330549,0.584767347212797
2010-05-12,1.26538582677165,1.10094433857572,0.694851938780511
2010-05-13,1.12592125984252,1.1088198362933,0.707778398701591
2010-05-14,1.11571653543307,0.956803147746847,0.738114107590733
2010-05-15,0.986456692913386,0.779237408865201,0.708095484024046
2010-05-16,0.799370078740158,0.658782318528866,0.639989651274626
2010-05-17,0.727937007874016,0.616634837636429,0.590460531103027
2010-05-18,0.673511811023622,0.603877887695585,0.579899235976154
2010-05-19,0.653102362204724,0.638921625656046,0.666687979342596
2010-05-20,0.761952755905512,0.809740284302164,0.853164025846014
2010-05-21,0.819779527559055,0.769984186017315,0.770992591414771
2010-05-22,0.717732283464567,0.6485003018053,0.623817192403354
2010-05-23,0.642897637795276,0.603742712556196,0.573624776638173
2010-05-24,0.60207874015748,0.59342408978884,0.562908356258983
2010-05-25,0.568062992125984,0.587869770225874,0.557919805429003
2010-05-26,0.527244094488189,0.593587496999534,0.561246730904116
2010-05-27,0.663307086614173,0.630739047353294,0.5916392768511
2010-05-28,0.714330708661417,0.635010288694131,0.617221100595363
2010-05-29,0.598677165354331,0.619105489982285,0.604070464800113
2010-05-30,1.05448818897638,0.714672957780039,0.685088913689315
2010-05-31,1.59193700787402,1.01162582709096,0.998046096521691
2010-06-01,1.40825196850394,1.04739067403878,1.12713510032962
2010-06-02,1.33341732283465,0.998817625425777,0.984473259244145
2010-06-03,3.4355905511811,1.92994174943607,1.44014238228043
2010-06-04,4.62614173228346,2.41347095715884,1.64137215444563
2010-06-05,1.66337007874016,1.44852719558968,1.09046991296747
2010-06-06,1.08850393700787,0.889823754514138,0.752145436857561
2010-06-07,0.942236220472441,0.707641766724634,0.622111295036804
2010-06-08,0.782362204724409,0.634452170049093,0.589013414383975
2010-06-09,0.758551181102362,0.614609847818321,0.575952373973895
2010-06-10,0.710929133858268,0.603143473393938,0.568501349411755
2010-06-11,0.653102362204724,0.59579032257895,0.563586291574879
2010-06-12,0.581669291338583,0.59109903402271,0.560388155981218
2010-06-13,0.595275590551181,0.623822467239534,0.590142182519698
2010-06-14,0.734740157480315,0.771248068019101,0.720182706220599
2010-06-15,0.656503937007874,0.736932616135792,0.689466862629628
2010-06-16,0.636094488188976,0.668015646062095,0.629312131702554
2010-06-17,0.799370078740158,0.895494024090576,0.791536777121763
2010-06-18,1.88447244094488,1.63523943019452,1.05483673767527
2010-06-19,2.41511811023622,2.34147954106281,1.05366904951239
2010-06-20,2.05795275590551,1.72323782185496,0.853804453450481
2010-06-21,1.23817322834646,1.01799408344973,0.680913673216343
2010-06-22,1.01026771653543,0.769313562981155,0.602766602967876
2010-06-23,0.884409448818898,0.655977540491096,0.578185331637345
2010-06-24,0.768755905511811,0.628686381640919,0.569034206903672
2010-06-25,0.707527559055118,0.61413137622115,0.563869650030148
2010-06-26,0.670110236220472,0.605157682657277,0.560558415630642
2010-06-27,0.632692913385827,0.599247782016282,0.558322882088592
2010-06-28,0.60207874015748,0.595146201283607,0.556739802175803
2010-06-29,0.581669291338583,0.592265228331434,0.55558220976594
2010-06-30,0.60207874015748,0.590500246720576,0.554793508478569
2010-07-01,0.60207874015748,0.589079832191369,0.554269850384181
2010-07-02,0.568062992125984,0.587668367289743,0.553761649473828
2010-07-03,0.547653543307087,0.586371852205122,0.553215643536095
2010-07-04,0.588472440944882,0.585600385391444,0.552732038359822
2010-07-05,0.540850393700787,0.585979347263517,0.552411073801382
2010-07-06,0.544251968503937,0.585164126838102,0.552143095897549
2010-07-07,0.527244094488189,0.583821888324795,0.551857379355106
2010-07-08,0.489826771653543,0.582983410032767,0.551559900706181
2010-07-09,0.523842519685039,0.582365961319414,0.55124973429686
2010-07-10,0.493228346456693,0.581775390170092,0.55094013285002
2010-07-11,0.489826771653543,0.595172568363256,0.550654335859905
2010-07-12,0.77896062992126,0.648586592037689,0.550408749695121
2010-07-13,0.704125984251968,0.633689667803066,0.550193347386123
2010-07-14,0.527244094488189,0.592644187910642,0.549983455070317
2010-07-15,0.60207874015748,0.579250071375771,0.549780483715961
2010-07-16,0.496629921259843,0.596978888792654,0.552089219238162
2010-07-17,0.870803149606299,0.701697052873869,0.569109917189196
2010-07-18,1.60554330708661,0.815167294327857,0.5966182329632
2010-07-19,0.921826771653543,0.726353724849468,0.580521331005638
2010-07-20,0.622488188976378,0.617460659758581,0.554959981642371
2010-07-21,0.561259842519685,0.584343523367683,0.547393371531228
2010-07-22,0.530645669291339,0.601292159749251,0.555578245906906
2010-07-23,1.15313385826772,0.743383401287196,0.614089754585846
2010-07-24,1.54771653543307,1.02359001168008,0.735427383050413
2010-07-25,1.84365354330709,1.06544535643192,0.769096698164781
2010-07-26,0.955842519685039,0.851061467874156,0.668093438775309
2010-07-27,1.09190551181102,0.814934789407052,0.617247433484083
2010-07-28,0.993259842519685,0.727351323321471,0.584645890069968
2010-07-29,0.962645669291339,0.7086463547766,0.579392958556832
2010-07-30,2.35048818897638,1.01408639266404,0.652439656384908
2010-07-31,1.15993700787402,0.922573041744243,0.629422176211432
2010-08-01,0.846992125984252,0.737081019655002,0.5893231384079
2010-08-02,1.20075590551181,0.863840346674735,0.662568479737541
2010-08-03,1.55451968503937,0.954938501420881,0.726895237590621
2010-08-04,1.35722834645669,0.789081765735029,0.651643988073028
2010-08-05,1.20755905511811,0.958275170349749,0.695689380560073
2010-08-06,4.59212598425197,3.19015584251474,1.42334357858537
2010-08-07,6.59905511811024,3.72582805092086,1.85084079616464
2010-08-08,2.04434645669291,1.86585714936164,1.19397314074942
2010-08-09,1.56812598425197,1.10910779938238,0.789071620675357
2010-08-10,1.15993700787402,0.848522780844109,0.640896053758761
2010-08-11,0.945637795275591,0.70946986490113,0.592935472699327
2010-08-12,0.972850393700787,0.736141949968669,0.62718323378161
2010-08-13,1.2619842519685,0.831988933505916,0.78424229062175
2010-08-14,1.12251968503937,0.766633592001323,0.870784233775152
2010-08-15,0.95244094488189,0.671747847858131,0.73425354358901
2010-08-16,0.846992125984252,0.679387988581021,0.630381638661149
2010-08-17,0.94903937007874,0.845443279778244,0.652917567044435
2010-08-18,1.09530708661417,0.802162628200102,0.633369693585959
2010-08-19,0.870803149606299,0.681472821900088,0.589201860137189
2010-08-20,0.812976377952756,0.635784554299707,0.569907558854562
2010-08-21,0.717732283464567,0.623297885408179,0.564185434932962
2010-08-22,0.707527559055118,0.61586464995585,0.561119427654253
2010-08-23,0.69051968503937,0.610590743352576,0.559064901206637
2010-08-24,0.829984251968504,0.631056656450696,0.559762579953585
2010-08-25,0.935433070866142,0.724235707492395,0.566050014206001
2010-08-26,0.707527559055118,0.70053209655226,0.56647898674308
2010-08-27,0.765354330708661,0.696978548123756,0.598853919885394
2010-08-28,0.95244094488189,0.965881705246797,0.70661369614814
2010-08-29,0.846992125984252,0.953093883143351,0.701164465409569
2010-08-30,1.09190551181102,1.1000160125939,0.800962840855501
2010-08-31,1.96951181102362,1.66945816574745,1.06604100179629
2010-09-01,1.56472440944882,1.34670238506407,0.89864169731706
2010-09-02,1.08510236220472,0.872388031587209,0.665611042289705
2010-09-03,0.898015748031496,0.707945981398115,0.589082774063672
2010-09-04,0.840188976377953,0.648544491997746,0.572456915796024
2010-09-05,0.782362204724409,0.630952172074666,0.566065753285134
2010-09-06,0.748346456692914,0.621472761688257,0.562641750329519
2010-09-07,0.761952755905512,0.616163893457867,0.56060090982168
2010-09-08,0.744944881889764,0.661217281142787,0.578385560648444
2010-09-09,1.00686614173228,0.870455148813373,0.652032570657342
2010-09-10,0.877606299212599,0.825731594280168,0.633698340898915
2010-09-11,0.792566929133858,0.678925345244434,0.580159399240497
2010-09-12,0.738141732283465,0.722684885192046,0.618713843724239
2010-09-13,1.50349606299213,1.19684025455524,0.87702057831629
2010-09-14,1.38444094488189,1.16859450465013,0.841501591412468
2010-09-15,1.00006299212598,0.829830573809717,0.682360400290411
2010-09-16,0.864,0.678580141532952,0.606582983363919
2010-09-17,0.806173228346457,0.639860545705157,0.577797091571218
2010-09-18,0.761952755905512,0.626263680271843,0.567398050780294
2010-09-19,0.731338582677165,0.618839735217771,0.563511477817184
2010-09-20,0.727937007874016,0.614144664760502,0.56124995238949
2010-09-21,0.707527559055118,0.610779351545731,0.559636804566452
2010-09-22,0.697322834645669,0.608140987279822,0.558363400024798
2010-09-23,0.680314960629921,0.605995576473748,0.557319170167495
2010-09-24,0.680314960629921,0.620361759893321,0.574948235529958
2010-09-25,1.13272440944882,0.82538369108362,0.73496551998554
2010-09-26,2.09877165354331,1.65514701367462,1.24447056112133
2010-09-27,1.08850393700787,1.41360721458133,1.46445985606507
2010-09-28,0.894614173228346,0.861520633232009,1.1801698583019
2010-09-29,0.819779527559055,0.705560600082167,0.867014226618936
2010-09-30,0.768755905511811,0.653089045312717,0.684406278807243
2010-10-01,0.799370078740158,0.637518290656919,0.611114944672233
2010-10-02,0.802771653543307,0.637482638012444,0.587744152831768
2010-10-03,0.758551181102362,0.628364376285314,0.578519968150562
2010-10-04,0.738141732283465,0.617483232088431,0.573275518687546
2010-10-05,0.731338582677165,0.612605749995269,0.570039081690701
2010-10-06,0.721133858267717,0.610450208294507,0.568053182452268
2010-10-07,0.697322834645669,0.608812078113923,0.566647744298396
2010-10-08,0.704125984251968,0.607541518351376,0.56560090435645
2010-10-09,0.697322834645669,0.606429938324057,0.564706029836193
2010-10-10,0.69051968503937,0.605322390499204,0.563829300915374
2010-10-11,0.683716535433071,0.604231454090098,0.562974318604128
2010-10-12,0.687118110236221,0.603176758951685,0.562153424436184
2010-10-13,0.676913385826772,0.602187025869913,0.561390804206583
2010-10-14,0.673511811023622,0.601315451438914,0.560734491280339
2010-10-15,0.673511811023622,0.601655204639354,0.562619497618589
2010-10-16,0.707527559055118,0.626666524281023,0.590175545306129
2010-10-17,0.751748031496063,0.725686395278461,0.668210169998676
2010-10-18,0.772157480314961,0.754728205175727,0.661087529286648
2010-10-19,0.758551181102362,0.700855636873313,0.614670431849537
2010-10-20,0.812976377952756,0.747972641991252,0.660664225232108
2010-10-21,0.836787401574803,0.75540619973757,0.710598305258687
2010-10-22,0.751748031496063,0.676505853101347,0.649397407800544
2010-10-23,0.738141732283465,0.645600378789631,0.599809378751946
2010-10-24,0.843590551181102,0.749961079017733,0.641022748151436
2010-10-25,0.962645669291339,0.85960905134572,0.665837545954394
2010-10-26,0.966047244094488,0.763183575012603,0.618999375197294
2010-10-27,0.843590551181102,0.65333543649825,0.578340925001165
2010-10-28,0.812976377952756,0.618022699775815,0.566288278971761
2010-10-29,0.819779527559055,0.610090995778447,0.563635360143381
2010-10-30,0.785763779527559,0.606316199795872,0.562206935286792
2010-10-31,0.768755905511811,0.603959730374666,0.561203226710088
2010-11-01,0.761952755905512,0.602347299263488,0.560436276432636
2010-11-02,0.69392125984252,0.601129463448247,0.55979561398212
2010-11-03,0.653102362204724,0.60018129100127,0.559537686799273
2010-11-04,0.653102362204724,0.599342044276895,0.560058245524352
2010-11-05,0.656503937007874,0.598555690078858,0.565155045377464
2010-11-06,0.653102362204724,0.597820547984729,0.585358312139833
2010-11-07,0.653102362204724,0.627684178423783,0.603852192793634
2010-11-08,0.792566929133858,0.755342501960025,0.687130490457616
2010-11-09,0.721133858267717,0.727376217152603,0.658885802067026
2010-11-10,0.680314960629921,0.639176944997039,0.590548013760629
2010-11-11,0.656503937007874,0.642506057236112,0.616689438219036
2010-11-12,0.843590551181102,0.732662973439576,0.799397410519964
2010-11-13,0.799370078740158,0.748090584761345,0.837268119330788
2010-11-14,0.707527559055118,0.671752344063516,0.694244517476453
2010-11-15,0.659905511811024,0.65390018800042,0.623960198373559
2010-11-16,0.840188976377953,0.834627940932214,0.756346419292441
2010-11-17,1.27218897637795,1.0330186569222,1.02972542521332
2010-11-18,0.966047244094488,0.8705746749307,0.905684945969195
2010-11-19,0.833385826771654,0.688062078649467,0.749063516678031
2010-11-20,0.741543307086614,0.629738290430338,0.658508099702367
2010-11-21,0.714330708661417,0.657771149499858,0.648461988165764
2010-11-22,0.870803149606299,0.890843001638259,0.877761611771986
2010-11-23,1.60214173228346,1.17969700123404,1.14909982331476
2010-11-24,1.60554330708661,1.0861876114752,1.0126209153582
2010-11-25,1.09530708661417,0.877404066301399,0.793647151078751
2010-11-26,0.94903937007874,0.764035196759003,0.694784524517704
2010-11-27,0.853795275590551,0.688140995673416,0.638569720464948
2010-11-28,0.768755905511811,0.645079251226369,0.60611499948117
2010-11-29,0.744944881889764,0.629251673190185,0.593554590250171
2010-11-30,0.700724409448819,0.623127385748548,0.588449779180916
2010-12-01,0.683716535433071,0.619620212104009,0.585465683564617
2010-12-02,0.69051968503937,0.61735681325809,0.583527686950842
2010-12-03,0.659905511811024,0.615719803554829,0.582116352168876
2010-12-04,0.656503937007874,0.614449078550606,0.58101979161323
2010-12-05,0.663307086614173,0.613374730341825,0.580091700874894
2010-12-06,1.95250393700787,0.821988384694475,0.685068492443663
2010-12-07,10.0006299212598,3.35592333470444,1.6577394506653
2010-12-08,9.32031496062992,8.77005901314226,4.36221424550811
2010-12-09,3.67370078740158,6.99853905372709,5.30224127637707
2010-12-10,2.11237795275591,2.80607903532665,2.56970958746914
2010-12-11,1.7075905511811,1.35191813633061,1.2583945377332
2010-12-12,1.96951181102362,1.41716954610571,1.3449661919031
2010-12-13,1.71099212598425,1.62134286944984,1.4608582587364
2010-12-14,1.30620472440945,1.24646416690784,1.09365020401116
2010-12-15,1.14973228346457,0.935260042256863,0.825731810308004
2010-12-16,1.06129133858268,0.829812868685403,0.733516721671972
2010-12-17,1.02727559055118,0.795138913695874,0.704364538860021
2010-12-18,0.959244094488189,0.776213094215435,0.6887854456468
2010-12-19,0.911622047244095,0.763754907735029,0.678810917547242
2010-12-20,1.15653543307087,1.03765601484284,0.831287667443335
2010-12-21,2.25864566929134,3.00086870516204,1.81950244710547
2010-12-22,1.81644094488189,3.10749560500527,2.16778679201578
2010-12-23,2.07155905511811,2.20897588556841,2.05806598514805
2010-12-24,1.57492913385827,1.52300283031281,1.72320460822305
2010-12-25,1.50689763779528,1.27867722635427,1.251493128691
2010-12-26,1.23817322834646,1.06242897370354,0.937445860949371
2010-12-27,1.11911811023622,0.90343999318085,0.795025385550989
2010-12-28,1.04088188976378,0.840144623211349,0.746704987879341
2010-12-29,0.989858267716536,0.814508053096486,0.724950432314701
2010-12-30,0.962645669291339,0.799059603773074,0.711818027686239
2010-12-31,0.94903937007874,0.788385243394352,0.702991188457079
