"Date","Qsim"
2011-01-01,0.782122697235059
2011-01-02,0.775603633258416
2011-01-03,0.769870083662522
2011-01-04,0.764737398411043
2011-01-05,0.7601845304674
2011-01-06,0.765229888984437
2011-01-07,1.18372645584098
2011-01-08,4.14126063188563
2011-01-09,4.23432597353582
2011-01-10,3.10614098356162
2011-01-11,2.06788671848801
2011-01-12,1.72841874884767
2011-01-13,2.94554240485636
2011-01-14,3.59720329322172
2011-01-15,2.27586682685482
2011-01-16,1.34513560926611
2011-01-17,1.06122916634456
2011-01-18,0.969140030243114
2011-01-19,1.02496655283387
2011-01-20,1.03070705182112
2011-01-21,0.95376000255862
2011-01-22,0.894486322637257
2011-01-23,0.868732091970141
2011-01-24,0.854837909926824
2011-01-25,0.846097185281472
2011-01-26,0.855104496525836
2011-01-27,0.890616385912766
2011-01-28,0.873363807526822
2011-01-29,0.83964236095792
2011-01-30,0.823464911744762
2011-01-31,0.815446394749809
2011-02-01,0.809167270030682
2011-02-02,0.803723060309157
2011-02-03,0.798590253801965
2011-02-04,0.868739012016507
2011-02-05,1.25159710553975
2011-02-06,1.33620975895091
2011-02-07,1.09495365705856
2011-02-08,0.917868511737528
2011-02-09,0.84560944818917
2011-02-10,0.829198533090336
2011-02-11,0.856516567320344
2011-02-12,0.838774343935397
2011-02-13,0.805281291755766
2011-02-14,0.789125190709754
2011-02-15,0.781208866777731
2011-02-16,0.775524220438705
2011-02-17,0.771098833827028
2011-02-18,0.76724313578417
2011-02-19,0.763626882200527
2011-02-20,0.761767807850848
2011-02-21,0.764926623170272
2011-02-22,0.760619874678398
2011-02-23,0.753152156026193
2011-02-24,0.748035661534161
2011-02-25,0.74906158154232
2011-02-26,0.773049017917382
2011-02-27,0.839047733457741
2011-02-28,1.00320247829977
2011-03-01,0.964427788082168
2011-03-02,0.833288658991179
2011-03-03,0.772666659281361
2011-03-04,0.753612616280047
2011-03-05,0.743656330318823
2011-03-06,0.736151963547079
2011-03-07,0.730202862330989
2011-03-08,0.725209296464777
2011-03-09,0.720672585630413
2011-03-10,0.716343830662076
2011-03-11,0.712336964362303
2011-03-12,0.708460706144152
2011-03-13,0.704614754334839
2011-03-14,0.70117905306693
2011-03-15,0.697714412249182
2011-03-16,0.694165798609432
2011-03-17,0.80173672584473
2011-03-18,1.41631513053181
2011-03-19,1.36069112984329
2011-03-20,0.943930096733313
2011-03-21,0.776618525521777
2011-03-22,0.733094371535741
2011-03-23,0.714871849552801
2011-03-24,0.703616213255211
2011-03-25,0.695554092097427
2011-03-26,0.707004218061613
2011-03-27,0.812934002554784
2011-03-28,0.973344595824031
2011-03-29,0.882819781780677
2011-03-30,0.747064587338095
2011-03-31,0.711920997057233
2011-04-01,0.744871976192042
2011-04-02,0.727321773302648
2011-04-03,0.707297061307924
2011-04-04,0.79845819882884
2011-04-05,0.982223206285619
2011-04-06,0.892103432691178
2011-04-07,0.742607049154342
2011-04-08,0.689906798682567
2011-04-09,0.676636314279866
2011-04-10,0.669785487354878
2011-04-11,0.665114829534573
2011-04-12,0.661712580438121
2011-04-13,0.659544248488697
2011-04-14,0.657956898053073
2011-04-15,0.656430508559291
2011-04-16,0.654899636172532
2011-04-17,0.65337683689906
2011-04-18,0.651859898875716
2011-04-19,0.650350708500365
2011-04-20,0.648876429142612
2011-04-21,0.647454591809249
2011-04-22,0.646103163920537
2011-04-23,0.64483697088265
2011-04-24,0.643671477519122
2011-04-25,0.642623611465472
2011-04-26,0.641689924459568
2011-04-27,0.640918995801497
2011-04-28,0.640276864217374
2011-04-29,0.639588743483759
2011-04-30,0.640351646818263
2011-05-01,0.645075424939926
2011-05-02,0.653251479669615
2011-05-03,0.687938627898832
2011-05-04,0.675194221127548
2011-05-05,0.644782629608129
2011-05-06,0.634568968800385
2011-05-07,0.633339411287092
2011-05-08,0.632770670529174
2011-05-09,0.632226223978203
2011-05-10,0.631697055813173
2011-05-11,0.631167589988135
2011-05-12,0.631202416018928
2011-05-13,0.632723686456179
2011-05-14,0.64764201667789
2011-05-15,0.708733091975338
2011-05-16,0.693492620067583
2011-05-17,0.645301909040159
2011-05-18,0.627994624655295
2011-05-19,0.625965234933034
2011-05-20,0.625533917598835
2011-05-21,0.625196392299518
2011-05-22,0.632337609010927
2011-05-23,0.659824654079914
2011-05-24,0.651445605933537
2011-05-25,0.629884473789389
2011-05-26,0.623753565088694
2011-05-27,0.634365095369594
2011-05-28,0.661698655300662
2011-05-29,0.650423108653634
2011-05-30,0.627561677284417
2011-05-31,0.645898374858024
2011-06-01,0.750320292591664
2011-06-02,0.729353030344277
2011-06-03,0.651363716333274
2011-06-04,0.622358707116744
2011-06-05,0.61833288749124
2011-06-06,0.617503972146098
2011-06-07,0.617120922601882
2011-06-08,0.616868034035765
2011-06-09,0.616643252083373
2011-06-10,0.616415495951848
2011-06-11,0.616151479714575
2011-06-12,0.615843034539081
2011-06-13,0.615484908566537
2011-06-14,0.615095118561308
2011-06-15,0.614683752259407
2011-06-16,0.614260946127113
2011-06-17,0.619205854206817
2011-06-18,0.649361006215288
2011-06-19,0.684356307038622
2011-06-20,0.657110557411485
2011-06-21,0.621177233912071
2011-06-22,0.610688378061069
2011-06-23,0.609817668207852
2011-06-24,0.609679145109039
2011-06-25,0.609522044300404
2011-06-26,0.609309049182775
2011-06-27,0.609041795153393
2011-06-28,0.60873037942657
2011-06-29,0.629404948138454
2011-06-30,0.713198885574653
2011-07-01,0.694534284534143
2011-07-02,0.642304636901117
2011-07-03,0.618077783492193
2011-07-04,0.608036320643682
2011-07-05,0.605040330146331
2011-07-06,0.604614509057064
2011-07-07,0.620493973446845
2011-07-08,0.682509450621602
2011-07-09,0.669083031851509
2011-07-10,0.660703814735096
2011-07-11,0.746640453298609
2011-07-12,0.740841862128836
2011-07-13,0.829869922082238
2011-07-14,0.971534202898829
2011-07-15,0.827908928677613
2011-07-16,0.66943915850609
2011-07-17,0.630828584813828
2011-07-18,0.661100178269846
2011-07-19,0.780593351021048
2011-07-20,1.5923045672813
2011-07-21,1.88664741493603
2011-07-22,1.25331915456282
2011-07-23,1.05882660471983
2011-07-24,0.905576007275083
2011-07-25,0.735608805401737
2011-07-26,0.658283270818445
2011-07-27,0.634429360196713
2011-07-28,0.713251990801507
2011-07-29,1.14910962691644
2011-07-30,1.11393296364631
2011-07-31,0.806172068748778
2011-08-01,0.673451150268644
2011-08-02,0.640253668705541
2011-08-03,0.654105398768403
2011-08-04,0.74897849593375
2011-08-05,0.729581872140764
2011-08-06,0.691661916477663
2011-08-07,0.72005602002079
2011-08-08,0.913876113190496
2011-08-09,0.846148764248169
2011-08-10,0.691429561368053
2011-08-11,0.636531039216671
2011-08-12,0.624470840144942
2011-08-13,0.619021243461997
2011-08-14,0.638877393883567
2011-08-15,0.792699124554068
2011-08-16,1.06663098430118
2011-08-17,0.927615568545126
2011-08-18,0.710021189455219
2011-08-19,0.637788540311264
2011-08-20,0.622204693872344
2011-08-21,0.615558892288657
2011-08-22,0.611657987532902
2011-08-23,0.609160261564698
2011-08-24,0.607482832720969
2011-08-25,0.60636601736672
2011-08-26,0.605545482851246
2011-08-27,0.618499137163506
2011-08-28,0.670074779250685
2011-08-29,0.655861636600405
2011-08-30,0.616655704799237
2011-08-31,0.603495046449853
2011-09-01,0.602040938859029
2011-09-02,0.602115607775712
2011-09-03,0.603584845068259
2011-09-04,0.719445289256171
2011-09-05,1.44289498197092
2011-09-06,1.46816811054978
2011-09-07,0.931866313002449
2011-09-08,0.709083416029709
2011-09-09,0.636939904742085
2011-09-10,0.620270378680148
2011-09-11,0.623135347144801
2011-09-12,0.658039171279212
2011-09-13,0.680369437207088
2011-09-14,0.79748788360459
2011-09-15,0.773303246377382
2011-09-16,0.667915386449603
2011-09-17,0.629708458143542
2011-09-18,0.690872410559921
2011-09-19,0.842899707417259
2011-09-20,0.779838738755154
2011-09-21,0.660143897969931
2011-09-22,0.61933454526819
2011-09-23,0.611415245280777
2011-09-24,0.608025404131627
2011-09-25,0.605906532106657
2011-09-26,0.604428916316892
2011-09-27,0.603312832305617
2011-09-28,0.602401126702276
2011-09-29,0.601607432653017
2011-09-30,0.600903986985011
2011-10-01,0.600247758754598
2011-10-02,0.599614128635268
2011-10-03,0.598998531943303
2011-10-04,0.598397945053312
2011-10-05,0.597821071943638
2011-10-06,0.621616619058408
2011-10-07,0.74382059680144
2011-10-08,0.853380868568078
2011-10-09,0.918860918317855
2011-10-10,0.863080077143391
2011-10-11,0.719252050422742
2011-10-12,0.637216132046996
2011-10-13,0.625330986542692
2011-10-14,0.621150798967658
2011-10-15,0.60944363861629
2011-10-16,0.601846422429598
2011-10-17,0.599383036201707
2011-10-18,0.598470091215432
2011-10-19,0.634820050274362
2011-10-20,0.792757192855553
2011-10-21,0.758304954745992
2011-10-22,0.645053154513334
2011-10-23,0.606116430176186
2011-10-24,0.600459149547276
2011-10-25,0.598540812432562
2011-10-26,0.597439705739844
2011-10-27,0.596766853969578
2011-10-28,0.596247301491368
2011-10-29,0.595745724184912
2011-10-30,0.595263164143403
2011-10-31,0.594801437140667
2011-11-01,0.594373693742739
2011-11-02,0.593953195673665
2011-11-03,0.593522668259186
2011-11-04,0.593080557396672
2011-11-05,0.592633795706623
2011-11-06,0.592177752648879
2011-11-07,0.591729231688162
2011-11-08,0.59130519847936
2011-11-09,0.590872360822623
2011-11-10,0.590437985882135
2011-11-11,0.59003632057908
2011-11-12,0.589650701707925
2011-11-13,0.589249047375178
2011-11-14,0.588854537695111
2011-11-15,0.588476875420752
2011-11-16,0.588109223981818
2011-11-17,0.587740997629935
2011-11-18,0.587345959960842
2011-11-19,0.586933271917047
2011-11-20,0.58653452070604
2011-11-21,0.586148603111448
2011-11-22,0.5857617772908
2011-11-23,0.585388056443177
2011-11-24,0.585035384308541
2011-11-25,0.584692587037384
2011-11-26,0.584344708197586
2011-11-27,0.583981796265315
2011-11-28,0.583604082145634
2011-11-29,0.583223459114942
2011-11-30,0.582848478058633
2011-12-01,0.582484752460298
2011-12-02,0.597924709958311
2011-12-03,0.662106358931674
2011-12-04,0.680318168593176
2011-12-05,0.736417291249668
2011-12-06,0.750107198240145
2011-12-07,0.806469580502508
2011-12-08,0.892028071504016
2011-12-09,0.921090694077394
2011-12-10,1.58555943281086
2011-12-11,1.65225242416503
2011-12-12,1.07984589663242
2011-12-13,0.829403325977164
2011-12-14,0.736010072608575
2011-12-15,0.75769894092778
2011-12-16,0.835124243999491
2011-12-17,1.25800113855831
2011-12-18,1.10899909818987
2011-12-19,0.783697966198449
2011-12-20,0.667502981557341
2011-12-21,0.657991906211847
2011-12-22,0.834429670019466
2011-12-23,1.45004266833629
2011-12-24,1.40455982924546
2011-12-25,1.03187520252256
2011-12-26,0.828180394611601
2011-12-27,0.729220478569359
2011-12-28,0.678099836950995
2011-12-29,0.687656773858211
2011-12-30,0.822698405009861
2011-12-31,0.938876350689082
2012-01-01,1.23804067223172
2012-01-02,1.12775846504117
2012-01-03,1.06094885609888
2012-01-04,1.36258825772195
2012-01-05,1.49097209008859
2012-01-06,1.9767219164626
2012-01-07,1.60884723481671
2012-01-08,1.34409004393068
2012-01-09,1.27714451054108
2012-01-10,1.24075310355042
2012-01-11,1.06215585560794
2012-01-12,0.860558295064425
2012-01-13,0.765365414278067
2012-01-14,0.749746882512224
2012-01-15,0.72944734614179
2012-01-16,0.707108712361521
2012-01-17,0.69554504193326
2012-01-18,0.689183699962147
2012-01-19,0.911104815608331
2012-01-20,2.58886343424046
2012-01-21,3.4204040148941
2012-01-22,3.21457958010391
2012-01-23,2.40225437110378
2012-01-24,2.27763395178137
2012-01-25,1.57453630884458
2012-01-26,1.05168952388144
2012-01-27,0.89026758997227
2012-01-28,0.902555177147979
2012-01-29,0.862639573409962
2012-01-30,0.802839217671579
2012-01-31,0.774334867066837
2012-02-01,0.761454263508149
2012-02-02,0.752734824807069
2012-02-03,0.746158219616516
2012-02-04,0.741025009798845
2012-02-05,0.736830446944572
2012-02-06,0.733197472285794
2012-02-07,0.729955383757568
2012-02-08,0.72687215579822
2012-02-09,0.723757776022715
2012-02-10,0.720657571756111
2012-02-11,0.717666372565347
2012-02-12,0.714850549996331
2012-02-13,0.712213106717087
2012-02-14,0.709412895108032
2012-02-15,0.718189624828184
2012-02-16,0.761611249752527
2012-02-17,0.796670937698389
2012-02-18,1.05744794407963
2012-02-19,1.49029921914126
2012-02-20,1.41356194561417
2012-02-21,1.0336566791826
2012-02-22,0.825485851110271
2012-02-23,0.829679400138321
2012-02-24,1.14236535896444
2012-02-25,1.22466852055932
2012-02-26,1.09092287953602
2012-02-27,1.05179017944486
2012-02-28,0.916845739248935
2012-02-29,0.796407234592456
2012-03-01,0.74917347367549
2012-03-02,0.730181471117399
2012-03-03,0.717854533928693
2012-03-04,0.711773788619754
2012-03-05,0.74309938060247
2012-03-06,0.846987356518188
2012-03-07,0.81614779333143
2012-03-08,0.758013896413434
2012-03-09,0.781520478692658
2012-03-10,0.757875227012524
2012-03-11,0.716014635224222
2012-03-12,0.698625430562903
2012-03-13,0.691726864155713
2012-03-14,0.686090127540867
2012-03-15,0.680618430446347
2012-03-16,0.675082466201045
2012-03-17,0.669441794571828
2012-03-18,0.728188920121799
2012-03-19,1.03147696910616
2012-03-20,1.0088292334333
2012-03-21,0.797398648398358
2012-03-22,0.702957792627582
2012-03-23,0.676666568733074
2012-03-24,0.664547934152632
2012-03-25,0.656472145662164
2012-03-26,0.650481989351015
2012-03-27,0.645739468172578
2012-03-28,0.64178556388278
2012-03-29,0.638299645100853
2012-03-30,0.635365869348456
2012-03-31,0.633243227844784
2012-04-01,0.631421813068452
2012-04-02,0.62961969134116
2012-04-03,0.627795791493457
2012-04-04,0.626126005470865
2012-04-05,0.65732321011762
2012-04-06,0.79417801148447
2012-04-07,0.776191109861059
2012-04-08,0.712145144170402
2012-04-09,0.667734130828728
2012-04-10,0.638377232300199
2012-04-11,0.668267238637673
2012-04-12,0.842023251363143
2012-04-13,0.818905638531921
2012-04-14,0.693801434556783
2012-04-15,0.724155245786437
2012-04-16,1.09881752314354
2012-04-17,1.01207106015054
2012-04-18,0.752662984933135
2012-04-19,0.660926495155798
2012-04-20,0.640842841024713
2012-04-21,0.642680345116399
2012-04-22,0.706203120481515
2012-04-23,0.819744274628793
2012-04-24,0.785090376464293
2012-04-25,0.744475714404072
2012-04-26,0.692596964554976
2012-04-27,0.645901368919645
2012-04-28,0.627491752960013
2012-04-29,0.621176259153064
2012-04-30,0.617346710406946
2012-05-01,0.614698628882071
2012-05-02,0.618901211891448
2012-05-03,0.639994155775052
2012-05-04,0.633040937199927
2012-05-05,0.617085344194187
2012-05-06,0.628327663227503
2012-05-07,0.673533501949932
2012-05-08,0.656852621310842
2012-05-09,0.620113057715611
2012-05-10,0.607651806854791
2012-05-11,0.607578831645752
2012-05-12,0.614724054663818
2012-05-13,0.617137704996287
2012-05-14,0.610494288818769
2012-05-15,0.616596109777674
2012-05-16,0.659334805878022
2012-05-17,0.646989454473408
2012-05-18,0.613500483721368
2012-05-19,0.602163098993841
2012-05-20,0.600769852942209
2012-05-21,0.600181689699521
2012-05-22,0.599721954426407
2012-05-23,0.599408913941915
2012-05-24,0.60239450450444
2012-05-25,0.614140766563651
2012-05-26,0.61017896898275
2012-05-27,0.600502452091013
2012-05-28,0.597157789007613
2012-05-29,0.596648205563552
2012-05-30,0.60082568389711
2012-05-31,0.617016367975374
2012-06-01,0.611855740845488
2012-06-02,0.598891038437558
2012-06-03,0.634376881537217
2012-06-04,0.812538766279564
2012-06-05,0.793760390005693
2012-06-06,0.661284519959643
2012-06-07,0.639249399301329
2012-06-08,0.808498709448581
2012-06-09,0.968150548892426
2012-06-10,0.818301868155076
2012-06-11,0.663468029468426
2012-06-12,0.673205238897323
2012-06-13,0.858048565322225
2012-06-14,0.82666853496601
2012-06-15,0.683168584955572
2012-06-16,0.61820244506775
2012-06-17,0.602503377886118
2012-06-18,0.604605426224496
2012-06-19,0.627796353517871
2012-06-20,0.619613166415893
2012-06-21,0.617065864977924
2012-06-22,0.673899429441645
2012-06-23,0.656283918127177
2012-06-24,0.626270031336752
2012-06-25,0.67380871372505
2012-06-26,0.655330215899965
2012-06-27,0.609135291800755
2012-06-28,0.593226300736439
2012-06-29,0.590983815124655
2012-06-30,0.590180175536735
2012-07-01,0.593053028763939
2012-07-02,0.604893223534048
2012-07-03,0.601257469156906
2012-07-04,0.592035502894183
2012-07-05,0.611268003705322
2012-07-06,0.720115465551567
2012-07-07,0.777214974158884
2012-07-08,0.688850533052937
2012-07-09,0.612160091751816
2012-07-10,0.593227222874219
2012-07-11,0.597646125012683
2012-07-12,0.59451366182695
2012-07-13,0.589479172151414
2012-07-14,0.590673354996855
2012-07-15,0.607891300843411
2012-07-16,0.677746676987194
2012-07-17,0.658038656493023
2012-07-18,0.604178362304163
2012-07-19,0.586212596349451
2012-07-20,0.585916923222932
2012-07-21,0.59142327475162
2012-07-22,0.59057088764067
2012-07-23,0.585986420111812
2012-07-24,0.583741305652067
2012-07-25,0.583172466531205
2012-07-26,0.582892780699482
2012-07-27,0.582615814419416
2012-07-28,0.582329350240323
2012-07-29,0.587500967351644
2012-07-30,0.60731631792932
2012-07-31,0.601109281891598
2012-08-01,0.585371531853468
2012-08-02,0.612222649544031
2012-08-03,0.746178922627886
2012-08-04,0.714579987688492
2012-08-05,0.615807492585814
2012-08-06,0.601692196592975
2012-08-07,0.67020851009269
2012-08-08,0.650063229311165
2012-08-09,0.59759403219056
2012-08-10,0.579959358156656
2012-08-11,0.577937370858718
2012-08-12,0.57752548816625
2012-08-13,0.577359475804985
2012-08-14,0.577266656458212
2012-08-15,0.580851835186217
2012-08-16,0.602934511590147
2012-08-17,0.632036348476274
2012-08-18,0.612199823923147
2012-08-19,0.583939660600491
2012-08-20,0.58494654222361
2012-08-21,0.619168502822347
2012-08-22,0.622181682810984
2012-08-23,0.644337253597117
2012-08-24,0.685854529585189
2012-08-25,0.971953362440545
2012-08-26,1.05096933597368
2012-08-27,0.804770242150766
2012-08-28,0.642346808237591
2012-08-29,0.595636933566254
2012-08-30,0.621597206761437
2012-08-31,0.845721485955065
2012-09-01,1.17089878562501
2012-09-02,1.00398449705061
2012-09-03,0.729853057499156
2012-09-04,0.623741441673535
2012-09-05,0.597674401604763
2012-09-06,0.588843204340413
2012-09-07,0.584480372617599
2012-09-08,0.582017340066939
2012-09-09,0.580460754929594
2012-09-10,0.579377416206101
2012-09-11,0.590935145878517
2012-09-12,0.637511943266078
2012-09-13,0.624878075652903
2012-09-14,0.589874383364175
2012-09-15,0.578110831987458
2012-09-16,0.576820811550184
2012-09-17,0.576378364347931
2012-09-18,0.591883533319465
2012-09-19,0.661886327136291
2012-09-20,0.678565545979157
2012-09-21,0.661789866113401
2012-09-22,0.793987575786332
2012-09-23,0.801410561916422
2012-09-24,0.674397360972837
2012-09-25,0.601445346545487
2012-09-26,0.628262044894941
2012-09-27,0.81287172987694
2012-09-28,0.767434587602146
2012-09-29,0.66421550868887
2012-09-30,0.725830231732839
2012-10-01,0.689855030349779
2012-10-02,0.61357680345947
2012-10-03,0.586417280675933
2012-10-04,0.59097623436549
2012-10-05,0.624989663646698
2012-10-06,0.620524767804342
2012-10-07,0.633308964228604
2012-10-08,0.694284467448501
2012-10-09,0.749053999762772
2012-10-10,0.885303095117556
2012-10-11,0.937675756798869
2012-10-12,0.793983797248555
2012-10-13,0.742255937638724
2012-10-14,0.698870362764491
2012-10-15,0.713053132554982
2012-10-16,0.692553884153708
2012-10-17,0.633392100695427
2012-10-18,0.59978689918637
2012-10-19,0.589951211621769
2012-10-20,0.586557766427679
2012-10-21,0.584526503865466
2012-10-22,0.583199236627981
2012-10-23,0.582367262795118
2012-10-24,0.581795423454877
2012-10-25,0.581259659610775
2012-10-26,0.594490764818998
2012-10-27,0.71086251054049
2012-10-28,0.999726589677831
2012-10-29,0.896381718921631
2012-10-30,0.681093691199358
2012-10-31,0.616268737643189
2012-11-01,0.636493643216378
2012-11-02,0.703155638940286
2012-11-03,0.866212356468716
2012-11-04,1.00737425125054
2012-11-05,2.0417832088064
2012-11-06,1.79469284653858
2012-11-07,1.05737257582377
2012-11-08,0.790603544149886
2012-11-09,0.67021625178726
2012-11-10,0.663858780543499
2012-11-11,0.902799510948854
2012-11-12,1.72346419444457
2012-11-13,1.4377995253277
2012-11-14,0.891500970259911
2012-11-15,0.72471867046973
2012-11-16,0.667550600125296
2012-11-17,0.64958053518291
2012-11-18,0.639562218444982
2012-11-19,0.633324601552593
2012-11-20,0.629203502497984
2012-11-21,0.626356500692353
2012-11-22,0.624225070066283
2012-11-23,0.622434239008422
2012-11-24,0.620732231120905
2012-11-25,0.619054829789858
2012-11-26,0.617488043496103
2012-11-27,0.617465308462169
2012-11-28,0.839693784479138
2012-11-29,2.46311178596729
2012-11-30,2.45882412361857
2012-12-01,1.30577359501002
2012-12-02,0.884964193119511
2012-12-03,0.734852714846848
2012-12-04,0.748915718538585
2012-12-05,0.997551771116333
2012-12-06,0.958620715214554
2012-12-07,0.777739330154326
2012-12-08,0.696489954770721
2012-12-09,0.673218996008664
2012-12-10,0.667759313745804
2012-12-11,0.679363982745042
2012-12-12,0.671104342381197
2012-12-13,0.656068002807116
2012-12-14,0.649166071063426
2012-12-15,0.788575015391374
2012-12-16,1.86741155134189
2012-12-17,3.03209793678787
2012-12-18,2.28428950016035
2012-12-19,1.4734147655032
2012-12-20,1.08327321659332
2012-12-21,1.03680008137657
2012-12-22,1.91605174897422
2012-12-23,3.43789376616465
2012-12-24,2.32956861949611
2012-12-25,1.37433895585952
2012-12-26,1.39972920901898
2012-12-27,1.46483044419202
2012-12-28,2.45248950586782
2012-12-29,2.05657938290375
2012-12-30,1.23930619866865
2012-12-31,0.949403842050897
2013-01-01,0.876154398423286
2013-01-02,0.989536979703043
2013-01-03,0.952739305358637
2013-01-04,0.958477438041623
2013-01-05,1.60231826574832
2013-01-06,4.45428063797983
2013-01-07,3.3148434702658
2013-01-08,1.57726167441628
2013-01-09,1.08398514156256
2013-01-10,0.953129702004721
2013-01-11,0.972134003534778
2013-01-12,0.941506425565824
2013-01-13,0.873351848562668
2013-01-14,0.829694514834251
2013-01-15,0.810042213964148
2013-01-16,0.798451163199157
2013-01-17,0.789693567726917
2013-01-18,0.782760708394462
2013-01-19,0.776911265834623
2013-01-20,0.771662657173594
2013-01-21,0.766758325622653
2013-01-22,0.761906057382051
2013-01-23,0.757048536020704
2013-01-24,0.752355696410631
2013-01-25,0.748016403879268
2013-01-26,0.74406830928338
2013-01-27,0.740333850826599
2013-01-28,0.797916421107099
2013-01-29,1.36025845046449
2013-01-30,3.2663489876621
2013-01-31,3.90786323330892
2013-02-01,3.45533697685417
2013-02-02,5.30708799687541
2013-02-03,3.51915842044704
2013-02-04,1.77810399034652
2013-02-05,1.72935277610114
2013-02-06,2.19605606997109
2013-02-07,1.64596690750366
2013-02-08,1.13624094018483
2013-02-09,0.969376354424554
2013-02-10,0.91236035220597
2013-02-11,0.883596577828556
2013-02-12,0.864672520508488
2013-02-13,0.851088360010515
2013-02-14,0.840179241787965
2013-02-15,0.830863416667772
2013-02-16,0.845217262117354
2013-02-17,0.94053763615202
2013-02-18,0.960919849957667
2013-02-19,0.888139249717821
2013-02-20,0.833652691966887
2013-02-21,0.811937928655815
2013-02-22,0.801096622447394
2013-02-23,0.793273308015792
2013-02-24,0.786862450534528
2013-02-25,0.780958873341674
2013-02-26,0.77518633828004
2013-02-27,0.786596894087469
2013-02-28,0.885385897863359
2013-03-01,1.02254974482722
2013-03-02,0.943666676693805
2013-03-03,0.827783585686691
2013-03-04,0.783701737619649
2013-03-05,0.828692543089919
2013-03-06,1.25322186069196
2013-03-07,2.06066671176434
2013-03-08,1.80299336280902
2013-03-09,1.46823523980823
2013-03-10,1.22054571811238
2013-03-11,1.01417997545401
2013-03-12,0.982596906231843
2013-03-13,1.02099976195668
2013-03-14,0.930635883913677
2013-03-15,0.836551857795661
2013-03-16,0.798352102270936
2013-03-17,0.781918832221736
2013-03-18,0.857272710269879
2013-03-19,1.2565863131267
2013-03-20,1.17743675200109
2013-03-21,0.926251533199605
2013-03-22,0.825551613991145
2013-03-23,0.790784208215761
2013-03-24,0.772802730870054
2013-03-25,0.761719149941678
2013-03-26,0.754027014750353
2013-03-27,0.74824947254182
2013-03-28,0.743211257620482
2013-03-29,0.795075333104421
2013-03-30,1.1233410854885
2013-03-31,1.41716194701749
2013-04-01,1.14484778656154
2013-04-02,0.878052827080527
2013-04-03,0.813588753069717
2013-04-04,0.885727728689444
2013-04-05,0.886853158708019
2013-04-06,0.828183076683298
2013-04-07,0.782551902696363
2013-04-08,0.769585811112018
2013-04-09,0.855085064474282
2013-04-10,1.05413896869365
2013-04-11,1.04659181351539
2013-04-12,1.19031421636624
2013-04-13,1.05722419657627
2013-04-14,0.853036230685924
2013-04-15,0.772688737376958
2013-04-16,0.744707740088402
2013-04-17,0.728308879145399
2013-04-18,0.752522826642632
2013-04-19,1.18639717996035
2013-04-20,3.03911402836701
2013-04-21,2.36804577647054
2013-04-22,1.23126796568628
2013-04-23,0.928250554802759
2013-04-24,0.796503791131187
2013-04-25,0.757773568465369
2013-04-26,0.735516243826386
2013-04-27,0.720666096683759
2013-04-28,0.711090328582444
2013-04-29,0.704978489595595
2013-04-30,0.700453702184245
2013-05-01,0.696393655199335
2013-05-02,0.692598654430806
2013-05-03,0.71496891664046
2013-05-04,0.817533276177124
2013-05-05,0.792319039263608
2013-05-06,0.716013508837481
2013-05-07,0.687774446239518
2013-05-08,0.681516673646369
2013-05-09,0.716469851399674
2013-05-10,0.905385134699082
2013-05-11,0.989635901848745
2013-05-12,0.896717441945608
2013-05-13,0.848112868977006
2013-05-14,0.773228859919536
2013-05-15,0.708500317674869
2013-05-16,0.684103951231735
2013-05-17,0.676094762087101
2013-05-18,0.671715352736236
2013-05-19,0.685755204752685
2013-05-20,0.749953263307877
2013-05-21,0.732332488932195
2013-05-22,0.685751567378828
2013-05-23,0.677138685565778
2013-05-24,0.676977456849053
2013-05-25,0.677363691169732
2013-05-26,0.755070545921069
2013-05-27,0.992118633654634
2013-05-28,0.922107667646088
2013-05-29,0.774512036411111
2013-05-30,0.86565163195683
2013-05-31,1.91939485055538
2013-06-01,5.20766615886415
2013-06-02,5.18616420075312
2013-06-03,2.40524841759872
2013-06-04,1.25011998946727
2013-06-05,0.957744127664302
2013-06-06,0.811732103985774
2013-06-07,0.761138008666018
2013-06-08,0.736549722138853
2013-06-09,1.27545180393895
2013-06-10,7.12820605728104
2013-06-11,9.81659141924528
2013-06-12,4.10776624731581
2013-06-13,1.57331152344208
2013-06-14,1.08836369775979
2013-06-15,0.919596630974141
2013-06-16,0.850576359558951
2013-06-17,0.816528826527375
2013-06-18,0.791369650575371
2013-06-19,0.772211738189159
2013-06-20,0.767319556717736
2013-06-21,0.792556022142834
2013-06-22,0.778988210400985
2013-06-23,0.751316215314489
2013-06-24,0.78257758144905
2013-06-25,0.964398633755831
2013-06-26,0.930469907321606
2013-06-27,0.800614108333817
2013-06-28,0.749788505104434
2013-06-29,0.769684705276384
2013-06-30,0.893400522050734
2013-07-01,0.859357755603471
2013-07-02,0.76600897138223
2013-07-03,0.731407194163988
2013-07-04,0.726223317534084
2013-07-05,0.721889338414285
2013-07-06,0.716936670268381
2013-07-07,0.713248535530688
2013-07-08,0.71041962016671
2013-07-09,0.708030204038095
2013-07-10,0.705933628722608
2013-07-11,0.70405260268472
2013-07-12,0.702403241891213
2013-07-13,0.700907327367924
2013-07-14,0.69948882373159
2013-07-15,0.698136628325852
2013-07-16,0.696865071364077
2013-07-17,0.695652186189525
2013-07-18,0.694487371130662
2013-07-19,0.693379008141282
2013-07-20,0.692318322203145
2013-07-21,0.691291799824904
2013-07-22,0.690293404845294
2013-07-23,0.689315399248886
2013-07-24,0.688360212730701
2013-07-25,0.687439256980541
2013-07-26,0.686532798811642
2013-07-27,0.685623893115614
2013-07-28,0.684718090107943
2013-07-29,0.685565427828427
2013-07-30,0.690999797961503
2013-07-31,0.688195929999899
2013-08-01,0.682435519877975
2013-08-02,0.680069696481063
2013-08-03,0.679214418451959
2013-08-04,0.680482822987554
2013-08-05,0.687087935087143
2013-08-06,0.688475961387445
2013-08-07,0.698245672796946
2013-08-08,0.692591009950108
2013-08-09,0.702772738578537
2013-08-10,0.763152847820469
2013-08-11,0.739717473149922
2013-08-12,0.688024132603318
2013-08-13,0.671170155287819
2013-08-14,0.669323686584722
2013-08-15,0.668740226666336
2013-08-16,0.668242083714526
2013-08-17,0.667745610144485
2013-08-18,0.667221097430556
2013-08-19,0.668810553724926
2013-08-20,0.676011608498063
2013-08-21,0.673020588988143
2013-08-22,0.66636757853612
2013-08-23,0.663837078327456
2013-08-24,0.6719611649496
2013-08-25,0.747436529871253
2013-08-26,0.928885635885069
2013-08-27,0.860699688073186
2013-08-28,0.721584431543246
2013-08-29,0.673184880658493
2013-08-30,0.66298753899643
2013-08-31,0.65962193841878
2013-09-01,0.658294719478121
2013-09-02,0.65756346125883
2013-09-03,0.657021930943466
2013-09-04,0.656520449446961
2013-09-05,0.65600823171893
2013-09-06,0.655471372989886
2013-09-07,0.654908723529431
2013-09-08,0.679985711375734
2013-09-09,0.784506890193533
2013-09-10,0.785230080394843
2013-09-11,0.822889006746676
2013-09-12,0.885724939806878
2013-09-13,1.0690436121533
2013-09-14,0.935367457837481
2013-09-15,0.779211718287049
2013-09-16,0.913393369379626
2013-09-17,1.13011885081448
2013-09-18,1.28252682891051
2013-09-19,1.5263528636255
2013-09-20,1.17203643970386
2013-09-21,0.83702685289963
2013-09-22,0.714831071538459
2013-09-23,0.687170241084918
2013-09-24,0.675219876989386
2013-09-25,0.668672987582074
2013-09-26,0.6819793087796
2013-09-27,0.745620554106855
2013-09-28,0.727804453862648
2013-09-29,0.679817556342736
2013-09-30,0.662826273282643
2013-10-01,0.65989047194087
2013-10-02,0.658371205124625
2013-10-03,0.65707303885216
2013-10-04,0.65592542530186
2013-10-05,0.694273067568372
2013-10-06,0.866525599230203
2013-10-07,0.839284753286517
2013-10-08,0.71490343576458
2013-10-09,0.66706698301423
2013-10-10,0.754232323919808
2013-10-11,1.23635924901406
2013-10-12,1.14617577931616
2013-10-13,0.844561279692814
2013-10-14,0.723831504540054
2013-10-15,0.877628126706551
2013-10-16,1.98046391236484
2013-10-17,1.69003281233164
2013-10-18,0.985967364975894
2013-10-19,0.792002942731223
2013-10-20,0.712721918747313
2013-10-21,0.693079311395779
2013-10-22,0.68253441671398
2013-10-23,0.705208067713619
2013-10-24,0.818150818911661
2013-10-25,0.789414636941628
2013-10-26,0.707036888329321
2013-10-27,0.680859470569893
2013-10-28,0.697353086447579
2013-10-29,0.722493383501047
2013-10-30,0.703134912354706
2013-10-31,0.676517671210752
2013-11-01,0.672611286342577
2013-11-02,0.707288136509192
2013-11-03,0.793403267242067
2013-11-04,0.877036220678154
2013-11-05,0.839112931859481
2013-11-06,0.847770632904868
2013-11-07,0.890021891746832
2013-11-08,0.870155917970484
2013-11-09,1.06632941305271
2013-11-10,1.20971352348762
2013-11-11,2.21694723702291
2013-11-12,1.75393502474276
2013-11-13,1.02835782649826
2013-11-14,0.828911358641705
2013-11-15,0.765985274880899
2013-11-16,0.740705037122755
2013-11-17,0.721298321490463
2013-11-18,0.708739670164298
2013-11-19,0.719155747244829
2013-11-20,0.803458272208942
2013-11-21,0.840302905011114
2013-11-22,0.778729136021928
2013-11-23,0.803532120213625
2013-11-24,1.10143424041991
2013-11-25,1.08136744022813
2013-11-26,0.859399371117864
2013-11-27,0.751911341652097
2013-11-28,0.72170116768904
2013-11-29,0.722773095807705
2013-11-30,0.76452040701607
2013-12-01,0.750661787378628
2013-12-02,0.720298417829137
2013-12-03,0.724192167439804
2013-12-04,0.715385547303822
2013-12-05,0.72476611042356
2013-12-06,0.828665808792241
2013-12-07,0.850136371687345
2013-12-08,0.78311426523676
2013-12-09,0.730514301320303
2013-12-10,0.707282922528405
2013-12-11,0.697943052577754
2013-12-12,0.693462821494579
2013-12-13,0.69042469385718
2013-12-14,0.691370628662805
2013-12-15,0.703305656492959
2013-12-16,0.704682672411313
2013-12-17,0.698774456976032
2013-12-18,0.690155833771616
2013-12-19,0.687766721655803
2013-12-20,0.705783628393829
2013-12-21,0.721584303979924
2013-12-22,0.70526114256118
2013-12-23,0.68896717305717
2013-12-24,0.688825306509727
2013-12-25,0.694581253092303
2013-12-26,0.779000470833661
2013-12-27,1.04171966372941
2013-12-28,0.970748187154759
2013-12-29,0.79027230860093
2013-12-30,0.722599007753315
2013-12-31,0.701706364296384
2014-01-01,0.690997592545219
2014-01-02,0.685173659677765
2014-01-03,0.683582774063751
2014-01-04,0.74655429917559
2014-01-05,1.02706275188066
2014-01-06,1.05471640712397
2014-01-07,0.85168643676875
2014-01-08,0.737520913705632
2014-01-09,0.768294753029715
2014-01-10,1.03290787766701
2014-01-11,0.99444117913454
2014-01-12,0.902098834649469
2014-01-13,0.828944100199559
2014-01-14,0.996328501938957
2014-01-15,1.82427004690335
2014-01-16,1.52457392779784
2014-01-17,0.988465226119879
2014-01-18,0.853347695696703
2014-01-19,0.792095079583959
2014-01-20,0.785939684262757
2014-01-21,0.993247061035922
2014-01-22,1.21778575244861
2014-01-23,1.0635196841765
2014-01-24,0.971833484240236
2014-01-25,0.92596896233486
2014-01-26,0.931235992917547
2014-01-27,1.11277893494721
2014-01-28,1.17754165572075
2014-01-29,0.971570593669467
2014-01-30,0.812242365283672
2014-01-31,0.757965749048864
2014-02-01,0.739040848003853
2014-02-02,0.76450036623988
2014-02-03,0.909118260882927
2014-02-04,0.888444357361456
2014-02-05,0.814092104733073
2014-02-06,0.775276362822654
2014-02-07,0.744807805804793
2014-02-08,0.725687086953532
2014-02-09,0.716679191157385
2014-02-10,0.71132911923034
2014-02-11,0.707162607596016
2014-02-12,0.703585351525231
2014-02-13,0.736723671072111
2014-02-14,0.887655113574561
2014-02-15,0.885225677771569
2014-02-16,0.88882616170432
2014-02-17,0.824533086081109
2014-02-18,0.745446542742899
2014-02-19,0.713753965694078
2014-02-20,0.713379211772387
2014-02-21,0.771286747573332
2014-02-22,0.861712128114545
2014-02-23,0.810394555588387
2014-02-24,0.7309514873974
2014-02-25,0.701115418022036
2014-02-26,0.724222203096867
2014-02-27,0.873812847453113
2014-02-28,0.930346718311984
2014-03-01,0.816481722019174
2014-03-02,0.727242257027789
2014-03-03,0.698544833994207
2014-03-04,0.711652713403546
2014-03-05,0.795199704950497
2014-03-06,0.772089595033386
2014-03-07,0.709016108809596
2014-03-08,0.683909253364648
2014-03-09,0.676105216100126
2014-03-10,0.670665719450871
2014-03-11,0.666188577855274
2014-03-12,0.662412404658049
2014-03-13,0.658977879102126
2014-03-14,0.655764580151704
2014-03-15,0.652855983922867
2014-03-16,0.65058834792128
2014-03-17,0.648556808103335
2014-03-18,0.646301135704033
2014-03-19,0.643916945661059
2014-03-20,0.641722590210147
2014-03-21,0.639592226075478
2014-03-22,0.66417716348049
2014-03-23,0.808555833494009
2014-03-24,0.941810741523146
2014-03-25,0.826220375859816
2014-03-26,0.696032646999394
2014-03-27,0.654078243149157
2014-03-28,0.644243332835923
2014-03-29,0.639283302672748
2014-03-30,0.635819793106001
2014-03-31,0.633142069118763
2014-04-01,0.630977690669462
2014-04-02,0.629152235496193
2014-04-03,0.627517437422119
2014-04-04,0.626034624877053
2014-04-05,0.624773830986907
2014-04-06,0.623756882288967
2014-04-07,0.622875320015764
2014-04-08,0.623752650699289
2014-04-09,0.629511727900559
2014-04-10,0.626940086725534
2014-04-11,0.621244293665083
2014-04-12,0.618820687384078
2014-04-13,0.61788371597105
2014-04-14,0.617102002173503
2014-04-15,0.616435710994923
2014-04-16,0.615840056160915
2014-04-17,0.615225833206842
2014-04-18,0.627631168739929
2014-04-19,0.677375787158534
2014-04-20,0.663434769612886
2014-04-21,0.627653323195253
2014-04-22,0.624244904040133
2014-04-23,0.620240249755092
2014-04-24,0.612807592754331
2014-04-25,0.6100634395142
2014-04-26,0.617276323665654
2014-04-27,0.667384825607533
2014-04-28,0.746082259373393
2014-04-29,0.706480975209834
2014-04-30,0.636138959855378
2014-05-01,0.611649785797148
2014-05-02,0.614609338286237
2014-05-03,0.637653578838261
2014-05-04,0.630532716742911
2014-05-05,0.612590226936144
2014-05-06,0.606414085812429
2014-05-07,0.62053978348115
2014-05-08,0.686082971828738
2014-05-09,0.701649922456166
2014-05-10,0.64987906438731
2014-05-11,0.613665766785677
2014-05-12,0.608289136342413
2014-05-13,0.636432931836432
2014-05-14,0.705180718457555
2014-05-15,0.706390665263592
2014-05-16,0.647909620423932
2014-05-17,0.612270472720613
2014-05-18,0.603661372738339
2014-05-19,0.602095755872232
2014-05-20,0.60130368243465
2014-05-21,0.600706401027816
2014-05-22,0.60021913510094
2014-05-23,0.599831302416766
2014-05-24,0.599495391980281
2014-05-25,0.599155072742874
2014-05-26,0.598791842640032
2014-05-27,0.607880138866682
2014-05-28,0.643194290386093
2014-05-29,0.632790834662609
2014-05-30,0.60532782170772
2014-05-31,0.596378268064861
2014-06-01,0.595643637527215
2014-06-02,0.595668665613275
2014-06-03,0.596234983191871
2014-06-04,0.595809273100556
2014-06-05,0.594995974746242
2014-06-06,0.594524934930364
2014-06-07,0.594184552935503
2014-06-08,0.593831911312301
2014-06-09,0.5934711423475
2014-06-10,0.593110765947058
2014-06-11,0.592757320045514
2014-06-12,0.592406158777989
2014-06-13,0.59205391752177
2014-06-14,0.591699661045916
2014-06-15,0.591344765988401
2014-06-16,0.590989788588171
2014-06-17,0.590634665760941
2014-06-18,0.590280569706077
2014-06-19,0.589926541911889
2014-06-20,0.589572949152289
2014-06-21,0.589220947027607
2014-06-22,0.588870147881233
2014-06-23,0.589697237066282
2014-06-24,0.593603308466584
2014-06-25,0.591924362831862
2014-06-26,0.58825508612459
2014-06-27,0.586896414713835
2014-06-28,0.589098562183468
2014-06-29,0.602034751350988
2014-06-30,0.614797166341808
2014-07-01,0.607195839184207
2014-07-02,0.592135300611249
2014-07-03,0.585176059855006
2014-07-04,0.583826844684115
2014-07-05,0.583595727213912
2014-07-06,0.58346325506095
2014-07-07,0.583322547908337
2014-07-08,0.593000659996564
2014-07-09,0.636960816305034
2014-07-10,0.661496507700246
2014-07-11,0.659504362415718
2014-07-12,0.626307092239764
2014-07-13,0.60529335971252
2014-07-14,0.592026487757344
2014-07-15,0.582760608109488
2014-07-16,0.580000250245898
2014-07-17,0.579742495503807
2014-07-18,0.579688819630164
2014-07-19,0.579624277144879
2014-07-20,0.579528606112079
2014-07-21,0.647477579719218
2014-07-22,1.02915199055245
2014-07-23,1.15245215264646
2014-07-24,0.845496810219971
2014-07-25,0.651129799659709
2014-07-26,0.648970066931326
2014-07-27,0.838668517517536
2014-07-28,0.879294257869388
2014-07-29,1.14166742947355
2014-07-30,1.09207879671804
2014-07-31,1.23602028913758
2014-08-01,1.00701080645737
2014-08-02,0.724485986499791
2014-08-03,0.639691203577804
2014-08-04,0.683006428855509
2014-08-05,0.754610517374998
2014-08-06,0.697184882804496
2014-08-07,0.623118587561883
2014-08-08,0.59841748101872
2014-08-09,0.592766069652748
2014-08-10,0.643949775750188
2014-08-11,0.887189462433964
2014-08-12,0.846175417915359
2014-08-13,0.685278455477537
2014-08-14,0.659892815160962
2014-08-15,0.64713408274854
2014-08-16,0.659460742484708
2014-08-17,0.652254368985574
2014-08-18,0.617604421007258
2014-08-19,0.596179550707693
2014-08-20,0.595799330481968
2014-08-21,0.614991612612115
2014-08-22,0.608173566539698
2014-08-23,0.601229077182326
2014-08-24,0.630111162677536
2014-08-25,0.632487069296723
2014-08-26,0.654221489512934
2014-08-27,0.640211974574217
2014-08-28,0.63066451391398
2014-08-29,0.61229881223264
2014-08-30,0.594905483568416
2014-08-31,0.6870890331654
2014-09-01,1.21547892001862
2014-09-02,1.11319928097322
2014-09-03,0.751992956217949
2014-09-04,0.629131428334601
2014-09-05,0.604751402387558
2014-09-06,0.595290934110986
2014-09-07,0.590170894842617
2014-09-08,0.587219288325314
2014-09-09,0.585398623306249
2014-09-10,0.584141308490526
2014-09-11,0.59001313782666
2014-09-12,0.70646346273272
2014-09-13,1.20833961764597
2014-09-14,1.18772566055201
2014-09-15,0.816869380337595
2014-09-16,0.65053485798154
2014-09-17,0.609785233002621
2014-09-18,0.597282351427018
2014-09-19,0.591301545091542
2014-09-20,0.595500501287691
2014-09-21,0.69769525898611
2014-09-22,1.06391235049296
2014-09-23,0.966645955963898
2014-09-24,0.730823325269512
2014-09-25,0.723767242626647
2014-09-26,0.683513539672188
2014-09-27,0.622325620114798
2014-09-28,0.599171056683049
2014-09-29,0.593205942886133
2014-09-30,0.595797947790163
2014-10-01,0.614538699193495
2014-10-02,0.608125612906568
2014-10-03,0.592590277812639
2014-10-04,0.586852261771608
2014-10-05,0.585634995603497
2014-10-06,0.584890778491968
2014-10-07,0.584275386986228
2014-10-08,0.58383240076881
2014-10-09,0.58328164056053
2014-10-10,0.582531180148182
2014-10-11,0.581795110540698
2014-10-12,0.581171396691478
2014-10-13,0.596353412470884
2014-10-14,0.657480825950721
2014-10-15,0.644668179601249
2014-10-16,0.649598131931542
2014-10-17,0.801574057873015
2014-10-18,0.762825873560518
2014-10-19,0.640154937728705
2014-10-20,0.761688335356319
2014-10-21,1.90107520794311
2014-10-22,2.61001438373348
2014-10-23,2.57752861373067
2014-10-24,1.59025948843409
2014-10-25,0.958774590270465
2014-10-26,0.750380563879903
2014-10-27,0.662381811258621
2014-10-28,0.641016217591846
2014-10-29,0.643803871789227
2014-10-30,0.68990492107744
2014-10-31,0.673990807884971
2014-11-01,0.635854792886567
2014-11-02,0.620835354580317
2014-11-03,0.616436320197521
2014-11-04,0.613525997629576
2014-11-05,0.673697119787545
2014-11-06,0.969269000219087
2014-11-07,0.932236600100044
2014-11-08,0.727933052523726
2014-11-09,0.646478160049554
2014-11-10,0.627956184878459
2014-11-11,0.620623185531518
2014-11-12,0.618772958206421
2014-11-13,0.625798437365479
2014-11-14,0.624458384143413
2014-11-15,0.616330580393331
2014-11-16,0.611339376805097
2014-11-17,0.656626556068644
2014-11-18,0.984048336873369
2014-11-19,1.5519537446305
2014-11-20,1.27873017684733
2014-11-21,0.851307275647766
2014-11-22,0.699117092479544
2014-11-23,0.656538886110621
2014-11-24,0.640944905830247
2014-11-25,0.6323807196804
2014-11-26,0.627205731572454
2014-11-27,0.623939590144535
2014-11-28,0.621726018029516
2014-11-29,0.620047981768366
2014-11-30,0.619250863228588
2014-12-01,0.625751524248655
2014-12-02,0.654905106224123
2014-12-03,0.684560668671657
2014-12-04,0.661336350315502
2014-12-05,0.631949590217602
2014-12-06,0.639351005927042
2014-12-07,0.699398752727844
2014-12-08,0.734347114785057
2014-12-09,0.695950100995353
2014-12-10,0.64845726172653
2014-12-11,0.628556435914711
2014-12-12,0.622489269434295
2014-12-13,0.619452731578154
2014-12-14,0.625813509459918
2014-12-15,0.659898546171636
2014-12-16,0.672124047833841
2014-12-17,0.709631698174277
2014-12-18,0.868306388691957
2014-12-19,0.908751167844591
2014-12-20,1.04343785940527
2014-12-21,0.914563412656008
2014-12-22,0.728601530859996
2014-12-23,0.660627433820586
2014-12-24,0.642684478207957
2014-12-25,0.677486540504558
2014-12-26,0.854462515197861
2014-12-27,0.814178007054134
2014-12-28,0.691286372503957
2014-12-29,0.645939232080232
2014-12-30,0.635498067736768
2014-12-31,0.63035898956127
2015-01-01,0.626928535353291
2015-01-02,0.63693796818355
2015-01-03,0.98010756656638
2015-01-04,3.20368823359857
2015-01-05,2.87009524660553
2015-01-06,1.39642999511289
2015-01-07,0.947345992622354
2015-01-08,1.11162521218948
2015-01-09,2.53639619783514
2015-01-10,3.48892281816959
2015-01-11,3.38794326451367
2015-01-12,2.17673030774941
2015-01-13,1.28552766010572
2015-01-14,1.02026621014362
2015-01-15,1.15099202476198
2015-01-16,1.12188273611012
2015-01-17,1.37349505835793
2015-01-18,1.6328827993282
2015-01-19,1.2549310705684
2015-01-20,0.92805769614656
2015-01-21,0.818579368362478
2015-01-22,0.783245860666115
2015-01-23,0.764398020967097
2015-01-24,0.754073532234577
2015-01-25,0.752250570373803
2015-01-26,0.744633298760789
2015-01-27,0.744749653256834
2015-01-28,0.783132707318349
2015-01-29,0.887719239194549
2015-01-30,1.24492492795389
2015-01-31,1.14008826228333
2015-02-01,0.88196714234322
2015-02-02,0.782504720626401
2015-02-03,0.752997157934947
2015-02-04,0.737591232450518
2015-02-05,0.72740808551522
2015-02-06,0.720180087819259
2015-02-07,0.71458331523877
2015-02-08,0.709806383300694
2015-02-09,0.705419220222502
2015-02-10,0.70129594590464
2015-02-11,0.697314049103367
2015-02-12,0.693616248707365
2015-02-13,0.690215180440955
2015-02-14,0.686886809718637
2015-02-15,0.683759758424779
2015-02-16,0.680986524840251
2015-02-17,0.678370385171083
2015-02-18,0.67587489261939
2015-02-19,0.673549818081604
2015-02-20,0.683387021835
2015-02-21,0.745162787721953
2015-02-22,0.797435948104584
2015-02-23,0.74989157478582
2015-02-24,0.80584072862591
2015-02-25,1.38148884160864
2015-02-26,1.42523119211378
2015-02-27,1.00233680768306
2015-02-28,0.825209742546996
2015-03-01,1.16018276860842
2015-03-02,2.65727419463636
2015-03-03,3.19581960573369
2015-03-04,2.1865859245338
2015-03-05,1.35762324749603
2015-03-06,1.00730598924227
2015-03-07,0.843146816071106
2015-03-08,0.780468677519274
2015-03-09,0.752341585053226
2015-03-10,0.735408712304599
2015-03-11,0.724472393904629
2015-03-12,0.716560463078598
2015-03-13,0.709768459358604
2015-03-14,0.703765655258257
2015-03-15,0.698377171238716
2015-03-16,0.693253024444147
2015-03-17,0.687874349874558
2015-03-18,0.682234226076544
2015-03-19,0.676722032709021
2015-03-20,0.671651246349955
2015-03-21,0.696106969494864
2015-03-22,0.812461678517777
2015-03-23,0.786554571376435
2015-03-24,0.703298734269249
2015-03-25,0.670770748387447
2015-03-26,0.661695816946036
2015-03-27,0.656875600159835
2015-03-28,0.65341229473578
2015-03-29,0.753531667852294
2015-03-30,1.32928441531573
2015-03-31,1.42160621264021
2015-04-01,1.29234049285614
2015-04-02,1.11144850377442
2015-04-03,1.23347054186857
2015-04-04,1.16538353110035
2015-04-05,1.22067134052348
2015-04-06,1.01841418968113
2015-04-07,0.799976152067759
2015-04-08,0.719626575931246
2015-04-09,0.693794638082072
2015-04-10,0.678835930676751
2015-04-11,0.668121233589773
2015-04-12,0.660300666141376
2015-04-13,0.65429528527255
2015-04-14,0.649315040796497
2015-04-15,0.644974205333665
2015-04-16,0.641043815524043
2015-04-17,0.745905473061236
2015-04-18,1.33888727577178
2015-04-19,1.22929552785625
2015-04-20,0.82841935448335
2015-04-21,0.690115706092997
2015-04-22,0.659445928852921
2015-04-23,0.646211529587061
2015-04-24,0.638754498694424
2015-04-25,0.634129323651284
2015-04-26,0.63139464830017
2015-04-27,0.793133458383868
2015-04-28,1.89439189579452
2015-04-29,1.87911053487684
2015-04-30,1.16464413752742
2015-05-01,1.80327655305581
2015-05-02,6.06570018190358
2015-05-03,4.99078554430765
2015-05-04,2.34441316883393
2015-05-05,1.44064660142419
2015-05-06,1.9575099562597
2015-05-07,1.89024579861874
2015-05-08,1.24089268131331
2015-05-09,0.926595800322151
2015-05-10,0.801232095945202
2015-05-11,0.762406830885153
2015-05-12,0.735896496956193
2015-05-13,0.71663618697875
2015-05-14,0.837767419059941
2015-05-15,1.67903396278264
2015-05-16,2.05257637392891
2015-05-17,1.34680605664543
2015-05-18,0.928546204293602
2015-05-19,0.947564940192242
2015-05-20,1.95380056459049
2015-05-21,2.34746344456684
2015-05-22,1.47244643821867
2015-05-23,0.979434484552234
2015-05-24,0.81049751977497
2015-05-25,0.792354534884613
2015-05-26,0.956295187399458
2015-05-27,0.900419477161581
2015-05-28,0.770344191811679
2015-05-29,0.718038295168422
2015-05-30,0.701140952320336
2015-05-31,0.691588836562239
2015-06-01,0.684669520464777
2015-06-02,0.679044387420291
2015-06-03,0.674360784475509
2015-06-04,0.670351751225335
2015-06-05,0.666902316367302
2015-06-06,0.696211329102318
2015-06-07,0.867410715200579
2015-06-08,1.03493013127487
2015-06-09,1.01314529110274
2015-06-10,0.834413995481574
2015-06-11,0.715911427718791
2015-06-12,0.679125011003079
2015-06-13,0.67583772654322
2015-06-14,0.819124595057029
2015-06-15,1.52987435967985
2015-06-16,1.613857065272
2015-06-17,1.0668510468576
2015-06-18,0.874984812559679
2015-06-19,1.16663395910641
2015-06-20,1.0435657902266
2015-06-21,0.836285213425493
2015-06-22,0.996960620830932
2015-06-23,1.42436754780337
2015-06-24,1.17714108103785
2015-06-25,0.839743140837872
2015-06-26,0.725799081185158
2015-06-27,0.76718653446301
2015-06-28,1.06489500260705
2015-06-29,0.985212408854552
2015-06-30,0.772768060749337
2015-07-01,0.695453547759974
2015-07-02,0.676932873407783
2015-07-03,0.668253292528386
2015-07-04,0.66315619636525
2015-07-05,0.659893885263577
2015-07-06,0.657886501808281
2015-07-07,0.656455221353988
2015-07-08,0.655293864712654
2015-07-09,0.654339630216852
2015-07-10,0.653415938592046
2015-07-11,0.652437152471074
2015-07-12,0.651428288818661
2015-07-13,0.650489309778538
2015-07-14,0.649677586566213
2015-07-15,0.648907835828547
2015-07-16,0.648130061708838
2015-07-17,0.647351275557289
2015-07-18,0.6465954888317
2015-07-19,0.645887559488499
2015-07-20,0.645209311287724
2015-07-21,0.644540394660441
2015-07-22,0.656514345604667
2015-07-23,0.707070228614065
2015-07-24,0.703011696349934
2015-07-25,0.662560673277699
2015-07-26,0.642972455047491
2015-07-27,0.639491848638459
2015-07-28,0.639003716673343
2015-07-29,0.638688069908057
2015-07-30,0.638364321718911
2015-07-31,0.637987685455877
2015-08-01,0.637554736737501
2015-08-02,0.637090414180293
2015-08-03,0.636598404607451
2015-08-04,0.636079435321798
2015-08-05,0.635544624377146
2015-08-06,0.635001329399416
2015-08-07,0.634451310432435
2015-08-08,0.633897338055217
2015-08-09,0.633342514913643
2015-08-10,0.632788190262977
2015-08-11,0.632235136079871
2015-08-12,0.631682774957333
2015-08-13,0.631130740330934
2015-08-14,0.632667141536189
2015-08-15,0.656963666557701
2015-08-16,0.726945941640883
2015-08-17,0.720105338577852
2015-08-18,0.66144132701718
2015-08-19,0.631827194172669
2015-08-20,0.626153980725068
2015-08-21,0.625481137260157
2015-08-22,0.625211839258149
2015-08-23,0.62499033421682
2015-08-24,0.624801863885999
2015-08-25,0.624519568394143
2015-08-26,0.624160724736261
2015-08-27,0.623776184356278
2015-08-28,0.623366933721436
2015-08-29,0.622934741438556
2015-08-30,0.622485176371475
2015-08-31,0.622022483892216
2015-09-01,0.621775179563447
2015-09-02,0.622105738594784
2015-09-03,0.622573144200349
2015-09-04,0.625785338429257
2015-09-05,0.624100958689745
2015-09-06,0.621451512536864
2015-09-07,0.619577242458428
2015-09-08,0.618177557419861
2015-09-09,0.617473407849512
2015-09-10,0.617039428513608
2015-09-11,0.616610915376344
2015-09-12,0.616171049633061
2015-09-13,0.615722825184092
2015-09-14,0.618835693922961
2015-09-15,0.631436319681555
2015-09-16,0.62700653379433
2015-09-17,0.616471776461841
2015-09-18,0.613756084443241
2015-09-19,0.615645664750901
2015-09-20,0.614451288050015
2015-09-21,0.61220194599527
2015-09-22,0.61362914488669
2015-09-23,0.622705072626437
2015-09-24,0.622869316347189
2015-09-25,0.614860833199497
2015-09-26,0.609987140868695
2015-09-27,0.6088194568768
2015-09-28,0.608504210498194
2015-09-29,0.608204126195298
2015-09-30,0.607873998303509
2015-10-01,0.607520316667854
2015-10-02,0.607148187668007
2015-10-03,0.606762003871379
2015-10-04,0.606425519629261
2015-10-05,0.606237086240962
2015-10-06,0.612296414182013
2015-10-07,0.647494615872942
2015-10-08,0.684323453984257
2015-10-09,0.652798722384704
2015-10-10,0.613658350660111
2015-10-11,0.602489269635865
2015-10-12,0.601618574998771
2015-10-13,0.621933087809174
2015-10-14,0.712072850365651
2015-10-15,0.728163640333681
2015-10-16,0.666183010035598
2015-10-17,0.658579065207896
2015-10-18,0.665297991984651
2015-10-19,0.6386817325124
2015-10-20,0.611908121780667
2015-10-21,0.601981621711401
2015-10-22,0.600068233450878
2015-10-23,0.599698361556481
2015-10-24,0.599511147175086
2015-10-25,0.599338409606933
2015-10-26,0.599151371987419
2015-10-27,0.598941940384189
2015-10-28,0.598704616634577
2015-10-29,0.59921702484665
2015-10-30,0.601739807801419
2015-10-31,0.600580311447462
2015-11-01,0.59808381595889
2015-11-02,0.597059466680682
2015-11-03,0.596685883778037
2015-11-04,0.596338113637275
2015-11-05,0.595968233775932
2015-11-06,0.595588327573218
2015-11-07,0.595216180899302
2015-11-08,0.594836725931284
2015-11-09,0.594444161384926
2015-11-10,0.594048182380658
2015-11-11,0.593653512191126
2015-11-12,0.593261662364588
2015-11-13,0.59372051202485
2015-11-14,0.596399644055815
2015-11-15,0.595094004139789
2015-11-16,0.592353437017442
2015-11-17,0.591248849939207
2015-11-18,0.590880700906303
2015-11-19,0.593076550385701
2015-11-20,0.776096945568613
2015-11-21,2.0285273792529
2015-11-22,1.86338029152839
2015-11-23,1.00378296626262
2015-11-24,0.746450247277873
2015-11-25,0.64886751895877
2015-11-26,0.663695614859141
2015-11-27,0.662332739950593
2015-11-28,0.637008013988046
2015-11-29,0.636730978326922
2015-11-30,0.692643019122999
2015-12-01,0.90862084280828
2015-12-02,0.950514073520129
2015-12-03,0.772683917539718
2015-12-04,0.661018452038358
2015-12-05,0.641536256647112
2015-12-06,0.629666892612665
2015-12-07,0.616990667396996
2015-12-08,0.613953074780583
2015-12-09,0.654324244662555
2015-12-10,0.792323294286508
2015-12-11,0.755017824095163
2015-12-12,0.6548829469926
2015-12-13,0.62004623027471
2015-12-14,0.613937217288616
2015-12-15,0.61137246806899
2015-12-16,0.663416018374181
2015-12-17,0.905283003979895
2015-12-18,0.857501972805578
2015-12-19,0.690449407489861
2015-12-20,0.631436599109047
2015-12-21,0.628724807819798
2015-12-22,0.65531542759526
2015-12-23,0.644758190887609
2015-12-24,0.621350125336446
2015-12-25,0.612513127085035
2015-12-26,0.610334197967692
2015-12-27,0.608998766138751
2015-12-28,0.607914082015052
2015-12-29,0.607004194669106
2015-12-30,0.606224774362479
2015-12-31,0.632203431196253
2016-01-01,0.744719269087664
2016-01-02,0.788733819131245
2016-01-03,1.00398918555355
2016-01-04,1.1830464695551
2016-01-05,1.01660962752097
2016-01-06,0.826326205460439
2016-01-07,0.839875964948237
2016-01-08,1.05145519251845
2016-01-09,1.28141910267316
2016-01-10,1.33761661668756
2016-01-11,2.45118332673947
2016-01-12,2.55353949110319
2016-01-13,2.09103915595899
2016-01-14,1.39770565720668
2016-01-15,0.964334784751484
2016-01-16,0.800008617191373
2016-01-17,0.735587200331323
2016-01-18,0.706752092610414
2016-01-19,0.691807482615096
2016-01-20,0.683337300687503
2016-01-21,0.677479225479336
2016-01-22,0.673019592178672
2016-01-23,0.676954487363689
2016-01-24,0.702709760428704
2016-01-25,0.708582816609389
2016-01-26,0.746798282951157
2016-01-27,0.746709397361428
2016-01-28,0.79645492879309
2016-01-29,1.20069250797172
2016-01-30,1.26763234653356
2016-01-31,2.02847764567947
2016-02-01,3.32231486680541
2016-02-02,2.14871223625174
2016-02-03,1.51112456380232
2016-02-04,1.966820929564
2016-02-05,1.8605182967415
2016-02-06,1.24227333016652
2016-02-07,0.93015965840473
2016-02-08,0.849220701953253
2016-02-09,0.935857069118106
2016-02-10,0.915331736917868
2016-02-11,0.822149198137805
2016-02-12,0.768161415493244
2016-02-13,0.787566932044405
2016-02-14,1.0005250903341
2016-02-15,1.21422169095218
2016-02-16,1.03685786209857
2016-02-17,0.840852285108184
2016-02-18,0.771926698566743
2016-02-19,0.749162102504767
2016-02-20,0.801387019477202
2016-02-21,1.08320238837337
2016-02-22,1.02010700878542
2016-02-23,0.903349298975745
2016-02-24,1.2189847046819
2016-02-25,1.4667881284446
2016-02-26,1.19573957555519
2016-02-27,0.911395617117097
2016-02-28,0.800925820853274
2016-02-29,0.924549681320072
2016-03-01,1.61247546989618
2016-03-02,1.64415794088824
2016-03-03,2.14439415359851
2016-03-04,1.86465368615606
2016-03-05,1.35154322551033
2016-03-06,1.49844906663196
2016-03-07,1.31275698267388
2016-03-08,0.990329794329946
2016-03-09,0.845133794444899
2016-03-10,0.796120944434903
2016-03-11,0.772385358427183
2016-03-12,0.757786547928001
2016-03-13,0.748308591573832
2016-03-14,0.741081554046882
2016-03-15,0.734539083165469
2016-03-16,0.734172152201311
2016-03-17,0.749979911918051
2016-03-18,0.742097961218079
2016-03-19,0.72444016969658
2016-03-20,0.71452812274776
2016-03-21,0.708631239977731
2016-03-22,0.70363390695391
2016-03-23,0.699107795073246
2016-03-24,0.69496421478995
2016-03-25,0.748111623915404
2016-03-26,1.00456566087767
2016-03-27,0.954297563031265
2016-03-28,0.779442173122179
2016-03-29,0.713796097111014
2016-03-30,0.697418699720256
2016-03-31,0.68912069121312
2016-04-01,0.681977648545329
2016-04-02,0.675810578222571
2016-04-03,0.670466877837045
2016-04-04,0.665245939233345
2016-04-05,0.660928247846374
2016-04-06,0.658070134041332
2016-04-07,0.655584784673817
2016-04-08,0.653496019339374
2016-04-09,0.651659972458522
2016-04-10,0.649795185203107
2016-04-11,0.647564191304456
2016-04-12,0.65540735173962
2016-04-13,0.692175220789115
2016-04-14,0.682039953933416
2016-04-15,0.708961520281981
2016-04-16,0.968252991592858
2016-04-17,1.09085569436929
2016-04-18,1.28981343561106
2016-04-19,1.06314481951585
2016-04-20,0.787211289545074
2016-04-21,0.69165947880584
2016-04-22,0.665787033894436
2016-04-23,0.6956888827609
2016-04-24,0.864824980847571
2016-04-25,0.822314957474346
2016-04-26,0.788848127740291
2016-04-27,1.14235391400841
2016-04-28,1.04214676678672
2016-04-29,0.777198668717631
2016-04-30,0.682199550460705
2016-05-01,0.68461533977228
2016-05-02,0.771587837081932
2016-05-03,0.751637974449835
2016-05-04,0.716674581725996
2016-05-05,0.68133008006588
2016-05-06,0.650948520817172
2016-05-07,0.638204233711531
2016-05-08,0.633258553867545
2016-05-09,0.629898414507996
2016-05-10,0.627325969362721
2016-05-11,0.62540129652357
2016-05-12,0.691583757102869
2016-05-13,1.0964467524608
2016-05-14,1.46616759256644
2016-05-15,1.41906733612906
2016-05-16,1.04611164269282
2016-05-17,0.891294988660208
2016-05-18,0.776186345578039
2016-05-19,0.739500358174141
2016-05-20,0.91671718791874
2016-05-21,0.853111334244378
2016-05-22,0.706279915097421
2016-05-23,0.762757215787819
2016-05-24,1.31779511501661
2016-05-25,1.27100864514977
2016-05-26,0.875937586649743
2016-05-27,0.70520866615347
2016-05-28,0.663618508488167
2016-05-29,0.889159081997333
2016-05-30,2.39907215378224
2016-05-31,2.27636327511331
2016-06-01,2.47845696865765
2016-06-02,2.02727251046479
2016-06-03,1.2552748593706
2016-06-04,1.06932668668588
2016-06-05,0.961001044332667
2016-06-06,1.01941808279212
2016-06-07,0.906345870036159
2016-06-08,0.958600862194593
2016-06-09,1.94114998401788
2016-06-10,1.63435424965594
2016-06-11,1.04399020621705
2016-06-12,1.1025067231757
2016-06-13,1.31698398562888
2016-06-14,1.45294910115776
2016-06-15,1.12538418723833
2016-06-16,1.21815664967827
2016-06-17,3.29078318120566
2016-06-18,2.54692641931581
2016-06-19,1.6169395442173
2016-06-20,1.34573568302112
2016-06-21,1.0341599309349
2016-06-22,0.837689702439887
2016-06-23,0.75626537309919
2016-06-24,0.723422779517296
2016-06-25,0.703982568432911
2016-06-26,0.69307220476517
2016-06-27,0.68606205858947
2016-06-28,0.679976246687419
2016-06-29,0.710587282430076
2016-06-30,0.879642092002248
2016-07-01,0.931948125936742
2016-07-02,0.815967032573325
2016-07-03,0.775704259192649
2016-07-04,0.732904894100607
2016-07-05,0.687779855883998
2016-07-06,0.669039200183175
2016-07-07,0.662457790266881
2016-07-08,0.658268271445551
2016-07-09,0.654978752267146
2016-07-10,0.652397021732985
2016-07-11,0.69434164106245
2016-07-12,0.991613790043282
2016-07-13,1.62183307010641
2016-07-14,1.92502328415667
2016-07-15,1.3609803403924
2016-07-16,0.918199523511779
2016-07-17,0.751974228712207
2016-07-18,0.690562572827357
2016-07-19,0.672756865605722
2016-07-20,0.663285229450399
2016-07-21,0.658209541178038
2016-07-22,0.655398262418732
2016-07-23,0.66138989478092
2016-07-24,0.689654244881973
2016-07-25,0.694684090915284
2016-07-26,0.746565767120999
2016-07-27,0.836714820876213
2016-07-28,0.889159917477048
2016-07-29,0.78703199879934
2016-07-30,0.689178956113501
2016-07-31,0.660914051599055
2016-08-01,0.664345686380636
2016-08-02,0.658431624287154
2016-08-03,0.649215748203524
2016-08-04,0.754186710883702
2016-08-05,1.47333738534681
2016-08-06,1.88508343259593
2016-08-07,1.25075142946988
2016-08-08,0.887016694974574
2016-08-09,0.908952757502881
2016-08-10,0.831213926059589
2016-08-11,0.721374055142914
2016-08-12,0.697048758953857
2016-08-13,0.680887228188424
2016-08-14,0.662594752963583
2016-08-15,0.654023803937127
2016-08-16,0.650329259962507
2016-08-17,0.6479597889482
2016-08-18,0.646375555600088
2016-08-19,0.645296907524183
2016-08-20,0.651213196322292
2016-08-21,0.676189914352065
2016-08-22,0.668471793403709
2016-08-23,0.648408721236076
2016-08-24,0.641091446229395
2016-08-25,0.639568591849948
2016-08-26,0.63853946673935
2016-08-27,0.637585029667295
2016-08-28,0.636727839859437
2016-08-29,0.639205569240256
2016-08-30,0.650335313805892
2016-08-31,0.646275111041456
2016-09-01,0.636646804557208
2016-09-02,0.633144345398157
2016-09-03,0.632391236999348
2016-09-04,0.631836863804968
2016-09-05,0.631324625485411
2016-09-06,0.630823342246578
2016-09-07,0.630280960110305
2016-09-08,0.629702635275103
2016-09-09,0.629107769389086
2016-09-10,0.628513915541005
2016-09-11,0.627927552181665
2016-09-12,0.627349530055764
2016-09-13,0.626777864399324
2016-09-14,0.626212599567824
2016-09-15,0.625655156901985
2016-09-16,0.635859836679059
2016-09-17,0.694261502299883
2016-09-18,0.81320348035815
2016-09-19,1.04218718124128
2016-09-20,0.972956130930668
2016-09-21,0.757538715709333
2016-09-22,0.658182095725879
2016-09-23,0.634022466669391
2016-09-24,0.6274948129189
2016-09-25,0.624619576951218
2016-09-26,0.623148804050325
2016-09-27,0.622320054234656
2016-09-28,0.621782304744066
2016-09-29,0.621351577028815
2016-09-30,0.620939844341635
2016-10-01,0.620522873649717
2016-10-02,0.622684756277748
2016-10-03,0.631671797213517
2016-10-04,0.628518710513843
2016-10-05,0.620948493641268
2016-10-06,0.618266715576812
2016-10-07,0.617786431541323
2016-10-08,0.617773059003873
2016-10-09,0.618577902140341
2016-10-10,0.617800592079432
2016-10-11,0.61745869523474
2016-10-12,0.620393891544741
2016-10-13,0.618821262124529
2016-10-14,0.615535509978177
2016-10-15,0.614189145652806
2016-10-16,0.613694696563014
2016-10-17,0.624260968835554
2016-10-18,0.670106246675072
2016-10-19,0.676179668645697
2016-10-20,0.649566281262383
2016-10-21,0.639108115961223
2016-10-22,0.632017364330435
2016-10-23,0.625369805160445
2016-10-24,0.655788841191541
2016-10-25,0.71570303347846
2016-10-26,0.714622745539872
2016-10-27,0.656824460229918
2016-10-28,0.619623693917237
2016-10-29,0.610368444258354
2016-10-30,0.608967627900308
2016-10-31,0.608446489378753
2016-11-01,0.608109765199069
2016-11-02,0.607836353712435
2016-11-03,0.607594219644399
2016-11-04,0.607332289023831
2016-11-05,0.640737886247677
2016-11-06,0.805236056902301
2016-11-07,0.862157327374226
2016-11-08,0.735581044131437
2016-11-09,0.652389660126559
2016-11-10,0.700843801583288
2016-11-11,0.851464365914835
2016-11-12,0.867825730202168
2016-11-13,0.734217301629143
2016-11-14,0.645392346583363
2016-11-15,0.654170466669179
2016-11-16,0.835076691549373
2016-11-17,1.02650939757821
2016-11-18,0.979698151634235
2016-11-19,1.33114589939249
2016-11-20,1.5168864453171
2016-11-21,1.07844116344033
2016-11-22,0.783480540141694
2016-11-23,0.676622562483661
2016-11-24,0.652138857484636
2016-11-25,0.641423242808099
2016-11-26,0.641947931951149
2016-11-27,0.661479615424157
2016-11-28,0.653768232522851
2016-11-29,0.636480998880041
2016-11-30,0.629837867462116
2016-12-01,0.628032849342195
2016-12-02,0.626815171704791
2016-12-03,0.62582395559312
2016-12-04,0.624952301537823
2016-12-05,0.624159997638889
2016-12-06,0.623408667156216
2016-12-07,0.622653183953036
2016-12-08,0.621921588256341
2016-12-09,0.621176274939297
2016-12-10,0.620389940750736
2016-12-11,0.622571130688245
2016-12-12,0.632875824111723
2016-12-13,0.629463531800491
2016-12-14,0.620896734489759
2016-12-15,0.61762981473753
2016-12-16,0.61678581154073
2016-12-17,0.616158456133476
2016-12-18,0.615558554235728
2016-12-19,0.615007580720138
2016-12-20,0.614481062646431
2016-12-21,0.613951664352804
2016-12-22,0.613403801423182
2016-12-23,0.613051679557717
2016-12-24,0.614138375856891
2016-12-25,0.616406324960182
2016-12-26,0.617434776884576
2016-12-27,0.625241011570192
2016-12-28,0.621259552744185
2016-12-29,0.612933257357313
2016-12-30,0.609836101716372
2016-12-31,0.60910976186452
2017-01-01,0.608571171394773
2017-01-02,0.608014898227404
2017-01-03,0.607454228707756
2017-01-04,0.606914723237767
2017-01-05,0.606418010360088
2017-01-06,0.605914514240463
2017-01-07,0.605419457859818
2017-01-08,0.604935180688234
2017-01-09,0.604442390899105
2017-01-10,0.603947466892333
2017-01-11,0.605682856132686
2017-01-12,0.672745449633058
2017-01-13,0.96280067685202
2017-01-14,0.943695754497579
2017-01-15,0.733297934584981
2017-01-16,0.64095446108962
2017-01-17,0.620202986921132
2017-01-18,0.613802426926296
2017-01-19,0.610529475813199
2017-01-20,0.608589092358263
2017-01-21,0.607333054364156
2017-01-22,0.606441903606096
2017-01-23,0.605739910991265
2017-01-24,0.605127289697044
2017-01-25,0.604562267638672
2017-01-26,0.60401530078349
2017-01-27,0.603446106386342
2017-01-28,0.602857589575438
2017-01-29,0.602237538647408
2017-01-30,0.601581535564741
2017-01-31,0.689676165489989
2017-02-01,1.18759348375923
2017-02-02,1.22849542841089
2017-02-03,0.918824190604449
2017-02-04,0.782426103215642
2017-02-05,0.705421157388033
2017-02-06,0.651384888644779
2017-02-07,0.629771373653181
2017-02-08,0.621634704966686
2017-02-09,0.617068291171787
2017-02-10,0.614395540844993
2017-02-11,0.612601155669642
2017-02-12,0.611116354417202
2017-02-13,0.609886985111787
2017-02-14,0.608822122098685
2017-02-15,0.607761272218972
2017-02-16,0.616262838250032
2017-02-17,0.698553535130795
2017-02-18,0.898152676047725
2017-02-19,0.828355354402808
2017-02-20,0.711784417855302
2017-02-21,0.839496676501103
2017-02-22,1.00906669061626
2017-02-23,0.860970593334089
2017-02-24,0.696745996704015
2017-02-25,0.647401680526097
2017-02-26,0.632025083657387
2017-02-27,0.636541290673763
2017-02-28,0.713920283958267
2017-03-01,0.830458141007623
2017-03-02,0.877204788330319
2017-03-03,0.763335337624048
2017-03-04,0.663250350757532
2017-03-05,0.649787942555196
2017-03-06,0.753523735663296
2017-03-07,0.915504963284203
2017-03-08,1.03085523929487
2017-03-09,1.53681319346482
2017-03-10,2.2836783335881
2017-03-11,1.56571202321762
2017-03-12,0.945561635263279
2017-03-13,0.756159575389557
2017-03-14,0.67936749777062
2017-03-15,0.657004389239459
2017-03-16,0.643943492112316
2017-03-17,0.6355684962085
2017-03-18,0.68712304905174
2017-03-19,0.938266188008365
2017-03-20,0.886336617158101
2017-03-21,0.723916258319372
2017-03-22,0.701202093401193
2017-03-23,0.687047555833509
2017-03-24,0.653225224252933
2017-03-25,0.633658466632208
2017-03-26,0.62600148046522
2017-03-27,0.621434976209543
2017-03-28,0.61756204829129
2017-03-29,0.614013033025447
2017-03-30,0.610861937449581
2017-03-31,0.608037056624505
2017-04-01,0.605392894946404
2017-04-02,0.603216357506282
2017-04-03,0.602009241538324
2017-04-04,0.622084586621446
2017-04-05,0.704405054579437
2017-04-06,0.684440042394585
2017-04-07,0.623918510632616
2017-04-08,0.60242361011157
2017-04-09,0.598470996749791
2017-04-10,0.596229542065072
2017-04-11,0.59451010360614
2017-04-12,0.593181323264602
2017-04-13,0.591989562910797
2017-04-14,0.590953938570607
2017-04-15,0.590128334297896
2017-04-16,0.603379713432387
2017-04-17,0.6798280398228
2017-04-18,0.774091966384835
2017-04-19,0.764024191967845
2017-04-20,0.68819058898004
2017-04-21,0.626553033709182
2017-04-22,0.599622594028145
2017-04-23,0.592068586726405
2017-04-24,0.5897286499887
2017-04-25,0.749245326352908
2017-04-26,1.87396946873869
2017-04-27,2.33160758422249
2017-04-28,2.57963675985653
2017-04-29,1.98001946753188
2017-04-30,1.14297532761845
2017-05-01,1.04625389948164
2017-05-02,2.27297282083727
2017-05-03,1.79467339239716
2017-05-04,1.00308696800784
2017-05-05,0.795756241495617
2017-05-06,0.702399941706707
2017-05-07,0.794717289565999
2017-05-08,1.54577138550193
2017-05-09,2.36426919689617
2017-05-10,1.58217401265853
2017-05-11,0.959319523655572
2017-05-12,0.768700638460665
2017-05-13,0.690084832835505
2017-05-14,0.667768417787443
2017-05-15,0.655320300618346
2017-05-16,0.646316356707095
2017-05-17,0.638338431312477
2017-05-18,0.6312264438366
2017-05-19,0.710805488418108
2017-05-20,1.13508705166218
2017-05-21,1.05185634464982
2017-05-22,0.760031940092076
2017-05-23,0.656181972888941
2017-05-24,0.632851066274637
2017-05-25,0.622819635497726
2017-05-26,0.616974998210216
2017-05-27,0.612933485998731
2017-05-28,0.609835710772712
2017-05-29,0.607394497275153
2017-05-30,0.612583790624001
2017-05-31,0.637565112063106
2017-06-01,0.629554870607935
2017-06-02,0.609349288919966
2017-06-03,0.623146081661354
2017-06-04,0.704822706100569
2017-06-05,0.683852707887443
2017-06-06,0.641093572954935
2017-06-07,0.688945827493424
2017-06-08,0.668774869502948
2017-06-09,0.622306417559339
2017-06-10,0.616695037115358
2017-06-11,0.610886477000609
2017-06-12,0.601452628293654
2017-06-13,0.597991366287333
2017-06-14,0.597203258044085
2017-06-15,0.596665685412593
2017-06-16,0.596200618810851
2017-06-17,0.595792703996254
2017-06-18,0.595415782434887
2017-06-19,0.595029911225497
2017-06-20,0.598148844128661
2017-06-21,0.610680598155263
2017-06-22,0.606458334917512
2017-06-23,0.596127354531508
2017-06-24,0.592618906899638
2017-06-25,0.592171827257407
2017-06-26,0.591934040699993
2017-06-27,0.591684514100242
2017-06-28,0.616006664608623
2017-06-29,0.716065904371236
2017-06-30,0.691011375224897
2017-07-01,0.615890302634872
2017-07-02,0.594274734292465
2017-07-03,0.603450751494078
2017-07-04,0.59968242004796
2017-07-05,0.59093789219124
2017-07-06,0.588024283244673
2017-07-07,0.587716762634068
2017-07-08,0.587642118581865
2017-07-09,0.591146797594843
2017-07-10,0.608695694221683
2017-07-11,0.621514443488174
2017-07-12,0.606241408407169
2017-07-13,0.590098201149723
2017-07-14,0.592425093371766
2017-07-15,0.616911001544384
2017-07-16,0.609599404469441
2017-07-17,0.590610701627878
2017-07-18,0.584427351154006
2017-07-19,0.583951525808692
2017-07-20,0.58386580298991
2017-07-21,0.58376532754906
2017-07-22,0.584609986309063
2017-07-23,0.587943410864117
2017-07-24,0.594101099854456
2017-07-25,0.645229722909775
2017-07-26,0.793297943131678
2017-07-27,0.985764304852172
2017-07-28,0.957275765935779
2017-07-29,0.75253067192639
2017-07-30,0.667160705627408
2017-07-31,0.775150661967278
2017-08-01,0.760004059628823
2017-08-02,0.774864960493313
2017-08-03,0.718868966708909
2017-08-04,0.676509974224643
2017-08-05,0.634491201597069
2017-08-06,0.599654949123976
2017-08-07,0.587340567374634
2017-08-08,0.613848845412473
2017-08-09,0.743652817378389
2017-08-10,0.783099259647549
2017-08-11,0.759780894448273
2017-08-12,0.698487234165396
2017-08-13,0.630003085070821
2017-08-14,0.596691665753203
2017-08-15,0.641674881156374
2017-08-16,0.877148662133626
2017-08-17,0.823582446540396
2017-08-18,0.699509524011533
2017-08-19,0.805992223300981
2017-08-20,0.753059777700376
2017-08-21,0.638156206012609
2017-08-22,0.59723592265693
2017-08-23,0.589051405621201
2017-08-24,0.585702747913837
2017-08-25,0.583840520982665
2017-08-26,0.582696635723584
2017-08-27,0.581948294108017
2017-08-28,0.581539875939485
2017-08-29,0.581191172636081
2017-08-30,0.580782018541645
2017-08-31,0.732108161287166
2017-09-01,1.88303398335901
2017-09-02,2.31998635100354
2017-09-03,1.33034606514063
2017-09-04,0.843457640391858
2017-09-05,0.681153136720305
2017-09-06,0.623403460148236
2017-09-07,0.608484347143396
2017-09-08,0.600941193583796
2017-09-09,0.650305985692814
2017-09-10,0.885256005382548
2017-09-11,0.834212071490211
2017-09-12,0.686286182589333
2017-09-13,0.688348943317296
2017-09-14,0.705257382389489
2017-09-15,0.836395161785247
2017-09-16,0.77661895702054
2017-09-17,0.663747104850872
2017-09-18,0.655621875382579
2017-09-19,0.656844984967834
2017-09-20,0.702445468055502
2017-09-21,0.673566054021459
2017-09-22,0.620201623497137
2017-09-23,0.600566759502523
2017-09-24,0.617321123467672
2017-09-25,0.698031677949299
2017-09-26,0.690803946537588
2017-09-27,0.682816027624195
2017-09-28,0.648393259341359
2017-09-29,0.60906242035151
2017-09-30,0.654522324250814
2017-10-01,0.920940295881309
2017-10-02,0.901733736458623
2017-10-03,0.930234816875888
2017-10-04,1.16071801194379
2017-10-05,0.977061185694653
2017-10-06,0.8224760534824
2017-10-07,0.85694271182456
2017-10-08,0.866742295497418
2017-10-09,0.750976583808667
2017-10-10,0.670102796738581
2017-10-11,0.635717170850402
2017-10-12,0.618054322148181
2017-10-13,0.609847837785361
2017-10-14,0.605721251507559
2017-10-15,0.60282032087336
2017-10-16,0.600523219243251
2017-10-17,0.598584416507867
2017-10-18,0.596933038329643
2017-10-19,0.595527971538516
2017-10-20,0.594323453784056
2017-10-21,0.627426167385482
2017-10-22,0.771790366506056
2017-10-23,0.745752808373174
2017-10-24,0.659107436975029
2017-10-25,0.61874408121812
2017-10-26,0.601778114505409
2017-10-27,0.598216547179539
2017-10-28,0.609758930029919
2017-10-29,0.6628805379797
2017-10-30,0.839092433655428
2017-10-31,0.786640467722549
2017-11-01,0.653820916308749
2017-11-02,0.607841277947249
2017-11-03,0.59947306328781
2017-11-04,0.595983974927744
2017-11-05,0.639853918808039
2017-11-06,0.844917996628641
2017-11-07,0.842725840943809
2017-11-08,0.768152571437471
2017-11-09,0.691717161139206
2017-11-10,0.659497156717627
2017-11-11,0.87837305408646
2017-11-12,1.82385840449457
2017-11-13,2.88678490797318
2017-11-14,1.80329899712062
2017-11-15,0.996927498307905
2017-11-16,0.775253674472771
2017-11-17,0.680112211213128
2017-11-18,0.68658223186953
2017-11-19,0.793885216832369
2017-11-20,0.80374133836366
2017-11-21,0.787257057725625
2017-11-22,0.763449890331414
2017-11-23,0.702293921046072
2017-11-24,0.65898471690796
2017-11-25,0.731759154134499
2017-11-26,1.1536464869776
2017-11-27,1.07616022510046
2017-11-28,0.82010875354026
2017-11-29,0.828802187851235
2017-11-30,0.847011396280263
2017-12-01,0.756608409151888
2017-12-02,0.685405387535984
2017-12-03,0.660767967488979
2017-12-04,0.652199983269054
2017-12-05,0.658368034772616
2017-12-06,0.698439709195511
2017-12-07,0.719373955259107
2017-12-08,0.855219572560426
2017-12-09,1.02758047606993
2017-12-10,0.893255545610588
2017-12-11,0.908481036929098
2017-12-12,1.82073417354875
2017-12-13,1.79565854061234
2017-12-14,1.32527553203092
2017-12-15,1.55386118325331
2017-12-16,1.38561431611671
2017-12-17,0.998084328877217
2017-12-18,0.805296203733996
2017-12-19,0.735895600252997
2017-12-20,0.719873681462688
2017-12-21,0.807211885402895
2017-12-22,1.15172956209521
2017-12-23,1.3576297836268
2017-12-24,1.12240106984151
2017-12-25,0.893049227069465
2017-12-26,0.781623375761608
2017-12-27,0.75664356990083
2017-12-28,0.842387884929352
2017-12-29,0.876568128490324
2017-12-30,0.896809146070008
2017-12-31,1.33224633103069
2018-01-01,1.44135739468079
2018-01-02,1.24751169847086
2018-01-03,1.51996986583798
2018-01-04,3.47032876300774
2018-01-05,6.32573608605271
2018-01-06,4.70628247237677
2018-01-07,2.14913566314661
2018-01-08,1.20971564251321
2018-01-09,0.971362324635256
2018-01-10,0.873892223333787
2018-01-11,0.839793179229246
2018-01-12,0.819283689274016
2018-01-13,0.805815281376383
2018-01-14,0.795981552959693
2018-01-15,0.793309191353597
2018-01-16,0.961361240411015
2018-01-17,1.85050192620114
2018-01-18,2.34011982848058
2018-01-19,3.402269246052
2018-01-20,2.79929502685877
2018-01-21,2.62423521941738
2018-01-22,2.62147180126498
2018-01-23,4.46976185151864
2018-01-24,3.28058764922426
2018-01-25,1.7840609546826
2018-01-26,1.25854140712682
2018-01-27,1.05374594748639
2018-01-28,0.973792454184254
2018-01-29,0.930341458909176
2018-01-30,0.902043714764501
2018-01-31,0.994182892406856
2018-02-01,1.58164147298079
2018-02-02,1.76901985523071
2018-02-03,1.31944681490234
2018-02-04,1.0249872564925
2018-02-05,0.928061122414191
2018-02-06,0.891357479677847
2018-02-07,0.869516730464029
2018-02-08,0.854485489395996
2018-02-09,0.843091199732213
2018-02-10,0.833684056152901
2018-02-11,0.839075381352581
2018-02-12,0.885528460302936
2018-02-13,0.869691963887725
2018-02-14,0.830099568041734
2018-02-15,0.810920898355576
2018-02-16,0.939877510994007
2018-02-17,1.75522837723378
2018-02-18,1.96637054229595
2018-02-19,1.34586120689037
2018-02-20,0.997572123176923
2018-02-21,0.87754857029044
2018-02-22,0.839762447158544
2018-02-23,0.818880228873886
2018-02-24,0.805328139647131
2018-02-25,0.7954850062073
2018-02-26,0.787927046732258
2018-02-27,0.782045657446155
2018-02-28,0.777179240307123
2018-03-01,0.772798038344288
2018-03-02,0.768574600921397
2018-03-03,0.764247391594006
2018-03-04,0.915699916254045
2018-03-05,1.99330117308457
2018-03-06,2.66908262461468
2018-03-07,1.92326720345496
2018-03-08,1.27769473855813
2018-03-09,1.00093766259628
2018-03-10,0.877947990463015
2018-03-11,0.913975350920112
2018-03-12,1.13564492086021
2018-03-13,1.07464488991076
2018-03-14,0.972519624507345
2018-03-15,0.889356737573075
2018-03-16,0.825992569076785
2018-03-17,0.815871715808012
2018-03-18,0.874576510945401
2018-03-19,0.851751623162333
2018-03-20,0.799705829075456
2018-03-21,0.776548294142421
2018-03-22,0.766649975703029
2018-03-23,0.761157562209663
2018-03-24,0.763153768447157
2018-03-25,0.756986401479929
2018-03-26,0.747287303256744
2018-03-27,0.759910429228926
2018-03-28,0.872541594099286
2018-03-29,1.03822838523305
2018-03-30,0.946302102919494
2018-03-31,0.809575619741856
2018-04-01,0.76062848741042
2018-04-02,0.746308304505118
2018-04-03,0.7362657225627
2018-04-04,0.72698100696037
2018-04-05,0.71907278040938
2018-04-06,0.713733467852417
2018-04-07,0.709015512574886
2018-04-08,0.703661611468222
2018-04-09,0.698241505914626
2018-04-10,0.720485550732743
2018-04-11,0.827242259567709
2018-04-12,0.801079114969354
2018-04-13,0.721946477277323
2018-04-14,0.69256433664792
2018-04-15,0.685600663686289
2018-04-16,0.68176839195035
2018-04-17,0.67912580415586
2018-04-18,0.676404919311814
2018-04-19,0.673407305875396
2018-04-20,0.670511122214863
2018-04-21,0.667843432099172
2018-04-22,0.665436811665112
2018-04-23,0.665909208893575
2018-04-24,0.673664322987499
2018-04-25,0.669884360979856
2018-04-26,0.66179841762153
2018-04-27,0.658379226550959
2018-04-28,0.656998115477225
2018-04-29,0.655767342463693
2018-04-30,0.654657779821398
2018-05-01,0.653662920802571
2018-05-02,0.652750508808072
2018-05-03,0.651870249289953
2018-05-04,0.651002878914489
2018-05-05,0.650142863173286
2018-05-06,0.649279420833461
2018-05-07,0.648418122536968
2018-05-08,0.647568619212827
2018-05-09,0.646746457247088
2018-05-10,0.646547601339047
2018-05-11,0.647920309031895
2018-05-12,0.646606031857285
2018-05-13,0.647809816144289
2018-05-14,0.664835272074591
2018-05-15,0.685530938324323
2018-05-16,0.744997970654099
2018-05-17,0.978007635764662
2018-05-18,0.902231331128929
2018-05-19,0.790298761997765
2018-05-20,1.03409619989655
2018-05-21,0.945598021029357
2018-05-22,0.737153713270257
2018-05-23,0.727441777375958
2018-05-24,1.00971355727131
2018-05-25,1.06216122194812
2018-05-26,0.83793204698984
2018-05-27,0.698596629834652
2018-05-28,0.659382488387893
2018-05-29,0.64900090493122
2018-05-30,0.693979156778155
2018-05-31,0.906657436472184
2018-06-01,0.857475224691601
2018-06-02,0.706528580046659
2018-06-03,0.653676587743524
2018-06-04,0.644186100841836
2018-06-05,0.640446911831114
2018-06-06,0.638306605289403
2018-06-07,0.63700709760435
2018-06-08,0.645756490362346
2018-06-09,0.681132425522588
2018-06-10,0.670639386853206
2018-06-11,0.652501656450081
2018-06-12,0.776502753050859
2018-06-13,1.29177420869505
2018-06-14,1.15619979453363
2018-06-15,0.795145674711624
2018-06-16,0.674342432601539
2018-06-17,0.650252089646211
2018-06-18,0.641311649207339
2018-06-19,0.636862175134345
2018-06-20,0.634403691597081
2018-06-21,0.632881361919331
2018-06-22,0.631898020439383
2018-06-23,0.63121817508535
2018-06-24,0.63065743324563
2018-06-25,0.630149308612467
2018-06-26,0.629640062780791
2018-06-27,0.629105881623601
2018-06-28,0.639780546587959
2018-06-29,0.681996809508033
2018-06-30,0.669655086696946
2018-07-01,0.636722811663179
2018-07-02,0.62580976474381
2018-07-03,0.624750800100523
2018-07-04,0.6244213579988
2018-07-05,0.631850331823451
2018-07-06,0.692145031211322
2018-07-07,0.817988851550726
2018-07-08,0.763176934085353
2018-07-09,0.659754248549674
2018-07-10,0.626484248044089
2018-07-11,0.622092128626188
2018-07-12,0.620876983264466
2018-07-13,0.620262675407934
2018-07-14,0.619887056719016
2018-07-15,0.619613131708244
2018-07-16,0.619997580948748
2018-07-17,0.621993680153522
2018-07-18,0.621034531021944
2018-07-19,0.618965017479498
2018-07-20,0.618022679461102
2018-07-21,0.634261090765796
2018-07-22,0.713324577852283
2018-07-23,0.752026586239151
2018-07-24,0.686769022316025
2018-07-25,0.630642492007291
2018-07-26,0.615790653251942
2018-07-27,0.613966226633745
2018-07-28,0.613452819275237
2018-07-29,0.613170163709233
2018-07-30,0.6129578213493
2018-07-31,0.612742249824358
2018-08-01,0.612499140156101
2018-08-02,0.612226693612541
2018-08-03,0.61192422108418
2018-08-04,0.61159029589226
2018-08-05,0.611230267058593
2018-08-06,0.610851027388909
2018-08-07,0.610458202191286
2018-08-08,0.610055713591258
2018-08-09,0.609643936856434
2018-08-10,0.609224278728214
2018-08-11,0.608800474527153
2018-08-12,0.608373612079088
2018-08-13,0.607944317981056
2018-08-14,0.607514867670184
2018-08-15,0.607085835041734
2018-08-16,0.606656997301872
2018-08-17,0.606228795431952
2018-08-18,0.605802040155735
2018-08-19,0.605376847914809
2018-08-20,0.60495307500701
2018-08-21,0.604530920063475
2018-08-22,0.604110565358248
2018-08-23,0.604373181302929
2018-08-24,0.607027790350688
2018-08-25,0.608410471765772
2018-08-26,0.606630380508548
2018-08-27,0.603508684299697
2018-08-28,0.601602078226246
2018-08-29,0.602112580071241
2018-08-30,0.606016410363113
2018-08-31,0.60480570907528
2018-09-01,0.603955402376784
2018-09-02,0.60628304542485
2018-09-03,0.603322409272848
2018-09-04,0.599339107496909
2018-09-05,0.598000814556211
2018-09-06,0.597676371307548
2018-09-07,0.597394038290749
2018-09-08,0.597088614712814
2018-09-09,0.596764579932322
2018-09-10,0.59642654588038
2018-09-11,0.596078486325196
2018-09-12,0.595729084210259
2018-09-13,0.598311424697731
2018-09-14,0.608602151896478
2018-09-15,0.604945161729207
2018-09-16,0.596281134884827
2018-09-17,0.593365649757976
2018-09-18,0.592997012934323
2018-09-19,0.592770628273402
2018-09-20,0.592513639166467
2018-09-21,0.592232651893128
2018-09-22,0.592452787659335
2018-09-23,0.598290168313813
2018-09-24,0.613131101514011
2018-09-25,0.606578460028089
2018-09-26,0.593618769469165
2018-09-27,0.589509786542821
2018-09-28,0.58915341438438
2018-09-29,0.589010865681438
2018-09-30,0.596539052660946
2018-10-01,0.626612451583922
2018-10-02,0.623393199152219
2018-10-03,0.599362394413947
2018-10-04,0.58808730178515
2018-10-05,0.586320842523062
2018-10-06,0.586216924631739
2018-10-07,0.58615360861622
2018-10-08,0.586043480137132
2018-10-09,0.585889634884596
2018-10-10,0.585697488855491
2018-10-11,0.585473037665184
2018-10-12,0.585222140720184
2018-10-13,0.584951134914397
2018-10-14,0.584665617731331
2018-10-15,0.584369313302576
2018-10-16,0.584065169552003
2018-10-17,0.583755621950138
2018-10-18,0.583442465449839
2018-10-19,0.583126999130712
2018-10-20,0.582810273214349
2018-10-21,0.582492787296193
2018-10-22,0.582174941660647
2018-10-23,0.58185715527571
2018-10-24,0.581540063837223
2018-10-25,0.581224173512119
2018-10-26,0.581863039708704
2018-10-27,0.608858762986186
2018-10-28,0.708632516945239
2018-10-29,0.697095363397048
2018-10-30,0.62286620542402
2018-10-31,0.587507292963263
2018-11-01,0.579184923835858
2018-11-02,0.577669823716605
2018-11-03,0.577489225536881
2018-11-04,0.577490732630101
2018-11-05,0.577509600489858
2018-11-06,0.577492991939227
2018-11-07,0.577427784697483
2018-11-08,0.577322265668204
2018-11-09,0.577188383541231
2018-11-10,0.577011465836224
2018-11-11,0.576800825746553
2018-11-12,0.576572429374125
2018-11-13,0.576326893490174
2018-11-14,0.576070898005588
2018-11-15,0.575806760086289
2018-11-16,0.575535692246789
2018-11-17,0.575258062294169
2018-11-18,0.574975182759595
2018-11-19,0.574691155593157
2018-11-20,0.574407653378128
2018-11-21,0.574122627534565
2018-11-22,0.573836716974059
2018-11-23,0.573551014311213
2018-11-24,0.573267521631514
2018-11-25,0.573237289950817
2018-11-26,0.580078835612764
2018-11-27,0.603787089995564
2018-11-28,0.600205398835779
2018-11-29,0.580676074533149
2018-11-30,0.576088059331607
2018-12-01,0.590698626920364
2018-12-02,0.594014352532363
2018-12-03,0.620542408881286
2018-12-04,0.644081578002105
2018-12-05,0.628097388398002
2018-12-06,0.610917788588504
2018-12-07,0.592460195868437
2018-12-08,0.604350941725134
2018-12-09,0.680889139660426
2018-12-10,0.737252234581957
2018-12-11,0.698277608678425
2018-12-12,0.625431179100288
2018-12-13,0.585176399482281
2018-12-14,0.573581566281465
2018-12-15,0.571201805750473
2018-12-16,0.570556549056049
2018-12-17,0.570310859096478
2018-12-18,0.5702132376277
2018-12-19,0.573750983168742
2018-12-20,0.590609323466578
2018-12-21,0.625473832749728
2018-12-22,0.735089626435143
2018-12-23,0.895255408459853
2018-12-24,1.30899037742724
2018-12-25,1.13540246577389
2018-12-26,0.773492737529328
2018-12-27,0.633793003235412
2018-12-28,0.600542022145042
2018-12-29,0.589620294600181
2018-12-30,0.593704526538487
2018-12-31,0.637373279020519
2019-01-01,0.691063403675019
2019-01-02,0.717692300229137
2019-01-03,0.659863544474478
2019-01-04,0.60436513216524
2019-01-05,0.608280879428276
2019-01-06,0.724131613908831
2019-01-07,0.899723747934436
2019-01-08,1.01921726974711
2019-01-09,1.10184926276705
2019-01-10,0.917205380288994
2019-01-11,0.714413142715873
2019-01-12,0.658110739895582
2019-01-13,0.967385841317663
2019-01-14,2.6004017499983
2019-01-15,3.07230704196026
2019-01-16,1.93120078612556
2019-01-17,1.26345166901563
2019-01-18,1.5469671899504
2019-01-19,1.24922425951684
2019-01-20,0.864295145651123
2019-01-21,0.726320833616931
2019-01-22,0.687442037034952
2019-01-23,0.670609797424859
2019-01-24,0.660776057885528
2019-01-25,0.654448079552925
2019-01-26,0.653056005501914
2019-01-27,0.695643990899476
2019-01-28,0.845997126627086
2019-01-29,0.849549997537485
2019-01-30,0.739257962625411
2019-01-31,0.676423889354374
2019-02-01,0.667735580771354
2019-02-02,0.726379239770587
2019-02-03,0.837731328963435
2019-02-04,0.849198232165146
2019-02-05,0.750895207307908
2019-02-06,0.680938638229887
2019-02-07,0.657667000997997
2019-02-08,0.700260360790577
2019-02-09,0.969692246951476
2019-02-10,1.23166656460676
2019-02-11,1.37599958346249
2019-02-12,1.18476191977551
2019-02-13,0.904919913390232
2019-02-14,0.753723883414662
2019-02-15,0.697836260032746
2019-02-16,0.676370949036428
2019-02-17,0.664742400050958
2019-02-18,0.656698398629276
2019-02-19,0.650613641554589
2019-02-20,0.645813354588081
2019-02-21,0.641852813094978
2019-02-22,0.63830085553034
2019-02-23,0.635124859070572
2019-02-24,0.63236274117805
2019-02-25,0.629773149410017
2019-02-26,0.627060077823176
2019-02-27,0.624180041835869
2019-02-28,0.621397170640824
2019-03-01,0.654014583043132
2019-03-02,0.800314861553196
2019-03-03,0.770500375448877
2019-03-04,0.673694258762509
2019-03-05,0.664737324987452
2019-03-06,0.686335081911447
2019-03-07,0.661128804687203
2019-03-08,0.630516027939035
2019-03-09,0.627682797336793
2019-03-10,0.675355603813964
2019-03-11,0.756217819205602
2019-03-12,0.781330443038891
2019-03-13,0.712590218757946
2019-03-14,0.721174010858108
2019-03-15,1.14780681082161
2019-03-16,2.4777359468618
2019-03-17,1.8861511300023
2019-03-18,1.15943510514111
2019-03-19,0.882111979516514
2019-03-20,0.728530353578184
2019-03-21,0.67734258116621
2019-03-22,0.656583568461754
2019-03-23,0.644009140170963
2019-03-24,0.635026987567636
2019-03-25,0.638353191462196
2019-03-26,0.671912774511505
2019-03-27,0.660752596625225
2019-03-28,0.632665284168415
2019-03-29,0.620873755263242
2019-03-30,0.616441181663932
2019-03-31,0.612790903196756
2019-04-01,0.609465121252089
2019-04-02,0.606563253813648
2019-04-03,0.60389091583523
2019-04-04,0.601629594398274
2019-04-05,0.600090880900021
2019-04-06,0.598833100945949
2019-04-07,0.597440635558795
2019-04-08,0.596298072292998
2019-04-09,0.652485450700276
2019-04-10,0.919760887571533
2019-04-11,0.870253645314003
2019-04-12,0.683045897257906
2019-04-13,0.617046072071695
2019-04-14,0.604878963154585
2019-04-15,0.599834018153274
2019-04-16,0.596481153063588
2019-04-17,0.593908729182241
2019-04-18,0.591871941283579
2019-04-19,0.590160515954369
2019-04-20,0.588625834302012
2019-04-21,0.587243422918165
2019-04-22,0.585996854941116
2019-04-23,0.584880550147766
2019-04-24,0.583911484189866
2019-04-25,0.583032042057418
2019-04-26,0.587734846327246
2019-04-27,0.609785112780097
2019-04-28,0.612074864415179
2019-04-29,0.59950690655001
2019-04-30,0.608261542471479
2019-05-01,0.600014423266062
2019-05-02,0.590239940821862
2019-05-03,0.61554646533138
2019-05-04,0.664987907555985
2019-05-05,0.717710152447164
2019-05-06,0.665857022164668
2019-05-07,0.601591770343761
2019-05-08,0.581743211548514
2019-05-09,0.578935949717953
2019-05-10,0.580746341492172
2019-05-11,0.604825833379993
2019-05-12,0.664396038912961
2019-05-13,0.659593158607919
2019-05-14,0.609937121815294
2019-05-15,0.583163099754348
2019-05-16,0.577331962171908
2019-05-17,0.579404657661797
2019-05-18,0.590063994086382
2019-05-19,0.603853798051926
2019-05-20,0.817654549728209
2019-05-21,2.18080694107601
2019-05-22,3.99637616733227
2019-05-23,2.2489704652686
2019-05-24,1.05892280118951
2019-05-25,0.780064883691008
2019-05-26,0.652957992277058
2019-05-27,0.643340478602299
2019-05-28,0.753817089016519
2019-05-29,0.907939912378003
2019-05-30,0.80274787355835
2019-05-31,0.662848584722169
2019-06-01,0.614948147653936
2019-06-02,0.602718622627981
2019-06-03,0.596370399073079
2019-06-04,0.59227003293107
2019-06-05,0.589530625288076
2019-06-06,0.587638908679523
2019-06-07,0.586365228768528
2019-06-08,0.585384103592074
2019-06-09,0.584592829770595
2019-06-10,0.606964745999327
2019-06-11,0.699178049919642
2019-06-12,0.676107732776177
2019-06-13,0.607460611960727
2019-06-14,0.584362119331247
2019-06-15,0.625647702929755
2019-06-16,0.815528048471185
2019-06-17,0.772923096063437
2019-06-18,0.636888853299137
2019-06-19,0.590074550951784
2019-06-20,0.583056657775758
2019-06-21,0.580979892676337
2019-06-22,0.638106137364989
2019-06-23,0.904931519794671
2019-06-24,0.849124262912213
2019-06-25,0.660285527653245
2019-06-26,0.595055888891332
2019-06-27,0.584201891594339
2019-06-28,0.580613917248134
2019-06-29,0.578956397643032
2019-06-30,0.578180903547459
2019-07-01,0.616289765730619
2019-07-02,0.781054606662714
2019-07-03,0.743586077872781
2019-07-04,0.624161444975635
2019-07-05,0.583610289581246
2019-07-06,0.578263360243446
2019-07-07,0.580456205942551
2019-07-08,0.592616657047814
2019-07-09,0.588735795612976
2019-07-10,0.579208685663973
2019-07-11,0.578189059064638
2019-07-12,0.600526829109504
2019-07-13,0.656043540151374
2019-07-14,0.634570985794528
2019-07-15,0.589653009695583
2019-07-16,0.575371259948181
2019-07-17,0.574121654790027
2019-07-18,0.573951518901548
2019-07-19,0.573859128004795
2019-07-20,0.57378532058548
2019-07-21,0.574775508048004
2019-07-22,0.578485232773998
2019-07-23,0.577167962169409
2019-07-24,0.574030522481432
2019-07-25,0.572887553927897
2019-07-26,0.573293853667275
2019-07-27,0.575859561913564
2019-07-28,0.584103821655315
2019-07-29,0.610712662182837
2019-07-30,0.611248829673269
2019-07-31,0.629065521862275
2019-08-01,0.610404920612882
2019-08-02,0.579640225425223
2019-08-03,0.569802425960294
2019-08-04,0.569101286213885
2019-08-05,0.569106752507576
2019-08-06,0.569119327374747
2019-08-07,0.579270037449199
2019-08-08,0.617594220387163
2019-08-09,0.606630066086822
2019-08-10,0.582197446296557
2019-08-11,0.597670113672147
2019-08-12,0.641179273625445
2019-08-13,0.709002028602713
2019-08-14,0.661555425543333
2019-08-15,0.594853225480436
2019-08-16,0.584980167860388
2019-08-17,0.578910503370337
2019-08-18,0.602668214693802
2019-08-19,0.738538262255623
2019-08-20,0.793933166211596
2019-08-21,1.02581511669814
2019-08-22,0.900765753806775
2019-08-23,0.671622861909487
2019-08-24,0.593421765371809
2019-08-25,0.578038838628471
2019-08-26,0.572459121051896
2019-08-27,0.569795094150059
2019-08-28,0.568483581130347
2019-08-29,0.572581676157464
2019-08-30,0.589507770813476
2019-08-31,0.584345500261542
2019-09-01,0.577473456034116
2019-09-02,0.596100301692554
2019-09-03,0.589152533087149
2019-09-04,0.571792654953138
2019-09-05,0.568066819192494
2019-09-06,0.577712463872984
2019-09-07,0.587303732395717
2019-09-08,0.585068581726708
2019-09-09,0.582499426028617
2019-09-10,0.574316708892162
2019-09-11,0.566813968460218
2019-09-12,0.564604275922476
2019-09-13,0.564333838032786
2019-09-14,0.564170721475479
2019-09-15,0.56398785018691
2019-09-16,0.563781766341084
2019-09-17,0.563559015346062
2019-09-18,0.563334125777528
2019-09-19,0.563109629118448
2019-09-20,0.562879846077096
2019-09-21,0.56264068821345
2019-09-22,0.570126069242306
2019-09-23,0.610642939217115
2019-09-24,0.647962854713223
2019-09-25,0.612918601790768
2019-09-26,0.572081243435307
2019-09-27,0.582239567533061
2019-09-28,0.666231695869343
2019-09-29,0.644471330989936
2019-09-30,0.582452437788921
2019-10-01,0.569384878665822
2019-10-02,0.615850020718788
2019-10-03,0.690485306937966
2019-10-04,0.648938762222075
2019-10-05,0.592983328679079
2019-10-06,0.62313620254338
2019-10-07,0.70132106243651
2019-10-08,0.672496911097228
2019-10-09,0.703562190705374
2019-10-10,0.847760709965821
2019-10-11,0.766731638639864
2019-10-12,0.629279490074754
2019-10-13,0.579316010516689
2019-10-14,0.568910327405055
2019-10-15,0.570457992703277
2019-10-16,0.587096136747671
2019-10-17,0.581218614127442
2019-10-18,0.567510181687952
2019-10-19,0.563377286568602
2019-10-20,0.564510823753592
2019-10-21,0.563859687522107
2019-10-22,0.562436217587999
2019-10-23,0.56179500495922
2019-10-24,0.561515455945484
2019-10-25,0.561254413323859
2019-10-26,0.560953753343957
2019-10-27,0.565531849992534
2019-10-28,0.588734782230162
2019-10-29,0.615249254813856
2019-10-30,0.650768077444333
2019-10-31,0.655749079555662
2019-11-01,0.618916962369015
2019-11-02,0.629767103830719
2019-11-03,0.654651092561353
2019-11-04,0.718367739684464
2019-11-05,0.74813059269399
2019-11-06,0.668879947445435
2019-11-07,0.617744462511756
2019-11-08,0.599574040807268
2019-11-09,0.591551254805258
2019-11-10,0.578331164683374
2019-11-11,0.567706107915614
2019-11-12,0.564306008228855
2019-11-13,0.563664422519497
2019-11-14,0.563339965429518
2019-11-15,0.592885484549341
2019-11-16,0.716833938764135
2019-11-17,0.689200540040646
2019-11-18,0.600258877856707
2019-11-19,0.569949385163282
2019-11-20,0.565967488441288
2019-11-21,0.564782086350622
2019-11-22,0.564105515217008
2019-11-23,0.563653012087857
2019-11-24,0.563280298875803
2019-11-25,0.562939773605221
2019-11-26,0.562646697679147
2019-11-27,0.565229509918135
2019-11-28,0.585648342709659
2019-11-29,0.645258407065741
2019-11-30,0.724386966456751
2019-12-01,0.669931811613379
2019-12-02,0.592937690737167
2019-12-03,0.568805130709337
2019-12-04,0.565221388321152
2019-12-05,0.563971130393379
2019-12-06,0.564801985477938
2019-12-07,0.569942140060156
2019-12-08,0.570574220722545
2019-12-09,0.584046054435807
2019-12-10,0.613551722272037
2019-12-11,0.598061507429007
2019-12-12,0.572660173293137
2019-12-13,0.578600904653956
2019-12-14,0.623829749033184
2019-12-15,0.646491130533904
2019-12-16,0.624112833849669
2019-12-17,0.588372806331954
2019-12-18,0.569312174221111
2019-12-19,0.564414025004061
2019-12-20,0.578336546886744
2019-12-21,0.636891831924946
2019-12-22,0.628656798859915
2019-12-23,0.615409943883519
2019-12-24,0.711344197590406
2019-12-25,0.801543855714318
2019-12-26,0.821202062735049
2019-12-27,0.760402873815854
2019-12-28,0.735531064049481
2019-12-29,0.666283443872
2019-12-30,0.603304550204611
2019-12-31,0.581420611957195
2020-01-01,0.575815118318188
2020-01-02,0.573112940795985
2020-01-03,0.574963510879359
2020-01-04,0.587361066259518
2020-01-05,0.585753434505939
2020-01-06,0.575610062282414
2020-01-07,0.570487736931389
2020-01-08,0.569182157276514
2020-01-09,0.568581030057659
2020-01-10,0.568001149868473
2020-01-11,0.567470065343457
2020-01-12,0.566971190781887
2020-01-13,0.566472677513089
2020-01-14,0.565966747641926
2020-01-15,0.565427584838556
2020-01-16,0.564853380471334
2020-01-17,0.58836358308019
2020-01-18,0.688650863867217
2020-01-19,0.675145059290551
2020-01-20,0.602571577192581
2020-01-21,0.572856132465635
2020-01-22,0.567593410752287
2020-01-23,0.566097917023717
2020-01-24,0.565176225379225
2020-01-25,0.564436155353524
2020-01-26,0.566047325245213
2020-01-27,0.579876087272353
2020-01-28,0.630295068800487
2020-01-29,0.743265768291429
2020-01-30,0.729878366348162
2020-01-31,0.708143771136781
2020-02-01,0.686492556935781
2020-02-02,1.0830791171248
2020-02-03,3.54529953039793
2020-02-04,5.02493062196238
2020-02-05,2.70109444866642
2020-02-06,1.24200125559693
2020-02-07,0.871508139818071
2020-02-08,0.721137251173878
2020-02-09,0.672301799948006
2020-02-10,0.812299386856214
2020-02-11,1.70640309508865
2020-02-12,1.67148410760238
2020-02-13,1.09635638163519
2020-02-14,0.981900306302002
2020-02-15,0.85769568456486
2020-02-16,0.731576648297443
2020-02-17,0.708997887083339
2020-02-18,0.802261012835081
2020-02-19,0.770652372442915
2020-02-20,0.705527904767578
2020-02-21,0.676985261526758
2020-02-22,0.681743488826453
2020-02-23,0.823093558359562
2020-02-24,1.07406064924288
2020-02-25,0.97090881019114
2020-02-26,0.862964940892497
2020-02-27,0.848354704185131
2020-02-28,1.01921781349861
2020-02-29,0.998005800003256
2020-03-01,1.14277535227409
2020-03-02,1.14451732841314
2020-03-03,1.05137094759514
2020-03-04,0.870958374550697
2020-03-05,0.859958553746723
2020-03-06,1.37612730936667
2020-03-07,1.30967575803371
2020-03-08,0.930927125808375
2020-03-09,0.799067096942971
2020-03-10,0.939933573438361
2020-03-11,1.16963361888832
2020-03-12,0.998697760584824
2020-03-13,0.786824679912364
2020-03-14,0.70961332850023
2020-03-15,0.683954897577711
2020-03-16,0.668387095075275
2020-03-17,0.656624822385369
2020-03-18,0.647463137671113
2020-03-19,0.639796601669909
2020-03-20,0.637989034266789
2020-03-21,0.734286926152798
2020-03-22,1.13423780061301
2020-03-23,1.04243471987807
2020-03-24,0.770803831506257
2020-03-25,0.673279035090504
2020-03-26,0.649101958016149
2020-03-27,0.636856012168596
2020-03-28,0.628118724615484
2020-03-29,0.655854288243153
2020-03-30,0.794090382898472
2020-03-31,0.761747297434327
2020-04-01,0.662820710923909
2020-04-02,0.625438999271145
2020-04-03,0.615807059188424
2020-04-04,0.610036107523455
2020-04-05,0.605527860629352
2020-04-06,0.601695538163042
2020-04-07,0.5982194433345
2020-04-08,0.595077255271518
2020-04-09,0.59231293091604
2020-04-10,0.589903952838502
2020-04-11,0.587781382115715
2020-04-12,0.585911942120788
2020-04-13,0.584253467945599
2020-04-14,0.582894848065507
2020-04-15,0.581868722952368
2020-04-16,0.58087784263162
2020-04-17,0.57978269006354
2020-04-18,0.578712110385979
2020-04-19,0.5778172527205
2020-04-20,0.577051008013723
2020-04-21,0.576375896911314
2020-04-22,0.575749026843383
2020-04-23,0.575127490998405
2020-04-24,0.574512462401187
2020-04-25,0.573922512689108
2020-04-26,0.573386171100887
2020-04-27,0.572899047237968
2020-04-28,0.59113926307235
2020-04-29,0.67216690315658
2020-04-30,0.681640006142217
2020-05-01,0.619252247813711
2020-05-02,0.582327004965733
2020-05-03,0.578600354922486
2020-05-04,0.575766279400528
2020-05-05,0.571546505177771
2020-05-06,0.570113539765488
2020-05-07,0.569828345532489
2020-05-08,0.569563818617146
2020-05-09,0.569264035124501
2020-05-10,0.568987083333466
2020-05-11,0.579417579401967
2020-05-12,0.619753262338731
2020-05-13,0.620529765632078
2020-05-14,0.635527323625233
2020-05-15,0.612855291993431
2020-05-16,0.578341507233964
2020-05-17,0.56713707989235
2020-05-18,0.566066955526928
2020-05-19,0.565865392029084
2020-05-20,0.565740435129129
2020-05-21,0.565642252678881
2020-05-22,0.565533312138421
2020-05-23,0.577002713465256
2020-05-24,0.621074438115182
2020-05-25,0.608628191999184
2020-05-26,0.574912955637082
2020-05-27,0.564005939339776
2020-05-28,0.563278119422265
2020-05-29,0.563290865624539
2020-05-30,0.563293748655078
2020-05-31,0.563262962469728
2020-06-01,0.563191061160847
2020-06-02,0.563078951852251
2020-06-03,0.562934624547879
2020-06-04,0.562770552563662
2020-06-05,0.56267436226437
2020-06-06,0.567142238722158
2020-06-07,0.59791646104367
2020-06-08,0.651293131632141
2020-06-09,0.626024514407625
2020-06-10,0.590156479947082
2020-06-11,0.572248681332403
2020-06-12,0.562539140765228
2020-06-13,0.633122798978162
2020-06-14,1.05511181713471
2020-06-15,1.34632646679211
2020-06-16,1.39359055431375
2020-06-17,1.03618089525164
2020-06-18,0.947579919013804
2020-06-19,1.38441478060111
2020-06-20,1.69557475302923
2020-06-21,1.16864600520576
2020-06-22,0.785509333226658
2020-06-23,0.645264342772395
2020-06-24,0.603417676959309
2020-06-25,0.5889213946209
2020-06-26,0.581121266503219
2020-06-27,0.576549669226801
2020-06-28,0.603310003310871
2020-06-29,0.72228429196713
2020-06-30,0.693608611209887
2020-07-01,0.661749148927742
2020-07-02,0.904511785702845
2020-07-03,1.00920084435428
2020-07-04,0.795565186886595
2020-07-05,0.63805938819273
2020-07-06,0.591658214413887
2020-07-07,0.580097361380921
2020-07-08,0.574947566575228
2020-07-09,0.571949986090516
2020-07-10,0.570136508005072
2020-07-11,0.569285055546626
2020-07-12,0.568787865335182
2020-07-13,0.568251195488388
2020-07-14,0.567692685252216
2020-07-15,0.571283685000711
2020-07-16,0.606569129188326
2020-07-17,0.684857211986002
2020-07-18,0.652317920986305
2020-07-19,0.587884925042759
2020-07-20,0.567174141089412
2020-07-21,0.56761351568794
2020-07-22,0.577116538961687
2020-07-23,0.579328890784305
2020-07-24,0.591333864751816
2020-07-25,0.5831947621367
2020-07-26,0.578540468141802
2020-07-27,0.612154153421458
2020-07-28,0.601026361687253
2020-07-29,0.572275727396813
2020-07-30,0.562855998577072
2020-07-31,0.562036272469215
2020-08-01,0.561882786591705
2020-08-02,0.58581151992668
2020-08-03,0.842302310345045
2020-08-04,1.79214362300586
2020-08-05,1.46596330627573
2020-08-06,0.83257748318305
2020-08-07,0.658930879543048
2020-08-08,0.592960565486034
2020-08-09,0.578190682773594
2020-08-10,0.571179429323157
2020-08-11,0.567696249323484
2020-08-12,0.565914275637422
2020-08-13,0.567191601549453
2020-08-14,0.574716814910091
2020-08-15,0.572324753038925
2020-08-16,0.566278774363858
2020-08-17,0.564202567187987
2020-08-18,0.572513464743395
2020-08-19,0.604421830214708
2020-08-20,0.595197683366996
2020-08-21,0.570677377603397
2020-08-22,0.570767953799278
2020-08-23,0.600531235453273
2020-08-24,0.591847409131892
2020-08-25,0.568903476536392
2020-08-26,0.561416234852106
2020-08-27,0.560836275503917
2020-08-28,0.571415428823076
2020-08-29,0.646927434041052
2020-08-30,0.8840913062695
2020-08-31,1.34920211813139
2020-09-01,1.41933958130693
2020-09-02,1.25893049411167
2020-09-03,0.906869318209618
2020-09-04,0.686223152964297
2020-09-05,0.603560211996043
2020-09-06,0.584308028651787
2020-09-07,0.576541629160712
2020-09-08,0.572630960240851
2020-09-09,0.570286463869302
2020-09-10,0.568724456562921
2020-09-11,0.567651260125566
2020-09-12,0.566867363986418
2020-09-13,0.566212978637033
2020-09-14,0.565622346751888
2020-09-15,0.565076442425579
2020-09-16,0.564568397913081
2020-09-17,0.564114000522621
2020-09-18,0.563718324966014
2020-09-19,0.56335533323577
2020-09-20,0.562998386354239
2020-09-21,0.562642652451926
2020-09-22,0.566062944106038
2020-09-23,0.581235167140361
2020-09-24,0.633504112552976
2020-09-25,0.869412731492485
2020-09-26,0.901430856171459
2020-09-27,0.761562713234596
2020-09-28,0.64342791383321
2020-09-29,0.586721754356006
2020-09-30,0.570035074333647
2020-10-01,0.565802866078395
2020-10-02,0.563956212369708
2020-10-03,0.571492609102211
2020-10-04,0.602969158943245
2020-10-05,0.595843469530087
2020-10-06,0.602776236118257
2020-10-07,0.737045916796339
2020-10-08,0.77788219679527
2020-10-09,0.678985738420086
2020-10-10,0.671120155413757
2020-10-11,0.758722453627577
2020-10-12,0.702852357062708
2020-10-13,0.624700813396585
2020-10-14,0.589401037443947
2020-10-15,0.604738042685445
2020-10-16,0.750685005549534
2020-10-17,0.843153224744567
2020-10-18,0.7240428705633
2020-10-19,0.61473251167252
2020-10-20,0.581846333374786
2020-10-21,0.574667694605071
2020-10-22,0.571506785244642
2020-10-23,0.613332664119995
2020-10-24,0.800896747866966
2020-10-25,0.761842477237394
2020-10-26,0.737829462307785
2020-10-27,1.21001274188824
2020-10-28,1.11427427718544
2020-10-29,0.940564031603851
2020-10-30,1.04483995689282
2020-10-31,0.874095095838506
2020-11-01,0.740056322865327
2020-11-02,0.900444248569483
2020-11-03,0.834100715481564
2020-11-04,0.716493539478514
2020-11-05,0.668629023638566
2020-11-06,0.629851790099285
2020-11-07,0.605016777800376
2020-11-08,0.595852709861467
2020-11-09,0.591963871984275
2020-11-10,0.589448844621948
2020-11-11,0.587728519277224
2020-11-12,0.586395669158994
2020-11-13,0.585165964156339
2020-11-14,0.583986335739792
2020-11-15,0.588305147498364
2020-11-16,0.607811338868194
2020-11-17,0.602155586140807
2020-11-18,0.586918622365326
2020-11-19,0.595738626770701
2020-11-20,0.65088222834448
2020-11-21,0.63711070056026
2020-11-22,0.596709569584268
2020-11-23,0.582561847479147
2020-11-24,0.580342274046143
2020-11-25,0.579322484723822
2020-11-26,0.578547798022636
2020-11-27,0.577912592133817
2020-11-28,0.577355491347074
2020-11-29,0.576859925315969
2020-11-30,0.57640861508641
2020-12-01,0.580952247978572
2020-12-02,0.599151603137823
2020-12-03,0.594066614361244
2020-12-04,0.580214048789317
2020-12-05,0.582401505665795
2020-12-06,0.632952064840707
2020-12-07,0.731057945091856
2020-12-08,0.700153575752987
2020-12-09,0.634911997976694
2020-12-10,0.657710800952536
2020-12-11,0.637066113774727
2020-12-12,0.637590854291832
2020-12-13,0.82450631285651
2020-12-14,0.922774363470718
2020-12-15,0.804723162888787
2020-12-16,0.713116584269347
2020-12-17,0.66920142221776
2020-12-18,0.636224569901742
2020-12-19,0.611821169603764
2020-12-20,0.597445690356395
2020-12-21,0.616500587486386
2020-12-22,0.711582232274278
2020-12-23,0.846154450141255
2020-12-24,1.7333708604473
2020-12-25,2.02648188496262
2020-12-26,1.276139713302
2020-12-27,0.851429380350198
2020-12-28,0.698374733341088
2020-12-29,0.648991927017411
2020-12-30,0.633584178902273
2020-12-31,0.624110306334405
